Date,SMALL LoPRIOR,ME1 PRIOR2,ME1 PRIOR3,ME1 PRIOR4,SMALL HiPRIOR,ME2 PRIOR1,ME2 PRIOR2,ME2 PRIOR3,ME2 PRIOR4,ME2 PRIOR5,ME3 PRIOR1,ME3 PRIOR2,ME3 PRIOR3,ME3 PRIOR4,ME3 PRIOR5,ME4 PRIOR1,ME4 PRIOR2,ME4 PRIOR3,ME4 PRIOR4,ME4 PRIOR5,BIG LoPRIOR,ME5 PRIOR2,ME5 PRIOR3,ME5 PRIOR4,BIG HiPRIOR
1927-01-31,-1.78,3.05,3.95,0.92,-4.83,-2.89,9.74,-0.33,1.7,1.66,-4.71,1.33,2.86,1.95,-1.04,-2.76,2.81,-0.42,1.92,2.88,-6.16,-1.12,0.33,0.38,-0.67
1927-02-28,6.17,5.99,6.35,8.38,6.68,5.05,6.66,5.74,6.86,5.88,6.33,5.6,9.22,7.59,6.87,7.8,13.5,3.52,4.01,5.35,5.42,4.64,3.88,2.88,5.51
1927-03-31,-3.88,2.48,-4.46,-6.85,-1.09,-4.19,-4.88,-0.69,0.27,-0.67,-5.66,-3.64,-1.65,-3.26,-1.35,-8.72,-5.05,-1.32,-0.16,2.02,3.82,-4.39,-1.42,1.77,3.45
1927-04-30,0.91,-0.9,0.39,7.44,-7.3,-1.12,1.04,-1.82,3.67,7.35,-7.68,-0.28,1.16,-0.56,3.42,-1.61,-2.44,0.85,0.15,0.98,-99.99,-0.68,0.22,0.58,4.11
1927-05-31,5.05,10.74,1.77,14.45,22.78,-0.22,3.51,12.7,3.09,6.33,1.42,4.69,13.21,6.34,7.48,4.48,4.15,3.66,8.86,9.67,5.32,3.32,5.79,5.2,6.72
1927-06-30,-3.51,-3.27,0.74,-1.3,-9.28,-0.47,-2.32,1.74,3.0,-4.27,-3.28,0.49,0.33,-2.06,-1.93,-5.91,-3.53,-2.26,-2.19,-1.88,-3.34,-3.13,-2.14,-1.84,-2.06
1927-07-31,3.16,5.03,4.6,5.57,8.78,5.86,7.6,4.79,3.51,5.6,3.4,2.08,2.51,4.61,10.84,7.96,4.75,7.2,8.05,5.21,2.89,4.43,8.2,8.23,11.66
1927-08-31,-1.42,-4.63,-2.72,-0.99,4.38,2.8,-0.07,2.07,2.27,-0.9,2.33,-3.77,2.04,2.39,-0.83,-0.63,4.08,1.65,1.01,-2.46,0.02,1.34,2.01,2.63,5.19
1927-09-30,1.75,-2.15,-1.23,4.6,2.2,2.43,0.32,-1.33,-0.02,3.53,3.82,3.58,2.01,3.61,3.93,3.48,4.76,3.11,3.96,8.71,0.55,3.77,5.22,4.85,6.32
1927-10-31,-7.73,-5.95,0.84,-3.68,-12.48,-2.34,-4.84,-2.93,0.34,-3.72,-3.19,-5.25,-0.08,-3.2,-1.02,-5.42,-2.86,-2.53,-2.18,-4.43,-2.63,-1.88,-3.68,-4.69,-5.73
1927-11-30,20.0,5.0,14.32,15.89,8.27,12.92,11.59,10.36,7.57,7.64,8.67,10.64,5.6,6.37,8.74,8.73,7.28,6.71,6.21,8.1,2.75,4.05,5.19,7.79,8.5
1927-12-31,3.79,-2.65,7.98,2.16,9.04,-0.35,2.73,11.48,-0.46,1.1,0.83,2.72,3.54,2.59,3.97,9.62,5.94,1.91,4.21,5.76,-1.95,0.8,1.22,1.1,5.03
1928-01-31,2.28,16.9,-3.0,1.94,6.53,4.41,0.24,4.0,3.82,6.38,-1.15,2.82,0.3,1.65,3.59,-2.23,-2.4,2.69,-0.83,0.58,-2.37,-1.67,-0.17,0.11,-1.9
1928-02-29,1.38,-1.51,6.05,-6.73,-5.2,-3.33,-3.17,-2.88,-6.11,-6.22,-4.38,-3.69,-2.31,-3.05,-3.37,-3.92,-2.88,-1.78,-2.85,-5.69,0.32,-0.88,-0.46,-2.0,-0.44
1928-03-31,5.51,5.7,5.69,-0.23,1.48,6.98,3.44,7.77,7.16,11.84,4.34,9.63,6.12,6.68,7.37,11.69,4.7,6.39,8.38,8.79,5.73,4.96,5.02,6.58,21.13
1928-04-30,11.18,35.04,17.05,6.71,9.38,8.1,2.86,28.92,3.63,6.73,5.92,6.69,6.74,6.09,8.62,5.34,4.59,10.94,1.38,4.67,9.26,10.12,3.49,2.02,0.69
1928-05-31,14.09,3.81,13.88,9.84,9.01,0.2,-0.94,4.76,4.07,1.52,0.65,3.6,-2.18,3.03,2.86,9.24,0.28,-0.71,1.84,1.93,-2.25,-2.24,1.52,1.72,4.72
1928-06-30,-9.39,-7.49,-11.7,-15.17,-12.13,-10.55,-9.42,-6.48,-6.13,-6.17,-5.73,-5.09,-3.69,-5.05,-6.61,-8.52,-6.2,-3.55,-6.32,-6.8,-8.53,-3.51,-3.66,-5.18,-3.27
1928-07-31,-1.04,5.34,-2.39,1.1,2.86,-2.48,-2.11,-1.35,0.76,-0.67,-0.27,-0.49,0.34,1.97,2.31,-0.76,-0.77,0.81,1.74,1.69,0.58,0.1,1.19,-0.38,2.35
1928-08-31,7.19,2.96,9.44,0.86,-1.8,1.12,3.13,3.85,8.3,8.6,9.52,3.3,6.59,7.46,5.71,4.89,6.55,8.49,7.65,12.4,4.81,4.22,6.35,9.19,9.84
1928-09-30,6.72,5.68,8.34,7.4,6.87,4.65,1.72,4.07,5.91,12.8,6.83,0.84,6.5,6.69,4.9,3.54,1.69,5.33,6.63,7.93,1.63,0.97,0.69,3.72,5.58
1928-10-31,0.95,-5.24,-3.06,2.26,9.79,-0.89,4.37,0.82,3.45,4.78,-5.81,2.2,0.21,0.99,6.63,-2.59,0.19,0.4,-0.33,3.56,-1.44,0.83,1.22,3.33,3.28
1928-11-30,12.84,20.39,7.97,17.26,11.76,8.45,7.98,15.38,6.06,13.97,8.37,12.11,7.98,9.19,14.34,11.34,8.18,12.21,10.83,16.07,6.19,10.53,11.17,17.53,11.72
1928-12-31,-6.62,1.7,-2.57,-3.57,-8.36,-3.97,1.4,1.39,-0.14,-0.43,-0.89,1.79,2.48,-0.41,0.8,0.7,1.61,-0.7,1.82,3.25,0.43,-0.81,-1.32,2.88,0.54
1929-01-31,4.23,0.91,-3.24,0.35,4.32,-2.03,-0.12,1.98,5.3,1.5,-0.01,2.12,1.51,3.72,6.18,7.0,1.58,5.65,3.68,2.29,7.01,4.39,5.81,8.08,2.56
1929-02-28,-3.54,2.84,8.44,-1.95,-0.13,-0.86,-0.4,-2.71,6.33,5.79,1.22,1.92,-1.43,-0.16,4.72,2.28,-0.21,-0.02,3.79,-0.97,-0.79,-2.9,-0.47,-0.45,1.75
1929-03-31,-2.47,-4.7,-10.21,-3.58,4.78,-5.18,-4.51,-4.07,-4.82,-0.89,-0.22,-4.83,-3.41,-4.97,-1.86,-4.98,0.8,-2.74,-5.48,-5.57,3.85,-1.98,2.98,0.25,-0.53
1929-04-30,-1.06,-4.74,2.13,2.83,2.86,2.17,2.25,0.67,-5.27,2.68,-3.84,-1.39,1.56,0.99,3.57,-6.2,-0.1,0.94,3.67,1.52,-1.51,1.22,0.77,3.94,1.8
1929-05-31,-14.98,-15.28,-10.15,-10.98,-19.57,-10.67,-9.62,-11.41,-8.08,-18.95,-7.08,-8.07,-6.71,-8.44,-10.51,-4.37,-5.25,-3.81,-9.18,-10.88,-14.05,-1.39,-5.29,-3.11,-8.46
1929-06-30,4.04,2.25,3.59,4.09,19.81,5.15,2.84,5.03,6.91,14.74,1.66,5.35,7.86,10.12,13.93,-1.33,8.26,6.76,9.12,15.66,-99.99,5.14,5.81,12.17,15.06
1929-07-31,-1.49,1.59,-2.18,-11.99,-3.51,-1.49,0.0,2.29,2.39,2.75,1.44,0.17,6.08,-0.03,3.35,0.84,3.31,2.89,3.04,2.4,-99.99,-1.01,5.57,6.81,5.51
1929-08-31,-3.46,-2.51,-4.8,2.82,4.6,-1.57,-0.38,1.35,6.23,-2.51,3.83,-0.61,2.48,5.47,-0.25,1.34,0.44,1.9,4.38,5.72,1.6,4.62,7.94,12.96,11.21
1929-09-30,-10.67,-6.63,-4.46,-8.24,-2.48,-6.31,-5.45,-2.88,-4.35,-2.85,-5.89,-2.38,-2.49,-1.55,-0.27,-14.03,-3.56,-3.52,-4.04,3.87,-12.62,-6.15,-4.64,-5.71,-5.11
1929-10-31,-20.02,-24.83,-17.86,-29.15,-25.69,-21.97,-19.25,-16.42,-22.81,-24.84,-35.73,-20.63,-16.34,-16.3,-22.35,-41.57,-20.56,-13.09,-20.08,-23.44,-30.2,-24.81,-11.57,-10.64,-21.65
1929-11-30,-13.95,-8.23,-19.48,-13.6,-7.3,-13.88,-10.24,-10.47,-9.12,-16.25,-15.37,-10.2,-9.24,-15.02,-15.37,-17.36,-7.24,-9.15,-10.32,-17.3,-15.38,-14.34,-7.49,-9.4,-14.29
1929-12-31,-10.94,-11.94,-6.95,-15.99,3.12,-11.34,-1.89,-2.69,-1.49,-3.53,-7.31,-0.12,-2.32,1.41,1.54,-5.99,1.32,0.15,-2.38,3.87,13.18,1.12,2.12,-0.77,3.57
1930-01-31,23.57,21.96,9.85,10.58,10.15,20.76,10.55,11.34,9.96,8.84,15.65,12.98,5.72,9.05,2.61,7.59,8.63,7.7,6.42,3.54,0.11,4.0,6.59,3.46,5.63
1930-02-28,7.15,3.75,20.46,3.47,5.18,-1.34,3.08,-1.19,3.91,6.7,4.42,4.08,2.5,2.16,2.64,-0.48,2.86,-0.55,1.28,3.12,-1.0,0.96,3.21,2.81,2.92
1930-03-31,23.19,9.72,10.01,15.1,15.92,8.82,9.6,5.54,4.16,10.97,11.92,10.02,16.7,5.85,10.94,8.66,5.85,7.01,5.31,6.34,-7.76,13.78,5.75,6.16,7.31
1930-04-30,-2.28,-7.24,-8.66,-5.26,-5.89,-2.18,-5.51,-5.89,-9.87,4.21,-5.33,-6.22,-6.02,-6.16,1.98,4.48,-11.21,-3.45,-5.12,-2.16,9.82,-10.73,0.41,-2.46,-1.19
1930-05-31,-8.33,-7.2,-9.78,-2.32,-5.66,-7.94,-4.0,-2.57,-2.28,-3.29,-4.07,-2.51,-2.59,0.58,-1.7,-0.4,-2.25,-5.02,-3.46,-2.98,-6.0,5.01,-0.69,-2.69,-0.84
1930-06-30,-20.9,-16.91,-25.49,-15.86,-29.7,-29.99,-22.53,-20.58,-16.05,-16.59,-25.15,-20.41,-15.3,-10.67,-18.16,-24.34,-20.57,-15.26,-13.46,-16.0,-23.58,-19.67,-16.71,-11.78,-15.3
1930-07-31,3.73,2.49,2.7,-0.85,14.42,1.71,3.71,7.44,2.24,2.42,11.91,2.56,2.77,2.34,4.7,5.83,3.29,6.83,3.88,2.88,2.18,6.76,8.16,3.98,2.98
1930-08-31,-4.92,-2.16,0.56,-6.55,-1.42,-1.68,-3.62,-2.63,-3.45,1.85,-4.43,-2.39,-3.46,0.62,0.73,-2.7,-2.46,0.69,-0.3,0.25,4.54,-4.05,2.12,1.45,0.47
1930-09-30,-24.79,-19.77,-17.44,-20.27,-3.55,-20.0,-21.43,-16.14,-12.22,-12.2,-21.8,-14.72,-15.7,-11.21,-11.54,-22.72,-17.0,-12.52,-13.47,-9.16,-23.44,-20.26,-12.76,-10.49,-10.85
1930-10-31,-11.79,-21.18,-1.53,-11.54,-3.54,-13.28,-10.48,-13.21,0.0,-7.66,-18.05,-10.4,-12.51,-9.67,-8.76,-10.83,-14.25,-9.62,-7.42,-5.96,-16.81,-17.66,-9.93,-6.36,-8.49
1930-11-30,-0.3,-1.51,-3.85,-9.46,10.63,0.37,-3.36,-1.79,1.6,-1.39,-2.3,-3.7,-2.06,-4.21,-0.98,4.72,-0.95,-3.53,-2.81,-0.77,5.97,-2.55,-2.86,-2.35,-3.26
1930-12-31,-23.54,-18.82,-25.64,-18.61,-15.01,-25.44,-21.11,-14.04,-15.61,-12.06,-12.95,-14.37,-9.07,-13.06,-5.04,-14.78,-13.1,-11.17,-11.0,-5.67,-20.04,-14.31,-10.77,-6.06,-4.28
1931-01-31,28.88,20.06,18.71,16.57,18.0,23.26,15.74,11.28,14.81,12.02,16.04,10.57,14.19,8.71,6.11,13.02,11.25,7.34,6.54,5.15,22.93,8.63,7.28,4.28,5.73
1931-02-28,32.93,21.5,25.25,31.11,7.4,21.14,15.78,13.02,12.34,5.65,16.45,20.58,15.17,12.26,11.49,30.04,13.35,15.49,7.7,4.6,43.21,22.88,15.18,9.96,7.5
1931-03-31,-8.78,-3.2,-4.08,-13.83,10.75,-13.58,-4.76,-0.7,-8.5,0.59,-15.63,-8.28,-7.39,-5.48,-0.86,-16.7,-12.89,-10.46,-6.35,-0.13,-14.86,-12.82,-6.79,-6.58,-3.92
1931-04-30,-22.01,-21.49,-13.74,-15.86,-16.87,-20.11,-20.63,-17.99,-9.83,-10.42,-19.8,-17.98,-15.86,-17.2,-10.92,-20.33,-15.83,-17.14,-10.75,-8.39,-15.81,-20.21,-12.7,-9.67,-5.09
1931-05-31,-17.65,-8.67,-14.34,-11.5,-0.19,-16.89,-16.67,-13.43,-7.58,-8.54,-22.58,-16.68,-15.84,-11.62,-6.32,-25.21,-22.52,-17.57,-11.88,-10.23,-14.88,-14.24,-15.18,-13.3,-11.0
1931-06-30,25.69,20.15,29.42,10.24,28.3,29.38,15.63,16.95,9.13,9.76,29.79,23.12,14.58,10.06,8.19,38.61,29.41,22.95,12.41,7.55,39.29,21.49,16.7,13.58,10.21
1931-07-31,-10.32,-11.69,-3.14,-0.49,-3.63,-10.76,-9.0,-4.12,-4.24,-2.83,-16.07,-11.61,-6.84,-7.31,-3.08,-11.94,-14.54,-7.03,-3.53,-1.59,-15.09,-11.89,-9.15,-6.46,-3.39
1931-08-31,-5.66,-8.96,-6.26,4.13,-1.82,2.57,-1.95,-1.9,-4.05,-4.76,-6.23,-1.36,0.79,-3.0,0.14,8.31,-1.14,-0.54,-3.01,-0.37,0.31,4.23,1.82,-1.8,0.72
1931-09-30,-34.72,-30.63,-31.43,-20.27,-37.39,-39.2,-35.97,-31.86,-33.3,-26.79,-40.19,-34.21,-31.82,-32.11,-25.6,-37.97,-36.88,-29.97,-32.56,-21.45,-40.6,-32.13,-29.21,-27.58,-26.56
1931-10-31,6.19,18.07,4.25,10.01,23.24,16.34,12.29,5.43,7.28,18.93,6.84,11.94,12.74,10.0,14.76,6.02,12.11,4.77,9.25,10.72,0.23,0.45,9.08,8.33,9.93
1931-11-30,-13.25,-8.59,-8.97,-10.98,-7.15,-11.37,-10.88,-6.55,-10.59,-4.79,-18.09,-14.44,-3.67,-6.13,-2.91,-20.83,-16.44,-9.68,-2.5,-3.7,-16.04,-10.01,-13.09,-7.48,-6.53
1931-12-31,-27.1,-24.44,-18.73,-20.06,-21.5,-26.42,-21.31,-24.48,-14.03,-14.19,-25.58,-21.5,-21.08,-13.24,-8.19,-29.63,-23.26,-15.32,-10.63,-2.55,-25.32,-22.08,-16.83,-11.15,-9.89
1932-01-31,28.97,23.39,25.96,6.62,9.35,10.57,10.8,21.24,1.26,1.82,16.64,3.4,1.35,3.76,1.03,19.36,-2.3,1.51,2.01,-0.65,9.33,2.89,-2.25,-4.06,0.17
1932-02-29,0.11,0.11,-3.4,4.88,1.78,3.12,-1.53,0.85,5.8,7.4,1.85,-1.04,-1.68,-4.02,1.56,-4.86,1.16,10.06,4.69,2.67,5.78,4.34,5.8,7.71,4.87
1932-03-31,-15.73,-17.12,-12.06,-4.85,-7.44,-16.46,-12.03,-14.35,-14.83,-6.35,-24.44,-16.96,-14.56,-5.19,-7.68,-22.49,-10.77,-11.58,-14.27,-6.7,-22.54,-18.1,-13.2,-10.96,-6.43
1932-04-30,-20.9,-19.69,-16.52,-22.94,-24.24,-27.49,-19.44,-19.43,-16.44,-13.45,-24.75,-13.24,-19.65,-18.48,-16.11,-24.31,-22.87,-16.35,-19.36,-10.87,-20.36,-22.83,-21.08,-21.04,-13.14
1932-05-31,-8.6,-7.22,-14.27,-14.75,-8.64,-26.61,-25.41,-23.67,-18.03,-18.91,-33.66,-25.87,-22.14,-22.33,-17.57,-35.71,-30.43,-23.59,-23.81,-19.4,-42.52,-25.58,-26.43,-17.42,-15.62
1932-06-30,-2.89,4.61,3.06,-6.06,-3.28,3.2,11.54,7.09,-8.24,8.75,3.07,3.61,5.12,2.26,11.57,9.65,4.49,5.56,3.27,4.54,0.6,-7.76,-2.95,-2.29,2.88
1932-07-31,52.36,61.54,46.57,16.02,7.27,74.6,63.78,35.92,28.95,16.73,78.62,61.3,37.66,29.76,18.42,75.97,45.38,37.64,32.18,22.69,78.11,56.07,45.06,32.99,17.33
1932-08-31,109.1,99.71,89.49,97.42,68.01,98.91,69.57,67.42,51.89,52.76,96.9,65.34,60.8,37.05,23.8,114.69,68.91,42.4,33.38,24.37,74.52,51.72,54.29,28.27,17.99
1932-09-30,-7.84,-19.12,3.01,-19.17,-21.33,-8.96,-10.82,-4.96,-12.72,-8.42,-10.38,-5.57,-2.64,-5.01,-3.3,-9.12,-0.1,-0.43,-6.27,0.76,-3.03,0.08,-4.39,-2.28,-5.08
1932-10-31,-13.42,-20.05,-17.22,-18.81,-21.84,-16.76,-15.31,-21.27,-12.35,-19.44,-16.76,-16.83,-15.76,-16.83,-23.54,-22.21,-21.81,-14.4,-13.91,-13.01,-18.25,-17.64,-9.96,-10.44,-8.9
1932-11-30,-9.27,-18.58,-8.33,4.14,-10.28,-6.85,-7.81,-9.44,-8.04,-10.93,-9.54,-7.77,-7.53,-6.49,-9.18,-9.55,-6.5,-4.8,-6.15,-3.07,-8.69,-7.77,-2.43,-4.84,-13.48
1932-12-31,-3.65,-16.8,-14.16,-12.49,-4.48,-13.29,-9.6,-6.69,-11.78,-4.44,-7.01,-6.06,-5.67,-0.59,2.69,-2.33,2.27,0.88,-0.18,3.63,4.72,4.75,5.84,5.15,5.77
1933-01-31,8.69,10.26,5.42,8.19,-5.71,5.36,7.5,10.02,3.54,-0.67,6.41,7.18,3.11,10.81,6.1,-3.5,7.12,2.88,-0.3,2.61,1.59,3.54,0.6,-0.41,2.01
1933-02-28,-15.98,-20.1,-14.72,-13.6,-10.87,-16.49,-21.0,-17.53,-13.54,-14.97,-20.58,-20.92,-18.91,-15.97,-16.41,-19.05,-22.62,-16.18,-13.69,-11.31,-19.99,-19.84,-14.53,-13.17,-16.01
1933-03-31,9.72,10.77,24.99,8.41,17.21,6.24,5.34,21.31,11.33,23.45,-0.41,4.41,8.0,12.46,3.84,-6.89,12.9,7.9,9.22,15.24,7.61,7.38,3.92,-1.21,6.41
1933-04-30,57.22,57.66,57.61,86.73,53.5,60.67,56.02,40.99,50.03,43.33,61.25,63.56,53.13,38.48,35.88,67.81,63.26,60.12,63.54,36.11,46.08,57.74,43.19,29.73,29.4
1933-05-31,98.47,114.89,114.66,122.91,89.74,93.08,83.61,61.57,85.57,69.29,57.85,48.55,52.4,48.73,41.45,35.17,30.41,40.55,32.23,28.29,28.59,14.31,19.2,19.1,17.81
1933-06-30,37.6,33.88,22.68,45.09,31.66,12.05,29.14,28.63,16.82,14.38,10.09,16.62,16.61,15.9,17.34,14.45,15.02,13.6,13.31,19.95,11.52,10.29,9.85,15.03,16.61
1933-07-31,-13.14,-6.98,-2.75,-4.64,-6.64,-8.17,-7.84,-3.24,-13.19,-12.28,-12.37,-15.08,-15.01,-14.52,-16.63,-10.36,-10.57,-12.82,-5.7,-12.91,-7.84,-9.65,-12.94,-9.15,-9.81
1933-08-31,-6.28,13.91,3.24,9.68,7.01,7.61,7.96,12.81,0.81,12.55,6.95,15.18,19.05,15.73,11.79,13.04,13.98,15.43,21.14,24.23,5.02,12.18,16.5,19.01,24.24
1933-09-30,-18.29,-22.99,-17.61,-20.1,-15.57,-16.03,-17.34,-13.01,-16.29,-19.59,-20.13,-15.48,-15.37,-15.29,-16.86,-23.0,-14.13,-10.01,-10.93,-9.31,-13.02,-8.41,-6.86,-11.83,-10.87
1933-10-31,-6.97,-15.89,-6.61,-14.67,-12.07,-12.86,-8.37,-16.6,-11.33,-12.66,-12.16,-9.85,-11.54,-14.05,-14.28,-12.28,-12.15,-12.61,-8.52,-10.69,-7.44,-8.06,-7.62,-8.68,-6.54
1933-11-30,3.43,10.04,6.17,12.79,-0.16,-0.15,3.24,7.76,7.05,9.31,6.09,8.51,6.61,9.2,6.08,4.33,8.68,8.0,13.79,8.73,-0.25,12.26,9.09,16.51,8.45
1933-12-31,0.59,3.2,0.12,2.14,2.88,-4.82,0.4,-3.55,9.25,-1.91,1.08,4.18,7.33,7.89,7.18,-1.7,3.98,4.88,2.36,3.24,2.81,-1.32,-0.52,5.76,4.86
1934-01-31,65.07,54.63,51.05,42.3,40.28,34.3,44.64,42.15,35.54,42.0,28.41,32.57,33.51,25.74,24.39,30.18,16.7,15.55,18.07,16.77,14.16,9.4,9.84,10.95,6.11
1934-02-28,2.23,12.64,11.03,2.33,6.65,3.4,0.81,-2.85,3.62,5.27,2.79,0.04,-0.27,1.71,0.97,-3.36,-2.72,-0.56,-1.78,-0.92,-0.3,-2.81,-3.73,-3.58,-5.16
1934-03-31,4.09,0.83,-1.37,-1.74,-0.02,0.94,1.88,-1.94,3.24,-0.59,-5.57,0.97,-1.59,1.74,1.31,-0.85,0.34,1.07,2.8,2.63,-0.04,-0.17,-0.37,0.57,-0.08
1934-04-30,2.19,19.6,8.17,2.96,1.33,6.09,0.73,0.47,-0.65,-3.84,0.36,5.06,-1.73,-2.39,-4.43,1.06,1.72,-2.06,-7.09,-7.17,-0.28,-2.33,-2.31,-3.63,-9.33
1934-05-31,-14.79,-13.77,-9.67,-14.51,-17.23,-13.68,-8.07,-13.08,-13.77,-8.29,-10.35,-11.64,-12.61,-10.22,-14.2,-6.54,-8.42,-10.52,-9.86,-9.75,-5.86,-5.17,-9.82,-6.9,-10.09
1934-06-30,0.35,-5.09,-2.48,1.41,-5.74,-4.21,-2.19,1.1,0.5,-2.34,-3.01,0.24,0.78,3.55,1.05,2.44,3.85,3.28,3.66,4.75,5.02,3.9,2.43,1.16,4.11
1934-07-31,-23.46,-22.64,-25.69,-27.51,-23.67,-24.18,-24.46,-26.36,-23.11,-20.34,-24.27,-25.49,-17.93,-18.62,-13.5,-26.78,-18.42,-15.06,-10.26,-12.29,-18.37,-15.21,-9.28,-7.67,-6.25
1934-08-31,14.59,18.05,9.54,12.14,14.59,7.69,7.65,9.06,21.58,17.42,6.76,9.7,7.07,9.42,13.24,5.19,11.36,7.28,4.55,10.38,1.19,6.22,4.52,5.42,6.06
1934-09-30,-5.38,1.54,-0.24,4.27,0.1,-3.77,-2.89,-1.68,-0.5,-3.51,1.26,-2.37,-3.93,-1.0,0.41,2.62,-1.76,-2.1,0.84,0.04,-0.36,0.37,-0.51,0.07,-0.19
1934-10-31,-7.05,-3.96,-4.58,5.38,-0.25,-3.61,-5.2,-3.5,4.59,4.5,-7.28,-7.09,-1.85,0.56,-0.53,-5.32,-3.11,-1.85,-1.14,2.69,-5.34,-4.56,-1.57,-2.05,2.68
1934-11-30,12.38,16.9,11.12,26.88,20.92,9.22,15.77,21.87,17.11,17.64,10.1,16.54,13.45,13.33,14.22,14.02,7.07,11.41,11.68,12.82,10.42,6.88,5.84,8.97,10.3
1934-12-31,-2.9,-2.12,0.48,-4.69,7.61,-1.41,0.96,0.01,5.47,6.68,-2.42,3.94,3.65,1.85,3.59,0.4,0.99,1.47,2.36,4.56,-4.15,-0.28,0.58,-0.89,1.89
1935-01-31,0.41,-0.74,2.41,-3.33,-2.69,-2.08,-7.14,-5.85,-4.27,-5.84,-8.15,-2.25,-6.65,-3.88,-2.15,-9.39,-8.48,-4.41,-3.44,-0.48,-5.32,-6.1,-2.79,-2.04,-0.49
1935-02-28,-15.1,-11.74,-6.36,3.13,-5.2,-15.96,-8.99,-4.74,-1.14,-1.02,-23.18,-5.34,-7.61,0.26,2.61,-12.43,-9.24,-4.18,0.16,4.17,-14.29,-7.83,-3.89,-0.48,3.67
1935-03-31,-13.24,-11.5,-13.36,-12.17,-10.95,-15.95,-8.91,-8.47,-7.46,-8.08,-8.05,-12.21,-5.83,-2.93,-3.26,-4.95,-1.55,-10.29,-3.9,-3.75,5.33,-9.57,-2.39,-2.76,-3.93
1935-04-30,15.14,7.73,10.66,14.56,6.59,11.84,12.21,13.43,4.87,10.74,20.45,9.86,14.37,5.63,8.94,11.23,9.55,8.64,4.9,4.25,11.5,13.71,9.58,8.7,8.03
1935-05-31,-1.3,3.91,3.71,-1.8,7.18,6.31,-1.58,6.91,-0.52,4.44,7.45,3.71,1.06,-0.62,2.82,12.84,8.92,-1.53,0.28,0.86,10.29,2.01,8.04,3.74,2.38
1935-06-30,-1.98,-4.82,0.85,1.31,19.32,-2.61,1.58,5.15,7.12,4.68,0.96,8.94,7.06,5.79,8.61,7.38,4.42,8.23,5.98,5.41,5.49,9.98,6.63,4.58,6.83
1935-07-31,15.67,18.25,11.02,13.63,5.05,15.35,14.36,9.04,16.9,16.18,15.37,9.54,7.95,12.27,9.8,9.11,19.58,6.0,6.17,8.27,15.44,12.98,7.16,7.17,5.31
1935-08-31,20.71,10.65,13.51,17.1,5.75,8.03,16.2,8.3,3.68,4.75,17.97,9.41,2.99,4.33,5.45,16.8,3.25,1.87,1.33,2.76,40.04,-0.72,2.35,3.65,1.44
1935-09-30,-5.76,0.81,14.53,4.68,14.61,-3.4,3.96,1.1,0.21,8.87,-1.41,6.1,1.05,7.75,6.51,-4.54,-2.06,5.53,3.17,2.02,-0.54,-1.38,0.46,3.59,6.78
1935-10-31,12.87,7.3,10.16,8.98,-2.08,10.6,12.05,11.64,11.75,9.64,7.28,5.95,5.16,10.0,10.32,1.04,4.82,6.97,6.92,12.38,11.48,8.07,3.95,7.74,9.07
1935-11-30,37.96,20.93,31.71,25.73,19.86,25.66,18.94,12.47,8.1,10.66,14.63,8.38,12.11,10.23,7.25,9.48,5.1,3.83,4.29,6.32,3.88,5.44,2.36,4.81,4.26
1935-12-31,-3.88,3.57,-2.76,4.51,12.92,7.6,2.89,6.81,13.1,8.75,2.96,9.91,3.39,12.85,9.73,2.8,4.57,4.44,8.52,11.33,5.93,3.78,5.24,1.33,5.84
1936-01-31,31.26,36.96,17.39,32.54,30.23,16.21,16.72,10.56,18.49,11.86,12.26,8.48,12.29,8.77,10.35,4.68,4.57,4.06,5.37,14.77,12.28,8.02,6.11,5.23,7.3
1936-02-29,4.65,5.36,16.78,4.57,3.26,2.83,0.29,6.73,11.79,6.82,4.42,6.52,2.77,3.0,6.96,1.21,0.35,5.32,6.05,-0.03,0.23,0.34,4.18,3.27,1.17
1936-03-31,-3.49,3.38,1.67,-2.94,-1.02,-0.73,-1.58,0.31,2.4,5.2,3.75,0.75,0.99,2.99,2.52,-0.68,1.38,0.26,-0.57,6.61,-1.43,0.41,0.15,4.04,1.54
1936-04-30,3.52,-16.47,-20.51,-23.27,-21.91,-10.0,-12.93,-15.77,-14.36,-15.98,-4.87,-10.17,-7.21,-13.58,-17.56,-6.0,-10.82,-11.71,-12.33,-14.7,-3.27,-7.11,-8.49,-11.03,-9.68
1936-05-31,-0.59,8.87,4.54,13.12,6.88,2.45,6.28,2.72,4.97,5.12,1.32,3.32,5.52,6.81,8.53,0.87,2.05,6.31,7.59,6.42,5.22,4.69,5.51,5.6,10.4
1936-06-30,-2.43,-2.52,2.63,-1.49,-2.28,-2.45,-1.61,-1.31,-1.61,-0.94,0.51,0.29,1.27,1.13,-0.82,0.09,-0.63,0.36,-0.39,1.16,3.15,1.84,3.12,3.86,4.23
1936-07-31,5.92,10.14,12.34,7.48,10.04,9.81,9.75,8.92,9.33,7.32,4.04,11.89,6.95,8.96,15.07,4.21,6.57,9.19,13.75,11.32,1.66,6.36,8.91,6.89,11.25
1936-08-31,0.38,5.17,7.1,0.74,3.08,-0.18,4.71,0.78,3.56,1.23,1.19,4.0,5.32,2.54,1.79,1.25,0.95,5.71,3.21,1.8,0.56,1.16,1.51,-0.97,2.04
1936-09-30,3.88,2.26,5.58,4.43,6.28,3.12,3.43,6.45,2.78,4.56,3.91,3.6,3.37,4.67,2.76,-0.39,4.47,2.71,1.46,0.59,-0.21,0.02,0.41,1.0,3.29
1936-10-31,9.04,7.95,4.72,8.29,4.56,5.29,5.75,7.99,9.15,5.25,5.09,4.14,4.47,8.63,4.54,5.12,4.99,3.27,5.86,6.85,5.38,6.29,7.66,7.54,14.04
1936-11-30,18.75,10.39,9.79,19.72,14.61,8.57,13.46,5.75,13.53,9.43,4.71,7.01,10.37,9.31,9.51,4.33,3.43,5.28,7.53,8.26,4.0,3.09,2.25,1.87,-1.14
1936-12-31,2.63,4.12,-0.87,2.66,-1.24,2.55,2.11,3.87,3.89,3.84,1.83,4.52,-1.2,2.51,9.63,-0.67,4.65,-1.2,3.89,3.7,-1.92,-0.32,-1.04,-0.34,3.28
1937-01-31,16.24,14.42,15.72,15.75,15.83,7.16,8.5,13.84,3.1,4.95,8.09,7.8,7.31,6.06,4.95,3.68,6.88,4.63,5.31,7.94,2.42,2.68,2.86,3.67,0.03
1937-02-28,-0.74,7.62,11.4,1.59,15.62,3.08,3.74,-0.65,0.72,1.88,7.88,1.37,1.69,3.56,3.01,-0.59,5.53,2.54,1.89,2.88,-1.14,-0.85,-0.61,2.38,5.81
1937-03-31,3.61,2.85,2.93,1.88,-0.41,-3.36,-0.94,-0.38,-1.41,2.49,-4.86,-3.04,-2.44,0.91,3.13,0.33,-0.9,0.84,0.95,-0.54,-2.05,-1.49,-1.78,4.06,0.7
1937-04-30,-15.07,-13.08,-12.21,-13.29,-14.25,-10.73,-9.18,-11.64,-9.27,-17.25,-7.33,-5.01,-9.35,-10.18,-10.83,-7.56,-8.51,-6.45,-9.21,-10.71,-8.19,-5.81,-5.47,-5.73,-14.81
1937-05-31,-6.27,-1.36,-8.18,-3.96,-3.5,-3.19,-2.3,-2.04,-1.21,-1.86,-3.47,-2.1,-1.76,-3.62,-1.05,-2.03,-0.04,-3.68,-0.53,-2.2,-1.19,0.54,-0.45,-1.81,0.18
1937-06-30,-13.94,-9.13,-7.3,-11.94,-11.7,-10.06,-9.25,-6.36,-10.2,-10.47,-8.56,-7.45,-7.73,-7.88,-6.66,-4.27,-4.21,-5.63,-6.06,-5.1,-3.5,-4.0,-4.23,-2.41,-4.85
1937-07-31,13.43,9.16,11.89,11.25,12.87,11.92,8.61,7.73,10.28,10.47,9.38,10.34,10.54,9.62,9.16,9.93,9.19,7.67,7.81,9.19,12.13,6.41,8.08,9.5,11.55
1937-08-31,-8.92,-5.86,-4.02,-5.59,-4.21,-4.06,-4.95,-4.19,-5.22,-6.43,-5.12,-3.36,-4.18,-5.7,-6.05,-7.11,-4.53,-3.12,-4.7,-5.11,-3.78,-3.87,-4.95,-4.74,-7.54
1937-09-30,-23.7,-23.64,-19.81,-22.2,-26.42,-21.45,-17.71,-18.97,-21.18,-28.21,-18.41,-15.5,-21.54,-21.28,-27.58,-16.66,-13.73,-15.41,-18.92,-23.3,-9.55,-7.75,-12.07,-16.08,-18.35
1937-10-31,-8.45,-10.19,-12.53,-6.31,-10.15,-10.42,-11.32,-11.2,-11.88,-12.83,-11.07,-13.16,-8.9,-8.12,-11.68,-6.82,-10.57,-6.17,-12.19,-10.97,-9.82,-7.73,-9.37,-8.33,-12.23
1937-11-30,-16.29,-15.38,-9.88,-14.35,-12.8,-13.53,-13.06,-8.8,-10.83,-10.36,-9.48,-9.72,-11.38,-11.15,-11.4,-10.72,-9.21,-10.38,-9.26,-13.5,-2.16,-7.53,-8.95,-5.91,-10.19
1937-12-31,-18.56,-13.55,-12.21,-12.9,-18.59,-13.87,-15.81,-9.74,-7.88,-9.75,-14.99,-12.67,-13.27,-11.52,-11.44,-10.17,-7.89,-6.05,-8.07,-4.57,-2.7,-10.6,-6.3,-2.14,-1.08
1938-01-31,9.46,6.17,3.37,5.66,8.85,7.44,5.21,2.1,6.57,5.23,7.58,3.0,4.97,5.5,0.96,-0.93,1.14,1.92,1.9,3.75,6.96,-3.33,2.44,0.68,-1.29
1938-02-28,5.48,4.39,0.3,-0.62,-3.11,10.44,7.01,4.71,8.33,3.4,9.87,10.07,8.74,4.27,5.39,11.75,7.33,9.01,7.39,4.23,-99.99,9.31,5.8,8.27,4.51
1938-03-31,-34.84,-34.01,-28.62,-30.81,-17.98,-39.54,-31.13,-30.11,-28.57,-18.93,-39.4,-31.46,-30.79,-26.51,-17.93,-42.25,-35.43,-31.17,-25.74,-18.17,-50.33,-32.4,-31.01,-25.68,-20.51
1938-04-30,28.42,26.64,21.61,21.86,1.36,27.36,24.93,20.94,22.34,17.81,31.37,23.15,21.39,14.73,16.34,23.33,25.24,20.61,18.84,12.87,16.29,11.78,16.53,15.39,12.7
1938-05-31,-10.03,-5.66,-6.14,-6.82,1.79,-10.31,-11.61,-7.4,-5.6,-0.68,-7.41,-10.27,-8.96,-3.75,-2.16,-8.98,-10.28,-10.15,-6.52,-2.87,-7.36,-8.22,-7.6,-6.06,-1.06
1938-06-30,37.24,37.81,32.83,26.79,10.46,45.2,35.62,33.86,25.45,13.89,47.85,40.7,38.09,25.63,12.5,42.45,40.36,37.44,27.0,14.79,42.18,42.81,38.02,29.76,13.98
1938-07-31,18.64,14.19,14.91,16.1,11.17,16.17,13.83,13.68,15.52,10.78,16.95,14.92,10.91,11.59,7.67,16.94,13.73,12.37,11.61,7.39,9.18,11.72,6.89,8.15,4.0
1938-08-31,-9.42,-8.77,-11.01,-14.12,-5.58,-10.07,-6.54,-6.63,-4.06,-2.66,-8.46,-8.42,-4.93,-4.5,-3.74,-5.0,-4.91,-6.67,-3.41,-1.83,-4.87,-6.36,-3.51,-1.81,-1.82
1938-09-30,-3.8,-1.46,-2.67,-5.63,23.99,-3.01,-4.24,-2.66,-1.52,-1.36,-2.34,-1.84,-1.06,-0.65,-3.25,-3.3,-0.92,-2.35,-0.19,-0.09,-0.29,-1.08,1.06,1.81,1.12
1938-10-31,13.9,16.65,19.41,14.71,34.96,22.95,20.77,12.07,12.32,19.76,17.21,19.25,10.09,9.52,11.24,22.39,18.29,14.2,8.96,12.28,12.99,8.97,5.72,6.19,6.25
1938-11-30,-6.84,-7.77,-4.05,-7.51,13.34,-5.11,-6.98,-4.1,-0.01,-2.76,-4.7,-5.01,-2.48,-0.52,-3.29,-4.86,-3.8,-1.67,-1.74,-0.88,-9.81,-3.27,-1.96,-1.44,-0.82
1938-12-31,-0.79,-2.19,-2.47,-0.12,3.54,2.4,1.59,4.47,4.96,2.35,-1.7,3.43,4.45,5.19,6.94,3.6,4.17,7.41,4.36,9.26,4.26,4.14,4.23,3.9,3.54
1939-01-31,-8.05,-9.04,-4.95,-9.43,-9.22,-7.91,-4.02,-9.86,-8.66,-12.54,-4.19,-7.97,-8.22,-9.58,-9.32,-10.36,-9.46,-5.31,-7.08,-8.23,-4.95,-4.01,-6.76,-5.5,-8.15
1939-02-28,3.48,2.93,4.59,2.92,0.98,0.99,4.32,3.57,5.39,8.9,1.26,4.06,3.06,4.91,6.31,0.99,3.56,4.85,5.1,6.28,-0.34,3.68,1.85,4.73,4.29
1939-03-31,-19.22,-13.81,-24.76,-20.66,-22.37,-17.79,-18.48,-16.06,-21.87,-21.13,-18.15,-16.69,-17.01,-17.07,-20.59,-16.93,-15.05,-17.61,-16.63,-19.19,-8.1,-12.07,-13.12,-7.02,-15.66
1939-04-30,-3.23,-1.06,2.61,1.6,9.49,-3.26,0.35,-1.39,2.82,3.51,-0.16,-2.19,-0.54,1.23,-0.55,0.08,1.79,-1.34,0.14,1.12,-0.45,-1.14,0.16,-0.18,0.28
1939-05-31,3.21,11.06,6.17,1.87,12.03,8.81,9.45,8.59,7.33,14.07,4.82,8.92,11.5,7.43,13.52,7.11,8.68,9.62,10.28,10.5,4.76,3.92,5.1,6.68,8.15
1939-06-30,-10.75,-13.29,-10.2,-10.55,-15.43,-10.52,-10.35,-8.82,-9.18,-9.68,-7.48,-8.68,-7.62,-7.19,-8.01,-11.02,-5.16,-7.15,-6.32,-6.8,-7.17,-4.9,-6.05,-4.27,-4.17
1939-07-31,13.66,17.44,15.32,10.98,14.41,13.4,16.19,14.58,15.32,14.74,15.57,15.85,16.84,11.49,13.29,16.68,15.09,13.93,13.36,14.68,11.7,9.49,10.16,7.76,9.86
1939-08-31,-12.91,-10.8,-12.58,-13.89,-12.68,-15.36,-13.11,-14.07,-9.89,-7.28,-14.57,-12.19,-10.91,-7.79,-7.51,-14.49,-13.02,-11.93,-9.23,-8.83,-11.09,-10.57,-6.32,-6.93,-4.34
1939-09-30,92.87,68.71,42.92,38.17,35.45,55.28,51.73,34.84,36.26,30.86,61.11,42.16,29.59,20.89,19.37,36.28,26.63,32.82,21.51,6.23,36.3,25.06,26.11,11.72,7.78
1939-10-31,-6.06,-7.47,-1.82,8.69,-3.93,-6.34,-0.85,1.85,1.08,2.39,-6.19,-0.75,-2.22,1.94,4.96,-3.97,-3.23,-2.07,0.35,5.38,-3.67,-4.41,-2.01,-0.51,1.79
1939-11-30,-9.71,-10.57,-12.75,-24.42,-16.07,-9.57,-8.83,-8.37,-11.16,-9.66,-9.25,-5.0,-6.88,-9.77,-6.04,-8.88,-5.95,-8.73,-4.38,-5.24,-4.97,-2.26,-3.99,-1.92,-4.41
1939-12-31,-3.32,0.86,-4.38,-2.93,-0.44,0.49,-0.26,2.91,2.05,5.02,1.9,1.53,4.42,4.46,7.17,-1.46,1.42,4.95,3.76,5.66,0.03,0.75,2.96,3.58,4.56
1940-01-31,-3.38,1.21,-0.33,1.67,-6.9,-3.13,-2.01,-4.12,-2.92,0.02,-2.53,-3.62,-1.86,0.7,-1.26,-3.24,-5.95,-5.41,-1.64,0.23,-1.75,-2.8,-4.3,-2.32,-0.22
1940-02-29,1.84,8.05,0.72,11.1,7.87,2.66,3.16,2.53,3.3,6.11,2.65,2.74,4.83,2.46,3.64,-0.86,1.58,2.91,2.13,5.79,-2.96,0.42,1.2,1.33,1.76
1940-03-31,2.85,3.8,0.61,3.29,4.12,2.87,3.05,3.73,2.13,1.9,1.44,2.87,2.18,2.95,5.64,4.54,1.18,2.31,3.23,3.12,-0.67,2.56,2.16,2.06,0.88
1940-04-30,-3.75,6.99,2.37,6.02,12.24,6.32,2.03,-0.43,1.72,4.67,-1.16,-0.83,1.0,0.62,5.16,-5.65,-2.03,0.34,0.88,5.91,-0.01,-1.44,0.84,0.16,0.25
1940-05-31,-28.64,-30.64,-34.64,-29.97,-34.18,-31.91,-30.61,-25.4,-27.91,-28.35,-27.77,-28.5,-27.57,-25.05,-26.12,-29.61,-26.6,-24.58,-25.75,-28.39,-26.13,-19.98,-21.08,-21.16,-23.69
1940-06-30,4.47,9.44,3.97,8.77,7.38,11.03,5.79,6.48,6.91,4.81,9.15,5.91,4.59,2.97,7.03,14.32,9.31,6.65,8.92,8.36,4.64,6.56,6.63,6.91,2.75
1940-07-31,1.26,0.13,3.97,5.81,5.48,3.01,3.83,4.67,1.47,2.93,4.59,6.01,5.16,4.73,8.18,3.74,3.49,2.7,4.58,4.12,2.07,4.15,2.98,2.75,1.89
1940-08-31,1.88,-1.89,5.37,1.41,0.49,4.35,3.88,3.72,1.24,2.41,2.03,1.23,2.55,2.63,2.33,4.51,2.67,-0.07,2.43,1.69,5.29,2.65,2.04,2.2,0.83
1940-09-30,4.7,5.01,7.49,4.94,1.59,5.08,6.01,3.47,5.17,4.12,4.26,4.86,3.91,6.2,4.68,2.41,2.71,3.59,3.55,2.06,0.05,2.07,2.35,2.49,1.46
1940-10-31,4.88,6.61,6.46,4.84,4.83,11.32,4.78,4.61,4.31,7.53,4.99,8.57,3.17,4.7,3.46,15.28,10.22,6.64,4.19,4.42,14.17,10.56,3.55,1.62,-0.52
1940-11-30,-1.36,5.11,1.32,-4.44,7.81,-4.18,3.46,0.39,1.05,1.3,-4.85,-1.03,0.87,1.79,0.73,-5.27,-1.32,-0.61,0.52,0.22,-1.38,-0.58,-0.72,-2.66,-2.27
1940-12-31,-7.42,-2.76,-5.62,-1.75,0.95,-6.79,-1.71,-1.48,-1.45,1.4,-2.4,-3.47,-1.74,0.53,2.36,1.65,-1.45,-2.11,-0.63,1.52,0.82,1.09,0.72,1.08,1.17
1941-01-31,4.45,2.15,1.61,-3.73,-1.35,4.98,-1.68,-3.5,-1.28,-4.36,-1.36,-0.97,-3.73,-3.36,-5.09,-4.32,-2.55,-2.89,-5.16,-6.02,-1.65,-2.54,-4.78,-5.68,-2.38
1941-02-28,-3.23,-4.09,-2.39,-2.97,-1.23,-4.77,-2.46,-1.46,-1.74,-1.02,-2.87,-2.1,-1.73,-2.43,-1.92,-1.77,-2.49,-2.06,-2.7,-0.01,-2.41,-1.19,-1.47,-1.29,-1.17
1941-03-31,2.02,1.41,-0.29,-0.04,0.9,1.77,0.9,3.32,3.82,3.65,-2.51,1.57,-0.7,1.65,0.19,-3.7,2.19,-0.52,1.03,1.32,-0.03,0.97,0.25,1.76,0.69
1941-04-30,-8.1,-8.03,-6.15,3.21,-6.41,-10.57,-5.5,-6.18,-6.25,-2.1,-6.86,-6.1,-3.98,-6.81,-5.5,-11.16,-7.41,-5.64,-5.17,-4.07,-9.38,-4.98,-5.79,-5.45,-3.91
1941-05-31,-0.41,-1.3,2.19,1.97,4.25,-1.61,4.54,0.12,1.82,1.21,-2.31,1.29,1.25,0.64,3.33,3.66,1.32,3.46,0.77,0.92,-2.11,-1.1,2.65,1.06,1.97
1941-06-30,6.27,7.89,9.95,11.26,9.64,6.16,6.19,4.77,7.29,8.85,7.42,4.76,7.04,5.0,6.3,6.97,7.62,4.81,3.95,8.8,5.87,7.04,4.77,6.08,3.3
1941-07-31,29.4,22.89,18.03,16.48,13.05,17.33,14.89,11.6,9.7,10.63,10.11,13.3,8.0,7.81,12.35,12.1,6.27,10.85,11.2,10.51,6.17,2.94,3.82,9.35,7.91
1941-08-31,-3.18,-2.73,3.22,6.89,-2.55,-1.78,-0.35,-3.24,-0.19,0.23,-2.4,-1.77,-1.57,-0.97,0.79,-1.63,-0.97,0.83,1.07,0.73,0.19,-0.03,0.93,-1.23,-1.59
1941-09-30,-5.64,-5.75,-3.76,-4.71,-3.78,-3.22,-2.37,-1.83,-2.15,-3.01,-1.28,-0.42,-1.86,-1.59,-3.29,1.21,0.23,-2.28,-1.87,-0.77,1.29,-0.9,-0.34,-2.12,-3.09
1941-10-31,-9.21,-8.42,-10.02,-5.0,-4.51,-9.21,-7.23,-4.4,-5.54,-3.42,-12.33,-4.56,-6.54,-4.35,-4.84,-8.23,-6.7,-6.48,-5.42,-2.59,-8.1,-5.97,-6.43,-2.31,0.34
1941-11-30,-10.05,-10.19,-6.08,-1.1,-1.57,-5.79,-5.35,-3.2,-2.41,-0.89,-2.43,-3.0,-3.14,-0.86,-1.8,-3.04,-4.74,-0.86,-0.62,-0.16,-4.35,-3.1,-3.8,1.77,0.36
1941-12-31,-15.34,-17.67,-13.91,-14.39,-13.04,-13.33,-9.4,-12.46,-5.63,-8.18,-10.93,-5.66,-6.06,-5.2,-9.79,-4.89,-6.45,-1.84,-5.95,-4.32,-4.94,-3.31,-4.45,-2.78,-8.86
1942-01-31,29.14,18.49,27.8,24.15,20.33,17.92,14.53,11.76,7.68,12.99,8.2,6.58,3.98,9.01,7.7,4.79,6.05,2.31,2.65,6.03,5.52,3.68,-2.22,-4.07,-0.22
1942-02-28,-2.67,-3.53,-4.23,1.64,0.08,-0.23,-0.99,-1.01,-0.45,-3.58,-1.14,-2.5,-0.62,-0.32,-0.27,1.49,-4.39,-1.29,-2.1,-0.78,-0.54,-0.41,-3.93,-3.96,-3.72
1942-03-31,-2.56,-7.99,-6.85,-4.79,-5.73,-3.26,-3.35,-6.19,-3.37,-2.78,-4.32,-5.77,-2.66,-2.99,-7.59,-5.87,-5.37,-6.07,-3.66,-5.41,-7.39,-6.56,-7.73,-6.25,-7.93
1942-04-30,-3.74,-5.17,-5.73,-6.48,-2.72,-4.78,-5.29,-4.4,-0.09,-6.13,-6.33,-3.5,-7.19,-5.4,-5.24,-4.3,-5.13,-6.97,-5.87,-4.52,-2.4,-3.88,-4.5,-5.88,-3.56
1942-05-31,2.41,1.88,-1.13,-0.03,-2.08,5.0,1.86,1.85,0.4,1.92,4.95,3.67,1.2,1.3,-0.25,9.51,6.17,2.79,2.11,3.81,11.44,6.32,6.94,3.79,3.13
1942-06-30,3.29,4.42,3.48,4.27,1.82,1.72,1.98,3.44,0.24,0.15,2.81,2.84,2.62,2.58,1.88,3.93,1.52,1.96,3.32,0.81,4.57,2.49,2.37,3.32,2.83
1942-07-31,5.39,8.88,1.91,7.76,6.59,3.58,3.44,6.56,3.1,3.88,2.79,3.72,2.94,4.75,5.68,3.15,4.26,4.93,3.5,6.0,0.35,3.29,4.12,3.26,5.2
1942-08-31,3.88,4.24,1.44,3.89,0.18,2.89,3.39,1.5,2.42,2.55,-0.71,3.5,4.61,2.41,3.24,-0.02,2.46,1.91,2.69,3.58,1.86,1.7,1.71,1.43,2.04
1942-09-30,9.26,4.06,3.66,7.33,9.65,3.39,4.18,3.32,3.34,4.5,4.8,2.64,2.88,1.74,1.16,4.2,1.36,2.56,2.41,5.5,2.58,2.13,2.59,2.68,3.53
1942-10-31,16.29,12.79,10.14,12.22,7.02,18.22,12.45,8.32,7.61,7.0,15.49,8.97,6.6,6.4,7.99,11.54,7.13,11.16,6.74,9.75,10.46,6.67,5.58,6.04,7.13
1942-11-30,-3.17,-0.67,6.14,-1.55,-6.84,-0.29,-1.61,-1.41,-0.03,-3.54,-4.65,-0.95,-2.63,-0.93,-0.11,-0.8,-3.02,-0.25,-0.88,-0.53,0.81,2.55,-1.23,0.54,-2.17
1942-12-31,2.37,-0.2,-3.41,2.96,-1.73,2.02,-0.31,4.0,5.09,6.06,2.12,3.38,4.64,4.12,4.63,5.84,3.29,3.25,8.75,7.08,3.28,3.78,7.08,7.86,5.53
1943-01-31,23.82,25.4,23.6,24.97,40.09,19.5,16.57,17.68,15.05,19.91,15.26,10.31,11.4,9.56,12.76,9.47,9.84,7.72,9.84,5.34,7.92,5.03,7.78,5.54,6.99
1943-02-28,33.39,24.2,27.5,12.33,10.79,17.02,11.29,10.49,8.25,10.11,9.84,10.45,7.73,9.83,10.85,7.0,8.25,6.47,7.46,9.12,3.45,4.72,5.12,5.23,8.43
1943-03-31,8.36,17.07,13.03,17.39,16.67,15.01,10.7,10.43,13.77,14.5,8.42,10.88,10.58,11.01,13.02,11.1,6.41,7.04,10.78,13.55,6.48,3.35,4.17,5.79,9.14
1943-04-30,8.15,4.17,1.83,7.9,10.79,-0.41,2.74,2.96,7.16,10.08,0.08,-0.01,0.49,4.34,6.53,-1.12,-0.06,1.62,2.67,10.43,-2.73,0.77,-0.34,1.01,6.28
1943-05-31,15.04,9.44,9.17,11.52,16.0,5.51,6.62,6.68,9.29,12.3,3.25,5.14,6.95,10.41,20.49,3.98,5.31,4.92,7.32,11.2,4.83,5.33,5.66,5.51,8.06
1943-06-30,5.09,4.67,3.93,0.04,-3.14,1.71,2.66,-0.13,1.93,1.95,1.09,1.96,3.61,1.45,-0.89,1.22,2.41,1.56,1.07,-2.89,1.19,3.16,2.21,2.92,-0.26
1943-07-31,-5.24,-6.51,-6.34,-4.42,-10.54,-3.31,-5.17,-4.11,-8.78,-12.63,-3.43,-4.02,-6.34,-8.69,-12.37,-3.39,-3.4,-6.87,-8.63,-13.31,-3.66,-4.5,-5.22,-3.54,-7.35
1943-08-31,-2.76,-2.61,-0.31,-1.35,-1.47,-2.35,-0.09,1.12,0.4,1.86,-0.01,0.6,1.98,2.05,0.64,-0.22,-0.41,2.08,3.77,2.37,0.76,1.36,3.08,-0.09,1.31
1943-09-30,0.77,2.95,3.25,6.12,4.79,1.83,2.33,4.54,4.93,5.77,2.89,2.6,2.78,4.02,5.79,2.49,2.57,3.28,2.47,3.23,1.5,2.37,2.55,1.78,4.48
1943-10-31,1.97,-1.82,1.56,1.59,-3.27,1.43,1.27,0.13,-0.62,6.49,1.69,-0.45,-0.09,0.09,-3.73,-0.89,0.67,-1.63,-0.21,-0.42,-0.72,-1.34,-1.48,-2.39,-1.21
1943-11-30,-13.8,-11.78,-8.81,-12.11,-13.99,-9.07,-7.14,-8.14,-10.26,-9.93,-7.04,-7.62,-7.36,-6.16,-13.07,-10.5,-4.84,-6.48,-6.97,-12.94,-5.3,-4.32,-6.42,-5.41,-12.44
1943-12-31,9.54,7.33,11.56,13.63,11.69,9.3,9.14,8.95,10.99,12.86,9.82,9.37,8.62,12.3,14.93,6.58,5.44,6.32,13.02,15.67,4.4,5.46,7.43,9.29,12.03
1944-01-31,6.7,7.29,5.72,7.24,9.96,4.97,2.91,5.01,6.62,0.78,3.91,5.02,3.53,6.36,4.24,3.43,2.78,1.48,2.55,1.75,1.51,1.5,1.24,1.74,-0.06
1944-02-29,2.84,4.58,2.07,1.1,4.63,0.61,3.55,1.07,0.8,3.34,1.2,1.07,0.33,1.3,0.65,2.03,0.33,1.81,1.79,-1.86,-0.33,0.57,0.52,0.0,0.68
1944-03-31,6.89,5.24,4.45,5.16,6.25,2.56,4.27,4.89,4.7,6.9,3.86,3.71,3.32,4.06,7.77,0.39,1.74,2.87,2.16,5.73,1.88,2.02,2.05,3.28,8.54
1944-04-30,-4.78,-3.33,-1.99,-3.26,-3.05,-4.25,-2.04,-2.97,-3.43,-2.89,-4.21,-2.81,-2.1,-2.18,-3.52,-4.12,-2.8,-3.07,-2.7,-2.6,-1.88,-1.72,-1.17,-0.87,-1.23
1944-05-31,6.15,8.89,8.57,8.81,9.69,6.07,6.75,5.53,6.57,7.39,7.26,5.8,6.75,8.83,8.11,2.91,6.27,6.44,6.4,6.15,2.89,4.82,3.89,5.87,6.06
1944-06-30,27.42,13.54,16.75,8.73,10.03,17.56,8.99,9.33,8.77,4.91,14.78,9.67,8.87,7.86,6.56,12.19,8.25,8.93,5.79,7.63,10.54,4.73,4.27,5.03,3.21
1944-07-31,-4.97,-2.9,0.8,0.39,-1.04,-3.53,-0.44,-1.26,-0.4,-1.81,0.34,-0.71,-0.89,-1.17,-2.52,1.22,-2.51,-0.19,-1.31,-3.17,-2.09,-1.6,-0.79,-2.62,-0.75
1944-08-31,0.22,3.85,0.02,5.32,6.26,1.52,1.7,1.01,5.34,4.15,2.28,1.69,3.03,4.07,7.28,0.35,1.59,2.06,2.2,6.2,0.01,1.23,1.33,3.17,7.08
1944-09-30,1.31,0.94,0.05,1.14,-1.08,-1.62,1.21,2.45,-0.39,-1.25,-0.61,0.97,0.69,0.53,0.37,0.5,0.53,-0.56,-0.34,-0.94,-0.09,0.25,0.52,-2.78,-1.57
1944-10-31,1.51,-0.27,3.31,0.52,-0.33,-3.09,0.21,1.99,-0.68,-0.84,-0.05,-0.15,1.01,-0.16,-2.19,1.47,0.74,-0.3,-1.23,-2.71,1.28,0.52,-0.97,-1.19,-2.32
1944-11-30,2.18,1.74,4.78,4.06,1.95,2.06,0.75,3.59,2.46,4.72,1.44,2.03,1.24,1.6,2.34,3.04,1.88,2.85,1.45,2.6,1.46,1.45,1.48,2.44,2.95
1944-12-31,5.56,17.78,8.58,8.18,8.23,8.64,6.02,8.08,7.54,8.67,7.44,6.16,5.03,7.79,7.45,4.57,3.78,5.07,6.88,12.49,2.16,3.91,3.87,11.06,7.24
1945-01-31,6.25,4.35,3.23,4.78,9.17,4.6,6.78,3.62,3.8,6.46,4.7,3.8,3.32,4.49,3.7,5.44,1.83,4.3,1.08,2.26,1.33,2.45,1.22,1.53,1.21
1945-02-28,8.43,10.4,10.69,8.3,11.95,10.05,6.82,8.05,11.08,10.12,5.78,8.21,8.64,10.3,8.48,8.79,5.2,8.13,8.7,10.83,5.34,4.93,6.8,7.41,6.12
1945-03-31,-8.67,-7.43,-8.33,-5.45,-11.94,-2.4,-5.56,-5.12,-4.76,-6.48,-2.66,-5.36,-7.68,-6.07,-6.34,-3.32,-3.03,-3.48,-4.6,-7.43,-2.85,-3.79,-4.15,-6.57,-4.2
1945-04-30,6.74,4.47,7.05,10.33,11.66,7.06,7.1,10.25,8.1,9.03,8.22,8.96,9.15,8.09,13.36,5.66,6.03,9.92,9.86,15.47,6.04,8.12,9.97,9.02,13.33
1945-05-31,9.51,6.32,3.47,2.56,4.69,2.59,1.81,1.44,3.15,2.98,1.3,3.07,2.89,5.04,3.1,2.88,2.44,0.1,1.55,3.96,1.74,1.57,1.28,0.24,0.42
1945-06-30,6.58,6.22,11.36,7.55,7.27,1.26,3.96,0.57,1.65,7.28,2.26,1.05,1.31,3.0,6.23,0.62,0.45,0.43,4.42,8.8,-0.6,-0.75,-0.64,1.62,5.71
1945-07-31,-4.8,-3.23,-3.7,-4.76,-2.75,-2.85,-3.31,-3.86,-3.27,-5.06,-3.33,-2.8,-3.4,-2.61,-6.82,-1.51,-3.16,-1.39,-3.99,-5.35,-0.83,-1.89,-1.86,-1.81,-9.36
1945-08-31,6.8,6.72,6.69,9.07,2.98,5.39,6.09,9.03,7.0,5.62,5.72,6.88,7.78,10.07,4.99,7.49,8.38,6.96,5.54,6.2,6.28,5.69,7.88,4.31,-0.18
1945-09-30,6.13,8.5,6.62,8.5,6.15,7.21,6.6,8.24,7.21,4.4,7.13,7.62,5.64,6.66,5.89,6.13,5.33,5.0,8.36,7.53,5.63,2.79,4.59,4.83,11.8
1945-10-31,9.97,10.77,14.07,9.86,10.23,6.66,8.89,5.38,4.1,5.29,4.95,5.44,6.42,4.59,4.33,4.65,5.21,5.66,6.63,4.24,3.44,3.16,3.75,1.98,9.15
1945-11-30,11.59,13.47,13.11,11.69,15.13,7.05,9.82,12.06,9.7,9.33,8.55,7.89,6.21,9.56,10.32,6.72,10.52,7.93,12.58,11.62,4.01,2.15,3.88,8.41,9.2
1945-12-31,3.34,2.65,4.49,5.15,2.41,4.44,3.71,2.94,2.97,3.51,2.16,0.96,1.88,2.15,1.52,0.14,1.17,3.79,3.0,2.71,0.84,0.26,0.2,0.81,8.51
1946-01-31,11.13,13.6,17.6,9.35,18.71,7.36,6.96,12.82,9.05,12.58,6.79,9.7,5.8,8.93,8.62,5.18,6.71,7.0,10.96,10.05,4.33,5.74,9.79,8.75,4.08
1946-02-28,-3.22,-3.88,-6.16,-7.85,-8.26,-5.49,-7.43,-7.1,-8.71,-6.98,-7.4,-8.1,-7.25,-7.15,-5.85,-5.23,-5.9,-5.84,-7.26,-7.93,-5.01,-5.56,-5.31,-7.72,-6.86
1946-03-31,2.06,1.71,4.7,2.98,3.06,4.1,4.98,3.84,8.35,6.55,4.22,7.5,6.8,8.6,9.12,5.3,4.91,7.95,10.65,8.1,5.01,6.12,5.74,7.07,8.3
1946-04-30,4.73,7.34,6.0,5.99,10.44,2.89,5.29,5.32,7.42,6.14,1.93,2.98,5.32,5.3,8.4,3.11,4.11,4.12,8.87,3.31,4.31,3.11,4.7,4.51,4.11
1946-05-31,5.92,8.76,3.41,7.44,5.23,8.32,5.05,6.38,8.24,1.59,5.23,9.73,9.2,4.8,6.22,6.22,4.49,6.89,4.91,5.01,4.0,3.2,2.93,2.59,3.46
1946-06-30,-6.14,-4.06,-3.78,-4.85,-7.0,-2.5,-3.07,-7.07,-6.0,-4.54,-4.21,-5.2,-5.39,-6.08,-6.4,-3.9,-4.44,-4.7,-6.73,-6.82,-2.76,-2.5,-4.88,-5.15,-4.12
1946-07-31,-7.8,-4.93,-3.83,-5.16,-1.0,-4.82,-3.88,-6.24,-3.73,-4.24,-4.21,-4.4,-3.47,-4.85,-3.71,-4.71,-2.56,-4.2,-3.58,-4.32,-1.71,-2.26,-2.77,-2.53,-1.46
1946-08-31,-10.09,-6.9,-6.14,-9.31,-11.81,-8.34,-7.49,-7.97,-8.28,-8.59,-6.75,-6.91,-7.07,-9.6,-7.46,-7.05,-5.05,-8.91,-6.66,-6.47,-7.12,-5.93,-4.71,-6.98,-5.22
1946-09-30,-18.54,-16.95,-14.47,-16.22,-15.08,-17.85,-13.84,-12.94,-13.59,-13.7,-13.46,-14.27,-11.88,-12.24,-12.61,-16.01,-12.15,-11.9,-11.7,-11.77,-12.25,-7.65,-8.18,-7.57,-12.64
1946-10-31,-2.51,-2.43,0.17,-2.22,-0.65,0.45,-1.05,-0.96,0.79,-4.49,-1.3,-3.75,-0.27,0.81,0.03,-2.88,-2.02,0.36,-0.67,-2.29,-3.01,-2.26,-0.18,-0.51,-1.11
1946-11-30,-0.77,0.46,-2.59,1.56,-2.42,-0.81,-0.53,1.01,-1.23,-2.44,-0.85,3.32,-0.5,1.47,-0.65,-3.11,0.1,2.11,-0.13,0.71,-2.79,-0.97,1.96,0.66,-1.49
1946-12-31,4.4,5.79,2.73,-0.49,5.82,-0.21,7.31,3.81,6.01,4.45,5.75,7.65,4.13,3.45,5.26,1.64,6.09,7.19,4.09,7.62,4.54,4.41,5.1,4.51,5.5
1947-01-31,9.67,4.92,7.74,3.67,2.81,7.43,4.83,1.01,2.04,2.38,5.78,5.88,2.02,0.82,1.18,6.89,3.75,1.47,-1.11,-1.46,2.99,8.39,2.15,0.3,-3.25
1947-02-28,0.25,-0.46,-0.43,0.7,3.88,-0.69,-0.27,-0.9,-0.97,1.45,-1.83,-2.43,-1.38,-0.11,-0.59,-0.48,-0.95,0.83,-0.28,-1.58,-2.52,0.05,-1.38,-0.49,-2.66
1947-03-31,-5.7,-3.73,-4.35,-1.25,-2.23,-7.62,-4.44,-2.25,-3.85,-2.3,-4.49,-1.87,-3.46,-0.65,-1.3,-3.94,-3.3,-1.17,-1.02,-1.35,-7.23,-2.9,-1.06,-1.19,0.24
1947-04-30,-13.39,-9.95,-9.29,-9.79,-8.21,-10.95,-10.69,-7.12,-6.06,-6.17,-12.08,-9.48,-8.28,-4.81,-7.76,-9.93,-7.67,-6.7,-7.05,-6.5,-8.74,-6.43,-3.77,-2.63,-4.54
1947-05-31,-7.39,-7.6,-3.72,-2.64,-3.29,-7.09,-3.27,-4.12,-3.52,-5.65,-4.6,-4.74,-3.58,-4.66,-2.41,-4.72,-3.62,-1.92,-4.42,-1.27,-3.95,-1.02,1.35,-0.38,-0.24
1947-06-30,7.55,6.3,5.3,3.92,1.86,4.55,6.16,5.8,5.41,3.9,5.59,5.65,4.71,4.48,3.05,7.16,6.72,5.34,6.56,6.17,4.64,6.77,6.01,5.91,4.51
1947-07-31,8.63,7.12,5.77,6.17,9.13,6.67,7.87,6.86,5.37,2.69,7.62,5.77,5.56,5.46,9.23,14.52,7.52,5.67,3.91,5.1,8.92,5.89,5.25,4.36,2.46
1947-08-31,-3.87,-4.62,-2.16,-0.78,1.54,-2.7,-2.05,-1.31,-0.28,2.98,-2.92,-2.22,-0.41,-0.05,-0.7,-4.54,-1.45,-2.09,-0.36,-1.82,-6.89,-3.18,-3.63,-0.6,-1.75
1947-09-30,0.24,0.76,0.71,2.34,2.56,0.58,1.94,0.66,1.56,3.91,0.63,0.17,-0.76,0.95,2.36,1.52,-0.9,-0.26,-0.79,2.91,1.88,-1.27,0.11,-1.37,-0.87
1947-10-31,4.31,7.04,9.16,2.51,1.81,3.15,3.32,2.97,3.5,5.71,4.1,3.91,2.39,2.54,4.32,-0.67,1.54,2.04,2.78,3.01,-0.32,1.33,2.11,2.97,3.1
1947-11-30,-5.07,-1.96,-1.29,-0.86,-1.08,-7.12,-6.24,-4.14,-1.61,-1.98,-5.0,-3.5,-2.92,-1.58,-0.59,-8.07,-3.59,-3.61,-2.31,1.67,-2.33,-4.62,-2.12,0.27,-1.82
1947-12-31,-0.3,-0.82,0.75,0.55,6.78,1.38,-1.24,2.0,2.32,4.47,0.29,1.97,0.99,2.52,4.06,-2.7,2.5,2.8,3.04,6.02,1.23,2.56,2.21,4.6,3.76
1948-01-31,2.95,3.05,-3.11,0.73,-3.81,0.2,0.36,-3.44,-2.81,-3.29,0.01,-1.92,-1.83,-1.82,-4.35,0.21,0.05,-2.59,-3.12,-4.7,-0.9,-2.61,-3.43,-4.94,-6.23
1948-02-29,-9.02,-6.54,-6.27,-4.42,-7.88,-7.91,-6.8,-5.61,-5.4,-7.92,-9.01,-6.66,-4.54,-4.21,-5.68,-5.81,-5.67,-4.52,-5.72,-5.36,-6.99,-4.05,-3.16,-4.31,-3.65
1948-03-31,11.98,6.83,10.89,11.27,10.98,9.79,8.17,8.65,8.28,9.32,11.37,8.97,8.63,8.39,11.44,15.47,10.33,6.96,8.89,10.57,11.79,9.23,5.66,7.99,9.6
1948-04-30,1.65,6.62,5.73,8.19,6.68,-1.01,4.91,3.01,4.15,4.36,3.89,2.6,2.19,3.28,6.87,0.38,4.39,4.06,3.83,7.53,0.07,1.11,1.4,4.42,7.08
1948-05-31,11.6,4.96,10.69,10.43,9.39,9.67,7.53,9.58,9.38,9.5,9.02,8.2,7.58,7.06,9.05,9.06,7.1,7.22,7.8,10.45,3.84,6.99,8.04,5.82,8.96
1948-06-30,-3.25,-2.95,-3.79,-0.07,5.15,-6.21,-2.73,-2.56,-0.91,2.56,-3.0,-3.48,-1.36,0.01,2.15,-2.98,-2.69,0.23,-2.06,-0.69,-2.59,-0.15,0.58,1.14,2.26
1948-07-31,-7.37,-5.39,-3.37,-5.36,-6.68,-4.19,-3.39,-6.76,-3.76,-6.27,-6.9,-2.04,-5.57,-6.01,-5.96,-6.17,-4.24,-5.12,-5.64,-4.0,-2.91,-3.77,-5.69,-5.52,-6.71
1948-08-31,-2.0,-0.66,-1.92,-1.05,-0.71,-2.55,-0.36,-0.21,0.09,1.48,-1.34,0.27,1.14,-0.07,0.31,1.97,0.05,-0.3,0.69,0.01,1.97,-0.05,1.03,-0.3,0.46
1948-09-30,-7.93,-2.9,-5.56,-4.67,-3.82,-4.04,-2.53,-1.92,-3.54,-5.75,-4.87,-3.91,-4.48,-3.72,-4.75,-5.36,-3.98,-3.5,-5.53,-4.67,-3.93,-0.86,-2.21,-2.78,-4.6
1948-10-31,4.42,5.19,2.43,8.08,7.73,2.26,4.67,4.78,6.7,7.36,3.62,3.65,4.54,4.36,5.2,7.34,5.58,4.52,5.58,6.08,4.35,4.51,4.43,8.32,7.48
1948-11-30,-14.75,-9.56,-7.89,-9.94,-12.9,-13.8,-9.38,-9.48,-9.65,-13.47,-15.14,-9.29,-9.49,-8.12,-10.3,-10.65,-10.6,-10.47,-9.71,-10.39,-7.78,-8.2,-7.49,-9.25,-10.68
1948-12-31,-3.74,-3.56,-1.05,0.51,2.24,-1.23,-1.29,-0.18,2.26,5.47,0.66,1.14,1.63,2.26,3.36,2.65,1.81,1.96,1.89,4.32,-0.22,5.03,2.64,3.34,5.13
1949-01-31,7.32,3.88,5.42,2.06,0.29,3.51,2.98,1.15,1.23,1.84,2.19,0.76,1.15,0.67,-0.37,2.71,1.99,0.88,1.93,0.73,5.12,1.34,0.58,-0.41,-2.17
1949-02-28,-5.45,-4.55,-6.11,-3.91,-4.72,-4.64,-4.98,-7.49,-2.62,-5.81,-4.73,-6.24,-2.74,-4.26,-4.95,-3.25,-2.67,-1.9,-2.66,-3.35,-2.69,-1.03,-2.46,-1.96,-4.07
1949-03-31,8.02,6.08,6.06,7.49,10.22,7.84,5.95,5.98,4.19,7.68,9.18,7.77,6.32,5.17,6.28,6.15,4.79,4.93,4.57,4.84,5.06,4.07,2.44,4.15,4.31
1949-04-30,-5.29,-2.94,-1.61,-1.4,-2.98,-5.07,-3.54,-4.38,-2.89,-0.95,-6.63,-4.5,-2.17,-3.43,-2.61,-6.7,-4.73,-2.91,-2.85,-0.93,1.97,-3.25,-0.76,-1.38,-1.22
1949-05-31,-9.09,-7.97,-4.11,-3.88,-7.76,-6.99,-5.07,-4.56,-4.03,-2.89,-8.39,-4.28,-3.03,-3.54,-2.32,-3.21,-2.92,-2.11,-2.76,-1.09,-5.33,-4.26,-3.8,-2.39,-1.52
1949-06-30,-0.61,-1.58,-1.66,0.06,0.73,1.17,-1.9,-2.34,-3.56,-2.47,-0.96,-0.84,-2.51,-1.34,-1.33,0.92,-0.17,-2.26,0.05,0.13,-0.52,3.36,0.1,0.67,-0.42
1949-07-31,6.21,6.19,5.57,4.08,6.89,6.91,7.62,5.18,5.75,7.33,8.27,6.44,7.95,5.06,6.4,6.37,7.88,6.22,6.63,5.06,7.63,6.51,5.92,5.84,4.01
1949-08-31,2.16,1.4,3.14,3.22,3.16,1.24,1.24,2.44,3.88,5.13,3.92,2.19,4.44,2.76,1.95,3.41,1.54,2.09,1.06,2.51,2.95,3.07,3.37,2.09,3.38
1949-09-30,5.82,2.89,1.91,3.04,3.22,5.52,5.72,3.56,3.18,6.14,5.19,3.03,3.16,3.99,6.08,6.84,5.21,3.81,3.79,3.59,7.09,3.37,2.94,2.08,3.49
1949-10-31,6.83,7.09,3.66,5.43,5.46,3.32,3.68,3.15,3.26,4.19,2.95,3.33,4.6,3.21,3.63,1.42,2.39,2.12,2.59,3.86,3.63,2.91,3.27,3.14,3.56
1949-11-30,-1.64,0.53,0.84,-1.19,-4.63,-1.33,1.13,0.51,-0.29,3.01,0.73,-0.06,1.56,1.27,3.35,0.28,1.44,1.43,2.89,2.31,1.0,-0.52,1.41,2.63,3.48
1949-12-31,9.94,5.84,8.95,6.35,7.19,7.18,7.56,6.1,8.01,6.52,8.57,10.58,5.3,6.52,7.16,10.07,6.14,4.73,6.16,6.49,4.55,4.35,3.34,6.38,5.49
1950-01-31,7.56,7.94,4.12,5.51,6.14,8.02,4.69,4.26,0.42,4.67,4.76,3.56,5.12,4.17,4.48,6.09,2.88,2.23,1.72,1.4,3.67,1.9,0.48,1.22,1.73
1950-02-28,3.15,0.08,2.11,2.98,4.52,1.47,3.21,0.31,1.52,3.03,-0.61,0.03,2.18,0.84,2.18,0.36,0.56,1.42,1.57,4.08,-0.51,0.52,1.36,2.4,2.25
1950-03-31,-2.1,-0.69,-0.87,3.05,-0.54,-2.08,-1.31,-1.92,-1.28,0.38,-2.05,-0.73,-0.33,-0.14,2.51,-1.02,1.8,-1.01,-0.09,0.44,2.34,1.85,1.02,2.61,0.75
1950-04-30,10.04,6.9,5.94,2.51,0.85,6.28,4.08,6.12,4.47,5.1,5.18,4.87,5.9,5.12,4.48,5.32,3.7,3.42,3.06,4.6,3.51,2.53,2.89,3.43,8.01
1950-05-31,3.7,-2.11,3.99,3.45,2.87,3.31,2.65,4.19,2.32,3.08,2.8,3.28,3.64,3.95,2.81,1.91,1.31,1.22,2.93,2.91,5.0,4.43,4.8,4.43,6.11
1950-06-30,-6.9,-6.31,-8.66,-9.12,-9.98,-7.05,-7.2,-8.91,-8.28,-10.12,-5.7,-7.03,-6.08,-7.87,-8.52,-6.74,-6.81,-6.92,-8.94,-8.41,-4.61,-4.72,-5.91,-5.99,-5.22
1950-07-31,7.84,5.99,10.14,10.89,10.16,5.88,4.61,8.15,8.0,5.3,3.95,7.49,5.78,6.65,0.53,6.21,2.62,-0.39,6.83,1.12,3.18,0.57,3.98,0.11,-1.18
1950-08-31,5.25,5.77,4.81,5.38,6.63,4.12,4.26,4.31,5.93,7.54,5.45,4.29,3.55,4.99,7.86,3.14,3.89,4.96,5.78,4.75,1.85,3.63,3.48,5.26,8.36
1950-09-30,5.74,3.71,4.72,2.65,3.45,6.92,5.79,6.37,6.98,3.7,6.69,6.31,3.82,6.21,6.8,6.42,6.33,5.71,6.66,7.65,5.66,4.73,3.36,4.46,5.07
1950-10-31,-2.03,-0.28,-1.66,1.93,-0.68,-1.66,0.83,1.21,-1.16,2.55,-1.32,-1.04,-1.79,0.69,-0.95,-1.87,-1.18,-0.19,-0.59,-0.87,-1.85,0.22,-0.1,0.55,1.04
1950-11-30,0.34,3.13,2.91,3.96,6.08,-0.48,0.71,3.98,3.13,6.14,1.69,2.5,5.48,2.55,2.71,1.41,2.96,3.36,5.04,6.36,-1.64,1.45,5.58,3.24,1.79
1950-12-31,10.23,11.54,11.04,11.09,18.46,6.41,7.5,9.11,11.14,9.86,4.98,5.39,5.24,8.68,10.65,4.22,6.14,8.89,8.06,11.44,1.03,4.04,6.05,7.86,4.4
1951-01-31,8.92,8.8,9.24,9.27,4.79,9.19,8.68,6.19,8.55,9.62,8.66,7.24,6.47,7.02,14.1,6.92,6.14,7.98,7.47,8.08,4.57,2.11,5.53,6.34,6.31
1951-02-28,0.56,0.16,0.19,-0.39,2.25,1.87,0.94,2.4,1.22,1.07,2.12,1.45,1.18,0.78,-0.02,3.44,1.81,0.97,-0.83,1.33,1.78,2.97,2.44,1.47,-0.75
1951-03-31,-4.38,-3.0,-2.51,-5.1,-8.34,-0.12,-3.83,-2.57,-4.41,-4.08,-2.25,-1.47,-3.83,-5.65,-5.51,-1.41,-1.77,-3.35,-5.27,-4.88,-0.69,-0.56,-2.68,-1.49,-3.3
1951-04-30,1.94,3.55,2.17,7.04,4.94,1.48,2.64,3.33,5.5,4.07,1.33,1.41,4.09,4.79,7.87,0.69,3.04,5.4,7.29,7.89,0.48,1.95,6.27,7.46,8.87
1951-05-31,-4.07,-2.45,-2.93,-3.18,-2.65,-2.84,-3.62,-1.83,-3.94,-2.2,-2.13,-1.46,-3.15,-1.17,-4.59,-1.21,-1.71,-2.19,-2.78,-2.09,-0.86,-1.08,-2.37,-2.76,-3.27
1951-06-30,-4.66,-3.93,-5.88,-7.0,-7.06,-3.95,-2.65,-4.18,-6.08,-9.09,-2.22,-3.83,-5.5,-5.89,-8.58,-2.64,-2.89,-3.78,-5.33,-6.68,-0.93,-2.04,-3.25,-2.65,1.01
1951-07-31,1.34,2.53,3.19,6.15,7.97,2.57,5.7,4.62,7.67,11.23,2.19,3.62,5.95,8.59,9.42,4.46,4.49,6.3,10.4,11.86,3.84,5.55,5.36,10.25,12.66
1951-08-31,5.11,4.14,5.81,5.7,11.45,4.53,4.19,5.87,5.29,6.61,6.03,3.19,4.08,6.1,4.64,4.06,3.5,4.47,4.57,3.27,4.53,3.62,5.99,4.76,3.24
1951-09-30,2.29,2.83,1.06,4.98,3.37,2.51,3.85,1.7,3.91,3.27,1.65,2.73,3.0,1.89,2.93,0.66,2.0,2.07,3.27,1.65,-0.13,0.7,1.11,1.84,-1.14
1951-10-31,-2.01,-2.47,-4.14,-3.21,0.56,-2.99,-0.83,-2.39,-2.1,-3.49,-3.25,-1.72,-3.44,-1.82,-2.72,-0.95,-0.78,-3.37,-3.42,-3.07,-2.44,-1.73,-2.16,-5.07,-0.53
1951-11-30,-1.02,-0.75,0.62,0.26,-0.18,-0.99,0.7,0.23,1.43,1.08,0.64,0.94,0.14,1.57,1.78,2.2,2.6,1.75,1.99,1.89,0.72,0.69,0.16,0.66,0.3
1951-12-31,0.66,-1.09,-0.34,0.37,0.94,0.31,1.71,0.89,0.97,3.12,0.54,1.22,0.71,1.39,0.63,0.99,2.34,2.56,1.15,2.87,1.81,1.37,4.79,5.3,5.12
1952-01-31,0.85,1.68,2.84,1.95,1.37,0.49,1.68,2.01,3.49,0.91,-0.48,1.57,1.15,0.84,2.59,-0.84,2.18,1.62,0.76,3.0,1.9,-0.14,0.79,1.13,3.93
1952-02-29,-2.89,-1.55,-2.26,-0.73,-1.08,-1.48,-0.69,-0.17,-3.56,-4.83,-3.22,-1.82,-1.09,-1.41,-3.44,-2.48,-0.78,-1.15,-1.33,-2.59,-3.89,-2.36,-1.65,-1.96,-3.75
1952-03-31,1.78,1.87,1.27,3.38,2.18,2.45,2.43,2.94,2.9,3.44,3.05,2.52,2.57,3.09,3.54,4.91,3.49,3.23,3.09,3.2,3.66,3.74,3.93,3.56,7.09
1952-04-30,-4.13,-4.26,-3.46,-3.84,-3.38,-4.34,-3.94,-3.84,-4.56,-6.62,-4.64,-3.27,-2.49,-3.15,-6.77,-4.99,-3.38,-5.08,-4.22,-6.58,-3.89,-4.67,-2.39,-3.61,-7.59
1952-05-31,1.21,0.78,3.44,0.78,2.37,1.72,1.24,1.57,3.65,2.94,1.87,1.94,1.84,3.27,4.25,3.4,4.63,3.44,1.89,2.39,5.34,2.57,2.88,3.68,3.64
1952-06-30,1.95,3.37,3.6,5.44,1.21,2.21,1.87,1.86,2.39,3.5,2.89,3.35,2.76,3.83,3.5,2.93,2.43,3.48,3.57,4.59,2.74,4.25,3.37,4.37,4.89
1952-07-31,0.19,1.48,2.07,0.06,2.46,-0.32,2.43,1.65,0.3,1.22,-0.62,1.73,1.04,1.24,1.66,0.85,2.07,1.75,0.57,1.07,3.45,0.7,1.36,1.64,-0.05
1952-08-31,-1.51,1.62,-0.12,-0.87,1.06,1.03,-0.23,0.37,0.61,0.83,-0.56,0.02,-0.54,0.53,0.74,0.13,-0.15,-0.31,0.68,0.06,-1.36,-0.9,-0.62,-0.46,-1.09
1952-09-30,-2.37,-1.37,-1.3,1.7,-1.95,-4.39,-1.57,0.52,-1.4,-0.49,-3.21,-1.37,-1.03,-1.65,-0.57,-2.52,-2.66,-0.91,-1.24,-1.34,-4.37,-2.65,-1.92,-1.17,-1.94
1952-10-31,-2.4,0.09,-1.11,1.1,0.7,-4.04,-1.09,-2.38,-0.67,-0.29,-2.3,-1.86,-1.27,-0.29,0.42,-1.64,-1.81,-0.47,-0.8,0.04,-2.81,-1.69,-0.49,0.02,0.26
1952-11-30,5.32,3.13,4.76,5.21,4.12,6.27,4.21,4.36,6.26,6.76,6.58,5.4,5.04,6.87,6.4,6.7,4.79,4.5,6.36,6.0,7.22,5.84,6.69,5.16,7.24
1952-12-31,0.28,0.49,1.43,2.7,2.06,1.82,3.0,2.75,5.14,2.84,1.1,0.64,1.97,3.2,2.88,2.06,1.56,4.38,3.99,2.12,1.85,2.18,2.69,3.41,4.41
1953-01-31,5.41,4.23,4.69,5.05,3.81,4.22,4.63,2.73,4.44,1.91,0.62,2.77,2.41,3.72,2.38,1.11,-0.28,1.16,2.47,1.38,-2.69,-1.61,-0.3,-0.24,-1.11
1953-02-28,2.58,3.02,4.13,2.76,2.95,2.1,0.64,2.11,1.07,1.91,-0.75,0.57,1.52,1.38,2.18,0.38,-0.61,0.65,1.4,0.66,-0.12,-0.59,-0.09,-0.53,-0.57
1953-03-31,-1.41,0.01,-0.34,-1.57,-2.39,-2.87,-1.69,-1.97,-1.93,-0.92,-1.48,-0.55,-0.83,-0.45,-2.09,-0.3,-1.1,-0.63,-1.11,-1.87,-1.83,-0.91,-0.66,-1.27,-2.06
1953-04-30,-2.62,-1.72,-2.26,-1.29,-1.77,-3.0,-1.3,-1.94,-0.7,-2.79,-5.17,-1.13,-1.41,-1.99,-1.94,-3.96,-2.82,-2.05,-1.63,-2.31,-5.24,-3.89,-1.71,-2.24,-1.65
1953-05-31,-0.2,2.81,1.17,0.24,0.77,-0.46,0.47,1.04,1.01,1.25,-0.38,-0.22,-0.15,0.36,1.97,-0.09,0.14,0.71,0.85,0.99,0.93,0.73,-0.08,1.05,0.96
1953-06-30,-5.01,-4.74,-4.22,-3.42,-4.32,-4.68,-3.63,-3.75,-3.81,-2.29,-4.16,-2.53,-3.36,-3.12,-3.51,-1.28,-3.02,-2.64,-2.24,-3.0,-0.62,-1.38,-1.72,-1.59,-1.41
1953-07-31,1.11,-0.06,3.83,1.83,2.13,0.98,0.86,1.71,2.13,0.93,1.58,2.19,1.44,1.51,2.08,0.38,1.82,2.23,1.78,0.66,3.37,3.2,2.3,2.41,3.37
1953-08-31,-7.63,-7.04,-5.07,-5.35,-4.37,-7.14,-4.9,-6.06,-2.71,-6.35,-7.87,-5.39,-4.69,-4.15,-4.75,-6.16,-5.74,-3.15,-4.8,-4.71,-5.6,-5.39,-3.61,-3.31,-3.56
1953-09-30,-5.49,-3.0,-1.71,-2.66,0.03,-2.78,-1.39,-2.18,-1.25,0.7,-2.27,-1.45,-1.12,-0.71,-0.4,-1.34,0.32,-0.58,0.58,-0.16,-1.69,-0.78,0.75,1.14,2.89
1953-10-31,2.14,4.62,2.42,0.92,2.03,1.75,4.5,2.54,2.77,5.43,3.47,3.25,5.62,4.13,4.87,4.5,3.37,3.62,4.86,5.33,4.44,4.94,5.73,4.14,4.62
1953-11-30,1.11,-0.02,2.82,5.81,1.42,3.85,1.23,0.86,2.99,2.49,-0.15,1.33,2.16,1.46,2.85,0.51,2.15,3.22,2.87,3.79,1.45,2.1,2.71,3.28,4.54
1953-12-31,-6.05,-3.45,-2.0,-1.5,0.17,-7.06,-3.03,-2.49,0.98,1.86,-6.06,-2.34,-0.39,-0.18,1.95,-4.92,-1.63,-0.44,1.45,2.17,-1.98,-1.77,0.28,1.57,0.83
1954-01-31,13.22,10.43,8.7,5.54,4.31,10.99,8.07,7.23,3.43,4.18,9.67,8.19,6.93,7.14,3.93,9.74,7.88,6.31,3.8,5.07,8.87,6.8,6.35,2.57,3.85
1954-02-28,0.7,0.13,0.5,1.55,-0.48,-1.16,2.71,1.18,1.59,4.09,0.0,2.08,1.68,2.83,1.47,-0.31,-0.45,1.49,2.08,4.46,2.31,1.03,1.13,1.88,2.38
1954-03-31,1.72,2.25,1.24,3.31,3.94,3.24,1.25,2.13,3.15,5.88,2.08,0.68,1.84,3.24,3.84,4.04,2.42,3.11,3.67,6.19,3.91,1.82,3.2,2.66,6.28
1954-04-30,-1.45,0.42,2.93,2.66,2.67,-1.61,0.8,0.56,0.86,1.72,-3.92,1.01,1.81,2.32,5.5,-2.81,-0.31,3.59,3.22,3.78,-2.76,3.16,4.19,5.36,6.41
1954-05-31,5.0,4.67,6.23,3.78,0.03,6.18,4.0,2.71,4.08,5.19,7.96,5.1,4.08,3.78,6.21,7.89,5.84,3.27,3.75,2.77,3.3,5.08,3.2,4.07,1.1
1954-06-30,0.78,1.84,2.11,-0.6,3.28,-1.32,1.2,2.13,1.67,1.38,-2.07,-0.05,2.74,2.63,2.36,0.46,-0.05,2.05,2.13,3.44,-4.73,-0.78,0.52,0.18,2.44
1954-07-31,13.04,8.61,6.5,7.34,5.14,5.71,6.92,7.07,5.86,10.44,4.58,5.18,6.9,8.18,8.2,5.84,5.49,5.37,7.08,7.6,3.95,6.61,3.99,6.8,2.85
1954-08-31,-0.06,1.66,0.73,0.13,0.15,0.69,-0.47,1.9,0.52,-1.9,-1.71,-0.96,-0.45,-2.77,-0.31,-2.67,-2.41,-1.88,-2.18,-0.62,-1.78,-2.3,-1.28,-2.18,-4.07
1954-09-30,3.44,3.46,5.63,3.86,2.52,4.83,3.5,4.02,5.53,5.21,4.53,3.13,4.04,4.98,4.42,4.19,4.85,3.84,4.98,6.48,5.83,4.66,6.08,6.72,9.74
1954-10-31,-0.17,-0.41,-0.54,0.98,0.62,-2.3,-1.05,0.02,0.0,-1.99,-1.28,-0.78,0.34,0.1,0.11,-2.79,-1.59,-0.33,-1.71,2.39,-1.33,-1.78,-3.41,-1.89,-0.55
1954-11-30,8.93,6.07,8.67,7.6,8.89,11.85,7.08,6.97,10.73,9.28,8.49,9.33,9.62,10.13,11.47,9.06,9.18,7.95,10.43,11.67,7.86,6.29,8.4,11.39,10.09
1954-12-31,13.22,8.67,9.58,16.36,12.39,11.06,9.83,9.24,8.44,9.35,12.48,9.41,9.58,8.13,6.71,8.83,5.99,5.54,5.74,6.11,7.87,3.31,4.61,5.45,5.5
1955-01-31,2.17,3.07,2.53,3.08,2.64,-0.12,1.56,1.4,1.77,3.78,1.21,1.33,-0.21,1.41,3.04,-0.08,-0.8,0.99,-0.06,3.27,-0.24,1.0,-1.78,0.79,3.39
1955-02-28,7.7,4.05,4.72,8.55,5.37,3.15,3.74,4.29,5.45,6.25,1.64,3.32,3.69,6.49,5.48,1.66,2.97,3.26,4.37,5.17,4.18,2.39,3.08,2.36,3.21
1955-03-31,-0.17,0.22,0.24,-1.43,0.58,-0.36,0.54,-0.32,-1.29,1.72,-0.76,-1.61,-0.66,-0.86,2.42,-0.66,-1.31,-0.62,1.03,-0.15,-0.51,-0.14,0.66,-1.07,3.14
1955-04-30,2.11,1.82,1.76,3.66,3.57,1.36,2.0,4.91,2.21,1.01,2.12,1.6,2.25,1.22,2.1,2.84,3.45,3.01,0.68,2.44,2.53,2.0,2.85,5.27,2.63
1955-05-31,2.71,0.96,-0.57,-0.39,-0.95,0.63,0.49,-0.55,-0.56,1.93,-0.32,1.1,0.48,1.09,0.21,0.26,1.08,0.95,1.11,1.73,0.98,0.35,1.33,3.23,0.62
1955-06-30,1.13,1.08,4.38,4.93,2.95,1.22,3.11,2.37,4.31,4.73,3.31,2.43,3.03,3.38,3.41,2.24,4.64,4.76,4.81,3.4,4.14,5.66,7.38,10.11,11.86
1955-07-31,1.5,0.24,2.4,2.07,0.69,0.93,1.69,1.95,1.19,-0.37,-0.49,0.15,0.61,0.43,0.94,1.41,-0.02,0.81,-0.93,-0.6,0.37,2.07,2.48,5.21,-0.49
1955-08-31,-1.36,0.37,-1.15,0.51,2.17,-0.9,-0.18,0.24,-0.03,0.87,0.11,0.9,0.04,1.22,2.12,0.21,-0.38,2.52,0.29,2.28,-1.1,0.37,1.62,-1.24,2.36
1955-09-30,0.05,0.75,-0.35,0.92,1.76,-0.65,-0.64,-1.72,-1.55,0.07,-0.3,-1.71,-0.66,-1.16,-0.56,-1.36,-1.27,-2.76,-0.91,-2.54,-3.33,-0.53,-1.8,-0.7,3.06
1955-10-31,-1.28,-2.78,-0.12,-2.12,-1.83,-2.54,-0.65,-0.48,-0.67,-1.94,-2.91,-1.2,-0.49,-0.99,-0.08,-1.19,-1.26,-2.63,-2.07,-2.06,-1.36,-2.01,-2.21,-2.89,-4.02
1955-11-30,3.25,1.46,3.81,3.8,6.41,6.67,4.11,4.35,5.34,7.3,6.11,3.21,6.57,5.51,6.89,4.67,5.73,5.85,7.02,9.62,6.77,3.5,7.89,8.99,8.55
1955-12-31,2.68,3.12,2.69,2.61,2.79,1.86,3.23,0.8,1.36,1.5,2.63,2.07,2.59,3.02,2.0,2.59,1.46,1.33,1.45,2.76,2.33,1.78,1.65,2.85,-0.91
1956-01-31,0.89,0.13,-0.92,-1.47,-2.3,-1.03,-2.24,-2.29,-2.13,-1.86,-3.97,-1.17,-1.2,-3.11,-3.68,-4.24,-1.16,-2.75,-3.71,-4.15,-1.76,-0.44,-0.63,-3.33,-4.61
1956-02-29,2.09,4.22,2.61,2.99,4.42,3.01,2.34,3.04,2.46,3.3,2.98,2.57,3.57,1.91,5.22,4.09,2.27,3.19,2.76,6.52,2.3,2.62,3.31,5.19,4.41
1956-03-31,2.1,5.24,4.57,1.84,5.09,2.05,4.59,3.76,5.85,7.92,2.52,4.02,6.57,5.35,6.27,3.42,4.21,3.69,7.18,8.88,6.12,4.69,5.88,8.45,7.95
1956-04-30,-0.11,-1.05,-0.88,0.36,3.34,0.25,-1.58,2.47,0.92,1.26,-2.77,0.12,-1.85,1.61,2.15,-2.23,-0.73,-0.21,1.05,4.2,-1.47,-0.01,-0.94,-0.32,1.58
1956-05-31,-5.24,-3.43,-3.78,-5.31,-3.6,-4.31,-3.71,-4.11,-5.51,-4.83,-4.63,-3.43,-2.56,-3.57,-3.58,-3.24,-2.43,-1.49,-4.57,-5.31,-4.39,-1.91,-4.32,-5.79,-6.23
1956-06-30,-0.21,0.19,2.28,1.2,1.59,0.57,0.59,0.36,2.97,2.06,0.21,2.0,2.96,3.25,4.49,1.83,1.67,1.27,3.74,5.83,2.06,2.16,1.95,4.88,4.92
1956-07-31,0.41,1.51,5.96,3.92,2.99,3.59,2.21,3.01,2.52,6.66,1.9,3.27,3.99,4.87,5.14,4.58,2.97,4.0,4.9,6.12,2.6,3.94,5.41,4.78,6.65
1956-08-31,0.04,-2.09,0.73,-1.76,-3.44,-2.95,-0.41,-1.32,1.03,-1.97,-1.1,-1.24,0.0,-2.12,-2.42,-2.0,-3.3,-1.05,-3.84,-2.6,-1.46,-2.9,-1.09,-4.46,-4.57
1956-09-30,-3.97,-2.46,-1.52,-1.65,-3.45,-3.22,-2.54,-2.25,-2.59,-1.16,-3.12,-3.3,-3.68,-1.77,-4.23,-1.89,-3.44,-3.59,-4.67,-5.45,-5.24,-5.04,-2.64,-6.37,-6.87
1956-10-31,-1.01,-0.04,1.16,0.38,4.23,-2.39,-0.33,1.24,1.67,3.28,-0.56,0.43,1.06,0.81,2.15,-1.1,-0.47,0.31,1.03,3.05,1.4,-0.1,0.21,1.53,1.25
1956-11-30,-1.55,-0.59,-0.33,0.87,2.83,-1.73,0.3,0.47,2.94,0.52,1.72,-0.53,0.47,2.41,2.63,-0.57,-0.83,0.58,0.11,2.4,-4.1,0.42,-0.9,2.28,2.02
1956-12-31,0.1,-0.53,0.11,3.01,1.85,1.14,0.83,0.71,3.18,6.12,0.05,0.94,2.14,3.86,6.57,0.04,2.3,2.32,2.78,5.64,3.35,2.62,2.86,3.91,4.94
1957-01-31,4.57,2.19,4.31,2.78,1.33,4.68,2.05,1.3,-1.77,-0.1,2.0,2.02,0.06,-0.3,-3.01,1.05,-0.48,-1.32,-1.25,-2.66,-4.11,-2.17,-3.24,-3.31,-6.8
1957-02-28,-4.42,-2.07,-2.06,-2.41,-1.07,-3.51,-1.81,-2.26,-2.1,-2.35,-4.83,-1.69,-0.65,-3.39,-3.23,-2.14,-1.22,-0.43,-1.99,-3.32,-2.93,-0.32,-1.1,-2.09,-2.37
1957-03-31,1.48,0.79,3.22,1.56,2.26,1.59,4.07,2.35,1.32,0.99,1.56,2.78,2.69,3.0,2.53,2.6,1.74,1.95,3.37,1.99,1.58,2.41,3.17,1.85,2.98
1957-04-30,4.09,2.22,0.82,2.58,1.36,-0.19,2.46,0.1,3.05,2.55,1.17,1.58,1.9,0.66,6.09,2.96,2.67,1.64,3.18,4.01,3.95,6.02,4.37,3.77,6.26
1957-05-31,1.55,0.6,2.38,-1.11,-0.07,2.74,0.79,1.59,0.57,2.94,2.87,0.91,2.03,1.6,2.42,3.02,1.69,1.63,2.2,4.03,4.22,3.11,4.99,3.53,4.99
1957-06-30,-1.31,-1.78,1.27,2.56,0.39,-0.67,-0.36,0.06,-0.71,0.57,-1.83,-1.47,-1.12,-2.02,-0.87,-0.37,-1.65,-3.11,-1.74,0.57,-0.35,-1.3,-0.6,0.35,-0.46
1957-07-31,1.05,-0.4,0.01,3.84,-3.07,0.01,1.43,2.18,0.53,-2.19,-0.94,1.42,0.5,0.73,0.13,-0.29,1.5,0.33,-0.13,0.12,-1.63,2.96,0.17,1.51,0.07
1957-08-31,-6.82,-2.99,-1.44,-4.97,-2.56,-7.19,-4.31,-2.69,-3.83,-3.95,-5.89,-5.43,-4.11,-3.75,-6.95,-8.37,-4.73,-3.74,-4.02,-8.17,-6.3,-4.09,-2.7,-5.53,-5.78
1957-09-30,-7.42,-3.35,-2.95,-2.92,-4.79,-6.14,-6.46,-5.21,-2.91,-4.97,-7.19,-6.62,-4.69,-3.16,-6.36,-7.4,-4.13,-4.98,-3.68,-5.03,-6.13,-5.35,-4.56,-6.54,-6.87
1957-10-31,-11.85,-8.53,-4.97,-4.94,-7.97,-9.36,-7.21,-6.22,-5.43,-8.8,-8.94,-5.97,-5.82,-4.46,-7.57,-6.67,-4.85,-4.16,-4.86,-4.44,-6.19,-4.21,-3.31,-3.82,-2.89
1957-11-30,1.89,-2.48,-0.94,1.63,1.21,0.68,0.89,-0.49,0.29,1.99,1.8,0.66,3.37,3.9,4.58,2.43,0.02,3.37,3.71,6.58,3.42,-0.49,1.7,2.3,5.98
1957-12-31,-12.76,-5.22,-4.39,-1.67,-1.51,-11.4,-8.51,-4.64,-0.58,-3.59,-7.47,-8.64,-5.08,-3.26,-0.31,-10.55,-7.44,-2.28,0.49,0.28,-10.16,-7.24,-4.18,-1.35,-2.36
1958-01-31,22.48,15.51,15.67,9.99,7.26,17.93,14.99,8.45,5.25,7.69,14.13,11.46,12.69,9.55,6.99,12.67,11.88,10.32,6.59,4.66,6.22,5.49,3.95,3.67,2.29
1958-02-28,-5.01,-1.39,-3.02,0.33,1.17,-4.07,-1.92,-0.18,1.86,1.99,-2.73,-3.46,0.32,0.35,1.8,-4.24,-3.53,-1.59,0.89,1.79,-3.3,-2.61,-1.95,-1.7,-0.31
1958-03-31,3.67,3.3,5.14,2.92,4.71,4.63,4.03,2.77,1.63,4.94,5.61,2.54,1.3,4.24,3.84,4.26,4.23,3.21,2.73,5.68,8.39,2.3,3.55,2.08,3.42
1958-04-30,6.57,1.54,3.05,-0.13,7.14,2.06,2.75,4.08,2.35,5.49,1.09,1.28,2.48,1.9,4.31,3.34,1.04,2.6,3.53,3.6,-0.45,2.36,5.75,2.3,2.94
1958-05-31,6.0,2.77,7.12,1.72,7.4,5.7,3.75,3.3,4.01,3.57,4.96,4.26,4.56,3.38,5.41,4.21,3.12,4.53,2.58,2.49,3.12,4.09,0.95,2.2,1.06
1958-06-30,6.52,4.33,2.04,4.19,1.86,4.79,3.24,1.46,2.03,1.52,2.56,3.11,2.11,3.0,2.59,4.52,3.79,2.85,2.16,3.42,4.89,3.42,2.85,1.98,2.87
1958-07-31,7.46,5.42,3.75,6.32,5.66,7.78,5.56,5.69,2.96,4.34,12.26,6.78,6.78,3.32,1.76,9.24,8.11,6.05,3.15,1.4,10.63,3.15,6.51,1.97,1.84
1958-08-31,2.39,3.37,4.18,3.73,6.86,3.83,2.54,3.44,2.47,5.01,1.32,2.64,2.54,5.66,3.73,2.07,3.41,4.27,3.15,1.53,3.1,1.7,1.83,1.72,0.45
1958-09-30,7.73,6.41,6.85,5.49,2.64,7.51,5.76,4.24,4.37,4.95,4.43,6.72,5.4,3.27,5.59,6.09,3.83,3.3,4.31,5.7,5.01,4.96,4.55,4.25,5.62
1958-10-31,1.81,2.64,2.86,0.09,7.86,4.19,2.5,2.07,5.36,6.74,0.73,1.36,2.38,4.04,5.31,-0.44,0.48,3.52,4.0,6.86,1.03,1.61,3.23,4.43,4.01
1958-11-30,3.96,7.16,0.71,0.92,9.09,4.16,5.2,4.69,6.97,6.06,1.0,3.19,2.61,5.64,4.1,5.79,3.57,3.09,4.01,5.73,2.12,2.96,2.8,2.71,6.34
1958-12-31,3.51,3.21,5.57,5.26,4.43,6.32,2.94,1.71,4.1,4.3,3.43,3.8,2.02,3.91,2.59,3.61,4.52,4.69,3.18,5.64,4.02,7.24,6.07,5.24,7.01
1959-01-31,3.8,6.51,8.98,9.91,7.31,5.16,7.13,8.08,5.04,2.61,4.19,4.52,4.21,3.44,4.83,2.69,2.77,3.4,1.95,1.22,0.38,1.64,-0.5,0.43,-0.42
1959-02-28,2.29,2.3,1.95,5.89,3.14,2.87,2.19,2.13,1.78,5.25,3.11,0.66,2.94,4.88,4.25,3.1,0.02,1.77,2.6,7.23,-1.57,0.84,2.21,-0.52,2.36
1959-03-31,0.25,2.8,3.15,0.64,2.15,1.09,0.12,1.88,3.92,2.92,-0.07,0.14,0.76,0.8,0.75,-0.22,0.72,0.34,1.61,3.26,1.15,1.24,-0.38,-0.13,0.74
1959-04-30,0.21,-0.14,4.05,1.96,3.62,1.16,1.95,0.79,3.57,3.51,1.89,1.21,-0.02,5.52,4.64,1.11,1.72,2.53,6.56,6.41,1.94,3.14,5.11,5.34,6.16
1959-05-31,1.01,0.29,0.43,2.97,-0.1,0.15,0.0,0.16,0.11,1.7,-0.43,0.77,2.77,-0.97,1.08,1.46,1.46,0.89,2.69,0.07,-0.31,3.27,0.39,6.97,0.67
1959-06-30,-1.93,0.76,0.41,-0.05,-0.8,-1.69,1.0,0.58,1.35,2.38,-1.08,0.07,-0.04,2.77,1.9,-0.58,-0.65,-0.57,1.97,3.97,-2.12,0.71,-0.48,-0.01,2.3
1959-07-31,2.68,2.35,0.95,2.92,5.17,2.98,4.07,1.78,3.38,5.2,3.12,1.59,3.9,5.17,3.14,1.86,3.12,1.81,2.38,3.32,4.35,3.73,5.02,3.66,-0.29
1959-08-31,-0.5,2.22,0.53,-1.68,-4.58,-2.16,-1.3,-0.21,-2.75,-1.9,-0.93,0.11,-1.07,-1.45,-1.72,-3.22,-0.42,-0.25,-1.54,-3.4,-2.97,1.08,-0.65,-1.45,-1.37
1959-09-30,-4.92,-4.67,-4.08,-4.96,-4.32,-5.02,-3.98,-2.83,-5.65,-3.48,-5.85,-4.25,-5.48,-3.32,-3.22,-5.12,-4.28,-4.56,-5.43,-5.14,-7.0,-3.37,-3.52,-4.46,-4.4
1959-10-31,-0.8,2.02,0.35,0.72,5.98,0.98,1.23,1.65,2.93,6.44,-0.88,1.58,1.69,2.55,4.33,-1.2,1.72,0.94,2.76,7.23,0.14,2.2,0.07,2.18,2.1
1959-11-30,-1.42,0.95,2.91,0.53,1.04,5.38,-0.35,1.45,2.95,4.45,-0.47,1.47,0.04,2.6,1.84,4.45,0.41,1.45,2.39,4.86,-0.92,1.41,1.93,1.0,5.47
1959-12-31,1.05,3.41,3.62,3.77,1.2,1.03,2.99,1.06,2.78,4.96,1.36,1.34,2.16,2.7,3.18,1.13,0.48,2.18,1.04,0.78,4.37,1.67,3.47,4.0,1.55
1960-01-31,0.02,0.31,0.11,-1.77,-2.81,-2.52,-1.38,-3.49,-4.3,-5.75,-3.79,-3.07,-0.92,-6.4,-8.31,-4.64,-3.53,-4.37,-6.85,-7.77,-6.37,-6.26,-5.44,-9.46,-6.87
1960-02-29,-0.39,0.74,-0.71,-0.32,2.01,0.8,1.26,2.18,-1.26,4.54,-3.22,-0.15,1.34,0.75,3.0,-0.88,0.89,1.0,2.94,3.09,-3.45,-1.04,3.45,1.53,2.62
1960-03-31,-4.61,-3.21,-4.31,-1.26,-0.6,-5.43,-3.04,-3.37,-1.74,-3.27,-3.68,-2.38,-0.95,-3.78,-2.95,-3.17,-1.78,-1.6,-1.44,-3.27,-2.11,-1.42,-1.07,-1.41,0.71
1960-04-30,-3.74,-3.9,-1.17,-0.47,-2.68,-6.91,-1.52,-3.82,-1.28,1.44,-5.2,-1.59,-2.48,-2.82,-1.59,-2.36,-1.69,0.3,-1.3,-0.28,-3.1,-2.67,-1.07,-1.8,0.44
1960-05-31,-1.75,-1.16,-1.19,0.97,4.51,2.52,1.36,2.37,4.68,6.06,0.25,1.29,1.79,1.96,1.83,2.42,0.4,1.65,2.61,6.26,-0.12,0.64,1.53,2.88,8.92
1960-06-30,0.99,0.66,4.43,3.28,5.08,2.27,0.48,1.47,0.13,2.91,2.88,2.83,1.12,1.33,4.39,0.55,1.31,0.59,3.94,4.02,3.41,1.23,2.79,2.31,2.93
1960-07-31,-1.81,-0.68,-1.29,-2.65,-1.37,-4.05,-1.84,-0.34,-0.8,-2.33,-1.69,-2.22,-0.43,-1.42,-2.48,0.07,-2.77,-0.78,-0.72,-3.12,-1.4,-1.48,-3.96,-3.22,-2.18
1960-08-31,7.39,5.56,5.32,2.92,7.1,1.09,3.5,2.02,5.81,3.11,2.85,3.18,3.01,4.91,6.23,4.52,2.09,2.68,3.03,2.98,0.41,2.62,2.04,3.63,3.99
1960-09-30,-9.25,-5.36,-4.86,-0.43,-5.29,-10.78,-7.54,-5.39,-6.57,-5.67,-6.68,-6.2,-4.64,-3.34,-6.58,-5.31,-5.85,-5.77,-5.17,-5.72,-6.28,-3.81,-6.25,-7.27,-6.25
1960-10-31,-4.91,-3.27,-1.7,-1.55,-1.59,-5.9,-3.42,-2.65,-1.76,-3.51,-6.06,-1.55,-1.38,-0.58,-3.24,-3.52,-2.46,-0.38,-1.19,-1.92,-0.43,-0.79,-0.31,1.88,-0.37
1960-11-30,1.64,0.69,1.23,2.9,2.72,2.94,5.07,2.44,7.57,7.48,4.05,3.84,5.09,7.31,6.34,6.1,5.23,6.53,5.54,7.73,2.65,1.58,4.64,5.53,6.71
1960-12-31,2.1,4.34,0.72,3.84,5.32,2.8,3.22,3.39,2.25,2.85,5.14,3.5,3.1,3.2,4.02,6.28,3.51,5.25,5.38,4.73,4.55,2.63,4.04,4.77,7.62
1961-01-31,13.48,8.61,5.69,8.46,8.49,13.18,8.24,7.52,8.65,7.06,11.6,12.39,8.46,6.96,4.09,8.59,10.13,7.23,6.74,6.54,8.64,6.17,6.89,4.88,5.47
1961-02-28,6.27,6.19,4.47,8.05,5.57,9.32,5.09,7.35,6.93,9.84,5.67,5.93,5.8,5.09,8.39,4.39,8.62,3.68,5.53,6.46,4.4,1.28,4.01,3.01,4.19
1961-03-31,6.37,5.37,7.24,5.49,8.5,1.82,5.01,6.04,8.5,7.4,5.85,3.41,4.31,2.98,9.46,2.4,3.61,3.32,4.53,7.19,1.28,0.94,1.9,1.3,4.94
1961-04-30,-0.77,1.76,1.89,5.51,5.13,0.81,1.79,2.48,-1.38,4.08,-1.69,-1.48,0.8,-0.45,1.67,-4.0,-3.5,-0.11,1.56,1.79,-3.38,-1.13,0.26,2.84,0.28
1961-05-31,4.62,5.48,4.19,8.54,1.62,5.84,5.14,2.5,6.57,1.43,6.94,4.76,4.02,5.47,4.85,4.8,5.81,3.42,3.09,2.19,5.71,1.42,3.28,0.95,2.36
1961-06-30,-6.19,-4.39,-0.99,-5.25,-6.91,-6.31,-4.5,-4.43,-3.79,-6.97,-6.0,-4.23,-4.33,-4.19,-3.87,-5.96,-3.39,-2.86,-3.49,-3.96,-3.54,-1.75,-2.01,-3.07,-1.88
1961-07-31,-0.55,0.53,-1.32,0.11,2.15,1.37,0.2,1.67,-0.79,0.93,0.01,1.26,2.54,0.64,1.13,1.54,2.72,1.42,2.55,0.85,1.91,3.69,3.38,4.29,2.93
1961-08-31,-0.19,1.0,0.8,3.61,3.26,1.69,0.02,0.09,0.38,3.2,-0.11,1.48,1.59,1.49,2.38,2.55,3.98,5.11,1.92,5.24,2.7,0.64,3.12,2.64,6.28
1961-09-30,-4.81,-3.14,-0.51,-2.06,-5.53,-5.57,-3.11,-1.76,-2.37,-3.0,-2.68,-2.21,-3.62,-2.31,-2.23,-4.48,-2.96,-2.35,-1.2,-3.7,-1.48,-1.75,-1.57,-1.51,-2.51
1961-10-31,1.18,1.22,3.38,3.13,6.14,-2.35,2.18,2.41,2.48,2.81,-1.14,0.73,2.96,0.74,6.48,0.93,1.52,3.11,3.06,5.09,0.37,2.43,2.93,2.98,3.71
1961-11-30,5.04,2.99,5.04,6.38,3.79,5.05,4.04,5.84,5.3,11.1,5.92,3.43,4.36,4.62,5.99,1.83,5.1,3.17,3.51,6.03,3.59,3.75,5.06,5.73,4.34
1961-12-31,0.65,-0.05,0.78,-1.15,0.96,1.62,0.21,-0.22,-0.73,-0.76,0.25,-1.11,-0.37,1.3,-2.06,2.23,1.01,-0.66,-2.96,-1.24,1.36,0.45,2.63,-0.42,-2.46
1962-01-31,2.85,4.57,2.79,-1.4,-0.71,-0.22,1.91,4.73,-0.45,-1.05,2.25,-1.31,-2.77,-2.33,-4.21,-2.0,-1.76,-1.58,-0.5,-4.32,-4.1,-3.67,-3.42,-3.82,-6.66
1962-02-28,0.66,2.74,3.59,1.59,0.78,1.49,2.8,-0.08,0.51,0.84,1.35,0.83,1.69,1.13,0.26,0.86,2.29,2.25,2.23,1.56,-0.29,1.55,4.08,2.3,1.02
1962-03-31,-2.06,-1.21,0.04,2.07,-0.4,-2.16,-1.61,0.49,1.26,1.42,-2.23,-0.21,-0.91,-0.14,-1.32,-3.83,-1.59,-0.59,0.74,-0.73,-1.07,-0.46,0.11,-0.59,0.0
1962-04-30,-8.4,-7.35,-4.29,-5.61,-7.96,-8.69,-7.71,-9.18,-4.75,-7.27,-9.54,-6.83,-4.24,-5.8,-4.41,-6.94,-8.79,-6.1,-5.36,-5.98,-9.67,-6.89,-4.73,-7.85,-4.96
1962-05-31,-12.51,-10.57,-7.39,-8.84,-11.14,-10.83,-9.57,-8.92,-8.9,-10.66,-11.14,-9.17,-9.43,-10.83,-12.63,-10.36,-9.61,-7.54,-9.1,-10.68,-8.13,-7.57,-7.61,-8.68,-7.97
1962-06-30,-11.84,-5.8,-7.79,-7.46,-5.76,-13.37,-9.68,-6.08,-5.93,-7.48,-13.26,-9.26,-7.19,-5.31,-3.98,-15.62,-10.89,-8.09,-8.11,-4.5,-12.48,-11.51,-9.69,-7.72,-5.85
1962-07-31,7.35,5.69,10.63,4.62,8.43,8.24,5.93,5.64,6.56,7.09,8.58,4.24,4.28,6.95,5.43,9.35,4.38,4.99,6.09,6.1,4.24,7.72,7.21,6.71,6.31
1962-08-31,2.17,2.41,2.92,3.63,1.35,3.53,2.5,3.73,1.64,3.33,5.16,3.61,1.74,1.83,2.55,5.56,2.94,1.83,2.24,1.81,2.21,1.08,0.98,3.86,2.67
1962-09-30,-9.05,-5.79,-6.05,-5.38,-4.65,-9.88,-7.28,-5.9,-4.1,-6.85,-9.3,-7.09,-6.81,-4.61,-2.76,-8.14,-6.49,-5.43,-2.81,-3.55,-6.96,-7.95,-4.74,-4.48,-1.97
1962-10-31,-6.46,-4.39,-4.14,-3.03,-2.45,-3.82,-3.29,-1.99,-1.24,-3.68,-3.23,-3.12,-1.62,-2.08,-0.51,-0.71,-1.4,1.66,-0.2,-3.8,0.7,-0.3,1.58,0.86,1.27
1962-11-30,24.15,15.3,12.53,11.94,9.57,21.69,15.49,16.61,11.64,12.8,20.05,16.54,11.9,9.71,8.99,17.19,12.73,14.16,10.46,10.71,16.21,14.27,10.54,8.61,8.82
1962-12-31,-6.88,-3.67,-1.1,0.76,1.12,-5.59,-3.55,-3.03,-0.07,1.28,-5.76,-2.2,-0.25,-0.84,1.96,-1.17,-0.81,0.17,2.41,2.16,-1.92,0.12,-0.28,2.65,4.24
1963-01-31,13.84,12.78,11.32,10.15,7.93,11.06,8.1,7.37,7.66,8.58,8.42,7.91,7.84,7.91,5.59,4.91,6.77,5.58,5.11,6.16,6.44,6.14,4.21,4.52,4.03
1963-02-28,-3.21,-2.42,0.5,1.33,0.29,-2.99,-1.76,-1.01,-0.01,0.84,-3.69,-2.46,-1.16,-0.23,0.79,-5.47,-2.71,-1.66,-0.59,-0.8,-2.03,-3.89,-3.36,-1.34,-2.21
1963-03-31,-0.38,0.73,2.22,1.84,2.7,0.33,1.97,1.74,2.21,3.78,-1.73,3.23,2.14,2.44,1.95,2.31,0.01,1.82,3.1,3.21,3.24,4.45,2.32,3.07,5.13
1963-04-30,2.15,1.85,2.78,3.28,3.74,4.54,4.78,3.9,3.68,3.94,2.61,3.02,3.84,3.54,3.75,4.07,5.38,3.38,5.55,4.48,7.41,4.51,4.28,4.78,4.87
1963-05-31,2.63,3.93,2.56,6.63,5.79,4.55,2.81,2.96,4.0,4.13,4.45,2.67,2.95,3.08,4.51,2.73,1.62,2.96,1.8,4.29,1.79,1.77,0.97,2.33,2.28
1963-06-30,-2.47,-0.53,-1.92,-1.11,-1.62,-1.28,-2.16,-1.74,-2.51,-0.06,-1.11,-1.39,-1.12,-2.47,-3.04,-1.91,-3.0,-1.63,-0.56,-1.52,-3.18,-1.96,-2.82,-1.51,-0.79
1963-07-31,-0.17,-1.14,1.03,-0.79,-0.58,-2.15,-1.98,-2.44,-1.43,-0.06,-2.25,-2.05,-0.87,-1.18,-2.18,-2.94,-0.91,-1.23,-1.43,-1.4,-1.39,-0.4,0.94,0.42,-0.08
1963-08-31,2.03,2.14,2.82,2.85,5.7,4.36,4.69,4.6,4.17,7.18,5.43,5.64,4.03,5.83,5.64,5.95,4.63,4.9,4.57,8.0,5.93,4.86,5.69,4.38,7.14
1963-09-30,-0.63,-0.99,-0.63,-1.2,0.54,-4.06,-0.84,-0.69,-1.5,-0.92,-3.11,-0.67,-1.33,-2.65,-3.29,-4.73,-1.62,-2.08,-2.02,-2.24,-2.53,1.5,-1.49,-1.56,-2.62
1963-10-31,-0.52,-0.14,1.47,2.56,2.68,3.69,0.32,1.76,2.35,4.42,3.68,0.53,1.32,1.13,2.99,0.01,0.27,0.69,0.42,3.78,2.56,1.6,3.1,0.94,8.51
1963-11-30,-2.17,-1.58,-1.48,-1.31,-2.43,-2.83,-0.49,-0.84,-0.99,-1.04,-1.2,-0.8,-1.98,-2.06,-1.26,1.16,-0.47,-1.18,-0.06,-0.11,-1.05,1.82,-0.99,-2.2,-0.66
1963-12-31,-3.62,-2.24,0.59,0.99,-1.26,-0.23,1.25,0.27,1.57,0.61,-2.32,1.88,1.47,2.33,0.81,-2.31,1.1,2.68,2.42,4.06,0.62,2.43,2.05,3.12,1.55
1964-01-31,5.22,3.85,3.42,4.8,2.24,-0.58,2.88,3.24,3.83,3.37,0.33,1.2,3.22,2.23,-0.6,-0.81,0.93,1.27,1.15,4.19,1.72,1.05,2.58,4.37,1.73
1964-02-29,3.29,2.01,2.06,2.21,2.03,2.26,1.08,3.32,3.96,5.08,2.49,2.25,2.92,1.33,2.22,2.32,2.34,1.75,3.02,4.94,1.72,0.83,1.82,1.58,1.74
1964-03-31,1.9,4.81,2.96,2.88,2.48,2.7,3.6,5.39,3.23,2.15,-0.42,3.67,3.43,3.82,4.16,2.32,1.14,2.45,4.33,5.56,0.09,1.73,0.5,1.13,2.15
1964-04-30,-1.69,0.79,-0.44,0.56,-0.02,-1.52,0.36,1.9,-1.57,-1.1,-0.03,-0.24,-0.26,-1.53,-0.93,-0.8,-0.45,-1.63,-0.64,2.89,3.84,0.38,1.95,0.69,-0.72
1964-05-31,-0.99,0.5,-0.12,0.18,1.53,0.07,2.26,2.15,0.64,3.28,0.04,0.91,1.99,2.2,2.9,1.47,1.19,0.56,3.06,2.15,-0.96,0.31,1.3,2.07,3.04
1964-06-30,0.4,1.23,0.4,1.6,0.95,1.82,0.25,1.77,0.48,1.31,1.55,1.48,2.77,2.81,1.4,2.31,1.11,1.05,2.03,2.01,0.72,1.36,2.52,1.86,0.07
1964-07-31,2.23,3.26,4.29,3.57,3.85,2.44,1.4,3.06,2.74,3.14,2.18,3.94,3.05,2.5,1.31,-0.06,3.41,3.54,2.52,0.59,3.23,3.14,2.98,1.12,1.83
1964-08-31,-1.05,0.81,-0.29,-0.81,-0.67,-1.42,-1.52,-1.11,-0.62,-1.67,-1.69,0.2,-1.25,-0.57,-1.48,-0.56,1.27,-0.67,0.0,-0.51,1.23,-0.76,-1.87,-1.31,-1.63
1964-09-30,2.67,7.33,3.61,4.73,4.9,4.35,4.22,1.23,4.89,2.95,4.68,2.51,2.84,2.27,2.77,3.53,2.07,3.42,5.15,4.61,3.88,3.4,2.33,2.55,3.18
1964-10-31,0.68,2.34,4.34,4.41,3.71,0.09,1.25,-0.1,1.97,1.03,0.4,2.75,2.6,2.62,2.1,0.74,0.91,1.42,2.31,2.86,2.83,0.75,-0.31,1.1,0.13
1964-11-30,-1.42,1.32,0.6,0.32,0.96,-1.84,-0.79,0.26,1.04,-1.72,-0.23,1.66,1.01,0.5,-0.25,-0.82,-0.73,1.06,0.73,-0.76,-0.71,-0.01,-0.31,1.03,0.19
1964-12-31,-2.72,-2.0,-1.02,-0.97,-0.73,-0.08,0.15,-1.19,1.15,-2.8,0.07,-0.3,0.22,-1.4,-0.77,0.57,-0.07,-0.64,-0.48,-0.82,-0.14,1.52,0.48,0.58,-1.05
1965-01-31,8.0,5.04,8.25,8.77,7.09,8.05,6.69,6.21,5.95,5.03,4.85,5.11,5.85,5.94,6.24,4.81,4.95,5.65,5.89,5.03,2.27,5.33,4.84,2.42,1.09
1965-02-28,3.07,2.66,2.78,2.86,2.65,3.31,2.39,4.04,4.73,4.57,3.42,2.18,4.43,4.18,4.1,2.44,1.58,1.64,2.24,5.0,1.52,1.15,-1.07,-0.08,-1.09
1965-03-31,2.44,2.91,0.85,2.66,2.62,1.03,-0.3,-0.34,1.48,0.87,0.18,0.27,0.18,0.1,1.8,0.4,-0.78,-0.99,0.18,0.67,-1.46,-1.13,-1.29,-1.45,-1.32
1965-04-30,2.21,4.01,6.04,3.86,5.48,3.79,4.4,4.47,5.76,5.52,1.87,3.96,2.68,5.17,5.34,2.61,3.65,1.56,4.43,4.2,2.67,2.26,1.87,4.82,6.5
1965-05-31,-1.45,-0.76,-0.61,-1.23,-0.55,-1.38,-0.64,-1.13,-2.83,-0.01,-3.64,0.27,-1.59,0.4,0.36,-1.37,-1.29,-1.37,1.02,0.0,0.55,-0.57,0.28,-1.56,-1.68
1965-06-30,-8.6,-7.87,-6.54,-9.56,-11.23,-8.68,-7.0,-6.46,-9.61,-11.32,-8.46,-6.08,-8.3,-8.07,-9.13,-6.04,-5.5,-6.18,-7.73,-10.53,-3.46,-3.37,-4.49,-6.16,-6.42
1965-07-31,0.97,3.04,2.76,3.32,4.66,0.52,1.41,3.62,3.71,7.29,1.31,3.03,1.69,4.92,5.12,1.37,3.1,1.83,2.92,6.49,0.12,0.95,0.27,2.83,8.15
1965-08-31,4.51,2.82,3.08,5.0,4.0,6.02,4.2,2.91,5.27,5.83,4.54,4.57,3.4,5.95,9.32,2.81,3.43,3.18,5.03,6.6,1.05,2.59,2.06,2.02,7.33
1965-09-30,0.88,3.85,1.55,5.0,3.22,1.9,2.23,2.85,2.5,5.66,2.54,2.4,3.61,2.33,6.44,1.79,-0.07,2.71,3.85,6.24,2.68,1.69,3.13,5.24,4.95
1965-10-31,6.25,6.28,8.0,6.58,9.33,3.4,4.54,5.15,5.63,6.91,4.69,2.45,1.9,7.06,7.22,4.72,2.86,2.79,4.18,5.54,2.36,1.94,0.78,3.13,5.62
1965-11-30,3.14,2.05,6.67,7.45,6.28,0.36,1.31,4.15,4.87,7.74,0.05,0.6,1.24,2.81,10.49,1.64,1.08,1.98,3.31,8.47,-0.38,-1.98,-2.53,1.29,3.38
1965-12-31,4.87,4.33,3.86,6.46,4.5,5.47,2.28,4.8,2.24,3.42,5.51,1.17,5.39,2.18,4.62,2.37,1.44,1.13,2.8,1.6,1.27,0.64,0.24,0.47,2.92
1966-01-31,7.85,5.58,6.68,7.75,8.83,4.77,2.59,2.43,5.72,9.37,1.49,2.95,3.18,4.24,5.68,0.22,1.05,2.51,4.83,5.86,-0.84,-1.51,0.24,1.97,6.73
1966-02-28,2.08,3.48,3.77,4.31,7.92,1.81,1.7,0.51,2.75,7.46,-0.97,-0.32,0.06,0.39,4.72,-2.76,-0.63,0.63,0.4,4.92,-2.63,-2.45,-1.79,-1.36,4.27
1966-03-31,0.01,-0.71,-0.95,-0.4,-1.01,-3.89,-3.27,-2.17,-3.06,-2.36,-3.96,-1.93,-3.01,-3.64,-0.71,-1.83,-1.99,-2.4,-1.5,-1.92,-3.13,-3.64,-0.8,-0.73,0.95
1966-04-30,1.11,2.99,4.64,7.48,8.65,-0.59,2.76,4.09,5.18,10.05,-1.19,3.07,2.46,4.49,9.1,0.46,3.7,3.43,5.17,4.63,0.92,0.32,3.72,3.41,4.69
1966-05-31,-9.14,-4.77,-8.01,-9.36,-15.07,-6.78,-6.3,-7.07,-9.95,-13.44,-5.58,-4.0,-6.83,-9.23,-11.62,-3.93,-4.23,-6.73,-7.09,-10.29,-3.49,-4.41,-3.72,-5.8,-7.66
1966-06-30,-1.59,-0.92,-1.1,-0.28,0.55,-2.08,0.59,-0.37,-0.14,1.89,-3.03,-1.41,-0.6,0.37,1.55,-1.44,-1.17,-0.89,0.07,2.25,-1.7,-2.72,-2.05,0.64,1.99
1966-07-31,-2.2,-1.33,-1.35,-0.88,-2.72,-0.66,-2.19,-1.61,-1.14,-2.96,0.2,-0.44,-1.01,-1.66,-1.32,-0.08,-0.54,-3.1,-2.24,-1.74,-0.69,-0.64,-3.11,-1.12,-0.94
1966-08-31,-12.06,-8.2,-8.28,-12.57,-13.14,-9.91,-7.95,-9.86,-10.47,-11.69,-7.42,-8.35,-9.67,-9.9,-9.7,-7.24,-7.83,-7.2,-9.95,-9.72,-5.89,-7.1,-7.9,-6.76,-8.9
1966-09-30,-2.49,-2.06,-1.53,-2.09,-1.64,-0.64,-4.44,-0.03,-0.31,-2.04,-1.27,-0.34,-0.92,-2.76,-2.14,0.07,0.12,-2.12,-2.47,-0.91,-1.36,2.0,1.06,-0.96,-4.3
1966-10-31,-4.57,-3.63,-1.96,-2.9,-5.96,-2.22,1.75,1.16,-1.12,-3.73,4.83,3.1,3.5,1.55,-3.37,7.12,6.45,2.68,1.53,-4.74,6.02,7.77,6.41,4.19,-0.49
1966-11-30,6.39,1.91,3.38,2.91,6.05,3.29,2.26,2.16,2.37,11.26,2.29,1.22,4.01,1.88,13.41,1.3,0.81,2.97,3.14,11.24,-2.56,-2.76,5.44,2.75,9.25
1966-12-31,0.94,0.25,2.91,2.48,2.95,0.16,4.45,-0.08,1.63,2.69,3.64,2.34,0.99,3.31,2.57,2.65,3.21,2.3,1.48,2.75,-0.3,-0.9,-0.87,0.77,0.11
1967-01-31,25.63,19.49,20.77,14.15,16.71,22.79,17.67,15.13,16.86,16.72,18.1,15.38,13.47,10.51,15.83,15.28,13.88,8.25,8.43,9.38,13.36,6.76,5.98,5.95,6.23
1967-02-28,4.53,3.41,5.12,5.68,8.68,0.98,4.03,1.56,3.05,4.78,2.0,1.17,1.22,1.69,4.68,-1.47,0.65,0.31,0.13,2.02,-2.05,-1.25,0.83,0.13,3.56
1967-03-31,5.29,5.38,6.79,8.89,9.59,4.39,8.08,4.44,5.5,7.09,4.82,5.19,3.13,7.97,6.74,4.37,4.73,5.8,5.05,6.62,2.87,4.42,4.09,3.96,4.23
1967-04-30,1.74,5.75,3.85,5.36,5.38,2.55,2.46,2.89,5.37,5.84,3.27,2.69,2.66,4.73,5.75,2.41,3.7,2.62,5.12,5.18,8.01,5.29,2.77,0.88,5.55
1967-05-31,-0.11,1.67,1.01,1.45,-2.19,-2.31,-0.88,-0.33,-2.5,-1.88,-2.34,-0.4,-0.86,-1.45,-1.42,-1.35,-0.51,-1.57,-1.93,-2.91,-5.69,-5.72,-3.59,-5.02,-4.08
1967-06-30,6.09,6.44,10.9,12.68,18.09,6.18,3.33,7.12,9.04,13.73,2.7,1.51,4.75,6.14,9.39,4.56,3.19,2.36,4.56,6.98,-0.36,1.13,0.49,1.73,5.55
1967-07-31,11.92,11.33,10.48,8.68,8.65,8.36,5.09,6.57,12.37,7.37,6.66,5.46,4.7,8.57,7.36,7.43,4.21,5.4,4.72,6.23,7.45,2.58,3.45,5.34,4.72
1967-08-31,1.67,1.7,1.33,-0.01,-0.95,1.01,0.87,0.64,-0.29,-0.79,1.15,0.77,2.5,-0.78,-1.92,-0.58,-0.24,0.91,-0.42,-0.49,-1.05,-0.49,-0.69,-0.28,-1.64
1967-09-30,5.31,5.39,8.44,7.89,9.51,4.4,6.19,5.64,3.94,7.41,1.98,1.27,2.5,4.56,6.8,1.98,2.99,3.43,2.63,3.27,3.53,2.65,2.16,4.3,3.48
1967-10-31,-3.29,-1.67,-3.25,-1.64,-0.23,-3.4,-2.73,-2.31,-0.58,-1.95,-4.31,-3.68,-2.18,-5.94,-1.82,-6.66,-5.58,-5.68,-3.05,-0.28,-3.26,-4.08,-3.94,1.9,0.21
1967-11-30,-1.46,-0.06,1.26,0.46,-0.56,-0.98,1.69,-1.2,1.15,1.32,-0.89,1.71,-0.4,2.58,2.56,1.43,-0.66,1.81,2.88,-0.14,1.09,-0.68,-0.65,2.47,1.83
1967-12-31,5.37,6.32,8.45,9.76,14.35,5.93,5.06,7.35,9.7,10.66,3.72,6.24,4.11,5.51,7.8,4.55,2.2,3.29,1.78,5.47,2.75,2.61,2.17,1.41,4.63
1968-01-31,6.5,4.99,4.46,7.03,3.48,-0.07,2.37,1.79,1.56,-1.63,0.58,1.71,1.46,-4.2,-5.02,-0.78,0.42,-1.93,-3.97,-6.14,-1.02,-3.89,-5.54,-7.65,-11.17
1968-02-29,-5.14,-3.39,-5.04,-5.35,-8.06,-4.12,-4.08,-3.75,-4.09,-8.14,-1.92,-2.37,-3.68,-4.63,-7.61,-3.47,-1.26,-4.56,-6.34,-7.82,-2.71,-1.92,-2.53,-2.93,-3.3
1968-03-31,-2.66,-1.28,-1.57,-1.99,-1.08,-2.24,0.05,-1.06,-1.8,-0.19,-1.36,-1.11,0.43,-0.18,0.96,-1.61,-0.97,-0.48,0.66,3.03,-0.02,-1.26,1.49,4.77,4.69
1968-04-30,12.85,12.22,12.38,14.36,19.88,13.61,11.04,12.18,14.0,16.78,12.21,8.81,11.01,12.61,17.14,10.61,9.55,10.25,11.05,16.2,6.96,6.52,7.86,10.48,14.27
1968-05-31,9.56,10.02,8.18,9.65,16.47,8.44,6.57,7.39,7.94,9.45,4.86,5.82,2.27,7.33,6.73,3.44,1.91,5.45,4.14,6.55,-0.09,0.08,3.25,1.98,3.71
1968-06-30,1.13,2.75,3.4,0.87,0.32,-0.26,2.31,2.34,0.98,-1.46,1.71,1.77,2.29,1.73,0.62,2.78,3.52,1.89,0.26,0.05,3.46,0.35,0.79,-0.03,-0.19
1968-07-31,-6.15,-2.59,-0.98,-1.44,-2.9,-3.33,-4.02,-4.11,-1.48,-3.82,-4.88,-2.18,-4.35,-3.71,-3.6,-3.07,-2.06,-2.88,-4.79,-4.13,-1.41,-2.57,1.5,-4.6,-4.64
1968-08-31,1.13,4.06,4.16,4.91,6.52,1.18,4.87,3.87,2.78,4.65,1.2,2.7,3.3,3.08,4.44,2.06,0.87,1.99,1.83,4.02,1.14,0.84,1.76,1.64,3.09
1968-09-30,5.82,7.99,5.36,5.25,8.29,8.51,5.31,5.69,8.21,6.92,7.26,5.62,4.54,5.23,9.3,10.33,4.14,4.43,4.68,8.98,5.82,3.35,3.78,1.78,6.13
1968-10-31,0.4,-0.69,2.25,1.58,-0.61,-1.46,1.48,1.6,1.41,0.49,2.47,4.62,2.9,0.99,0.38,0.11,-0.2,1.7,1.02,0.19,2.05,2.78,-0.28,-1.22,1.62
1968-11-30,7.06,6.0,8.36,5.76,8.2,7.54,9.28,9.29,7.49,9.41,8.6,8.12,8.1,7.45,8.63,7.29,8.17,7.0,6.13,7.04,7.55,3.18,4.99,5.54,10.18
1968-12-31,1.12,2.48,3.41,3.28,1.92,-1.48,0.69,2.16,-1.58,-1.21,-2.68,-0.61,-1.5,-0.76,-3.62,-4.63,-1.72,-1.46,-2.2,-5.78,-4.78,-4.73,-3.42,-4.0,-4.35
1969-01-31,-0.3,-0.83,-0.49,-0.93,-0.75,0.07,-1.17,0.08,-0.9,-0.88,-3.22,-1.43,-0.69,-1.25,-1.6,-0.79,-0.35,-0.35,-0.59,-0.55,0.17,-1.26,-0.39,-0.67,-1.28
1969-02-28,-10.13,-8.18,-8.18,-9.88,-10.46,-9.97,-7.14,-6.32,-7.86,-10.93,-8.08,-5.0,-5.78,-7.61,-9.08,-6.74,-4.83,-8.27,-7.44,-8.23,-4.92,-3.08,-4.39,-7.16,-7.08
1969-03-31,-0.69,-0.41,0.65,2.49,4.68,-1.42,0.36,0.05,2.08,5.62,-1.99,-0.48,2.47,0.5,5.4,0.32,1.91,1.38,4.09,4.39,3.54,2.01,4.96,5.92,5.37
1969-04-30,-1.4,-1.09,0.99,0.37,-0.33,-0.62,-0.4,-0.19,1.02,2.96,0.17,-1.09,0.01,0.86,3.29,1.12,0.81,0.93,2.13,4.26,3.5,2.69,0.4,2.75,2.93
1969-05-31,-0.85,-0.27,0.49,0.32,2.79,-1.56,-1.23,0.1,-0.27,-1.76,-1.83,0.18,1.5,-1.26,0.39,-2.94,1.12,1.31,0.24,1.46,0.14,-0.93,1.05,1.54,1.83
1969-06-30,-13.91,-13.36,-11.74,-11.73,-14.39,-13.62,-10.51,-10.49,-11.4,-12.3,-11.21,-8.99,-8.71,-9.52,-11.32,-10.07,-8.87,-6.63,-7.17,-10.26,-6.67,-1.15,-5.82,-5.64,-9.66
1969-07-31,-12.91,-9.49,-10.84,-10.58,-12.2,-13.04,-8.66,-7.92,-7.66,-8.8,-12.79,-9.25,-5.97,-7.71,-8.62,-10.56,-6.91,-5.55,-5.04,-7.18,-12.0,-4.01,-4.49,-6.12,-6.99
1969-08-31,4.55,4.23,3.41,4.7,6.21,5.43,5.34,3.25,4.36,8.11,10.71,5.02,3.95,4.1,11.82,4.78,1.33,4.85,6.64,9.0,4.22,3.57,5.07,3.35,8.19
1969-09-30,-4.61,-3.59,-2.28,-2.51,-2.52,-1.1,0.0,-1.59,-1.43,1.52,-5.22,-1.98,-0.07,-1.55,1.24,-3.4,-2.53,-3.35,-1.44,-1.53,-4.12,-4.63,-4.73,-1.19,-2.77
1969-10-31,13.59,9.49,7.24,5.93,8.46,12.47,6.43,8.67,6.75,5.83,9.28,8.93,8.71,6.58,6.82,6.53,8.54,8.37,6.68,6.75,9.64,3.47,3.75,4.21,5.07
1969-11-30,-8.28,-7.43,-7.87,-4.4,-4.14,-8.15,-3.94,-5.86,-2.33,-4.82,-8.37,-4.94,-5.37,-4.24,-2.19,-6.0,-3.97,-4.61,-4.79,-0.99,-4.4,-4.81,-4.43,-3.25,-0.99
1969-12-31,-11.99,-9.74,-10.41,-5.38,-4.63,-7.33,-6.78,-3.65,-4.46,-4.72,-6.76,-4.78,-3.88,-2.05,-0.26,-7.28,-1.69,-3.63,-1.42,0.17,-4.25,-4.38,-2.9,-2.85,1.41
1970-01-31,-1.1,-1.09,-2.64,-4.13,-5.53,-8.26,-2.4,-6.46,-5.87,-9.22,-8.19,-5.68,-6.64,-6.13,-4.39,-5.6,-9.48,-6.28,-8.05,-9.51,-12.86,-13.74,-9.56,-6.77,-6.32
1970-02-28,2.86,4.26,3.69,3.52,1.91,5.26,2.61,4.33,4.3,6.97,3.15,2.52,4.03,6.04,3.98,3.18,7.16,6.85,5.82,6.43,6.84,8.27,6.34,7.74,4.42
1970-03-31,-3.5,-2.9,-3.18,-3.95,-6.22,-2.08,-3.72,-0.76,-1.01,-3.58,-1.83,0.98,1.71,-0.73,-4.19,-3.9,0.91,1.59,0.91,-3.1,-3.26,0.05,2.35,2.8,-2.2
1970-04-30,-19.19,-17.86,-13.69,-16.3,-23.59,-19.42,-17.11,-13.67,-13.21,-19.25,-16.62,-14.4,-12.97,-10.58,-17.62,-10.34,-14.0,-10.72,-12.08,-15.05,-12.2,-7.2,-8.29,-8.2,-9.58
1970-05-31,-8.57,-9.09,-10.98,-9.5,-12.0,-12.17,-9.75,-10.48,-10.5,-9.05,-11.6,-9.48,-10.45,-9.31,-9.48,-8.42,-9.29,-9.95,-9.0,-7.32,-2.12,3.01,-6.84,-5.87,-7.36
1970-06-30,-12.41,-7.35,-7.5,-4.69,-1.79,-12.01,-10.04,-8.05,-5.9,-1.79,-12.01,-8.31,-6.54,-3.87,-3.61,-12.63,-10.82,-6.36,-4.12,-1.28,-10.2,-2.17,-5.08,-6.56,-3.62
1970-07-31,5.03,4.69,4.17,6.1,4.1,7.38,7.64,7.81,7.86,6.24,7.14,9.69,7.27,7.38,4.75,12.13,12.73,10.53,6.15,6.55,12.92,10.92,10.49,6.8,4.87
1970-08-31,7.69,6.0,5.67,4.17,2.81,13.98,7.21,4.65,5.41,2.07,16.0,7.89,6.55,3.23,4.27,11.66,7.74,6.94,5.87,2.84,7.61,9.64,5.78,5.0,1.98
1970-09-30,20.63,13.99,9.88,8.68,14.95,20.89,13.47,7.54,6.58,7.13,21.66,11.21,8.96,4.86,7.49,7.79,8.74,7.26,4.86,5.98,13.39,4.51,5.73,1.82,1.42
1970-10-31,-12.19,-7.19,-2.46,-1.24,1.14,-13.6,-4.47,-1.59,-1.54,-1.43,-12.83,-5.21,-3.76,-0.49,1.03,-15.1,-4.6,-4.13,-2.11,-0.68,-10.56,-2.7,-0.61,-0.91,-0.11
1970-11-30,-3.28,-1.25,-0.78,1.33,0.73,0.3,1.51,4.22,4.0,4.13,3.2,3.74,2.87,3.36,5.15,3.52,3.9,5.38,6.24,5.29,6.28,4.71,5.57,5.27,5.95
1970-12-31,8.77,7.4,10.35,9.82,12.18,9.4,9.71,7.94,10.21,6.36,9.15,8.86,10.41,7.17,6.01,9.48,9.9,10.12,8.52,6.72,7.66,6.3,6.52,6.82,3.31
1971-01-31,19.43,18.24,12.54,10.81,10.31,13.02,10.9,7.47,10.12,9.4,12.64,11.52,7.85,9.05,6.27,11.59,9.15,8.47,7.92,3.86,9.53,6.72,3.6,3.81,2.73
1971-02-28,6.69,4.81,3.93,2.52,7.75,1.68,3.58,1.63,1.36,3.9,1.97,3.1,3.68,2.11,2.02,1.14,2.5,1.73,2.55,1.37,-0.45,1.61,-0.09,1.18,2.87
1971-03-31,5.44,5.83,7.93,6.66,8.54,4.98,5.48,5.5,4.3,3.94,9.01,7.76,2.67,3.84,5.18,7.89,4.32,4.16,5.11,6.05,7.11,6.08,3.19,2.98,3.39
1971-04-30,2.19,3.84,0.61,0.64,1.19,0.33,3.24,0.99,3.24,3.6,5.46,4.48,4.81,4.22,5.27,1.11,2.89,2.64,2.61,5.32,3.9,0.78,4.08,5.18,5.3
1971-05-31,-6.59,-6.81,-6.89,-6.54,-5.47,-5.94,-5.88,-4.38,-4.5,-4.77,-6.44,-3.6,-4.7,-3.6,-2.81,-4.38,-2.65,-3.27,-3.12,-1.95,-4.88,-2.09,-3.97,-4.22,-2.88
1971-06-30,-4.85,-3.31,-1.77,-2.46,-1.31,-4.22,-2.67,-2.42,-0.9,1.13,-0.71,-0.4,-2.97,-1.76,2.18,-0.14,-0.12,0.47,-0.75,2.76,-0.49,0.76,0.13,0.39,3.11
1971-07-31,-6.08,-4.43,-5.69,-7.26,-8.58,-5.63,-4.31,-4.83,-4.75,-6.89,-4.34,-2.43,-4.24,-4.69,-5.92,-3.64,-3.37,-3.11,-4.53,-5.98,-3.95,-3.45,-2.94,-4.11,-8.39
1971-08-31,2.7,2.96,4.92,5.65,5.1,2.91,3.46,3.53,8.29,7.5,2.96,2.34,4.96,5.54,7.69,1.35,1.78,6.89,4.85,9.83,1.22,3.3,5.2,5.09,5.5
1971-09-30,-3.38,-2.09,-1.04,0.19,2.85,-2.77,-0.92,-1.66,1.02,0.12,-1.48,-2.19,-2.17,-1.92,1.67,-3.1,0.05,-0.68,0.32,1.19,-1.61,-1.38,1.61,-0.56,-1.29
1971-10-31,-6.97,-6.33,-6.19,-5.35,-7.27,-7.74,-3.53,-4.19,-4.77,-4.73,-10.89,-6.09,-3.91,-6.28,-4.73,-4.48,-3.28,-3.02,-5.12,-5.13,-4.9,-2.14,-3.62,-4.1,-5.22
1971-11-30,-4.97,-5.53,-3.03,-4.67,-4.61,-4.11,-2.29,-3.22,-1.73,-0.87,-4.07,-2.18,-3.12,-2.28,-2.04,-1.88,-0.92,-0.96,-1.37,-0.05,-1.47,0.8,0.43,0.83,1.71
1971-12-31,14.06,13.21,12.7,12.28,13.54,15.87,11.26,12.93,11.4,12.98,13.95,12.52,9.61,12.33,9.76,11.84,9.2,9.34,10.67,11.86,8.9,8.16,8.05,8.1,9.17
1972-01-31,16.61,12.74,11.88,11.14,13.17,8.77,7.75,8.06,5.69,5.73,3.4,5.47,3.93,5.52,6.58,1.74,2.53,3.74,0.68,5.6,-2.56,-0.53,3.65,1.9,2.15
1972-02-29,3.59,3.21,2.99,6.71,5.61,2.92,1.81,3.07,5.84,2.97,2.51,0.64,2.28,4.3,6.2,4.42,-0.19,-0.49,4.73,6.5,7.07,-0.64,1.97,3.84,5.06
1972-03-31,-2.3,0.32,0.08,-0.66,0.18,-0.21,0.21,-1.11,0.2,2.7,-0.18,-1.03,-0.69,0.96,2.64,-0.43,1.07,1.83,1.97,1.25,-3.84,-1.6,1.14,0.62,3.16
1972-04-30,-2.41,0.3,0.73,1.13,2.42,-0.93,0.66,0.64,1.37,4.43,1.24,-1.87,0.05,-0.38,0.65,-0.54,-1.18,0.08,0.15,0.82,0.39,-0.74,0.12,0.88,2.5
1972-05-31,-3.82,-4.11,-2.31,-1.67,-1.87,-4.48,-3.19,-2.72,-2.25,-0.55,-2.97,-2.11,-2.1,-1.5,2.93,-2.53,-1.48,-0.84,0.13,3.68,2.64,1.56,-0.08,2.19,5.0
1972-06-30,-4.08,-3.54,-3.25,-4.74,-3.42,-4.02,-2.74,-1.34,-3.37,-1.92,-6.22,-1.0,-3.04,-4.53,-2.12,-5.02,-4.59,-3.16,-2.17,-1.94,-4.22,-2.31,-1.45,-2.41,0.11
1972-07-31,-4.96,-3.64,-2.98,-2.98,-4.24,-5.87,-2.53,-2.76,-2.53,-5.05,-3.34,-3.13,-0.98,-0.93,-1.02,-1.85,-2.1,-3.05,-2.91,-1.92,-3.4,-1.52,0.4,0.89,2.01
1972-08-31,0.85,0.08,0.24,0.48,-1.28,4.85,1.3,0.68,1.32,-2.0,6.36,3.27,3.12,-0.23,0.99,4.35,4.89,3.49,3.88,0.63,10.83,8.14,7.42,1.43,0.51
1972-09-30,-5.86,-3.18,-3.47,-3.97,-4.09,-4.8,-1.02,-3.08,-3.18,-2.18,-3.54,-2.59,-1.67,-1.69,-1.34,-4.89,-0.8,-2.03,-2.18,-2.03,-2.1,-1.25,0.59,-1.19,0.63
1972-10-31,-3.04,-1.8,-2.6,-1.97,-3.6,-0.66,-0.45,-0.36,-1.92,1.13,-7.02,1.1,0.0,0.89,0.0,0.15,0.62,1.27,-0.14,-0.63,0.7,0.23,2.18,2.17,0.85
1972-11-30,5.83,5.27,4.49,5.1,3.8,4.93,7.1,2.54,5.11,6.35,13.28,7.52,7.63,3.76,2.85,10.07,9.59,7.46,5.6,5.85,8.45,8.28,8.81,4.35,1.25
1972-12-31,-5.85,-2.27,-2.16,-0.89,-0.17,-5.0,-3.16,-0.81,-2.04,1.19,-2.64,-1.45,-0.62,1.99,1.29,-3.64,-2.46,-2.0,-0.19,0.54,-2.99,-1.15,-0.42,1.96,4.32
1973-01-31,-4.85,-2.89,-3.51,-4.08,-4.02,-8.0,-3.48,-4.85,-6.04,-6.68,-9.07,-7.62,-5.64,-4.77,-5.35,-9.63,-7.36,-5.09,-6.31,-3.83,-11.86,-5.13,-4.72,0.98,-1.36
1973-02-28,-9.26,-7.69,-7.34,-6.62,-9.38,-7.91,-8.48,-5.91,-7.44,-11.35,-11.13,-7.67,-5.38,-8.25,-8.87,-8.38,-5.98,-5.03,-5.5,-5.99,-8.83,-5.1,-4.1,-2.85,-3.32
1973-03-31,-4.84,-1.76,-3.29,-1.79,0.76,-4.84,-2.76,-3.33,-3.15,-0.17,-4.52,-4.49,-2.68,-2.47,-0.32,-3.19,-1.68,-3.69,-2.58,-1.14,0.15,-3.88,-0.23,-1.65,0.92
1973-04-30,-11.18,-6.96,-5.92,-4.56,-4.06,-13.42,-7.96,-5.61,-2.28,-6.77,-11.7,-8.14,-8.02,-3.33,-4.16,-12.05,-8.92,-7.28,-4.18,-3.47,-13.52,-8.73,-4.31,-3.34,-3.78
1973-05-31,-12.41,-10.72,-8.06,-6.46,-8.14,-9.47,-10.44,-8.36,-6.58,-5.29,-10.77,-9.2,-7.78,-6.25,-4.68,-13.26,-9.1,-5.43,-3.8,-3.26,-6.99,-4.72,-2.01,-0.7,-0.38
1973-06-30,-5.99,-4.14,-1.98,-1.66,-2.76,-6.96,-3.25,-3.26,-0.51,-1.87,-6.71,-2.92,-1.61,-1.06,-3.05,-6.64,-6.37,-3.82,-2.2,-0.9,-9.11,0.88,-4.09,-0.49,0.69
1973-07-31,18.5,13.54,13.02,10.45,12.52,20.74,13.38,9.98,5.89,11.69,18.43,13.28,9.12,6.66,4.28,15.58,15.27,9.57,10.56,4.37,9.42,10.9,11.81,4.24,2.35
1973-08-31,-8.67,-5.72,-4.71,-5.97,-2.24,-10.42,-5.46,-1.24,-3.75,0.1,-5.5,-1.7,-4.75,-1.0,-0.33,-5.25,-5.11,-3.04,0.74,-1.16,-1.59,-4.8,-2.5,-2.59,-3.54
1973-09-30,10.32,8.76,9.72,7.38,8.11,12.14,13.8,9.73,9.76,11.59,11.6,13.05,11.17,10.02,8.45,13.08,13.7,13.26,8.93,9.27,12.71,12.5,10.62,0.71,4.25
1973-10-31,-2.73,-0.45,1.6,2.79,5.4,-6.02,-1.13,0.6,2.69,3.57,-5.14,-1.44,-0.89,0.29,5.17,-6.53,-3.23,0.52,-2.06,4.4,-7.52,-3.77,-5.47,0.73,1.57
1973-11-30,-23.66,-19.35,-17.88,-16.01,-17.77,-22.14,-21.14,-16.0,-16.4,-18.88,-21.59,-18.69,-17.86,-13.15,-14.69,-22.28,-20.54,-17.29,-12.81,-14.27,-24.21,-17.55,-11.93,-9.49,-8.41
1973-12-31,-10.31,-4.63,-4.02,-2.9,1.61,-7.25,-5.34,-0.1,0.8,6.7,-5.64,-4.4,0.27,0.77,10.24,-2.54,-0.41,-1.92,3.94,6.85,-2.49,-6.26,1.35,-0.18,5.14
1974-01-31,21.28,15.69,13.38,10.38,8.91,12.87,10.53,9.7,8.07,7.07,13.51,7.8,7.19,6.24,2.03,3.25,5.15,4.66,3.36,1.26,2.55,6.56,3.08,-1.25,-4.42
1974-02-28,-1.29,0.66,1.28,0.52,0.88,-0.1,2.49,0.64,0.04,-1.8,-0.96,-1.09,-0.58,1.26,1.31,0.03,1.87,-0.7,1.0,-1.05,-2.46,0.81,-1.3,-0.61,1.3
1974-03-31,2.53,1.99,1.18,2.57,-0.4,0.18,-1.67,-0.2,-1.12,-2.43,0.27,-1.18,-1.03,-1.45,-2.09,-1.0,-1.62,-3.6,-3.22,-4.25,-3.4,-2.48,-0.46,-2.45,-4.06
1974-04-30,-7.19,-5.28,-4.46,-4.36,-4.33,-7.87,-5.36,-4.58,-4.12,-6.45,-9.68,-7.09,-6.12,-4.73,-5.75,-8.65,-6.28,-7.25,-5.4,-4.34,-10.3,-3.47,-3.21,-4.04,-4.36
1974-05-31,-9.9,-7.89,-6.56,-6.1,-6.38,-9.64,-6.95,-7.81,-7.43,-7.81,-9.39,-7.81,-8.28,-6.27,-7.03,-3.61,-5.21,-5.82,-6.15,-9.23,-5.11,-0.07,-1.05,-3.85,-6.77
1974-06-30,-4.37,-3.24,-2.44,-2.5,-1.76,-5.64,-4.75,-2.7,-4.47,-1.67,-7.51,-3.81,-4.28,-2.5,-0.15,-5.48,-2.85,-4.49,-2.98,-2.23,-5.8,-1.83,-0.73,-1.92,-1.52
1974-07-31,-7.35,-5.55,-4.24,-5.05,-4.97,-6.92,-5.08,-4.7,-4.21,-3.23,-5.82,-2.23,-2.47,-4.65,-3.01,-5.1,-5.45,-4.12,-6.84,-3.21,-8.31,-9.56,-9.86,-7.59,-4.79
1974-08-31,-10.44,-8.34,-7.84,-6.47,-6.7,-9.8,-10.05,-8.65,-6.98,-6.0,-11.86,-9.24,-8.67,-8.98,-5.83,-11.22,-10.23,-12.14,-8.1,-6.62,-9.52,-8.25,-9.87,-7.66,-9.16
1974-09-30,-10.55,-7.79,-6.91,-6.63,-6.01,-12.56,-10.19,-6.0,-7.6,-9.06,-10.49,-7.87,-7.72,-6.24,-8.16,-9.98,-7.49,-8.79,-6.76,-8.57,-15.68,-14.5,-14.29,-8.82,-9.64
1974-10-31,8.39,7.33,7.08,5.99,10.44,13.37,10.09,7.46,7.84,12.53,13.42,14.03,9.85,10.2,12.9,16.66,19.33,10.51,14.29,15.48,24.12,22.04,12.44,20.42,16.83
1974-11-30,-8.49,-6.42,-5.38,-5.32,-3.13,-7.3,-5.39,-4.69,-3.76,-3.86,-3.21,-4.86,-4.74,-3.81,-0.84,-4.88,-3.66,-3.34,-0.63,-2.67,-3.65,-4.14,-4.83,-4.47,-2.73
1974-12-31,-11.33,-8.17,-8.5,-7.49,-5.97,-5.64,-7.59,-5.56,-5.7,-4.35,-5.33,-6.03,-5.03,-4.73,-5.45,-5.42,-3.91,-6.02,-1.11,-4.88,-5.88,-3.42,-2.0,-1.16,0.92
1975-01-31,43.22,37.33,31.56,24.66,21.19,33.92,32.54,26.95,24.38,18.48,27.68,27.72,25.25,19.16,17.48,28.87,22.7,21.86,20.13,13.39,22.46,13.33,10.82,6.06,10.08
1975-02-28,3.88,4.4,5.43,5.55,5.37,5.63,2.54,3.72,4.71,5.47,5.03,5.21,5.18,3.45,4.91,8.76,5.77,2.93,4.21,4.07,7.22,9.37,8.0,5.72,4.57
1975-03-31,13.13,9.16,6.48,7.17,7.44,6.96,5.1,6.11,4.83,6.3,7.07,4.22,5.49,4.66,5.55,6.87,3.94,2.99,5.9,9.03,2.27,4.05,1.31,-0.57,4.37
1975-04-30,1.1,2.14,2.73,3.56,7.02,-0.1,4.05,2.18,4.33,6.36,3.09,3.68,4.41,4.26,7.66,6.22,4.69,4.26,4.27,6.19,9.16,5.78,5.39,3.21,3.94
1975-05-31,8.4,7.03,5.76,7.47,9.54,7.88,8.53,7.16,7.79,9.0,7.46,6.4,7.26,5.19,6.45,6.33,6.75,5.96,5.85,5.03,6.18,5.16,5.88,4.52,4.33
1975-06-30,8.3,7.76,7.49,7.28,7.99,6.55,6.16,7.1,5.14,6.96,5.73,4.81,8.21,5.5,3.99,6.0,7.41,7.05,7.62,6.76,4.67,3.72,5.24,5.94,5.24
1975-07-31,0.02,0.1,-0.64,-1.21,-1.84,-1.6,-3.04,-4.11,-3.23,-3.63,-4.73,-3.2,-2.84,-4.46,-5.07,-6.24,-6.29,-7.11,-4.46,-5.75,-10.04,-6.13,-5.89,-6.42,-5.17
1975-08-31,-6.23,-4.39,-5.35,-6.76,-6.21,-5.87,-4.24,-4.59,-3.91,-5.02,-4.59,-4.25,-3.66,-2.74,-4.13,-5.95,-1.98,-4.24,-4.21,-1.92,-2.17,-1.23,-2.2,-0.74,-2.18
1975-09-30,-4.4,-2.95,-2.73,-3.66,-3.33,-3.61,-4.12,-3.8,-4.06,-4.27,-4.75,-3.58,-3.45,-4.62,-4.12,-6.01,-4.5,-2.77,-3.48,-3.49,-5.53,-3.14,-2.04,-4.73,-3.06
1975-10-31,-0.15,1.28,1.48,1.52,2.69,1.31,2.43,3.85,4.45,2.54,1.33,2.39,4.38,2.51,5.24,4.44,4.87,6.11,6.01,8.57,9.48,7.05,7.14,5.04,3.63
1975-11-30,0.66,0.83,2.93,1.76,2.69,1.64,3.28,2.26,2.88,3.23,2.38,2.19,3.15,3.42,2.72,4.73,4.22,2.22,5.87,3.82,5.22,3.33,2.39,1.48,1.05
1975-12-31,-0.63,-0.11,-1.22,-0.69,-1.57,0.58,-0.55,0.77,-2.22,-1.67,1.66,-0.2,-0.61,-0.93,-1.2,-0.7,0.34,-1.31,-1.17,-2.33,-2.84,-1.31,-2.2,0.03,0.27
1976-01-31,17.61,19.7,20.29,20.59,24.02,15.66,17.01,19.98,20.4,19.64,13.07,18.16,15.19,16.43,19.64,11.76,14.49,16.13,16.65,16.79,8.6,11.7,11.73,12.77,12.17
1976-02-29,12.52,10.06,9.37,11.48,11.66,7.94,8.03,7.96,9.53,7.33,5.71,6.13,5.03,4.67,6.06,2.73,3.52,1.88,2.21,2.82,-2.72,-1.21,-1.44,-2.05,3.17
1976-03-31,-0.45,1.24,3.01,1.67,2.61,-0.03,0.55,2.92,2.84,1.97,-0.3,0.86,2.01,2.31,1.93,0.68,1.25,2.43,3.12,1.81,4.59,3.27,4.27,1.59,-0.36
1976-04-30,-1.08,-0.58,-0.4,-1.64,-1.79,-1.09,-0.14,-0.36,-0.28,-2.58,-1.38,-0.05,-0.45,-2.02,-0.76,-2.74,-0.81,-0.11,-1.93,-1.09,-3.41,-0.54,-0.55,0.84,-1.63
1976-05-31,-0.79,-1.36,-0.53,-2.08,-4.58,-1.04,-0.31,-0.21,-2.17,-3.56,-1.17,-0.36,-0.95,-1.68,-2.76,-1.68,-1.57,-1.26,-1.23,-3.64,-0.82,-1.0,-0.55,0.21,-0.35
1976-06-30,1.66,2.82,2.13,1.74,2.77,2.68,3.34,1.98,3.2,4.71,4.03,5.7,4.49,5.96,6.81,5.98,6.46,5.1,6.17,5.11,6.3,3.19,4.66,3.49,3.02
1976-07-31,-0.93,0.32,0.73,0.84,0.07,-0.38,0.83,0.63,1.56,0.2,-0.25,0.98,-0.13,1.75,-2.13,0.21,0.9,0.4,-0.24,-2.06,-0.97,-1.84,0.86,-1.46,-1.58
1976-08-31,-2.09,-0.64,-1.46,-1.58,-1.99,-2.49,-0.88,-1.36,-1.8,-2.53,-2.57,-0.53,-0.36,-2.05,-2.51,-1.46,0.38,0.78,-0.54,-2.11,1.33,0.1,1.0,-0.35,-2.38
1976-09-30,1.0,1.43,3.3,2.49,2.18,3.56,2.73,3.58,4.04,2.53,2.66,1.62,1.97,1.84,3.91,2.27,1.86,2.41,4.21,2.05,1.47,3.02,2.52,3.27,-0.11
1976-10-31,-2.0,-1.68,-1.36,-1.91,-2.06,-3.22,-1.97,-1.78,-2.27,-1.85,-1.59,-0.83,-1.29,-2.3,-2.89,-1.2,-2.2,-1.06,-0.88,-2.78,-3.11,-2.32,-0.97,-2.12,-3.56
1976-11-30,1.88,2.8,3.22,3.35,3.66,3.51,2.94,2.97,5.06,4.92,4.29,2.78,3.9,3.89,4.21,1.85,3.72,2.45,3.42,4.72,-3.04,-0.25,0.88,0.82,2.06
1976-12-31,11.22,9.86,9.1,10.47,10.07,12.11,9.81,8.51,9.64,9.82,10.87,9.42,7.94,8.59,7.42,6.49,5.86,7.72,7.75,7.46,4.1,5.13,4.33,8.15,6.06
1977-01-31,3.25,3.21,5.23,4.65,4.58,-1.93,3.04,2.6,1.16,2.58,-2.12,-2.16,0.6,-0.66,2.37,-4.83,-3.33,-1.16,-3.33,-0.29,-8.64,-5.63,-3.15,-2.5,-2.22
1977-02-28,-1.32,-1.07,0.18,0.64,0.98,-2.35,-0.5,-0.64,-0.01,-0.67,-2.98,-1.93,-1.68,-1.63,-0.74,-2.07,-1.78,-2.15,-2.27,-0.97,-1.44,-0.85,-1.36,-2.55,-3.72
1977-03-31,-0.11,1.07,1.42,1.3,1.61,1.54,-0.29,0.84,0.24,1.18,-1.24,0.03,0.37,0.37,-0.7,-1.38,-0.62,1.27,1.03,0.78,-2.45,-1.72,-0.53,-1.54,-1.97
1977-04-30,-0.28,0.78,2.48,2.69,2.58,-0.66,2.56,1.49,2.72,3.47,-1.28,0.42,2.95,1.31,3.55,-1.87,0.93,1.03,2.07,3.23,-3.31,0.17,0.13,2.45,2.41
1977-05-31,-1.35,0.04,0.95,0.58,0.39,-0.88,-0.02,0.38,0.62,0.01,-1.24,0.16,-0.39,0.57,-0.84,0.21,-2.43,-1.17,-0.41,0.37,-3.74,-2.28,-0.23,0.32,0.5
1977-06-30,5.26,5.6,5.22,5.62,6.96,4.74,5.94,6.12,5.15,7.8,4.99,6.19,6.68,6.42,7.62,6.03,4.33,3.68,6.21,6.69,5.05,5.48,3.6,4.18,6.47
1977-07-31,0.07,1.11,1.47,1.56,1.71,-1.25,0.88,0.18,1.04,-0.3,-0.85,-1.42,0.76,-0.69,-0.52,-2.37,-1.96,-1.43,-0.75,-2.48,-2.67,-0.7,-2.24,-0.85,-1.14
1977-08-31,-1.83,0.37,-0.49,-0.05,0.02,-1.82,0.03,-1.52,0.0,-0.84,0.91,-0.3,-1.16,-1.01,0.4,-1.21,-1.36,-2.72,-1.39,-3.53,1.87,-1.9,-2.49,-3.78,-4.31
1977-09-30,0.02,1.13,1.72,2.11,2.19,-3.44,1.26,1.03,0.22,1.63,-1.94,0.71,0.36,1.73,2.32,-0.74,0.84,0.55,0.47,1.85,-1.81,-0.26,1.79,0.85,0.38
1977-10-31,-2.72,-2.4,-1.4,-1.51,-2.45,-4.15,-2.75,-1.47,-1.2,-4.09,-1.94,-1.7,-2.33,-3.16,-3.74,-4.8,-2.73,-3.41,-3.2,-4.06,-4.7,-3.75,-4.74,-3.15,-7.0
1977-11-30,8.21,6.46,6.18,8.41,8.52,5.6,10.28,7.07,7.65,10.03,7.03,6.96,5.95,7.37,7.34,6.96,5.32,5.73,7.14,7.22,2.95,3.41,3.5,4.71,4.51
1977-12-31,1.48,1.36,2.31,2.12,3.12,0.29,0.07,3.43,2.45,1.83,0.47,0.1,0.56,2.13,2.07,0.61,0.84,0.4,2.11,0.85,-0.59,1.42,0.05,-0.06,1.16
1978-01-31,-0.08,-1.01,1.07,-1.01,-1.31,-2.37,-2.05,-0.77,-3.09,-4.39,-2.81,-4.04,-4.35,-4.01,-5.53,-4.41,-4.85,-4.69,-7.21,-6.2,-6.8,-5.87,-6.17,-5.91,-5.79
1978-02-28,1.9,3.06,3.89,4.55,3.85,0.3,1.83,1.55,1.82,1.45,0.72,1.09,1.09,1.14,1.69,-1.32,-1.48,-1.56,-0.42,-0.07,-4.99,-1.52,-0.31,-1.62,1.8
1978-03-31,7.14,6.29,6.07,7.06,7.97,4.72,7.81,5.24,6.05,7.58,6.15,5.54,5.37,6.28,5.49,4.56,6.13,4.11,5.24,4.71,2.78,3.21,-0.51,3.78,5.62
1978-04-30,9.01,7.3,6.07,8.63,8.68,5.74,5.46,7.16,7.01,9.61,6.12,6.89,4.99,7.36,11.16,8.87,7.95,6.24,6.3,8.86,11.64,9.87,5.78,6.07,10.27
1978-05-31,6.96,5.88,4.73,7.01,8.33,6.53,4.64,2.89,5.02,6.52,4.27,3.16,3.48,4.17,6.75,4.21,2.66,3.39,5.07,6.45,0.88,0.84,0.71,2.48,7.35
1978-06-30,-0.96,0.18,0.53,1.05,0.76,-2.64,-0.2,0.61,-0.1,0.18,-1.55,0.1,0.4,0.78,1.18,-1.87,-0.62,0.06,-0.02,1.19,-3.44,-1.49,-0.93,-1.14,4.3
1978-07-31,3.45,3.91,2.75,5.12,7.05,5.11,3.54,6.83,5.64,8.45,2.95,3.3,3.52,5.91,7.72,5.35,4.23,7.13,7.35,11.21,4.51,4.9,5.89,9.15,15.53
1978-08-31,6.16,8.66,7.38,7.83,10.8,7.28,7.69,7.93,7.33,9.37,4.31,4.3,6.37,6.66,12.15,3.82,3.96,5.27,4.18,10.78,4.46,2.72,2.37,2.48,4.04
1978-09-30,0.79,0.88,0.81,-0.5,-0.24,-0.42,0.75,0.56,-1.63,-3.1,-0.62,-1.53,-0.39,-1.95,-3.95,0.3,-0.69,-0.4,-2.39,-1.64,1.61,-0.72,-2.68,-1.77,-7.01
1978-10-31,-17.26,-14.15,-16.54,-20.64,-25.6,-18.27,-12.05,-15.96,-20.07,-24.13,-12.77,-12.87,-15.46,-18.39,-21.36,-10.89,-11.02,-12.01,-15.68,-21.24,-7.89,-7.56,-10.77,-11.55,-16.12
1978-11-30,1.02,4.07,3.53,5.72,8.78,2.99,1.53,5.53,6.04,10.8,4.03,2.7,2.98,4.9,8.15,1.39,1.86,1.84,4.61,9.23,2.14,2.93,2.67,4.24,10.45
1978-12-31,0.37,-0.77,1.1,2.0,2.79,1.12,1.17,1.71,2.82,3.17,0.34,0.45,1.93,2.72,3.8,0.88,-0.52,1.8,1.36,2.66,-2.88,-0.17,4.03,1.36,4.01
1979-01-31,11.19,9.94,9.57,9.38,10.47,10.94,9.16,8.24,7.41,7.94,7.59,7.22,6.32,6.19,8.94,7.14,7.6,5.49,5.77,4.61,7.13,4.13,3.53,2.81,3.53
1979-02-28,-1.75,-1.27,-2.21,-1.01,-2.36,-2.12,-2.36,-0.78,-3.0,-4.53,-2.66,-1.73,-2.36,-3.0,-3.58,-1.89,-3.16,-2.71,-4.01,-3.36,-3.7,-2.29,-2.29,-2.65,-5.78
1979-03-31,8.71,6.73,6.27,8.19,9.84,8.28,6.15,8.23,10.72,11.2,7.68,5.86,8.09,10.27,12.75,7.37,5.64,8.14,9.82,10.48,5.18,2.92,6.12,6.05,7.73
1979-04-30,2.3,1.96,2.53,2.88,3.3,2.45,1.21,2.3,2.48,3.03,-0.01,1.95,1.57,3.4,2.26,0.4,0.14,0.89,1.16,2.76,-1.64,0.98,-0.61,1.08,0.06
1979-05-31,-1.47,-0.94,0.49,-1.99,-0.5,-2.5,-0.65,-0.53,-0.89,-3.17,-1.18,-0.89,-1.9,-1.41,-1.76,-0.46,-1.26,1.05,-0.68,-2.41,-1.32,-0.14,-0.36,-3.13,-1.49
1979-06-30,4.66,5.78,3.88,5.7,6.53,7.13,4.19,4.72,7.4,6.03,3.62,5.69,4.66,4.88,5.92,10.24,7.05,5.74,5.3,6.68,4.11,2.28,4.83,3.72,7.22
1979-07-31,2.35,2.55,2.8,2.89,2.13,2.71,4.88,3.31,3.67,1.83,4.54,3.52,4.81,4.11,1.69,5.03,2.55,2.99,1.21,2.4,1.36,1.43,0.97,0.65,0.85
1979-08-31,9.04,6.82,7.14,5.87,8.71,9.26,8.26,5.97,6.75,7.57,8.89,7.08,7.15,6.85,7.8,7.28,7.54,6.7,6.97,7.84,8.27,5.56,3.98,6.17,7.61
1979-09-30,-3.19,0.31,-1.21,0.69,0.94,-1.65,-0.95,-0.58,-0.24,1.27,-3.66,0.37,-1.54,-0.35,2.47,-2.09,-0.91,-1.14,-1.29,1.01,-3.66,-2.29,-0.85,2.33,4.72
1979-10-31,-12.06,-9.43,-9.55,-10.23,-11.06,-11.35,-10.79,-11.03,-11.28,-9.77,-12.45,-9.56,-8.15,-8.93,-8.19,-10.36,-8.66,-8.57,-8.89,-7.52,-7.17,-7.21,-7.08,-5.6,-3.2
1979-11-30,3.14,4.0,7.37,7.31,13.41,3.83,4.14,6.06,10.14,12.88,3.16,4.42,6.78,10.67,12.57,3.87,6.23,5.45,8.91,14.23,3.63,1.76,5.36,9.5,10.49
1979-12-31,5.35,4.72,6.17,7.85,10.26,4.17,3.34,4.02,7.07,11.37,1.37,1.41,4.25,3.99,9.06,1.52,1.09,2.44,4.94,5.14,-0.31,1.45,2.41,1.79,4.45
1980-01-31,8.42,7.81,7.35,12.36,13.19,5.06,4.74,6.87,7.17,9.23,3.98,2.72,4.91,7.04,11.05,2.7,0.68,2.73,8.8,10.55,1.65,1.64,6.65,9.63,13.7
1980-02-29,-3.47,-2.98,-1.48,-1.78,1.72,-4.0,-3.98,-4.39,-3.72,0.41,-6.2,-4.09,-5.22,-2.0,1.15,-5.73,-6.78,-3.13,-2.43,1.41,-3.74,-5.22,-2.83,4.38,8.45
1980-03-31,-17.51,-14.34,-15.43,-18.62,-22.34,-12.44,-13.2,-14.96,-18.87,-20.6,-7.64,-12.19,-14.66,-16.96,-21.24,-5.88,-7.44,-9.81,-14.51,-18.51,-4.42,-3.45,-8.46,-12.91,-17.93
1980-04-30,5.87,6.23,4.27,6.18,6.94,7.13,5.24,6.04,6.52,8.34,7.73,5.44,5.92,7.3,8.31,10.92,7.72,4.4,4.87,6.18,5.47,4.81,1.84,2.94,5.64
1980-05-31,8.17,8.17,6.54,6.76,6.49,10.33,8.16,8.54,8.32,7.6,10.51,8.03,9.45,7.37,8.22,7.81,8.3,7.87,8.63,6.8,3.65,5.22,6.28,7.11,3.86
1980-06-30,4.54,4.16,4.73,3.33,4.66,3.81,4.72,2.97,4.38,6.43,1.56,4.69,3.04,4.02,7.35,3.4,4.01,5.58,4.31,7.97,3.69,1.28,0.9,2.99,4.74
1980-07-31,9.53,7.7,8.44,10.45,11.73,9.83,9.41,9.15,13.09,12.09,7.62,7.63,5.46,9.0,13.37,5.7,7.03,6.92,8.45,10.05,11.02,6.91,4.17,7.84,4.82
1980-08-31,6.25,4.49,7.22,8.02,11.1,3.65,3.96,2.34,6.53,9.67,5.02,2.26,2.17,3.92,7.84,1.86,0.63,-0.3,3.42,5.19,1.43,0.8,0.65,1.0,2.72
1980-09-30,2.99,3.1,1.84,3.18,5.33,1.07,1.09,3.52,3.8,6.5,-0.29,0.88,0.62,5.2,5.57,-1.87,2.07,0.44,3.83,7.67,-0.7,-1.47,0.74,3.84,7.31
1980-10-31,2.06,1.58,3.3,4.6,9.27,-1.17,-0.51,1.58,2.58,8.62,-1.92,-0.12,0.38,3.5,4.89,-1.6,-0.44,0.83,1.55,3.9,-4.51,1.25,-2.09,4.51,5.06
1980-11-30,1.43,1.43,4.56,5.93,12.22,2.82,4.02,5.98,7.09,13.06,-0.1,1.12,3.72,6.52,15.23,0.8,2.5,6.37,9.13,18.15,-0.89,3.5,12.91,16.58,22.33
1980-12-31,-3.18,-2.54,-3.07,-3.03,-5.44,-1.81,0.14,-1.68,-2.9,-4.85,-0.06,-1.65,-1.36,-2.15,-4.39,1.97,0.74,-1.82,-3.38,-4.43,3.3,1.91,-0.57,-7.07,-9.07
1981-01-31,3.1,4.07,2.62,0.45,-2.46,0.8,2.87,0.42,-0.51,-5.23,2.32,3.07,-0.25,-3.18,-3.42,-0.25,1.23,0.73,-3.75,-7.86,-0.72,1.17,-3.33,-5.5,-10.77
1981-02-28,0.48,0.85,0.25,-0.58,-1.56,1.61,2.11,2.2,1.62,0.15,2.49,2.64,2.24,2.8,0.54,1.38,2.09,2.44,4.35,1.21,4.29,1.78,2.72,1.12,1.36
1981-03-31,6.82,8.0,6.67,7.07,7.62,7.51,8.23,6.52,7.93,9.23,8.43,9.16,8.85,7.24,7.87,17.07,8.11,8.09,6.99,9.23,4.24,2.26,0.96,2.58,6.17
1981-04-30,1.89,3.38,4.34,3.1,3.54,-0.83,2.75,3.21,3.9,2.52,2.01,2.22,2.8,2.61,3.69,-1.6,0.77,-0.58,0.0,0.41,-0.63,-0.29,-3.3,-3.9,-4.9
1981-05-31,0.99,1.33,2.76,2.4,4.33,0.7,0.26,2.81,2.24,5.81,-0.1,1.69,0.76,3.98,6.42,2.84,0.06,2.41,1.7,4.91,1.41,-0.53,0.55,-0.68,2.63
1981-06-30,-0.63,1.91,0.09,-0.27,-2.15,-0.64,-0.17,-1.33,-0.54,-3.03,1.66,-0.01,-0.82,0.5,-5.18,2.62,-0.53,-0.68,-2.54,-6.66,4.34,0.7,-1.41,-2.99,-8.83
1981-07-31,-1.7,-2.05,-3.03,-2.72,-3.65,-1.94,-1.59,-0.97,-2.8,-2.49,-1.4,-1.35,-1.36,-2.58,-2.58,0.46,-0.34,-1.23,-2.13,-1.6,5.47,0.88,-2.61,-1.46,-1.36
1981-08-31,-9.5,-4.4,-6.65,-7.35,-9.49,-8.35,-6.1,-6.45,-4.36,-9.89,-4.82,-4.2,-6.69,-6.02,-8.08,-7.28,-2.49,-4.11,-5.98,-6.31,-5.3,-4.45,-5.31,-6.89,-6.07
1981-09-30,-10.19,-9.11,-7.95,-6.9,-8.3,-12.04,-6.6,-6.41,-6.88,-5.24,-9.69,-5.31,-6.0,-4.44,-6.76,-5.91,-5.98,-5.81,-5.44,-5.41,-7.74,-5.65,-4.04,-5.32,-7.21
1981-10-31,7.59,6.41,8.25,7.37,9.63,5.04,5.65,8.19,6.64,11.38,3.26,2.64,6.11,8.11,10.52,2.76,7.6,5.45,6.53,7.45,5.84,3.12,5.52,6.2,10.26
1981-11-30,0.04,2.64,3.12,3.66,3.5,2.97,1.86,5.34,5.43,3.92,3.54,2.83,4.51,3.91,1.23,6.03,6.64,4.79,5.3,3.72,5.07,7.44,4.09,3.94,2.85
1981-12-31,-4.93,-0.92,0.54,-0.05,-1.08,-4.31,-1.51,-0.88,0.61,-1.36,-3.16,-0.52,-1.19,-1.84,-3.2,-5.44,-1.74,-1.35,-1.91,-3.1,-4.64,-2.57,-2.65,-3.9,-2.2
1982-01-31,-2.54,-0.79,-0.86,-0.75,-1.64,-3.43,-3.33,-3.96,-2.75,-3.7,-6.11,-5.29,-3.09,-2.72,-3.24,-7.28,-7.01,-3.2,-1.7,-4.01,-5.89,-1.6,-1.48,0.31,0.54
1982-02-28,-7.86,-3.71,-2.96,-2.39,-2.91,-9.14,-5.14,-4.07,-2.38,-3.28,-7.03,-6.15,-4.28,-1.04,-2.09,-7.16,-6.11,-4.0,-0.98,-3.0,-10.14,-5.92,-5.68,-3.13,-2.08
1982-03-31,-2.86,-0.73,-0.04,-0.14,0.13,-4.53,-1.43,0.4,-0.27,-0.68,-0.8,-1.49,-0.07,0.2,1.04,-3.9,-2.18,-1.9,1.0,1.35,-3.03,-1.09,-1.86,0.92,1.01
1982-04-30,4.65,5.59,6.03,3.91,4.3,5.27,8.55,5.44,5.88,6.29,3.47,4.43,5.7,5.29,5.43,2.85,5.9,5.71,4.24,6.46,6.03,3.8,3.18,5.3,2.08
1982-05-31,-3.64,-2.39,-0.76,-1.4,-1.27,-6.48,-3.5,-2.94,-1.88,-1.14,-4.18,-5.34,-3.0,-1.71,-1.68,-5.66,-6.31,-3.41,-4.31,-2.56,-6.04,-1.31,-1.49,-2.88,-2.54
1982-06-30,-7.28,-2.69,-2.07,-1.7,-0.8,-7.63,-2.97,-2.05,-0.61,-1.22,-6.28,-3.28,-3.35,-1.35,0.85,-8.33,-2.49,-2.63,-2.2,0.48,-6.04,-1.22,-4.05,-0.71,0.69
1982-07-31,-4.63,-2.95,-1.16,0.39,-0.02,-4.05,-1.28,-0.93,0.18,0.41,-4.31,-3.52,-1.34,-0.15,-1.2,-5.24,-4.83,-3.48,-0.6,-0.15,-6.99,-2.98,-4.76,-1.45,1.67
1982-08-31,8.14,6.33,4.72,4.52,4.44,11.18,9.31,6.86,6.77,8.07,12.06,11.4,11.81,10.04,9.78,15.4,16.19,11.89,11.12,9.8,16.13,14.82,13.89,11.6,10.76
1982-09-30,-2.5,2.98,4.93,6.62,6.48,-1.99,3.41,5.52,5.61,6.42,-1.5,4.08,4.05,4.87,5.44,-0.09,4.47,2.06,3.82,4.09,-0.88,2.06,0.66,0.11,2.43
1982-10-31,13.96,11.53,12.5,12.6,16.07,12.31,12.64,12.22,12.93,16.66,14.45,13.1,13.96,13.0,14.66,13.94,15.01,15.03,12.76,11.25,11.88,11.43,10.99,10.67,10.41
1982-11-30,4.88,11.4,11.1,10.36,11.85,4.52,7.69,8.83,9.39,10.53,2.53,8.48,9.64,6.73,10.37,3.14,5.06,8.05,5.53,10.29,4.33,-1.22,3.24,5.66,7.38
1982-12-31,0.71,1.68,2.59,1.67,2.9,0.03,0.12,1.03,1.63,1.81,-1.6,-1.09,1.04,2.28,1.56,3.07,-1.56,2.48,3.47,1.38,4.72,0.84,0.17,-0.03,1.85
1983-01-31,12.84,9.98,7.28,7.85,11.5,8.88,7.08,5.0,6.46,7.22,7.56,4.69,3.28,4.23,5.33,5.77,7.01,2.96,1.35,0.11,4.19,6.8,2.18,1.53,3.5
1983-02-28,1.36,5.32,6.02,7.1,7.3,1.21,4.73,4.66,6.57,6.65,-0.04,5.74,5.21,3.32,7.08,-1.13,2.79,3.52,4.07,8.15,1.16,0.94,2.46,4.06,4.23
1983-03-31,3.21,4.7,4.73,5.36,5.65,2.8,5.15,5.02,5.07,5.12,2.31,4.15,3.63,5.22,4.31,1.77,3.59,2.42,6.68,4.84,3.87,4.19,1.91,2.19,3.11
1983-04-30,7.14,6.12,7.32,8.11,9.39,7.53,7.69,7.71,8.42,8.56,5.15,4.19,5.7,6.81,8.63,7.46,7.03,4.65,4.28,9.68,8.63,7.18,5.58,9.5,5.63
1983-05-31,12.84,7.41,9.13,8.65,9.99,9.15,4.47,3.18,3.94,7.46,7.63,3.91,3.51,2.85,5.24,8.17,5.05,3.2,0.79,3.6,1.35,-1.6,-1.95,-1.68,-0.55
1983-06-30,3.7,4.57,4.39,3.99,4.14,4.26,2.3,2.53,5.35,5.28,3.37,1.21,4.48,2.62,6.86,4.9,1.91,2.02,5.77,4.56,5.15,1.51,3.08,4.78,5.33
1983-07-31,-1.05,-1.52,0.94,-2.47,-3.97,-0.45,-1.45,-2.54,-1.08,-5.6,1.01,-0.93,-0.96,-2.62,-4.31,-2.39,-1.19,-3.49,-1.31,-6.42,-2.28,-3.59,-4.17,-2.84,-7.24
1983-08-31,-2.56,-2.0,-2.88,-2.95,-5.59,-0.8,-1.39,-0.87,-3.36,-4.93,0.93,-0.67,-2.88,-2.15,-4.25,3.07,1.34,1.68,-2.6,-6.06,2.87,3.88,2.03,-0.31,-3.98
1983-09-30,-2.88,1.07,1.41,0.26,0.78,-0.97,1.35,3.99,4.03,2.01,4.16,4.13,4.11,3.37,4.01,4.02,3.14,2.99,0.75,3.0,2.29,-0.36,1.57,1.91,1.37
1983-10-31,-6.69,-3.84,-6.16,-4.52,-6.82,-6.05,-3.12,-4.33,-5.23,-9.52,-0.15,-0.43,-4.76,-5.56,-8.81,-0.34,-0.73,-3.22,-4.92,-9.72,1.53,-1.94,-0.15,-2.48,-4.84
1983-11-30,1.14,4.91,4.54,3.55,3.8,5.39,3.5,5.84,5.04,5.34,5.3,3.83,4.74,5.04,5.4,5.56,5.07,5.1,4.33,4.92,1.41,2.7,1.93,0.12,3.29
1983-12-31,-4.29,-1.2,0.67,-0.94,-2.04,-2.33,-1.49,0.65,-0.39,0.0,-1.79,-1.98,-1.2,-1.08,-3.56,0.12,-1.08,-2.2,-1.74,-2.62,-0.09,-1.02,-3.29,0.28,1.85
1984-01-31,1.13,1.05,1.29,0.12,-0.88,0.11,-2.38,-0.97,-0.48,-2.89,-1.35,-3.08,-0.52,-3.4,-6.37,-2.76,-2.81,-2.14,-3.95,-7.41,-1.52,1.2,-0.62,0.59,-3.75
1984-02-29,-6.86,-5.3,-4.55,-4.62,-6.14,-7.28,-4.9,-4.88,-3.66,-5.42,-4.15,-4.22,-4.85,-4.7,-5.65,-6.1,-6.15,-3.8,-4.48,-6.38,-3.6,-2.71,-3.37,-3.96,-2.49
1984-03-31,-0.91,0.48,1.23,1.26,1.52,-0.13,1.59,1.05,1.34,1.96,-1.11,1.2,2.06,2.21,1.8,-0.91,2.22,2.26,2.06,2.53,1.46,2.02,1.71,0.79,1.35
1984-04-30,-4.12,-1.82,0.39,-1.3,-1.15,-0.89,-1.28,0.09,0.35,1.0,-1.07,-0.73,0.94,0.53,1.17,-2.9,-3.06,-1.22,0.39,0.46,1.0,-0.19,1.49,-0.01,2.92
1984-05-31,-6.96,-5.57,-4.15,-4.37,-4.26,-5.8,-4.9,-5.35,-5.0,-4.53,-6.35,-3.59,-5.45,-4.47,-5.39,-5.61,-4.72,-3.92,-5.6,-7.42,-6.81,-4.99,-5.49,-4.28,-4.48
1984-06-30,0.58,1.51,2.24,1.36,1.93,2.93,3.82,3.78,3.78,2.9,1.87,3.19,5.88,4.22,0.93,2.04,3.4,5.02,3.42,3.85,4.42,2.31,4.91,1.06,1.12
1984-07-31,-8.57,-5.57,-2.34,-2.17,-0.98,-6.54,-5.03,-4.06,-2.21,-1.13,-5.7,-3.87,-2.66,-2.57,-1.23,-6.8,-3.82,-4.66,-1.54,-1.95,-3.4,-0.22,0.41,-1.6,-2.57
1984-08-31,11.21,9.77,9.26,7.16,6.59,16.39,12.82,13.3,8.5,7.28,15.27,15.17,12.47,10.15,10.66,14.23,13.12,13.07,11.92,10.31,17.74,12.08,12.62,10.7,7.99
1984-09-30,-2.38,-1.09,0.72,2.51,1.84,-3.02,-1.84,-1.25,1.49,2.51,-2.59,-1.68,0.34,1.14,1.87,0.93,-0.17,1.27,1.05,1.02,-3.08,-3.11,0.04,0.83,0.96
1984-10-31,-4.79,-1.77,-1.31,0.45,0.51,-4.19,-1.37,-2.16,0.44,0.77,-4.66,-1.46,-1.62,1.49,1.84,-3.39,-0.66,0.48,1.65,2.12,0.64,0.82,0.07,0.95,0.37
1984-11-30,-5.86,-2.46,-2.07,-0.57,-1.77,-4.74,-0.55,-1.83,-0.87,-1.72,-4.41,-0.29,1.0,1.24,-1.92,-1.06,-0.88,0.14,-0.41,-1.05,0.43,-0.31,-1.51,-1.58,-0.54
1984-12-31,-1.11,0.47,1.53,1.43,2.25,1.36,2.65,3.47,3.54,1.67,1.49,1.83,2.85,2.85,3.25,0.84,2.26,2.03,3.03,2.97,-0.73,3.85,1.75,2.59,2.73
1985-01-31,19.01,13.46,10.68,9.62,9.12,14.39,12.95,13.05,10.71,8.72,15.65,11.12,11.59,9.85,8.52,15.06,10.49,11.29,7.62,8.15,10.77,10.12,9.52,6.27,4.14
1985-02-28,3.05,3.82,3.48,2.2,4.32,1.6,1.91,2.8,4.15,3.13,-0.4,0.75,2.06,2.66,2.49,0.29,-1.62,1.62,1.71,2.62,-0.28,1.28,2.04,0.92,3.06
1985-03-31,-4.16,-1.45,-0.74,-0.9,0.65,-2.59,-2.93,-1.84,-0.53,-0.57,-4.02,-2.53,0.15,-0.35,-0.27,1.26,-1.75,0.57,-2.22,1.02,2.53,0.45,1.1,-0.38,-0.14
1985-04-30,-3.73,-1.04,-1.23,0.19,0.95,-2.39,-2.02,-1.64,0.63,0.8,-3.51,-2.15,-1.13,2.2,1.68,-1.94,-2.62,-0.66,-0.16,1.86,-2.72,0.92,-0.28,0.19,-0.74
1985-05-31,0.01,2.35,2.67,3.03,4.6,1.74,4.02,4.21,4.43,5.57,1.92,5.95,4.0,4.83,5.23,-1.27,6.54,6.26,6.2,6.06,1.62,4.72,5.64,8.17,7.49
1985-06-30,-2.3,0.64,2.5,2.5,2.69,-2.02,0.12,3.3,1.73,3.81,-2.36,1.59,2.3,4.28,4.07,-1.19,-0.12,1.55,3.03,4.1,2.49,1.95,0.36,2.48,2.72
1985-07-31,2.43,2.87,2.15,1.48,2.75,3.94,4.0,3.22,1.62,1.7,4.8,2.69,2.05,-0.85,0.81,4.17,1.77,0.95,-0.63,-2.38,6.63,1.5,0.97,-2.58,-2.87
1985-08-31,-1.39,-0.31,-1.19,0.22,1.23,-1.23,-0.79,0.45,0.99,0.08,-3.08,-1.05,-1.08,-0.15,-0.16,-2.2,-0.97,-0.69,0.42,0.34,-2.69,-1.92,0.04,0.86,-0.72
1985-09-30,-7.73,-4.88,-4.19,-4.16,-5.63,-8.51,-5.34,-4.04,-5.06,-4.98,-8.3,-4.77,-4.83,-4.09,-4.05,-7.33,-4.47,-4.13,-5.16,-5.08,-4.16,-2.72,-3.36,-2.62,-4.15
1985-10-31,0.1,1.86,3.23,2.3,4.73,1.15,0.83,4.78,5.42,7.18,-0.66,1.93,4.14,5.69,5.85,-0.32,3.21,4.82,5.38,8.56,0.57,4.05,4.19,5.77,5.85
1985-11-30,4.86,3.76,5.17,5.92,7.24,8.54,8.38,6.97,7.06,7.79,9.02,6.61,7.36,5.46,6.53,5.69,7.73,6.3,7.17,7.77,8.17,9.08,7.05,5.34,7.09
1985-12-31,2.96,3.71,4.45,6.23,4.16,3.73,4.47,5.03,3.57,3.78,4.89,4.21,4.0,3.34,4.52,4.02,4.53,2.45,4.7,4.33,5.3,7.72,3.81,4.07,3.75
1986-01-31,1.51,3.21,2.88,3.65,5.7,-2.22,-0.12,0.77,1.28,3.93,-1.1,0.6,2.27,1.66,3.93,-0.53,1.09,1.74,2.23,4.85,0.23,1.87,-1.23,1.0,2.39
1986-02-28,3.93,6.46,7.17,6.66,7.24,4.96,7.1,8.22,7.14,9.75,7.03,5.02,7.11,9.05,9.14,3.72,6.71,7.0,9.49,7.61,8.15,9.95,6.07,7.95,8.94
1986-03-31,3.81,4.93,4.14,5.4,5.41,2.09,5.3,5.81,7.39,4.52,3.35,5.77,5.86,5.77,5.02,1.25,4.97,5.72,6.54,6.06,-1.0,4.8,4.15,6.3,8.24
1986-04-30,0.12,2.81,1.27,2.15,1.81,0.36,0.95,1.0,0.69,2.37,0.91,1.42,1.29,0.57,1.21,-1.03,-1.31,-1.89,-0.39,-0.41,-2.36,1.37,-1.66,-1.44,-3.15
1986-05-31,2.78,2.51,3.52,3.61,5.18,2.73,3.04,1.82,3.84,5.63,5.3,2.26,4.76,5.08,6.5,3.55,4.11,4.72,5.21,6.06,7.62,2.14,4.61,5.93,8.22
1986-06-30,-1.61,-0.56,1.11,0.56,2.92,-4.62,-1.45,1.06,2.84,2.19,0.48,-1.77,2.42,2.19,2.8,-2.69,-0.52,1.19,1.5,3.61,-3.15,0.79,0.67,3.8,4.66
1986-07-31,-9.88,-7.19,-6.05,-7.51,-8.17,-12.54,-7.3,-8.46,-5.7,-8.72,-11.83,-7.66,-5.34,-7.91,-7.88,-8.62,-6.37,-4.72,-5.52,-8.41,-9.23,-4.24,-4.96,-4.52,-5.34
1986-08-31,1.05,1.89,1.85,0.66,0.42,6.52,2.91,3.6,3.52,2.73,11.04,6.19,5.45,3.66,3.56,12.84,11.88,8.09,4.7,4.31,17.61,9.25,8.07,6.36,4.46
1986-09-30,-6.19,-5.53,-5.31,-5.55,-8.13,-3.98,-5.09,-5.06,-5.95,-8.11,-3.38,-5.41,-5.98,-7.4,-8.01,-3.36,-3.71,-6.78,-9.18,-9.48,1.21,-4.97,-7.73,-10.57,-11.81
1986-10-31,0.66,2.34,2.7,3.02,2.72,1.55,3.84,3.59,3.89,6.05,0.64,2.25,3.48,2.77,5.46,4.31,6.16,5.39,5.95,5.98,3.77,0.86,6.19,7.28,6.76
1986-11-30,-0.8,0.4,0.8,-1.29,-1.27,-1.57,-0.51,0.28,0.08,-1.23,1.06,-0.65,-0.15,-0.81,-0.25,1.65,1.63,1.55,1.42,0.37,-0.71,3.42,2.79,1.66,1.81
1986-12-31,-3.71,-2.5,-1.96,-3.17,-5.09,-3.18,-1.88,-2.54,-1.54,-3.11,-2.96,-1.79,-2.05,-0.93,-3.38,-5.57,-2.47,-3.62,-2.8,-3.97,-4.59,-3.88,-1.93,-2.37,-2.22
1987-01-31,10.12,8.86,10.43,12.05,11.91,12.56,10.57,10.81,10.94,11.22,15.09,11.04,9.18,10.6,14.18,15.4,13.59,10.43,12.61,13.53,8.46,10.31,12.67,13.17,16.02
1987-02-28,8.44,7.49,7.49,6.5,7.65,8.86,5.28,8.09,6.46,8.61,7.99,8.42,6.55,6.44,5.89,6.48,6.84,4.59,4.19,7.12,8.73,5.25,6.37,1.9,2.96
1987-03-31,0.99,2.22,2.82,2.5,3.88,1.88,1.7,2.28,2.99,3.05,0.21,1.44,1.33,1.77,1.85,-2.98,0.81,1.45,1.14,1.89,5.65,-0.68,2.02,1.58,3.63
1987-04-30,-4.19,-2.07,-2.78,-3.13,-0.54,-4.17,-3.48,-2.63,-1.76,-2.23,-1.52,-3.07,-5.0,-2.46,-2.19,-5.71,-4.75,-2.23,-2.04,0.47,-0.76,1.81,-2.55,-3.18,0.41
1987-05-31,-0.25,-0.44,-1.21,-0.54,-0.11,0.29,-0.22,-0.38,-0.68,-0.86,0.75,-1.6,0.35,1.35,-1.04,1.26,0.4,0.78,0.78,1.66,5.82,0.23,-0.21,0.43,1.13
1987-06-30,0.74,2.44,2.24,2.39,1.75,2.25,4.15,3.23,4.53,3.15,4.09,4.13,5.11,2.72,1.7,4.98,3.66,4.86,4.54,2.04,4.45,6.08,4.91,4.8,4.86
1987-07-31,1.94,1.84,2.68,3.45,4.54,2.02,2.32,4.41,2.83,5.07,3.0,3.19,4.24,5.17,4.46,2.08,1.78,3.1,8.21,7.21,2.42,3.17,3.91,6.03,4.33
1987-08-31,0.76,1.5,3.25,2.21,1.19,5.05,3.57,3.58,2.48,3.08,3.35,4.51,5.02,2.48,2.24,5.53,5.22,3.63,2.45,2.62,5.87,5.95,3.07,4.51,4.32
1987-09-30,-3.12,-0.36,-0.81,-1.18,-1.14,-3.96,-2.2,-0.37,-3.17,-0.59,-2.82,-3.2,-3.87,-1.88,-0.64,-2.35,-3.39,-3.47,-2.64,2.75,-1.08,-0.4,-4.88,-2.11,-1.23
1987-10-31,-28.97,-26.65,-28.35,-29.96,-32.44,-27.64,-27.23,-29.39,-30.8,-31.78,-20.66,-23.22,-25.73,-31.44,-31.99,-12.96,-24.19,-24.19,-25.14,-29.33,-13.3,-11.68,-21.22,-20.56,-25.03
1987-11-30,-8.03,-4.21,-3.82,-3.08,-6.21,-5.83,-2.96,-3.27,-4.93,-5.07,-4.36,-5.01,-3.67,-3.87,-5.26,-5.41,-6.54,-5.18,-5.07,-3.67,-3.75,-6.89,-9.1,-9.15,-8.77
1987-12-31,0.23,4.7,3.37,5.17,6.08,4.38,8.34,6.94,8.0,11.41,4.44,5.08,6.31,9.85,15.17,2.5,5.71,8.38,10.93,13.27,5.41,5.78,6.1,6.89,7.13
1988-01-31,10.67,7.77,7.93,4.95,4.3,7.62,6.28,3.69,2.88,1.45,5.37,7.14,5.52,2.77,0.47,9.9,8.88,6.06,4.75,-1.64,7.56,10.97,6.64,4.79,0.89
1988-02-29,7.1,7.18,7.62,4.68,5.47,8.81,9.4,10.51,7.83,7.91,9.68,9.34,5.76,7.23,8.85,11.67,6.17,7.37,6.55,8.12,10.85,4.89,2.73,2.67,6.35
1988-03-31,3.03,4.97,5.3,5.05,5.29,2.55,4.11,1.87,4.14,4.84,1.67,1.12,1.25,1.22,3.44,-3.22,0.91,1.29,0.39,1.21,-3.21,-3.53,-5.72,-3.34,-2.34
1988-04-30,0.02,1.31,2.03,2.82,2.82,1.57,2.57,1.23,1.92,2.89,-0.6,0.74,-0.31,1.18,3.41,0.16,-0.09,-0.25,0.59,1.32,-1.36,1.45,-0.54,1.37,1.78
1988-05-31,-4.64,-2.06,-1.91,-1.45,-1.17,-2.8,-2.63,-2.11,-2.6,-2.1,0.96,-1.63,0.56,-1.14,-1.03,0.28,0.48,-0.59,0.26,-0.98,-0.01,2.23,-0.56,1.38,-0.24
1988-06-30,4.61,6.06,4.73,5.68,6.0,8.19,7.73,6.23,6.78,7.06,8.37,8.28,6.8,6.41,5.65,9.57,7.77,7.18,6.32,6.23,9.73,6.44,3.9,3.22,2.17
1988-07-31,-0.57,-0.45,0.25,1.01,-0.26,-0.77,-1.94,-0.7,-0.78,-0.31,-1.2,-1.81,-1.52,-2.42,-2.06,-6.25,-1.4,-0.24,-1.26,-2.31,-2.37,-1.26,0.01,0.13,-0.03
1988-08-31,-3.35,-2.09,-1.98,-1.22,-1.95,-3.43,-2.18,-1.11,-2.83,-2.88,-2.03,-1.62,-1.52,-1.65,-3.27,-1.18,-2.06,-2.95,-2.05,-2.02,-4.98,-3.71,-2.21,-2.47,-3.24
1988-09-30,0.84,1.88,2.28,2.13,2.08,0.67,2.94,3.0,3.17,3.33,1.51,1.6,3.36,2.22,3.65,0.86,5.13,2.48,3.59,4.02,5.02,5.52,5.11,2.21,4.6
1988-10-31,-2.89,-1.69,-0.88,-0.45,-0.92,-1.79,-0.81,-0.56,-0.86,-0.21,0.06,0.01,-1.54,0.49,0.68,-0.89,0.01,0.3,0.3,1.49,2.57,2.16,2.86,2.43,4.55
1988-11-30,-6.14,-3.68,-2.8,-3.22,-3.25,-3.31,-1.45,-2.54,-2.28,-3.93,-3.35,-2.12,-2.3,-2.44,-1.13,-1.88,-3.24,-3.13,-1.52,-1.36,-0.96,-1.1,-1.94,-1.2,-1.15
1988-12-31,1.26,2.59,2.3,3.32,4.2,4.26,3.28,3.08,4.02,5.2,2.8,2.47,2.46,3.37,4.73,2.27,1.69,2.07,1.67,2.39,3.68,2.04,1.86,0.86,1.3
1989-01-31,4.49,4.86,5.13,5.6,4.78,3.62,4.36,4.54,3.05,5.85,5.44,5.01,3.5,5.19,6.86,6.41,6.13,4.43,6.06,7.88,8.72,7.74,6.21,6.76,7.56
1989-02-28,0.32,0.96,1.03,0.91,0.47,1.89,1.12,-0.08,0.47,1.41,1.05,0.07,0.89,0.31,1.32,-0.27,-0.69,-1.67,0.54,0.1,-3.42,-2.63,-3.02,-2.61,-0.23
1989-03-31,0.16,1.2,3.31,2.68,3.12,0.97,1.01,1.95,2.79,2.9,0.14,1.08,1.23,2.96,5.52,-1.72,0.83,2.08,1.54,2.45,1.73,0.87,1.14,3.93,4.43
1989-04-30,1.53,1.83,1.6,3.34,3.4,4.02,4.19,4.15,4.47,5.61,4.2,4.58,4.47,4.4,6.56,2.88,4.75,5.89,6.09,6.43,6.31,5.09,3.76,5.85,5.75
1989-05-31,1.52,3.3,2.03,3.26,3.57,4.09,2.81,3.16,3.67,4.68,3.94,5.07,5.2,4.36,4.94,5.63,3.6,4.37,4.53,3.2,5.56,1.71,4.92,3.45,6.12
1989-06-30,-2.63,-0.27,-0.91,0.6,-1.6,-3.44,-1.4,-0.56,0.04,-2.47,-4.13,1.03,-0.43,-0.34,-3.38,-1.44,0.2,-1.04,-1.12,0.77,-4.93,0.49,-0.98,-0.34,0.13
1989-07-31,0.8,2.22,3.38,2.87,5.31,0.67,4.06,4.17,3.11,7.4,-0.28,4.83,5.07,4.34,7.17,5.26,7.25,6.9,9.47,8.22,3.18,6.32,7.8,9.21,12.02
1989-08-31,0.8,1.51,2.46,2.35,2.91,1.68,3.49,4.4,2.48,4.26,2.27,3.03,2.56,3.31,4.25,5.59,3.78,2.84,2.81,3.81,3.02,3.05,3.2,0.58,0.53
1989-09-30,-1.91,-0.35,1.44,-0.02,1.98,-0.25,1.38,-0.53,2.38,0.76,-2.05,-1.83,0.52,-0.18,1.56,-2.47,-3.06,-1.35,-2.04,1.41,-1.57,-2.9,-0.5,-0.21,2.44
1989-10-31,-8.07,-3.81,-6.26,-5.18,-5.47,-6.65,-5.5,-5.23,-5.31,-6.39,-8.18,-4.75,-3.16,-4.92,-5.34,-7.28,-3.24,-3.92,-4.72,-5.58,-16.52,-2.67,-2.1,-1.06,-2.3
1989-11-30,-2.86,-1.0,-1.4,1.14,0.41,-1.71,-0.31,0.97,2.63,1.47,0.72,0.25,0.99,1.45,3.16,-0.86,1.2,1.06,2.97,1.63,-2.7,-0.71,2.59,3.32,2.01
1989-12-31,-3.84,-1.29,-1.07,0.08,-0.21,-0.33,-1.37,0.32,1.31,1.27,1.53,0.5,0.35,1.22,-0.01,-0.43,1.27,2.37,2.16,1.95,-1.88,0.87,2.43,4.24,1.11
1990-01-31,-7.29,-4.85,-5.37,-7.61,-8.29,-8.7,-6.67,-7.31,-7.55,-11.41,-15.1,-8.08,-7.54,-7.46,-9.65,-7.06,-7.8,-6.51,-7.0,-9.78,0.09,-3.58,-6.51,-6.18,-9.31
1990-02-28,1.4,0.23,0.32,3.09,3.35,4.9,1.24,3.83,2.58,5.23,4.17,3.44,2.35,0.38,3.36,4.57,0.78,1.76,1.53,2.58,4.42,3.43,1.1,0.96,1.03
1990-03-31,1.26,2.35,1.22,3.14,4.09,2.62,3.43,3.6,3.39,5.28,2.24,2.9,1.4,2.61,4.95,3.82,2.93,1.61,1.95,3.63,-2.36,2.61,0.31,2.02,3.32
1990-04-30,-4.43,-3.53,-3.04,-3.13,-0.52,-6.05,-1.9,-2.68,-3.7,-2.31,-5.88,-4.04,-4.15,-4.2,-3.06,-6.52,-5.61,-4.03,-4.44,-3.12,-6.19,-3.12,-1.9,-2.16,-1.8
1990-05-31,3.38,1.51,2.2,4.91,7.97,2.67,4.24,5.55,6.73,12.19,9.9,7.76,5.84,6.9,11.8,9.08,9.6,9.12,7.54,11.07,10.8,8.73,9.12,9.45,9.98
1990-06-30,-2.06,-0.48,1.99,1.13,2.69,2.79,-1.43,1.18,0.05,0.78,-2.81,-0.33,0.33,-0.37,-0.53,-7.43,-2.96,-0.76,0.37,0.5,-5.31,-2.17,-1.74,-1.7,1.64
1990-07-31,-6.61,-3.98,-2.86,-3.52,-3.58,-7.67,-4.87,-2.83,-1.88,-4.2,-8.72,-6.42,-2.13,-2.69,-1.28,-9.74,-4.32,-1.07,-0.94,-1.89,-9.31,-4.92,-1.51,0.01,0.75
1990-08-31,-14.73,-12.48,-10.57,-12.93,-12.76,-18.2,-12.0,-9.34,-11.5,-14.7,-12.99,-10.52,-10.74,-10.22,-12.65,-12.58,-11.02,-10.04,-9.53,-9.46,-11.6,-10.17,-9.11,-8.23,-8.41
1990-09-30,-12.56,-9.24,-7.02,-7.31,-8.3,-15.65,-9.83,-8.32,-6.21,-10.21,-14.33,-12.38,-7.83,-2.39,-8.0,-15.55,-9.46,-7.93,-4.42,-6.31,-9.29,-8.22,-2.85,-2.96,-4.67
1990-10-31,-11.61,-6.29,-5.49,-2.73,-4.17,-12.67,-7.24,-3.88,-3.97,-4.79,-11.83,-3.63,-4.01,-2.56,-4.39,-10.64,-7.36,-3.72,0.15,-1.46,-3.92,-3.57,0.53,1.22,0.18
1990-11-30,4.41,3.3,2.07,3.73,5.48,14.38,8.12,6.17,5.42,8.55,13.76,8.71,9.9,7.05,8.87,18.35,14.63,11.93,7.81,6.84,12.86,8.38,6.92,5.97,5.06
1990-12-31,-5.94,-0.87,2.72,-0.36,1.86,0.54,5.85,4.76,4.46,5.66,2.86,7.93,5.67,5.0,6.14,4.41,5.9,6.21,4.59,0.69,2.08,3.85,4.88,2.9,1.8
1991-01-31,13.27,8.62,6.01,4.61,7.74,13.28,7.73,7.05,6.04,9.86,7.42,9.28,5.88,6.53,10.09,12.71,10.58,5.68,3.68,6.17,15.55,12.03,5.86,1.83,3.76
1991-02-28,19.1,11.07,10.52,9.93,13.32,16.23,11.32,11.09,8.84,10.1,16.67,10.28,10.15,7.51,9.84,16.59,10.51,9.01,7.28,8.2,15.75,5.82,6.52,5.79,7.45
1991-03-31,8.67,5.31,6.76,7.34,13.24,5.18,5.0,4.66,7.66,9.81,6.34,1.45,2.61,3.18,8.75,5.38,0.5,2.74,3.03,6.49,1.83,0.69,1.26,2.52,3.42
1991-04-30,1.2,2.24,1.98,1.58,2.69,-2.63,-0.97,1.29,1.58,-0.62,0.74,1.49,2.53,1.29,0.09,5.81,2.11,0.4,1.56,-1.76,1.4,2.85,0.51,0.54,-1.19
1991-05-31,0.87,3.17,3.26,3.61,5.13,0.78,3.29,5.59,2.75,6.26,4.86,5.47,2.8,2.68,5.69,8.21,4.9,5.7,4.47,4.56,8.86,5.13,3.9,3.29,3.72
1991-06-30,-5.18,-2.88,-2.97,-3.34,-4.79,-2.56,-4.52,-2.16,-4.63,-6.33,-3.98,-4.43,-3.94,-2.43,-5.79,-5.88,-6.95,-4.02,-3.32,-4.64,-6.52,-5.32,-5.05,-4.43,-3.51
1991-07-31,1.24,1.85,2.91,2.95,6.09,0.38,1.47,2.83,4.66,6.38,3.59,3.41,3.4,4.86,8.4,5.67,3.48,3.6,4.83,6.29,3.39,3.04,3.39,4.07,8.05
1991-08-31,1.81,1.74,2.24,2.92,4.81,1.9,1.31,3.06,3.52,6.08,6.22,2.01,3.51,3.61,6.64,7.1,2.39,1.56,1.56,2.05,5.48,1.07,2.1,2.19,4.58
1991-09-30,-1.43,2.2,0.38,0.26,3.48,-2.44,-0.82,0.61,1.83,2.53,-3.58,-1.83,0.08,-1.45,1.87,-1.48,-1.46,-0.61,-0.06,-0.68,-5.49,-1.13,-0.74,-2.54,-1.08
1991-10-31,0.55,1.27,1.8,2.73,5.8,1.61,0.61,0.68,1.71,4.45,0.37,-0.27,2.71,2.78,2.86,-1.0,1.68,1.14,2.59,3.57,-2.1,1.39,1.05,2.96,1.83
1991-11-30,-4.27,-1.07,-1.21,-3.02,-2.2,-7.3,-4.13,-2.98,-2.9,-4.99,-6.81,-4.15,-3.56,-2.5,-7.96,-5.94,-3.21,-2.03,-3.71,-4.1,-5.98,-4.13,-2.57,-1.78,-5.59
1991-12-31,-2.16,1.41,1.2,4.73,7.39,2.7,6.62,5.64,8.2,11.87,7.06,8.65,9.04,7.86,14.36,5.29,7.97,9.64,11.72,15.48,3.95,9.72,10.04,15.58,18.51
1992-01-31,19.61,12.47,11.28,11.3,15.43,7.94,9.54,5.11,7.2,8.98,5.42,4.12,5.37,7.27,4.5,1.93,2.13,1.89,0.94,2.08,0.4,0.74,-2.79,-4.26,-4.59
1992-02-29,4.4,5.86,6.24,5.92,4.58,2.83,3.9,2.67,2.31,1.53,4.08,2.84,1.82,3.31,4.32,4.02,3.13,2.87,1.67,0.15,4.35,0.93,0.23,0.87,1.03
1992-03-31,-3.05,-1.22,0.22,-0.3,-2.46,-4.98,-3.1,-1.14,-2.77,-5.56,-4.11,-2.94,-1.09,-1.12,-3.09,-1.58,-1.88,-2.96,-4.02,-2.14,-2.94,-1.58,-1.57,-1.65,-3.39
1992-04-30,-5.56,-2.09,-3.05,-3.93,-5.37,-2.36,-4.14,-4.24,-3.59,-4.46,-0.67,-0.75,0.7,-0.56,-2.48,3.46,-0.32,0.19,1.17,-2.26,7.7,4.06,3.37,0.83,-0.38
1992-05-31,0.0,-0.38,0.08,1.39,0.36,4.1,0.29,2.28,1.34,-0.29,3.41,-0.1,-0.56,1.43,0.11,2.73,1.17,1.46,-0.7,0.37,1.79,-0.61,-0.01,1.18,2.83
1992-06-30,-6.97,-4.34,-3.98,-4.47,-4.37,-6.68,-5.24,-3.52,-1.75,-4.16,-1.66,-2.35,-1.45,-1.74,-4.49,-4.9,-2.37,-0.81,-1.9,-1.46,-2.99,-0.65,-0.45,-1.77,-5.17
1992-07-31,0.2,1.4,1.73,3.07,3.74,1.95,4.55,2.52,3.86,3.73,3.05,2.1,4.63,5.62,5.75,4.55,3.86,3.21,4.59,4.76,5.32,3.17,4.76,4.39,3.71
1992-08-31,-3.75,-2.91,-0.93,-1.86,-3.52,-3.02,-1.45,-1.9,-0.73,-3.5,-2.16,-2.96,-2.2,-1.69,-4.53,-1.35,-1.6,-0.87,-2.11,-3.89,-2.57,-0.84,-1.14,-3.55,-2.72
1992-09-30,-0.38,-0.04,2.04,1.59,1.6,0.86,0.27,3.18,1.98,4.36,3.01,0.36,2.47,1.61,3.99,-1.96,1.54,1.04,1.75,2.02,-0.29,1.43,1.52,0.63,3.18
1992-10-31,1.06,0.86,3.48,2.3,3.82,3.34,2.47,2.92,2.79,3.93,2.84,3.2,2.53,3.37,3.87,4.09,1.17,2.75,2.83,4.43,0.43,-1.18,0.21,0.12,3.16
1992-11-30,9.85,6.74,6.43,7.29,9.11,11.32,6.49,5.85,6.18,7.92,6.04,6.88,6.38,4.28,8.0,8.15,4.52,3.58,4.2,5.67,1.28,3.62,2.35,4.37,4.62
1992-12-31,1.26,2.85,3.25,4.42,6.48,-1.05,2.21,3.99,4.79,5.52,2.11,1.74,2.54,5.45,5.44,1.29,1.04,1.89,3.32,5.06,-5.25,0.84,2.22,1.36,2.48
1993-01-31,4.19,5.97,6.55,6.49,8.13,0.78,1.7,1.86,4.52,4.62,-1.65,-0.62,2.57,3.8,2.92,-0.38,2.08,0.71,2.91,3.57,-4.21,-1.26,0.4,1.78,6.88
1993-02-28,-4.97,-2.71,-1.7,0.53,-0.65,-6.84,-4.18,-0.58,0.03,-1.36,-4.09,-1.58,-0.81,-0.17,-1.52,-2.58,0.07,0.05,0.72,0.48,-0.02,-3.59,2.5,1.51,2.23
1993-03-31,0.27,2.55,3.05,4.68,4.91,0.68,0.23,1.76,3.59,4.69,-0.84,1.05,3.9,2.63,7.15,3.35,3.8,3.4,3.06,6.26,-0.55,0.55,2.85,2.11,3.81
1993-04-30,-3.86,-2.05,-3.23,-1.07,-2.25,-4.8,-2.81,-1.65,-1.75,-2.83,-4.16,-2.03,-2.59,-2.9,-3.96,-2.05,-2.1,-3.36,-1.16,-2.69,0.92,-4.71,-1.98,-2.74,-4.05
1993-05-31,5.25,3.02,2.89,3.86,2.96,6.85,5.18,3.89,4.61,4.32,6.37,3.88,3.32,3.19,4.28,4.54,4.03,3.03,1.18,6.18,3.51,2.48,1.13,3.05,6.0
1993-06-30,-2.17,0.12,1.57,1.65,2.01,-1.9,1.09,-0.51,1.0,1.79,-3.01,-1.6,-0.1,2.73,2.43,-1.9,-0.01,0.93,2.09,2.5,-4.17,-1.95,0.1,3.36,3.93
1993-07-31,-0.52,1.43,1.57,2.68,2.27,-0.21,0.16,1.62,2.33,2.04,-0.79,-1.07,1.38,1.6,0.74,-3.24,1.01,0.37,-0.45,0.9,-3.65,-1.25,-0.23,1.34,0.98
1993-08-31,3.03,2.98,3.78,3.99,5.75,3.31,3.17,3.34,3.01,7.05,2.86,2.29,2.96,4.26,7.5,3.59,3.69,3.08,4.16,7.9,4.3,3.26,3.09,3.37,5.23
1993-09-30,1.07,1.71,3.11,3.41,4.01,0.73,2.5,1.51,3.31,5.48,-1.43,0.69,0.92,3.01,4.41,-2.4,-0.74,-1.35,1.45,2.69,-2.53,-1.58,0.31,-0.09,1.86
1993-10-31,5.34,5.05,3.48,4.11,5.02,4.57,1.77,1.78,3.16,3.25,4.56,1.54,0.3,0.89,0.09,4.98,0.88,-0.25,0.47,-1.07,6.15,2.22,-1.02,0.84,0.72
1993-11-30,-2.14,-2.85,-2.25,-2.51,-3.99,-0.71,-1.82,-2.53,-2.96,-4.6,2.02,0.31,-3.01,-2.82,-6.82,1.76,-1.39,-3.52,-2.97,-4.23,4.34,-0.35,-2.57,-2.64,-4.14
1993-12-31,-1.59,1.06,0.96,2.34,1.49,2.02,2.33,4.21,2.57,4.89,2.94,4.94,3.74,4.55,5.86,1.22,4.28,3.17,4.5,5.63,-1.34,1.13,2.29,1.59,1.28
1994-01-31,4.72,3.3,4.56,3.94,5.45,2.18,2.9,1.58,3.21,2.77,4.86,2.93,2.05,1.27,2.94,6.73,3.11,1.72,2.57,0.73,4.65,1.39,2.9,3.61,5.11
1994-02-28,-0.7,-0.71,-0.11,-0.37,-0.88,-1.03,0.23,0.08,0.5,-2.45,-1.05,-0.62,-0.23,-0.91,0.87,0.65,-1.35,-3.11,-0.85,-1.18,-2.27,-3.88,-2.34,-3.21,-2.9
1994-03-31,-4.51,-3.51,-4.79,-4.15,-5.47,-4.67,-4.9,-4.59,-6.0,-7.38,-4.06,-3.51,-4.33,-5.25,-6.08,-4.64,-2.97,-4.98,-5.32,-4.8,-4.28,-3.63,-3.85,-4.99,-4.97
1994-04-30,-4.54,-1.3,-0.68,0.36,-0.01,-0.1,-0.86,-0.16,0.28,0.58,-0.73,0.29,0.49,-0.86,0.37,0.36,1.55,1.03,1.95,1.27,0.34,2.35,1.94,0.73,-1.15
1994-05-31,-0.14,0.66,0.31,0.36,-1.0,0.11,0.74,0.43,-2.66,-3.33,1.65,0.13,-0.28,-2.13,-2.31,0.18,-1.16,-0.86,1.05,-1.48,2.26,2.13,1.43,1.67,0.54
1994-06-30,-4.54,-2.52,-0.85,-2.6,-2.7,-4.6,-1.66,-0.98,-2.16,-4.3,-1.96,0.04,-0.7,-2.64,-6.03,-2.74,-2.82,-2.99,-2.19,-3.67,-1.55,-1.85,-3.44,-1.66,-5.14
1994-07-31,-0.43,0.0,0.34,1.41,1.71,1.25,2.76,1.52,1.86,2.57,1.81,2.49,2.88,2.77,3.69,4.99,3.86,2.65,3.59,1.81,4.43,2.68,4.15,2.89,2.12
1994-08-31,3.91,3.02,3.52,3.73,3.84,7.26,4.99,4.23,6.73,6.03,7.05,4.42,5.75,5.48,8.29,5.78,4.49,5.04,4.17,6.41,4.25,2.38,2.72,4.97,6.87
1994-09-30,1.09,0.23,1.09,1.5,2.05,-0.47,-0.35,-0.59,-0.03,1.31,-3.47,-2.22,-2.04,0.18,0.65,-2.98,-2.56,-2.3,-2.74,0.59,-2.01,-2.99,-1.79,-2.76,-2.18
1994-10-31,-1.5,-0.81,-0.76,0.96,2.37,-1.04,-1.73,-0.96,-1.58,2.03,1.45,-1.03,-0.5,1.06,2.07,0.74,2.48,-0.25,-0.46,0.81,2.19,2.59,2.93,1.14,2.96
1994-11-30,-4.94,-3.88,-4.02,-3.26,-3.11,-4.12,-3.46,-3.8,-3.65,-3.5,-5.67,-4.28,-3.31,-3.79,-4.3,-3.3,-3.25,-4.93,-4.93,-5.64,-1.86,-2.88,-4.11,-2.56,-4.78
1994-12-31,-5.6,-1.26,-0.55,0.3,1.22,-2.3,1.48,3.31,2.95,4.93,0.86,1.57,2.13,2.19,4.44,-0.14,0.47,0.7,1.71,1.7,-1.12,0.17,2.53,0.97,1.77
1995-01-31,4.06,3.12,1.58,2.2,1.54,-0.77,0.11,-1.95,0.23,-1.02,0.43,-0.1,-0.41,0.18,-3.97,2.78,3.36,2.7,0.84,-0.28,1.77,4.33,2.78,3.95,0.52
1995-02-28,2.75,3.39,3.02,3.22,3.33,2.78,3.94,3.6,3.32,3.91,5.51,5.52,4.23,4.0,6.22,4.08,5.57,4.11,4.6,5.97,5.38,5.23,3.9,3.37,2.82
1995-03-31,0.18,1.69,1.66,2.06,2.92,3.91,2.0,1.52,2.08,3.35,-1.63,5.24,0.35,0.54,4.82,4.64,2.12,3.21,2.01,3.53,3.63,3.43,2.11,2.69,2.82
1995-04-30,2.11,2.02,2.62,2.96,3.71,3.37,1.23,3.48,3.31,2.71,0.4,3.81,0.57,0.04,0.81,3.14,-0.02,2.84,0.52,2.28,-0.43,0.29,2.21,3.38,4.23
1995-05-31,1.74,1.81,1.6,2.98,2.89,1.63,1.46,1.74,2.16,1.81,2.56,3.34,3.39,0.05,0.57,2.22,3.87,3.69,2.11,0.34,6.1,4.42,3.87,4.27,3.46
1995-06-30,4.22,5.63,4.52,5.11,8.76,4.37,2.92,3.03,3.96,8.78,4.0,0.98,2.79,2.96,8.45,6.43,2.04,2.61,2.08,8.67,1.95,2.71,0.75,1.47,4.82
1995-07-31,5.24,4.7,4.66,6.37,7.25,4.66,2.67,5.99,5.27,10.23,4.0,3.3,3.28,6.5,9.4,4.7,3.13,3.58,4.47,9.76,5.26,2.89,3.44,2.35,4.41
1995-08-31,3.24,3.81,4.69,4.95,5.44,0.43,2.47,2.42,3.22,2.15,1.35,2.26,3.94,1.34,1.29,0.43,1.34,1.92,1.09,1.78,-2.73,2.39,0.61,0.43,0.2
1995-09-30,0.87,1.8,2.55,2.2,4.34,-0.76,1.7,2.02,1.63,2.77,-2.0,1.56,2.37,1.73,3.18,-1.59,1.25,3.02,3.18,3.37,4.54,4.66,3.49,4.84,4.83
1995-10-31,-9.12,-3.39,-1.14,-4.3,-4.05,-9.68,-5.26,-4.53,-4.3,-5.52,-5.47,-4.73,-2.63,-2.07,-2.41,-6.31,-3.3,-1.26,-1.38,-1.49,-6.45,-3.45,-0.6,0.85,1.3
1995-11-30,-0.53,1.79,2.24,2.24,2.31,2.96,2.91,5.56,3.62,4.96,6.49,4.31,2.83,5.4,5.53,6.69,5.33,5.67,4.49,2.46,11.92,5.99,4.68,4.8,2.36
1995-12-31,-2.15,1.02,1.89,3.11,3.12,-0.94,2.2,4.08,4.1,4.03,1.94,1.43,3.23,2.96,0.79,-1.58,1.25,2.04,0.79,-0.61,-1.8,1.75,2.53,2.0,1.0
1996-01-31,1.93,0.42,1.78,1.65,0.44,0.77,2.41,0.82,-0.42,-0.14,-2.14,0.0,-0.34,-0.52,0.42,3.21,3.09,2.21,1.41,0.7,1.43,0.64,1.5,4.2,4.59
1996-02-29,2.76,3.05,1.78,3.19,3.83,4.58,3.93,2.83,2.54,4.05,4.87,2.91,2.3,0.99,4.86,2.98,1.84,1.18,1.9,3.2,1.65,0.59,1.24,0.43,3.01
1996-03-31,3.3,2.62,2.41,2.49,2.66,3.34,1.16,0.78,3.98,1.93,2.03,1.77,1.36,2.49,3.07,1.43,2.29,1.22,1.81,2.8,5.81,3.08,0.97,0.95,-0.73
1996-04-30,8.33,5.12,4.22,5.54,10.44,7.2,4.85,4.2,3.88,8.47,7.48,2.26,1.11,3.62,9.0,5.22,4.04,2.19,0.42,5.77,4.1,4.58,0.27,1.14,0.82
1996-05-31,7.25,5.76,5.65,5.53,9.13,4.59,2.48,3.19,4.43,7.38,2.64,1.61,0.83,3.73,3.34,-1.7,0.74,1.55,1.62,4.26,1.21,3.7,1.47,3.1,2.75
1996-06-30,-6.64,-3.16,-2.67,-3.18,-5.88,-3.48,-1.87,-2.95,-2.94,-4.54,-5.24,-1.31,-0.65,-0.81,-5.13,-5.26,0.23,-2.1,-0.62,-4.63,-2.93,0.15,-0.48,2.03,-1.15
1996-07-31,-8.95,-4.72,-5.68,-5.59,-11.42,-9.45,-7.57,-8.29,-7.52,-12.04,-8.2,-5.53,-6.66,-6.87,-10.37,-9.48,-5.24,-4.05,-6.54,-6.61,-9.28,-3.64,-4.47,-3.37,-5.52
1996-08-31,3.33,3.8,2.8,4.44,5.68,4.27,5.63,5.08,5.47,7.85,5.79,6.02,4.78,5.29,8.02,6.76,4.15,5.46,4.75,4.97,3.16,3.32,2.85,1.9,1.47
1996-09-30,1.02,2.1,2.11,3.22,3.66,3.43,2.91,4.71,3.72,6.12,2.66,3.35,3.45,2.77,7.32,4.96,5.49,4.23,3.36,6.49,4.6,4.57,3.72,5.84,7.43
1996-10-31,-5.21,-0.4,-0.57,1.03,-1.42,-3.41,-0.89,-0.23,-1.05,-1.7,-4.49,0.04,1.33,-0.56,-4.11,-3.93,0.4,1.75,-0.51,0.64,-7.93,2.11,3.49,3.81,2.78
1996-11-30,2.39,3.03,2.31,3.42,1.98,6.28,3.23,4.18,2.8,1.52,7.96,3.1,5.55,6.75,1.31,10.65,4.56,6.48,6.24,3.55,13.13,7.03,6.66,8.74,5.76
1996-12-31,-3.25,2.28,2.33,2.71,2.91,-0.19,3.52,3.87,4.04,2.57,0.44,1.82,2.25,1.7,2.32,-1.66,-0.93,0.04,0.76,-0.88,1.33,-0.22,-1.11,-3.17,-2.51
1997-01-31,6.86,6.43,4.75,4.05,4.88,3.34,1.14,2.12,1.55,2.46,4.51,3.83,1.58,0.94,1.62,1.93,2.15,3.3,3.43,4.28,0.32,4.16,3.53,7.66,8.96
1997-02-28,-4.0,0.05,0.9,0.21,-2.35,-3.38,0.06,-0.04,-0.29,-6.8,-2.05,-0.26,-0.25,1.52,-5.71,0.49,0.61,0.94,0.38,-5.03,0.0,1.45,1.28,1.97,-3.97
1997-03-31,-7.76,-3.76,-3.02,-3.39,-4.75,-8.46,-3.13,-4.31,-3.48,-4.81,-6.47,-3.19,-4.27,-4.63,-5.71,-4.38,-4.74,-3.87,-5.01,-2.99,-4.5,-4.92,-2.28,-4.14,-6.11
1997-04-30,-5.85,-4.09,-1.94,-2.23,-2.37,-2.88,-2.3,1.66,-0.85,-0.54,-0.08,2.35,0.65,-0.28,1.71,-2.41,0.77,2.94,2.81,3.48,4.0,1.01,3.02,7.77,9.36
1997-05-31,13.05,8.73,8.37,9.89,8.32,20.77,14.03,8.95,11.68,13.43,17.33,10.05,8.22,9.26,9.9,10.79,7.43,6.5,5.9,7.6,13.72,7.87,6.02,6.34,4.87
1997-06-30,1.0,5.95,7.16,8.16,8.16,5.06,6.06,6.42,6.59,9.25,4.89,3.93,3.48,5.27,6.0,3.08,3.25,2.56,4.3,4.45,-2.33,4.92,3.15,3.95,5.27
1997-07-31,4.54,5.58,5.6,5.37,7.73,3.9,5.04,3.51,4.04,8.48,2.13,5.49,5.66,7.48,7.96,4.28,5.68,6.25,6.8,11.04,5.46,7.62,6.99,6.32,11.09
1997-08-31,4.49,3.29,3.22,5.15,4.94,3.44,4.65,1.58,2.71,4.03,2.66,1.34,1.88,0.57,1.99,2.95,-0.9,-1.09,-1.42,1.39,-1.37,-3.65,-3.95,-6.74,-6.53
1997-09-30,9.02,8.79,9.43,9.05,10.4,8.02,7.11,7.92,9.12,9.95,5.61,6.26,7.05,7.27,9.25,2.49,4.54,4.38,6.06,8.18,5.95,4.24,5.98,4.55,6.08
1997-10-31,-4.67,-1.86,-1.37,-0.11,-2.29,-5.82,-2.05,-2.44,-1.2,-5.18,-3.36,-5.28,-4.45,-2.7,-7.69,-5.42,-4.46,-4.43,-3.68,-3.99,-5.97,-1.22,-2.47,-2.85,-4.5
1997-11-30,-5.51,-1.2,-0.59,0.42,-0.89,-2.32,-0.96,-0.6,-0.16,-0.9,-3.52,0.41,0.66,-0.05,-1.82,2.14,3.39,2.4,2.41,-0.71,3.15,6.68,4.58,5.02,2.6
1997-12-31,-9.1,-2.62,0.03,2.15,0.63,-2.95,0.24,3.12,2.5,2.02,-3.38,1.64,1.31,5.55,1.06,-2.69,2.57,2.3,3.9,3.45,1.44,2.55,1.2,4.06,0.65
1998-01-31,1.44,-0.05,-2.14,-2.06,-0.46,-0.16,-1.56,-2.11,-0.39,-1.92,0.36,-1.43,-1.76,-1.41,-2.46,-1.67,-0.29,-0.93,-0.29,-1.72,-0.22,-1.08,0.4,1.08,2.94
1998-02-28,7.44,6.42,5.3,5.37,5.65,9.63,7.34,9.0,6.95,7.78,8.84,8.49,7.96,8.2,8.36,9.21,8.78,7.95,6.62,8.83,8.43,7.88,8.07,5.5,7.24
1998-03-31,3.36,3.6,5.25,5.12,5.74,4.5,3.09,5.59,5.0,6.0,3.19,5.25,4.99,3.44,5.68,1.25,5.54,4.28,4.28,5.01,4.02,3.69,5.51,5.84,6.05
1998-04-30,2.76,2.5,2.17,2.37,3.49,1.96,2.46,0.01,1.65,1.28,1.28,-0.05,0.18,0.39,1.4,2.34,-0.41,0.27,0.49,0.56,0.18,0.34,0.39,1.02,2.88
1998-05-31,-7.28,-3.75,-4.06,-3.82,-4.85,-7.59,-5.21,-3.83,-3.36,-5.33,-6.96,-5.74,-4.86,-5.55,-7.45,-5.85,-3.42,-3.9,-3.16,-4.31,-5.19,-2.17,-1.46,-2.09,-0.31
1998-06-30,-6.62,-4.08,-3.14,-1.31,-0.9,-5.3,-2.76,-0.76,1.34,4.42,-5.35,-2.76,0.09,1.98,4.66,-4.7,-4.28,0.7,2.37,6.26,0.4,1.97,2.34,6.38,8.22
1998-07-31,-9.36,-7.09,-5.32,-4.8,-3.99,-11.47,-9.04,-6.52,-6.18,-5.92,-9.58,-7.2,-9.21,-6.06,-6.94,-8.32,-5.99,-6.51,-5.96,-2.58,-3.11,0.69,-3.49,-0.31,1.68
1998-08-31,-24.91,-19.62,-18.36,-17.66,-22.17,-25.71,-19.92,-17.31,-16.19,-21.56,-23.34,-21.17,-15.0,-17.06,-21.3,-23.62,-17.55,-16.42,-14.88,-19.45,-16.25,-11.51,-16.92,-13.7,-14.66
1998-09-30,5.07,3.93,3.94,2.31,6.69,5.24,6.99,3.56,6.84,12.62,10.27,3.6,5.02,5.31,8.96,10.91,5.67,5.43,5.99,9.17,12.77,11.33,6.89,5.56,6.11
1998-10-31,5.53,2.64,2.31,0.78,1.92,10.95,3.38,4.79,3.11,1.56,12.06,6.62,4.31,1.5,3.96,17.15,11.68,6.07,7.61,1.57,11.64,9.5,8.02,9.9,6.07
1998-11-30,9.4,8.21,6.68,5.15,8.83,4.36,7.69,4.12,6.81,7.31,0.72,6.48,6.16,5.5,7.52,-1.7,5.13,5.03,5.13,5.69,6.2,9.79,6.73,5.41,6.57
1998-12-31,-1.64,0.48,2.14,3.39,6.34,0.97,3.74,5.97,5.42,9.23,2.77,4.01,6.16,6.03,10.99,0.27,1.95,3.36,5.76,11.19,-1.81,-5.45,1.03,3.94,10.02
1999-01-31,8.86,5.94,3.57,3.11,7.11,2.33,-1.07,0.05,-3.8,1.47,2.23,-2.61,-4.23,-2.62,5.01,-3.45,-3.79,-3.14,-1.37,4.91,0.69,-0.81,2.07,1.53,6.24
1999-02-28,-7.84,-6.01,-2.86,-4.67,-4.85,-9.18,-7.56,-7.75,-9.2,-7.28,-7.33,-8.14,-8.9,-7.13,-7.63,-2.65,-0.94,-3.51,-5.61,-6.2,-6.13,-1.16,-0.65,-1.73,-4.63
1999-03-31,-1.45,-5.4,-4.09,-4.42,-1.98,4.11,-2.95,-3.12,-1.91,-0.42,11.19,-1.42,-0.95,-0.29,3.08,10.0,0.52,-1.34,-0.34,5.45,3.07,7.11,1.83,3.09,4.8
1999-04-30,13.68,8.46,6.78,6.91,13.1,14.6,11.67,7.29,4.6,11.57,16.83,8.89,6.09,6.4,3.15,17.29,15.38,12.4,7.53,4.8,11.0,13.68,11.14,9.0,0.2
1999-05-31,4.6,3.95,2.7,3.11,2.14,8.16,3.96,3.22,2.62,2.92,5.51,3.91,3.38,2.23,2.46,6.21,-0.02,0.37,0.88,0.13,3.21,2.37,-0.85,-1.39,-3.53
1999-06-30,0.69,3.67,4.94,5.64,4.57,6.01,5.16,5.61,7.43,13.93,6.15,5.7,4.95,5.53,9.84,-0.08,3.09,1.58,3.85,7.44,4.77,-1.51,-0.93,1.53,7.19
1999-07-31,0.59,1.97,1.7,3.08,2.32,-4.2,-1.24,-2.06,0.74,-0.9,-5.13,-3.23,-1.35,-0.74,-0.92,-5.21,-0.89,-3.05,-1.72,0.08,-10.2,-4.33,-3.56,-4.93,-2.14
1999-08-31,-4.41,-2.97,-2.24,-2.58,-1.58,-6.45,-4.57,-4.09,-2.41,-2.14,-8.64,-3.78,-3.68,-4.31,-1.52,-5.4,-6.8,-4.54,-4.2,0.0,-2.6,-1.38,-0.86,-0.35,-0.16
1999-09-30,-3.72,-1.62,-2.45,-2.46,1.9,-3.84,-0.58,0.2,-2.19,1.53,-2.85,-2.62,-2.35,-1.33,3.49,-5.89,-5.79,-4.27,0.02,0.06,-6.29,-10.14,-5.49,-0.99,-0.79
1999-10-31,-5.7,-2.58,-1.48,-1.28,1.12,-5.23,-3.1,0.78,-2.08,2.8,-2.19,-0.94,-0.89,0.55,3.77,-0.48,1.76,3.48,1.06,7.95,2.28,4.43,8.15,7.85,7.05
1999-11-30,9.13,3.77,4.88,8.29,18.11,3.99,4.42,2.15,6.46,12.84,8.5,2.02,-0.57,4.8,10.39,2.66,-0.79,-1.05,1.04,9.63,3.91,-2.09,-2.02,0.0,6.55
1999-12-31,6.77,2.57,4.58,6.48,19.91,7.0,0.87,4.62,9.68,17.58,9.73,4.31,0.74,1.59,18.48,2.69,0.94,0.28,7.49,15.71,-3.1,-5.81,-3.36,-1.26,15.21
2000-01-31,9.37,3.46,4.87,4.96,12.43,-1.51,-6.25,-3.88,-2.44,3.46,-6.3,-7.61,-2.92,-5.35,0.75,-5.46,-4.04,-5.98,-6.17,-2.27,-4.19,-4.7,-0.85,-2.42,-6.44
2000-02-29,8.88,5.17,4.68,16.39,31.58,8.31,2.84,5.2,9.48,28.89,-0.5,-0.27,0.24,1.85,25.79,-3.9,-7.24,-5.06,-3.48,24.2,-9.57,-8.98,-9.09,-5.16,8.7
2000-03-31,-1.46,-2.45,-0.56,-0.15,1.0,0.76,0.84,0.7,0.45,-3.03,12.46,12.48,6.45,8.45,-2.81,11.94,13.95,14.54,12.48,-6.52,14.92,11.68,11.16,9.16,5.77
2000-04-30,-12.04,-3.9,-3.39,-3.79,-17.54,-4.74,2.19,1.4,-2.02,-16.39,-2.46,-1.37,0.26,-0.08,-14.52,-1.16,0.69,2.18,-2.08,-6.88,0.75,3.81,-2.52,-6.34,-7.35
2000-05-31,-9.43,-5.69,-3.13,-4.2,-11.21,-2.51,-4.08,-1.53,-1.09,-10.77,1.14,2.09,-0.59,-1.04,-7.48,1.85,4.11,1.13,0.95,-5.64,6.42,5.72,0.78,-0.73,-8.72
2000-06-30,1.41,2.57,1.4,5.15,18.73,4.95,3.44,2.69,5.76,30.14,-0.77,0.37,1.18,0.25,16.95,-6.14,-6.01,-3.91,-2.38,12.53,-9.15,-4.21,2.49,-0.27,8.69
2000-07-31,-0.9,-0.64,-0.57,1.45,-4.18,0.15,0.3,1.75,0.95,-7.75,0.4,3.65,0.77,4.86,-8.96,-3.34,0.75,1.35,3.63,-7.03,-0.48,-4.43,-2.95,0.16,-1.38
2000-08-31,5.37,3.87,3.73,3.82,11.17,5.31,4.48,4.74,5.85,12.72,4.71,2.44,4.25,8.31,13.97,10.38,6.72,5.0,5.51,13.12,8.42,3.39,4.13,3.46,10.53
2000-09-30,-9.04,-2.37,-0.44,-0.41,-3.4,-10.31,-2.89,0.02,-0.24,-2.58,-6.73,-3.34,0.36,-4.32,-3.59,-9.62,-2.83,2.35,1.23,-7.18,-1.28,-3.04,-1.36,1.86,-8.95
2000-10-31,-9.01,-4.11,-4.51,-6.9,-9.74,-11.59,-2.39,-0.23,-3.34,-7.42,-9.24,-1.62,1.61,-1.61,-6.96,-1.92,5.97,1.05,-1.55,-3.06,6.64,5.83,0.97,0.04,-5.96
2000-11-30,-19.46,-7.34,-4.89,-7.35,-14.84,-17.51,-5.23,-4.83,-7.98,-16.06,-18.03,-5.23,-0.79,-5.37,-13.9,-12.03,-2.15,-1.11,-5.12,-17.13,-12.31,-4.32,-4.41,-5.37,-19.56
2000-12-31,-7.68,1.33,1.67,-2.22,-1.84,-0.23,5.21,7.92,7.05,8.4,3.04,8.38,8.66,10.81,11.09,3.33,6.15,6.93,7.91,11.93,-6.17,2.55,3.33,-1.69,3.0
2001-01-31,48.57,16.15,10.91,12.73,14.08,28.12,13.44,7.4,7.59,3.69,28.71,11.05,6.45,-2.7,-2.55,23.88,8.55,3.07,-0.85,-6.97,29.75,10.16,0.82,-2.3,-7.07
2001-02-28,-14.82,-1.04,-0.23,-1.48,-2.63,-19.44,-5.12,-1.33,-3.68,-6.59,-18.27,-6.99,-3.61,-4.01,-5.08,-21.36,-9.17,-3.21,-0.94,-5.02,-18.76,-12.23,-8.09,-5.17,-4.26
2001-03-31,-12.1,0.53,0.39,0.03,3.39,-11.96,-2.73,-2.43,-2.13,-1.82,-15.51,-5.64,-3.11,-3.28,-2.46,-21.01,-9.49,-3.64,-2.75,-4.86,-12.79,-7.39,-5.22,-4.68,-2.04
2001-04-30,7.24,4.59,4.48,2.66,7.74,13.86,9.18,7.03,4.69,10.9,25.09,10.16,7.85,3.58,6.0,25.52,10.13,8.53,8.07,7.1,15.78,8.84,4.58,3.23,4.0
2001-05-31,8.19,9.51,10.37,11.33,12.25,4.67,5.09,4.96,4.02,5.69,1.61,3.82,2.95,2.68,1.67,-3.12,3.94,3.87,4.8,1.76,-4.24,0.79,1.61,3.46,2.24
2001-06-30,1.24,4.14,4.95,3.62,4.19,7.96,8.28,7.84,7.31,5.04,0.58,1.86,-0.23,2.12,4.28,-0.67,-0.64,-0.18,-1.56,0.13,-1.26,-3.96,-0.71,-3.37,-2.63
2001-07-31,-7.43,-0.97,1.39,2.28,1.51,-10.87,-6.19,-2.52,-2.08,-2.78,-13.92,-4.91,-1.45,0.95,-1.82,-9.13,-3.13,-0.31,2.53,2.16,-4.55,-0.89,-1.02,1.84,-1.42
2001-08-31,-7.71,-0.48,-0.18,-1.68,0.1,-9.43,-1.77,-0.04,-1.3,-4.1,-12.62,-2.88,-0.51,-1.67,-3.43,-12.13,-5.47,-1.58,-0.68,-4.95,-10.92,-6.78,-4.11,-2.09,-3.49
2001-09-30,-20.4,-13.13,-9.65,-7.41,-8.24,-25.25,-17.15,-12.4,-13.01,-9.31,-25.34,-15.91,-10.57,-9.42,-8.29,-23.93,-16.35,-10.09,-9.44,-8.65,-17.44,-6.85,-2.72,-3.86,-3.98
2001-10-31,14.23,7.24,5.03,3.47,6.5,19.6,5.4,4.78,3.85,5.77,18.99,6.43,6.39,2.27,4.56,21.76,5.41,1.32,1.47,-0.2,5.83,1.29,0.1,-1.69,-0.12
2001-11-30,14.46,4.15,7.17,6.87,5.12,16.11,11.74,6.27,5.47,6.05,17.01,8.31,7.33,7.26,5.03,15.82,10.49,7.59,5.38,2.57,15.99,7.31,3.96,4.46,6.05
2001-12-31,12.04,8.66,7.31,5.28,5.84,10.91,5.89,6.64,6.75,6.85,7.17,7.57,6.84,5.86,4.57,3.12,5.77,5.91,3.91,4.33,-1.83,0.41,2.48,1.64,2.67
2002-01-31,-2.76,0.49,1.89,2.98,3.2,-7.1,-0.36,-1.48,0.51,1.21,-9.37,-2.52,-0.3,-0.44,0.06,-5.44,-1.03,1.17,-0.67,0.99,-0.23,-2.76,-0.31,0.56,-2.7
2002-02-28,-11.4,-2.86,-1.06,-1.95,-1.92,-13.0,-1.19,-1.47,-1.06,-2.35,-9.39,0.06,0.02,0.04,-0.57,-13.34,-0.13,-0.11,1.07,2.47,-8.8,-0.53,-1.01,1.45,-1.83
2002-03-31,11.63,8.07,7.05,7.98,9.91,11.03,10.53,8.4,8.98,9.23,14.43,7.35,8.16,5.06,6.06,9.83,7.0,7.55,5.97,4.53,2.57,3.54,4.1,3.1,5.27
2002-04-30,-5.08,0.56,3.7,3.04,2.47,-7.26,-1.36,4.27,2.58,0.62,-8.6,-2.14,-1.28,1.88,2.1,-9.08,-0.88,-2.15,0.94,0.65,-11.44,-8.12,-4.11,-1.2,-2.76
2002-05-31,-10.25,-3.75,-1.43,-0.83,0.88,-9.2,-4.85,-3.91,-3.29,-4.45,-10.54,-3.03,-3.51,-1.79,-4.13,-4.14,-0.73,-0.45,-0.29,-1.03,-1.86,-0.75,-0.58,-0.65,1.87
2002-06-30,-12.87,-5.36,-1.47,0.9,-0.62,-12.75,-5.55,-0.99,-2.13,-1.02,-13.65,-8.12,-6.0,-5.71,-5.99,-19.47,-6.37,-7.26,-5.81,-4.64,-9.18,-5.41,-8.47,-4.59,-2.03
2002-07-31,-19.39,-14.54,-13.2,-10.6,-11.36,-21.04,-15.24,-14.52,-11.66,-14.65,-11.65,-13.29,-10.38,-7.7,-11.08,-15.25,-10.56,-8.59,-7.4,-8.66,-6.57,-8.18,-6.75,-5.52,-6.85
2002-08-31,-3.49,-1.13,-0.39,0.4,-0.4,-1.27,-0.42,0.52,1.61,1.07,0.06,0.27,2.9,2.69,0.96,-0.33,-0.18,-0.51,0.3,1.51,-1.12,1.35,1.47,1.74,2.56
2002-09-30,-13.94,-7.59,-7.01,-4.84,-5.4,-15.02,-9.37,-6.55,-3.83,-4.36,-17.5,-9.53,-5.17,-4.24,-5.21,-20.53,-12.7,-6.86,-6.46,-5.62,-16.11,-12.71,-8.79,-7.77,-3.26
2002-10-31,6.93,3.06,1.22,3.43,4.14,8.95,3.59,0.96,3.92,3.51,11.72,2.96,2.91,2.28,6.11,7.07,7.47,3.99,4.0,4.46,14.43,11.16,4.06,5.0,5.53
2002-11-30,28.21,13.61,7.52,6.15,6.33,24.16,10.7,3.76,4.95,3.08,26.0,8.91,5.34,3.19,3.38,26.41,11.47,6.45,3.71,0.18,11.43,6.39,1.52,1.19,-4.1
2002-12-31,-11.18,-5.64,-2.37,-1.16,-0.33,-13.8,-5.03,-1.96,-2.06,-0.99,-11.73,-7.25,-2.86,-1.19,-3.5,-13.47,-5.67,-4.68,-0.4,-1.67,-13.18,-8.28,-2.01,-2.69,0.28
2003-01-31,-1.0,-1.09,-1.86,-0.23,0.23,-3.99,-5.34,-3.94,-3.21,-0.46,-4.52,-3.32,-2.14,-0.97,-3.14,-1.23,-3.04,-1.44,-2.47,-2.51,-2.23,-2.59,-3.61,-2.64,-0.37
2003-02-28,-5.11,-2.73,-3.9,-1.07,-0.83,-3.39,-5.24,-3.91,-1.0,-2.86,-3.96,-5.05,-2.53,-2.08,-2.27,-0.18,-3.64,-3.14,-1.79,0.06,-0.18,-2.35,-0.83,-2.93,-0.53
2003-03-31,0.32,0.74,0.79,0.87,3.11,2.58,-1.52,0.62,1.01,2.07,1.63,0.0,-0.55,1.47,2.57,-0.24,-0.53,2.19,0.14,2.08,0.61,0.69,2.01,0.97,1.69
2003-04-30,17.36,11.64,6.9,7.43,7.38,18.33,13.64,9.17,6.87,7.52,20.45,9.54,9.62,8.52,6.38,16.17,9.03,8.18,5.41,6.14,17.4,13.46,6.06,6.15,4.37
2003-05-31,26.81,13.26,10.53,9.9,7.34,20.42,11.95,9.34,8.66,9.69,16.55,11.81,9.36,5.58,7.24,20.68,11.44,7.89,8.46,6.6,11.34,11.64,4.6,2.48,5.54
2003-06-30,7.42,4.24,6.64,5.94,3.54,2.94,3.5,2.7,-0.24,3.45,3.08,2.02,1.02,0.89,1.85,1.0,1.13,1.72,0.45,1.68,5.21,1.7,0.73,1.35,1.06
2003-07-31,8.31,8.33,8.89,6.87,8.63,8.45,6.59,4.35,6.32,8.92,3.93,4.92,4.95,3.54,4.66,3.45,5.51,5.86,1.89,2.84,3.82,2.99,0.3,2.05,1.79
2003-08-31,5.09,5.29,3.86,5.64,4.24,6.38,4.81,3.76,4.32,5.31,6.94,5.26,4.59,4.28,6.29,4.42,3.71,4.39,6.39,4.66,3.52,1.5,2.25,0.5,1.78
2003-09-30,1.54,0.68,0.31,1.33,3.99,-1.62,-1.29,-0.43,-2.4,-2.95,-2.87,-2.04,-1.23,-1.38,-3.08,-1.17,-0.52,-0.56,-2.35,-1.15,-0.8,-0.57,-0.94,-2.76,-1.38
2003-10-31,7.43,7.47,6.53,9.76,10.03,7.75,6.37,7.55,9.22,12.06,5.85,7.18,6.21,10.24,8.98,6.49,5.25,6.8,7.97,11.01,4.14,5.13,2.29,7.24,10.16
2003-11-30,3.69,3.52,4.3,4.94,4.78,2.61,3.09,4.48,3.91,3.26,2.63,3.89,3.1,2.48,4.11,1.89,2.47,2.66,2.59,3.75,1.13,0.72,0.38,-0.15,3.55
2003-12-31,6.15,2.68,3.0,2.73,2.33,5.8,5.59,2.18,1.44,0.6,7.11,5.72,1.8,1.43,-0.91,8.05,4.05,2.82,2.14,-0.1,7.93,5.75,4.29,2.83,0.52
2004-01-31,5.72,4.64,4.89,6.76,9.2,1.26,1.28,3.47,4.0,8.13,2.17,3.39,3.3,1.84,4.85,2.88,3.01,1.99,3.03,3.42,1.2,2.18,1.32,1.64,2.13
2004-02-29,1.37,1.1,1.58,1.13,-0.76,0.17,0.8,0.26,1.7,-0.66,3.23,2.7,3.39,3.23,-0.51,2.51,3.43,2.96,0.27,0.59,1.58,1.6,2.11,1.54,-0.52
2004-03-31,-0.11,1.23,1.38,-1.06,-1.21,0.79,1.21,0.31,1.63,-1.05,-0.08,1.89,0.16,1.22,0.74,-1.1,-0.13,0.33,0.02,0.19,-2.79,-0.92,-1.45,-1.32,-0.32
2004-04-30,-1.95,-1.14,-2.74,-4.61,-5.72,-2.85,-1.92,-4.34,-3.89,-9.57,-1.76,-1.76,-1.51,-4.45,-4.8,-0.04,-1.5,-2.29,-3.33,-6.99,1.27,-0.15,-2.44,-5.0,-3.64
2004-05-31,-2.53,-1.27,0.85,-0.48,-0.19,0.47,1.7,-0.09,2.31,3.0,0.21,1.21,1.7,1.86,3.24,1.78,2.35,2.23,1.85,3.91,0.19,2.0,0.23,2.81,1.66
2004-06-30,3.33,3.63,6.13,3.74,2.91,2.77,5.59,5.2,4.77,6.46,0.16,2.47,3.5,4.65,4.24,0.75,2.33,1.07,3.13,3.21,0.76,1.8,0.34,4.59,3.18
2004-07-31,-9.45,-7.25,-5.24,-7.22,-9.66,-7.71,-5.88,-4.56,-6.48,-7.33,-7.09,-5.08,-3.99,-5.71,-6.34,-6.26,-5.22,-4.31,-4.32,-6.2,-2.49,-2.35,-2.0,-6.01,-8.45
2004-08-31,-1.19,-1.62,-0.7,-0.97,-2.35,-1.11,-0.82,1.15,-2.77,-3.01,-1.36,1.04,-0.5,-0.99,-3.14,0.18,0.24,0.85,-1.11,-2.05,1.23,0.42,0.36,-0.16,-0.14
2004-09-30,3.38,3.61,4.05,5.03,6.5,2.42,5.47,5.35,7.78,7.28,0.45,2.74,3.54,3.63,7.43,2.03,3.22,3.88,2.34,7.42,-0.74,-0.38,-0.08,4.34,7.55
2004-10-31,1.55,1.24,2.39,2.53,1.62,4.13,2.5,3.57,2.26,0.72,4.34,1.09,2.99,2.17,-1.49,3.36,2.67,1.67,3.03,1.8,3.35,0.96,0.14,0.05,3.76
2004-11-30,9.18,8.11,8.09,9.07,11.79,8.45,8.93,8.38,9.45,9.54,7.59,5.94,6.37,6.66,10.05,5.77,5.0,6.13,6.13,7.25,0.42,4.37,3.67,5.4,7.9
2004-12-31,7.08,3.19,4.12,3.41,5.23,6.22,2.26,2.34,2.05,3.35,5.65,4.34,2.49,1.91,2.64,3.64,4.64,4.61,4.17,4.01,4.18,4.91,3.39,2.61,0.17
2005-01-31,-7.33,-3.68,-2.63,-2.07,-2.8,-8.57,-2.81,-3.58,-3.34,-1.48,-6.65,-3.41,-2.64,-2.26,-0.97,-5.62,-3.23,-1.52,-1.29,-0.61,-3.58,-2.4,-0.97,-1.23,-4.56
2005-02-28,-1.68,0.37,0.18,0.84,3.82,1.61,1.57,1.76,2.2,3.74,0.91,-1.65,2.1,2.24,5.31,1.71,1.77,2.38,3.39,4.97,2.76,-0.61,0.31,8.41,2.97
2005-03-31,-4.7,-2.38,-2.42,-2.55,-3.55,-4.07,-1.11,-2.87,-0.7,-4.06,-1.58,-2.06,-1.51,-1.11,-4.47,-1.9,0.21,-0.59,-0.99,-1.66,-2.98,-2.2,-0.43,-2.17,0.3
2005-04-30,-8.44,-4.99,-5.03,-5.05,-6.13,-8.51,-5.37,-5.55,-4.31,-6.94,-6.4,-4.38,-3.62,-4.04,-6.47,-4.83,-3.89,-2.27,-3.33,-4.58,0.26,-2.32,-0.6,-1.03,-5.59
2005-05-31,7.16,4.77,3.91,5.71,6.0,8.69,5.11,7.77,6.01,7.87,6.67,5.6,5.39,5.8,7.42,5.55,4.02,4.68,4.8,7.5,5.26,1.83,3.86,2.58,2.32
2005-06-30,3.98,4.62,3.38,4.81,4.99,4.15,3.07,4.48,5.21,3.57,0.94,2.12,2.69,2.13,4.14,0.83,1.34,1.73,2.96,4.57,-0.68,-0.44,-1.28,0.31,3.65
2005-07-31,8.42,6.03,5.95,6.8,7.2,7.81,6.07,6.22,6.04,7.91,5.95,5.84,5.05,4.75,5.57,6.39,5.3,4.41,4.86,6.1,4.05,3.56,3.02,2.99,5.46
2005-08-31,-1.59,-0.85,-2.0,-1.41,-0.23,-1.47,-3.18,-2.02,-0.75,-1.31,-1.97,-1.05,-2.38,-0.11,-0.51,-1.77,-1.01,-0.94,-0.52,-0.52,-3.59,-0.44,-1.5,0.15,2.49
2005-09-30,-0.38,-0.69,0.71,-0.1,2.12,-0.84,-0.9,0.59,0.19,2.43,-1.79,-0.17,1.15,0.48,2.91,-0.5,0.79,0.41,1.99,1.51,-1.02,-0.54,2.13,1.76,4.58
2005-10-31,-3.75,-1.89,-3.07,-2.02,-3.36,-4.42,-1.78,-1.38,-3.37,-3.72,-3.66,-0.36,-3.22,-2.46,-3.6,-3.21,-1.62,-1.88,-2.0,-6.39,0.75,-0.16,-1.21,-4.27,-2.79
2005-11-30,4.32,3.71,3.96,3.33,5.7,6.55,4.22,3.49,4.52,5.02,6.65,4.34,6.41,4.79,5.25,5.86,4.27,5.1,5.19,2.82,3.06,4.0,3.46,4.36,2.93
2005-12-31,0.49,-0.7,0.68,0.52,0.79,-0.24,-1.32,-0.23,-0.02,-0.03,0.72,-0.63,-0.26,0.42,-0.36,-0.17,0.46,0.54,0.9,2.45,1.06,-1.08,-0.39,0.18,1.66
2006-01-31,9.03,7.81,6.7,7.6,11.9,7.34,7.69,5.8,8.47,13.49,6.89,5.69,4.22,6.71,9.5,3.06,2.96,3.03,3.66,7.98,4.72,-0.57,1.74,2.36,6.89
2006-02-28,-0.07,0.03,1.18,2.14,-0.82,-1.41,0.45,1.66,0.64,-2.18,-0.75,1.19,0.29,-0.96,-1.25,0.94,0.72,0.47,1.21,-2.38,0.32,0.96,0.83,0.78,-3.53
2006-03-31,3.86,3.96,5.04,5.36,5.79,4.1,2.29,4.46,5.31,5.73,2.35,1.62,2.25,4.28,6.47,1.94,1.82,1.45,2.66,4.82,1.46,1.61,0.18,1.06,2.32
2006-04-30,0.13,-0.76,-0.66,-0.37,-0.04,-1.28,0.65,-1.37,2.07,0.34,0.69,0.27,0.68,0.03,1.37,-0.18,1.51,-0.14,2.38,2.01,0.43,1.59,1.61,0.75,0.96
2006-05-31,-4.88,-4.0,-3.67,-4.83,-8.19,-3.06,-4.11,-4.04,-5.12,-7.14,-3.52,-2.52,-2.85,-4.13,-8.02,-1.73,-3.36,-2.76,-2.92,-7.28,-1.2,-1.39,-3.14,-4.24,-5.86
2006-06-30,-1.9,-0.68,0.54,0.33,-1.71,-3.65,-1.45,0.54,0.07,-1.23,-2.01,-0.32,-0.08,-0.05,1.92,-1.95,-1.48,0.44,-0.01,0.13,-0.25,-0.06,0.41,0.58,0.71
2006-07-31,-5.23,-2.71,-1.29,-2.36,-4.44,-3.75,-1.69,-2.36,-4.07,-5.99,-3.77,-1.71,-2.71,-2.31,-6.74,-5.6,-1.11,-1.86,-2.75,-6.23,1.88,-0.74,2.89,0.61,-3.48
2006-08-31,4.42,2.03,2.23,3.2,1.9,5.62,4.37,1.9,2.25,1.81,5.0,3.27,2.39,1.9,0.07,4.79,4.08,2.26,2.18,-0.81,3.56,4.12,2.81,1.51,-0.54
2006-09-30,0.95,1.37,0.59,1.63,0.18,2.52,1.59,0.51,0.43,0.56,2.26,1.02,0.79,-0.1,0.84,3.37,2.57,1.87,0.9,2.32,1.95,3.47,2.61,1.88,2.65
2006-10-31,6.48,5.59,5.05,5.35,6.33,6.07,7.11,6.0,4.42,4.75,6.29,5.67,3.76,3.09,6.6,3.38,3.58,3.27,3.19,3.98,4.79,3.53,3.25,2.77,3.44
2006-11-30,2.64,1.86,1.75,1.81,2.4,4.44,4.8,1.7,3.01,1.29,5.81,3.8,2.45,3.43,2.1,7.34,4.07,2.4,2.7,3.55,2.17,1.44,0.76,1.98,2.64
2006-12-31,0.72,0.86,1.6,1.65,2.38,-0.3,0.6,0.01,0.98,-0.3,0.07,-0.07,0.33,0.79,0.46,-1.08,0.24,0.59,0.1,0.6,-0.64,1.84,2.94,0.94,1.16
2007-01-31,0.86,0.71,1.73,1.27,1.46,1.4,2.26,1.45,0.34,2.75,5.74,1.7,3.2,2.52,3.73,2.81,3.26,2.08,3.88,2.47,2.5,0.05,1.93,1.85,1.96
2007-02-28,0.56,-0.63,-0.38,-0.77,-1.37,-0.5,-0.81,0.5,-0.93,-1.41,-0.03,0.68,-0.28,0.46,1.28,0.97,0.03,-0.09,0.63,0.34,0.83,-1.39,-2.09,-2.68,-2.95
2007-03-31,-1.07,0.24,0.91,0.09,2.29,0.36,1.41,1.83,1.71,0.91,-0.03,0.39,1.1,2.48,3.75,-2.43,1.11,2.08,2.29,2.78,-0.85,0.31,-0.27,1.95,3.48
2007-04-30,1.15,0.56,0.23,1.08,2.19,3.22,1.78,2.16,2.58,3.41,3.25,2.66,3.08,2.3,4.09,5.48,4.65,4.29,3.97,3.77,4.98,4.38,4.97,3.73,3.11
2007-05-31,3.21,2.7,2.43,3.2,2.21,4.27,4.33,3.45,2.79,2.43,5.39,6.06,6.24,4.14,3.99,4.62,4.18,3.56,3.93,3.85,3.02,3.36,3.2,3.65,3.93
2007-06-30,-0.66,-0.34,-0.53,-0.28,-0.93,-3.68,-1.1,-1.95,-0.39,-1.13,-2.11,-1.16,-0.3,-0.12,-0.03,-3.06,-0.89,-1.17,-2.71,-1.73,-2.93,-1.16,-1.75,-1.44,-1.9
2007-07-31,-7.86,-7.1,-6.71,-4.96,-5.85,-8.1,-5.87,-5.28,-4.03,-6.34,-6.85,-5.1,-4.47,-3.91,-3.73,-6.14,-6.67,-3.58,-4.01,-3.52,-2.59,-3.97,-2.76,-2.53,-1.15
2007-08-31,0.11,0.03,0.46,-0.77,-0.36,2.33,3.01,2.3,0.85,2.96,-0.76,-1.11,1.24,0.08,0.66,-0.79,0.26,0.4,0.76,-0.41,2.62,1.69,0.84,2.24,3.43
2007-09-30,-1.11,-0.43,-0.02,0.82,4.94,-0.23,0.08,1.18,1.61,5.17,-0.13,0.47,1.58,1.39,5.03,0.76,1.93,2.49,1.75,3.92,2.56,1.62,3.35,5.83,7.09
2007-10-31,-2.48,0.19,0.89,3.26,5.01,-0.77,0.27,2.83,4.15,2.26,-3.6,2.95,2.07,2.73,5.43,-3.18,1.45,1.46,3.15,4.76,0.44,-1.41,2.94,3.73,3.94
2007-11-30,-10.2,-7.85,-6.97,-9.59,-9.35,-8.81,-5.95,-5.58,-7.44,-8.43,-8.17,-3.48,-6.88,-6.41,-5.95,-13.24,-4.8,-4.41,-3.43,-5.36,-9.09,-3.85,-3.75,-2.71,-5.27
2007-12-31,-1.91,-1.95,-0.99,0.52,2.27,-2.65,-1.96,-0.1,0.59,1.47,-4.64,-2.57,-2.14,-0.15,1.13,-7.22,-2.81,-1.07,0.86,1.12,-10.53,-5.83,-1.75,1.42,2.44
2008-01-31,-2.66,-5.55,-6.25,-8.83,-13.11,-1.66,-4.99,-5.41,-8.65,-12.55,2.57,-3.59,-3.4,-7.23,-9.26,1.64,-1.72,-5.69,-6.02,-9.73,-0.29,-0.5,-3.03,-6.78,-10.99
2008-02-29,-6.28,-4.44,-1.83,-0.73,-2.36,-7.82,-4.9,-3.17,-1.51,-1.92,-11.56,-3.67,-2.62,-0.99,-1.48,-10.16,-5.96,-3.37,0.41,2.8,-9.02,-9.2,-1.87,-3.53,0.42
2008-03-31,-2.04,-0.68,1.19,0.4,-2.6,-4.56,0.59,2.65,0.79,-0.94,-4.24,-1.72,-1.56,0.27,-0.01,-10.22,0.63,-0.38,-3.29,-1.63,-9.19,-3.0,-2.37,1.93,-0.33
2008-04-30,2.05,1.42,2.06,0.91,1.83,4.37,3.45,1.49,2.36,4.82,2.81,7.74,4.73,6.52,5.93,5.38,4.43,4.33,5.6,9.34,12.12,5.33,2.51,2.59,7.19
2008-05-31,3.27,2.97,4.15,2.9,4.34,4.82,4.66,4.77,3.55,6.26,2.54,5.2,2.91,4.07,6.59,4.73,3.72,4.61,3.94,7.71,-5.66,-2.18,0.08,1.99,2.73
2008-06-30,-14.93,-12.03,-10.12,-7.39,-4.41,-18.01,-11.95,-9.71,-8.32,-3.83,-15.82,-13.84,-9.63,-9.3,-0.48,-18.27,-13.89,-9.66,-6.66,-1.53,-21.78,-14.66,-9.91,-8.18,-3.47
2008-07-31,4.74,6.77,5.02,6.11,2.81,7.44,4.34,4.0,4.42,2.32,1.56,-0.62,3.83,3.13,-1.46,-1.67,-1.8,2.99,-1.6,-6.73,-1.41,7.58,2.77,-0.24,-6.41
2008-08-31,4.0,3.52,3.04,2.92,1.75,10.44,7.76,5.38,4.33,-0.55,14.07,4.19,4.47,3.14,-0.54,-0.28,6.13,3.75,1.86,-2.44,-2.57,3.19,2.42,1.57,-0.42
2008-09-30,-10.72,-6.42,-7.37,-6.46,-11.18,-10.54,-6.08,-5.31,-5.24,-11.22,-10.32,-10.5,-8.55,-7.85,-14.96,-22.5,-13.63,-9.25,-9.75,-16.49,-24.91,-7.86,-6.04,-4.21,-13.08
2008-10-31,-26.81,-23.68,-20.22,-17.96,-18.61,-27.59,-24.05,-20.03,-17.03,-21.89,-20.91,-23.04,-22.07,-17.55,-20.06,-25.81,-21.64,-20.3,-19.27,-21.8,-25.74,-20.54,-14.59,-13.8,-13.42
2008-11-30,-19.5,-17.92,-14.44,-12.45,-12.54,-15.42,-14.83,-11.85,-12.77,-8.88,-16.45,-12.77,-13.02,-9.53,-7.91,-17.97,-10.0,-8.72,-2.79,-11.66,-19.4,-8.14,-7.74,-2.0,-7.84
2008-12-31,4.82,6.07,2.78,3.55,3.75,11.18,10.48,4.44,5.43,4.2,6.78,6.03,6.94,3.62,2.82,14.64,6.61,5.78,2.76,1.07,3.62,2.85,1.0,0.25,0.3
2009-01-31,-4.84,-10.85,-10.92,-8.47,-11.26,-9.44,-10.23,-8.19,-10.42,-12.95,-3.19,-5.9,-8.12,-9.47,-11.08,-11.41,-6.74,-8.13,-6.95,-5.71,-12.33,-10.34,-8.61,-6.79,-7.87
2009-02-28,-17.98,-14.46,-13.08,-8.69,-12.85,-17.64,-10.95,-11.57,-10.84,-12.05,-17.46,-8.76,-10.87,-12.12,-11.02,-21.3,-11.11,-6.46,-9.95,-8.18,-18.94,-15.8,-8.64,-9.45,-9.38
2009-03-31,22.98,9.43,8.6,6.81,7.47,22.01,14.37,13.53,9.89,7.29,18.13,13.09,12.67,7.72,5.6,11.92,13.34,10.56,10.24,5.33,31.77,13.23,11.47,9.17,4.43
2009-04-30,47.26,27.93,17.2,12.52,8.47,58.34,34.48,19.07,16.63,8.99,42.86,27.57,23.25,16.38,6.77,49.75,27.99,17.12,10.63,1.6,30.79,23.76,17.62,6.5,1.22
2009-05-31,20.9,8.77,5.96,7.94,7.78,17.39,4.3,3.74,1.18,-0.31,17.04,8.31,3.23,1.01,-0.13,20.74,10.66,5.51,1.26,-0.53,17.11,11.38,8.87,3.56,2.05
2009-06-30,4.4,5.89,3.06,4.74,5.83,-5.18,1.87,1.81,4.57,2.48,-2.97,-3.01,0.66,2.52,1.61,-3.38,-2.19,-1.23,1.7,2.46,-3.7,-4.89,0.7,1.2,2.17
2009-07-31,12.35,13.37,9.64,7.69,7.9,18.48,11.38,11.27,7.54,7.22,14.78,14.13,8.85,9.29,7.61,11.44,9.78,11.01,6.47,6.02,11.83,10.52,8.8,5.91,6.27
2009-08-31,17.8,5.19,3.64,-0.72,-0.01,16.35,4.25,3.13,0.37,0.06,16.44,5.14,2.99,1.98,0.92,12.75,5.99,4.16,2.34,2.04,10.72,4.77,3.21,2.37,1.66
2009-09-30,11.54,6.66,6.47,5.24,4.09,13.37,7.69,4.24,4.92,5.77,12.09,7.92,6.85,5.27,4.62,13.45,7.73,4.36,4.44,4.72,7.15,4.04,4.62,2.42,3.4
2009-10-31,-9.34,-6.39,-6.67,-5.79,-10.08,-7.69,-6.13,-6.87,-5.05,-8.44,-11.13,-3.81,-3.83,-6.74,-7.75,-9.28,-2.91,-2.92,-3.8,-4.69,-9.27,-1.66,-0.95,-0.8,-0.33
2009-11-30,-0.23,0.48,2.25,1.55,2.81,2.88,2.21,2.59,1.0,4.01,2.46,3.53,3.72,5.32,5.44,5.73,4.99,4.14,3.23,5.11,7.37,6.16,5.59,5.5,6.79
2009-12-31,8.35,6.96,6.89,8.36,7.99,7.17,9.24,7.95,10.13,10.74,9.22,5.92,7.14,8.0,8.16,5.3,3.83,5.44,6.19,8.56,-2.75,1.91,3.41,3.25,3.44
2010-01-31,-0.92,-4.01,-0.98,-2.76,-3.61,0.95,-3.4,-2.74,-3.54,-4.64,-1.51,-1.6,-3.44,-4.73,-5.14,-0.29,-1.99,-2.06,-4.67,-5.33,-0.62,-0.9,-3.31,-5.88,-8.71
2010-02-28,2.34,3.8,3.29,5.31,8.03,2.71,3.73,4.77,3.71,6.09,3.45,3.13,4.85,5.09,7.59,2.23,3.59,6.09,5.33,8.98,1.19,1.37,3.59,4.69,5.89
2010-03-31,7.96,7.19,10.01,7.31,9.21,8.95,6.97,7.78,8.77,10.13,9.06,7.48,7.3,7.8,9.09,6.56,4.63,8.22,7.36,8.69,4.09,4.44,4.73,10.69,9.81
2010-04-30,7.82,7.52,6.43,7.37,12.4,5.42,4.36,5.24,6.13,8.46,3.76,4.11,4.12,7.2,4.7,3.36,3.79,4.19,4.6,5.39,-0.46,0.48,0.84,4.27,2.82
2010-05-31,-9.23,-6.21,-8.06,-8.43,-8.98,-8.02,-6.79,-5.39,-7.8,-7.34,-7.76,-7.16,-7.17,-6.71,-9.96,-7.37,-7.47,-5.77,-8.06,-8.0,-7.78,-6.83,-8.79,-8.38,-7.76
2010-06-30,-7.4,-6.0,-6.4,-9.26,-9.97,-8.52,-6.29,-6.83,-7.71,-10.68,-5.3,-6.57,-6.07,-7.48,-10.72,-6.25,-6.0,-4.67,-7.11,-8.44,-4.31,-3.0,-7.37,-6.83,-6.39
2010-07-31,5.8,6.49,6.56,5.68,6.99,5.98,6.73,5.72,6.72,10.08,4.71,7.03,7.44,6.6,8.98,5.88,5.95,6.68,8.66,9.39,7.58,6.34,5.74,9.01,7.68
2010-08-31,-8.6,-8.68,-8.82,-8.13,-9.79,-8.58,-5.91,-8.15,-6.49,-5.76,-7.86,-6.05,-5.16,-5.97,-7.46,-4.84,-6.3,-4.27,-3.35,-5.45,-3.16,-5.21,-4.22,-3.29,-5.38
2010-09-30,11.78,11.19,11.82,12.61,14.39,13.62,13.9,12.27,12.22,12.55,13.42,13.04,11.89,12.23,14.54,11.96,11.07,10.62,10.29,11.56,7.86,8.42,8.0,9.22,12.89
2010-10-31,4.5,4.78,3.75,7.5,5.49,3.57,4.09,2.28,4.59,3.61,1.87,3.44,4.28,4.0,3.65,2.77,1.66,3.84,4.2,4.36,2.88,4.34,4.07,2.54,5.77
2010-11-30,0.82,3.88,3.97,4.13,5.41,1.87,4.21,0.69,4.68,4.52,0.51,2.52,3.92,2.07,6.36,0.89,1.66,3.43,2.49,3.61,-0.75,-1.17,-0.23,0.33,2.37
2010-12-31,11.1,8.03,7.74,9.63,8.46,11.62,9.22,8.54,8.74,7.03,14.22,7.59,8.19,6.1,5.83,8.91,9.65,7.31,5.86,5.71,8.96,6.41,5.79,5.89,4.64
2011-01-31,-1.86,-0.42,-1.64,-1.6,0.32,0.06,-0.2,-0.36,-0.47,0.55,1.62,2.39,0.93,1.69,1.75,4.35,3.02,2.45,1.05,2.12,3.62,2.42,1.76,0.92,1.89
2011-02-28,4.63,4.88,3.08,5.98,5.02,2.27,5.23,5.16,6.09,6.45,5.04,5.47,4.11,6.62,6.87,4.02,4.4,2.64,4.33,6.09,0.12,3.39,4.88,4.77,2.0
2011-03-31,-0.73,2.55,3.27,3.38,3.73,0.45,1.11,1.91,3.34,5.53,-1.47,1.73,2.63,2.98,5.08,3.65,1.23,2.98,2.58,2.98,-1.99,-0.69,0.69,0.24,0.53
2011-04-30,1.89,1.56,3.17,-0.43,0.76,0.68,1.59,1.54,2.82,2.44,1.88,2.32,4.07,4.21,3.7,3.04,3.62,2.36,4.04,2.91,3.28,1.92,3.79,3.42,1.82
2011-05-31,-2.98,-2.88,-1.87,-1.87,-0.82,-2.61,-1.54,0.07,-1.84,-3.27,-2.31,-0.19,-1.6,-1.4,-1.38,-0.42,0.57,-0.1,-0.06,-2.08,-1.91,-0.69,-0.88,-1.54,-2.06
2011-06-30,-4.57,-1.58,-2.05,-1.66,-1.79,-3.47,-1.93,-1.03,-1.61,-1.51,-4.31,-2.36,-1.15,-1.87,-1.57,-4.76,-3.03,-2.83,-1.04,0.15,-2.23,-2.13,-1.48,-1.6,-0.44
2011-07-31,-2.79,-1.89,-1.81,-2.51,-3.28,-3.77,-4.98,-5.33,-3.62,-2.79,-6.12,-3.33,-5.04,-4.52,-2.96,-4.76,-5.32,-3.08,-2.46,-3.25,-1.81,-1.66,-0.9,-3.47,-0.42
2011-08-31,-11.66,-8.66,-7.81,-10.49,-11.88,-12.23,-7.24,-7.06,-9.36,-9.29,-11.64,-6.47,-6.48,-8.99,-9.36,-10.97,-7.06,-6.7,-5.01,-10.09,-9.09,-3.48,-3.41,-5.63,-6.69
2011-09-30,-11.49,-9.1,-10.16,-10.15,-14.57,-11.25,-9.67,-11.36,-11.24,-13.26,-11.39,-9.36,-9.6,-9.98,-15.0,-10.08,-9.99,-8.55,-10.38,-13.08,-8.41,-4.93,-6.21,-6.53,-8.37
2011-10-31,12.72,13.49,14.37,14.63,16.73,15.03,16.22,16.25,16.29,18.41,15.75,16.17,16.04,15.71,16.46,14.15,13.15,12.98,13.1,12.78,17.82,12.08,9.23,9.23,10.29
2011-11-30,-5.75,-1.93,0.65,0.21,0.8,-2.93,-0.23,-0.64,0.94,0.6,-1.01,-1.78,0.89,0.88,-1.48,-2.45,-1.15,0.49,1.21,0.3,-6.82,-1.5,0.87,0.74,0.18
2011-12-31,-0.61,2.14,1.72,2.11,0.96,-1.41,0.24,1.87,0.17,0.07,-0.49,1.77,-0.84,1.26,-1.17,-1.24,0.74,0.02,-0.18,-1.11,-3.18,0.09,1.88,0.74,1.43
2012-01-31,12.93,9.25,7.31,6.82,5.65,13.11,10.23,6.89,6.64,5.64,9.4,8.97,6.98,3.82,5.54,12.65,11.04,6.31,5.38,4.46,15.04,8.45,5.41,2.15,2.61
2012-02-29,2.72,0.41,1.66,0.06,2.35,3.82,3.27,1.55,3.55,3.51,5.05,5.41,5.0,3.55,4.36,8.51,3.87,4.18,4.44,3.38,5.51,4.29,4.55,3.07,6.28
2012-03-31,2.0,3.19,3.88,5.19,5.64,2.46,0.93,3.11,3.02,2.06,-0.97,0.44,2.22,2.89,1.73,0.92,0.82,1.68,2.55,2.36,4.25,2.48,2.53,2.89,5.03
2012-04-30,-4.8,-2.38,-1.43,-1.89,0.32,-4.7,-0.89,-2.7,-1.38,-0.01,-2.41,-1.56,-1.91,-0.11,0.37,-6.16,-2.34,-1.31,0.65,0.84,-7.39,-2.0,-0.98,-0.14,0.28
2012-05-31,-10.57,-6.85,-5.95,-4.99,-4.5,-10.34,-7.5,-5.83,-5.49,-6.75,-13.42,-9.17,-6.89,-4.96,-4.66,-12.97,-9.9,-7.62,-5.12,-5.2,-13.78,-10.5,-6.38,-3.73,-4.85
2012-06-30,6.67,5.6,5.34,5.86,6.38,7.39,6.27,4.38,5.53,4.04,2.15,3.36,3.63,2.4,4.46,4.27,2.56,2.69,3.5,2.32,1.29,4.96,4.27,5.08,2.95
2012-07-31,-3.69,-2.74,-1.09,-0.95,0.18,-3.73,-3.71,-0.78,0.15,0.22,-4.0,-1.35,-0.18,0.1,-0.82,-4.47,-0.77,1.08,-1.36,0.98,-0.77,0.93,0.47,0.94,2.32
2012-08-31,4.07,2.93,2.71,0.61,3.36,4.75,3.24,1.8,3.8,2.16,6.52,5.34,3.29,3.01,4.87,4.72,3.94,4.08,4.34,3.31,4.26,4.12,4.15,1.47,1.05
2012-09-30,6.0,4.34,3.75,4.12,4.69,3.72,3.34,3.48,3.87,4.42,2.13,4.12,1.41,1.82,1.33,2.77,2.77,3.72,1.78,1.2,4.96,4.26,0.74,3.09,2.75
2012-10-31,-5.93,-4.21,-1.96,-2.14,-1.37,-4.2,-2.27,-3.52,-1.33,-0.73,-2.13,0.84,-0.2,-1.86,-1.0,1.02,-1.06,0.01,-0.36,0.29,-1.48,-0.68,-1.33,-2.35,-4.74
2012-11-30,0.84,0.0,0.47,0.0,0.25,0.24,1.68,0.94,-0.68,1.91,3.92,2.68,0.99,2.13,0.8,-0.83,3.23,1.94,1.62,2.44,-1.24,0.13,-0.07,1.03,0.98
2012-12-31,4.68,4.31,4.05,2.55,1.8,4.36,4.33,3.53,3.99,2.6,6.9,2.39,3.01,2.63,2.65,5.12,3.12,1.88,1.78,0.73,3.63,2.23,0.42,0.24,0.07
2013-01-31,5.63,4.82,4.94,6.92,6.09,5.88,7.28,5.43,5.97,6.82,6.88,5.84,5.26,6.19,9.27,8.51,8.09,8.35,6.31,7.27,8.79,5.59,6.33,5.44,0.17
2013-02-28,-0.52,1.98,0.05,1.41,0.91,-0.14,1.38,1.85,1.05,1.73,-0.12,1.17,1.79,2.0,1.16,-2.39,1.59,1.47,1.82,1.96,-0.24,0.47,1.72,1.52,1.95
2013-03-31,3.3,3.84,3.93,5.24,7.41,3.53,3.89,4.22,6.63,6.22,5.55,4.91,4.81,5.23,4.86,3.69,3.95,5.02,5.1,5.45,2.56,3.75,4.22,3.31,5.29
2013-04-30,0.24,-0.73,-0.42,0.03,2.22,-0.2,-2.32,-0.93,-0.59,-1.39,-0.83,0.74,-0.97,0.75,-0.61,0.81,1.06,1.55,-0.61,-0.1,3.05,0.78,2.48,2.23,1.36
2013-05-31,7.74,4.28,4.7,5.29,3.56,7.5,6.17,5.09,4.82,5.86,6.18,5.45,3.62,4.07,4.04,3.37,3.46,3.85,1.58,4.66,3.07,2.48,2.66,1.88,2.66
2013-06-30,0.56,0.66,1.36,2.59,0.08,-1.16,0.03,-0.53,0.85,1.62,-2.08,0.27,0.25,-0.06,-0.97,-1.57,-1.52,-1.13,-1.28,-4.6,-5.1,-0.05,-1.32,0.44,-4.13
2013-07-31,9.12,7.88,7.69,7.0,9.0,7.09,5.79,6.89,6.42,8.43,7.5,7.4,7.94,7.11,8.66,7.68,5.33,6.56,6.85,7.87,5.76,3.59,5.6,4.59,9.07
2013-08-31,-2.6,-3.79,-3.12,-2.85,-2.91,-3.42,-2.87,-2.68,-3.29,-1.59,-1.94,-3.28,-2.47,-2.39,-2.67,-1.62,-2.73,-2.22,-2.69,-2.75,-1.4,-3.24,-2.66,-3.44,-3.08
2013-09-30,6.25,5.09,6.21,5.57,7.3,5.23,4.61,6.05,7.37,7.86,5.41,4.0,5.73,6.57,7.65,4.19,4.51,5.36,5.52,6.59,1.01,2.83,3.77,4.41,5.66
2013-10-31,2.61,2.36,2.76,3.34,0.17,0.6,2.84,3.26,4.29,1.4,2.55,3.78,3.01,3.69,3.35,1.3,3.5,3.31,3.77,3.63,3.96,5.48,4.86,4.21,3.21
2013-11-30,5.37,6.8,5.46,7.37,7.02,5.05,4.49,5.54,6.19,3.57,2.79,2.4,3.72,4.25,3.32,0.4,1.64,2.58,0.83,2.42,2.57,3.06,3.76,2.59,3.84
2013-12-31,2.5,2.63,0.88,2.16,2.84,2.77,1.34,1.68,1.8,3.35,3.86,3.38,2.15,1.06,2.72,2.78,2.97,2.41,4.25,3.25,3.5,1.34,2.19,3.04,3.75
2014-01-31,-1.07,-2.68,-1.59,-2.42,-1.03,-4.24,-1.87,-5.31,-2.54,-2.29,-2.74,-3.84,-2.62,-3.82,-3.06,-2.68,-2.27,-2.91,-3.44,-0.29,-5.0,-4.22,-3.45,-3.7,0.05
2014-02-28,3.93,1.72,6.19,4.22,4.81,4.32,3.53,3.09,5.55,4.79,6.07,4.88,4.68,5.97,5.9,3.97,4.74,5.94,5.85,7.67,3.58,3.75,3.9,4.59,7.35
2014-03-31,-0.11,1.18,2.32,0.22,-0.75,0.18,1.8,1.37,1.77,-2.31,-0.18,1.35,1.11,0.69,-4.43,1.19,-0.31,1.13,-0.19,-4.09,2.71,2.0,2.37,0.69,-4.44
2014-04-30,-5.27,-4.08,-4.32,-4.38,-6.36,-1.48,-2.28,-4.04,-3.23,-5.28,-0.64,-0.28,-2.1,-3.23,-4.67,2.98,-0.28,-1.66,-1.61,-5.33,3.2,2.72,0.98,-1.75,-1.19
2014-05-31,-1.41,1.55,-0.12,0.97,-1.33,0.03,1.28,0.55,0.29,-0.89,0.68,1.52,0.57,1.15,0.53,0.39,2.05,2.06,2.1,2.37,0.03,1.28,2.57,3.2,5.25
2014-06-30,5.81,3.16,3.97,3.75,5.76,5.61,5.65,6.77,4.54,5.99,6.23,5.09,4.53,4.76,8.46,4.45,3.55,4.59,3.51,4.2,0.61,1.47,1.95,1.96,3.12
2014-07-31,-6.46,-4.61,-4.37,-5.16,-7.88,-7.56,-5.63,-5.24,-4.95,-4.44,-4.8,-5.01,-5.72,-5.87,-6.5,-1.87,-2.7,-3.07,-3.94,-4.56,2.47,-1.27,-1.92,-1.97,0.19
2014-08-31,2.71,3.3,4.61,5.42,5.99,4.83,3.38,5.85,4.26,5.86,5.06,3.53,5.68,3.53,6.13,5.59,4.78,5.34,5.56,6.48,4.12,4.22,3.59,3.73,4.1
2014-09-30,-7.85,-5.47,-6.34,-4.17,-4.99,-7.76,-4.94,-4.24,-5.58,-4.63,-4.99,-6.09,-3.62,-6.31,-6.97,-3.16,-3.25,-3.99,-3.91,-4.03,-1.52,-0.66,-1.5,-0.88,-1.39
2014-10-31,3.84,7.63,6.85,3.72,2.87,5.65,8.18,7.56,7.87,4.88,2.68,6.82,5.73,4.84,2.9,2.59,3.06,3.58,4.31,0.6,1.22,-0.35,2.88,3.19,1.64
2014-11-30,-2.63,-0.68,0.15,-1.66,-1.05,-0.62,-0.46,-0.63,-1.98,0.7,-0.89,1.91,0.35,1.16,2.48,-0.4,2.2,2.63,2.03,1.98,7.59,3.07,1.54,2.93,4.06
2014-12-31,4.16,5.64,4.95,6.56,3.01,0.88,3.2,4.36,2.47,3.31,-2.12,0.97,1.52,1.47,1.35,3.51,-0.48,0.67,0.72,0.28,-4.71,-0.73,0.26,0.45,-1.33
2015-01-31,-7.78,-5.13,-4.42,-3.38,-4.32,-8.1,-6.1,-3.22,-3.69,-0.93,-6.16,-6.04,-3.35,-2.82,-0.45,-5.84,-5.11,-3.31,-0.77,0.81,-2.72,-3.43,-5.07,-3.97,-1.33
2015-02-28,8.81,4.79,4.65,4.51,4.17,9.93,7.19,7.6,5.87,6.84,11.06,8.44,7.07,7.42,5.94,10.38,8.14,6.61,6.71,5.51,7.8,7.25,6.67,4.68,5.5
2015-03-31,-2.57,1.78,2.21,3.7,2.45,-1.18,3.06,2.12,2.46,1.04,-2.52,-0.46,1.32,2.3,3.85,-4.21,-0.48,0.9,0.62,1.4,-2.09,-2.19,-2.14,-1.31,-1.25
2015-04-30,2.64,-1.49,-0.83,-2.02,-4.3,4.61,-1.6,-3.07,-3.53,-4.77,5.72,0.35,-1.17,-3.74,-4.09,8.75,2.71,-0.23,-1.21,-2.93,8.04,4.13,2.3,0.46,-1.43
2015-05-31,-2.3,0.12,-0.1,2.94,3.95,-2.2,0.96,0.46,1.14,5.29,-4.48,2.03,4.07,1.37,5.66,-6.23,-1.18,1.99,2.63,4.54,-5.73,-0.59,0.88,2.46,3.16
2015-06-30,-0.38,2.54,2.94,2.72,0.84,-1.94,0.39,0.86,2.39,2.85,-5.86,0.49,0.09,-0.31,1.82,-4.6,-1.54,-1.56,-1.09,-0.48,-3.42,-3.34,-2.1,-1.33,-0.55
2015-07-31,-10.55,-4.48,-3.07,-1.16,-2.74,-10.53,-1.94,-0.93,0.0,0.04,-13.65,-3.24,-1.48,-0.06,3.42,-11.14,-1.2,2.31,1.82,3.06,-11.13,0.24,1.66,3.73,3.45
2015-08-31,-4.02,-6.24,-2.84,-2.45,-4.88,-3.85,-5.83,-4.19,-4.04,-7.57,-4.0,-3.72,-5.49,-6.11,-7.38,-3.77,-5.64,-6.23,-4.66,-7.6,-6.35,-4.68,-6.53,-6.89,-5.93
2015-09-30,-12.68,-7.43,-3.02,-0.77,-7.67,-14.8,-5.24,-5.34,-1.87,-6.53,-13.42,-6.33,-4.02,-2.93,-3.64,-11.91,-5.97,-3.27,-2.92,-4.24,-6.72,-3.7,-1.12,-2.74,-1.79
2015-10-31,6.87,6.53,6.5,4.75,5.13,11.19,8.34,5.23,4.74,4.35,6.51,7.72,5.16,3.61,5.45,8.36,7.2,6.48,5.5,4.33,13.08,7.4,8.93,7.86,7.44
2015-11-30,2.38,4.29,3.67,3.88,5.07,4.97,3.11,4.93,6.08,3.93,-1.62,0.9,1.69,3.08,3.45,-1.57,-0.56,1.89,2.36,0.56,-1.56,-1.48,0.63,0.49,0.65
2015-12-31,-7.93,-6.56,-2.04,-2.87,-4.6,-6.01,-4.12,-4.23,-4.84,-4.68,-7.17,-6.93,-3.63,-6.59,-4.62,-3.62,-4.83,-4.06,-2.65,-3.07,-6.6,-2.73,-2.93,-0.26,0.05
2016-01-31,-15.05,-11.05,-9.78,-5.44,-9.95,-12.23,-11.38,-8.65,-8.03,-10.89,-12.87,-7.79,-7.16,-6.8,-10.89,-9.4,-8.81,-7.78,-7.26,-6.57,-2.12,-4.64,-5.42,-6.18,-4.08
2016-02-29,1.35,1.54,-1.1,0.09,-1.81,1.73,4.05,2.66,-2.39,-2.16,4.33,4.55,2.67,-1.19,-0.72,3.77,3.22,2.72,0.07,-0.52,2.29,2.58,1.35,-0.76,-2.54
2016-03-31,14.32,6.3,7.44,6.87,3.46,14.94,11.11,7.94,5.78,6.72,14.01,11.18,6.81,7.76,6.51,11.17,10.35,8.67,6.6,5.93,9.64,8.15,7.4,5.96,5.94
2016-04-30,9.29,3.08,3.82,4.03,2.89,8.22,4.11,1.97,0.79,2.11,10.03,2.6,1.89,1.27,-0.72,8.8,2.17,2.01,0.47,-0.42,10.78,6.01,0.4,1.02,-1.18
2016-05-31,-1.97,0.36,0.52,0.43,-0.53,0.55,2.55,2.71,1.81,3.7,-0.53,-1.3,1.76,3.29,1.86,-0.44,0.23,1.97,3.04,3.26,0.28,1.65,2.13,0.85,2.53
2016-06-30,-2.09,-2.16,0.5,0.02,-0.2,-2.13,-1.75,-0.39,-0.25,1.47,-3.97,-4.23,-2.07,-0.03,2.0,-1.74,-2.53,-2.23,-0.96,2.03,-1.47,-4.2,-1.61,1.79,2.36
2016-07-31,6.45,5.71,6.4,3.36,5.76,10.48,5.79,5.78,5.85,4.47,10.59,5.97,5.5,4.67,4.34,9.51,5.18,5.01,3.51,2.4,8.45,6.35,4.13,2.22,3.69
2016-08-31,4.53,2.23,3.61,3.22,1.11,4.62,1.11,2.54,0.09,0.58,2.12,2.31,3.06,1.14,0.08,2.31,2.02,1.3,1.69,-0.67,4.09,1.96,1.27,-0.46,-1.77
2016-09-30,6.62,1.97,2.23,1.63,4.77,3.62,0.7,1.58,1.14,1.59,1.83,-0.61,-0.25,1.54,1.35,-1.06,0.32,-0.82,0.2,0.62,3.55,-0.69,-0.27,0.36,0.39
2016-10-31,-8.65,-5.24,-3.37,-1.94,-7.19,-9.14,-4.82,-3.88,-3.07,-5.68,-5.93,-3.53,-2.85,-4.88,-4.45,-2.8,-1.31,-1.91,-3.57,-3.04,-3.31,0.71,-0.92,-2.61,-3.2
2016-11-30,10.16,13.04,12.52,13.0,11.61,10.87,14.38,11.89,12.93,11.91,11.67,9.81,11.65,10.46,7.85,7.34,7.56,6.92,5.39,7.28,9.03,5.89,4.23,1.12,0.94
2016-12-31,3.4,4.88,6.32,5.55,2.75,0.92,3.45,3.12,4.42,0.52,-0.2,3.31,2.21,1.03,0.62,1.65,0.46,-0.5,0.87,-0.17,0.39,2.38,2.37,2.45,0.28
2017-01-31,-0.66,-1.36,-1.93,-2.19,0.04,2.25,1.28,0.73,-1.67,2.07,2.94,2.07,0.06,0.25,2.04,3.92,3.34,1.66,1.61,2.33,3.29,1.97,1.8,1.47,3.44
2017-02-28,2.04,1.02,2.29,0.97,-0.31,1.85,1.69,0.2,1.58,1.71,3.93,3.21,2.13,1.57,-0.31,2.64,3.43,3.3,3.1,3.93,4.26,3.73,4.7,3.87,-1.53
2017-03-31,2.09,0.61,0.37,1.51,1.44,-0.27,0.68,1.24,-0.49,-0.56,-0.29,1.91,1.14,0.38,-2.25,-0.88,1.18,0.04,0.55,-0.56,-0.72,0.49,1.1,-0.54,-1.07
2017-04-30,-1.43,5.6,1.56,2.14,0.42,1.27,0.9,2.27,2.01,1.04,-0.12,2.14,1.13,0.74,0.32,0.07,1.39,0.88,0.34,0.68,0.2,2.39,0.89,1.2,0.61
2017-05-31,-5.29,-2.27,-1.78,-1.79,-2.91,-2.87,0.87,-1.68,-5.09,-1.94,0.35,-1.5,-0.38,-2.83,-1.11,-4.69,0.39,0.57,-0.24,1.72,-2.06,0.72,2.32,2.01,2.93
2017-06-30,7.35,5.69,6.2,4.78,4.41,2.22,4.09,3.36,4.62,4.57,3.82,3.11,2.32,2.44,3.98,3.78,1.8,1.49,1.39,0.32,0.5,0.57,1.08,0.57,-1.45
2017-07-31,-1.89,-1.5,-0.98,-0.18,-0.29,-0.02,1.05,1.28,0.43,1.49,0.93,1.15,-0.06,-1.01,3.83,-1.15,1.8,0.87,1.4,3.37,1.97,1.16,0.92,2.4,3.91
2017-08-31,-3.22,-1.8,-2.06,-1.81,1.36,-4.4,-2.63,-1.63,-1.18,-1.54,-1.81,-0.85,0.12,-1.23,-1.63,-5.91,-0.94,1.31,-0.16,1.14,-2.32,-0.1,0.23,1.17,1.81
2017-09-30,11.26,8.84,10.26,8.54,7.61,8.15,6.85,7.64,7.18,7.81,2.42,7.0,5.1,4.84,6.02,4.91,4.3,3.25,3.08,3.36,3.11,3.12,2.31,1.1,1.51
2017-10-31,-3.57,1.54,0.25,1.31,0.52,-3.8,0.57,0.67,1.46,1.38,-3.09,0.05,1.83,2.61,1.49,-1.38,0.13,0.52,3.54,4.52,-5.67,-1.22,3.03,2.52,5.44
2017-11-30,5.31,3.31,2.11,2.48,3.19,0.75,5.3,5.01,3.62,0.67,4.16,2.07,3.77,3.7,3.6,6.95,4.41,3.44,4.6,4.41,4.69,3.79,2.86,2.86,2.39
2017-12-31,2.03,-1.0,-2.62,-1.22,0.6,2.05,-0.96,-1.89,-0.38,1.67,1.79,0.54,-0.65,1.08,-0.57,5.84,2.69,2.14,-0.64,-0.44,3.16,2.72,1.91,0.99,-0.16
2018-01-31,1.36,2.06,2.16,3.26,2.84,4.22,3.18,0.67,1.99,5.22,-2.19,1.75,3.37,2.55,5.08,1.91,4.35,4.6,3.75,7.13,1.76,3.41,4.4,6.96,9.13
2018-02-28,-4.5,-3.67,-3.52,-3.5,-3.09,-4.77,-3.72,-0.81,-3.5,-3.97,-6.6,-4.37,-4.17,-2.9,-2.97,-5.03,-5.05,-3.28,-3.24,-3.62,-8.7,-7.03,-5.49,-2.41,-0.42
2018-03-31,1.27,1.87,4.83,1.53,2.25,-0.74,0.97,2.2,1.56,0.68,0.48,0.52,0.42,-0.38,-0.28,0.09,-1.15,0.11,-0.26,0.7,-2.75,-0.73,-2.0,-3.58,-3.44
2018-04-30,1.78,3.25,1.34,-1.34,1.6,3.51,2.6,0.49,0.34,-0.47,0.96,-0.41,-0.71,0.13,3.55,4.2,0.32,0.44,0.3,-2.22,-0.59,-0.96,1.3,-0.42,1.56
2018-05-31,7.66,6.02,5.03,7.36,9.76,6.01,4.6,5.56,4.31,10.69,5.79,2.68,3.07,4.24,9.72,-1.13,1.11,1.66,2.11,6.42,-2.84,0.43,2.42,2.08,5.05
2018-06-30,0.16,0.77,2.5,0.92,2.08,3.05,3.19,0.09,0.01,2.21,1.47,1.13,-0.01,-1.18,0.6,6.49,2.44,0.41,-0.4,-1.39,4.14,0.79,-0.05,0.42,-0.44
2018-07-31,-0.65,-1.04,1.74,-0.08,-1.02,2.54,1.81,3.05,2.42,2.47,1.81,1.86,1.8,1.42,1.98,1.4,3.23,3.42,3.17,0.35,3.44,5.55,5.47,2.18,2.58
2018-08-31,2.85,2.74,3.67,3.37,7.19,3.27,3.48,3.59,2.83,8.3,2.99,2.87,3.13,3.03,7.2,-0.48,0.12,2.01,3.69,9.54,0.76,0.33,2.53,4.53,7.32
2018-09-30,-2.36,-1.78,-2.91,-3.62,-4.29,-1.3,-2.45,-3.92,-2.47,-1.71,-2.8,-1.43,-3.1,-2.23,-4.15,-1.46,0.48,-1.33,-0.58,1.31,0.78,1.16,-0.07,0.27,1.32
2018-10-31,-14.2,-9.19,-8.78,-9.3,-11.17,-12.58,-10.53,-8.4,-11.25,-13.16,-10.07,-9.5,-8.36,-10.2,-11.84,-9.96,-8.39,-8.95,-7.46,-11.59,-5.28,-5.58,-4.59,-6.43,-10.07
2018-11-30,-1.82,-0.2,-0.01,0.74,-3.53,3.68,1.73,0.99,1.54,0.29,5.45,3.14,2.22,2.05,-1.93,4.7,3.3,2.23,3.69,0.32,-3.11,2.58,4.56,-0.63,1.95
2018-12-31,-17.63,-12.51,-10.29,-10.8,-12.94,-13.54,-12.62,-12.57,-9.6,-11.91,-14.0,-13.64,-10.71,-11.01,-11.81,-13.47,-12.04,-9.43,-11.3,-9.2,-9.96,-8.98,-9.92,-8.28,-8.46
2019-01-31,18.92,11.61,7.28,7.26,9.99,20.0,12.87,10.7,8.74,9.24,19.87,14.62,11.68,7.96,10.1,16.08,12.09,11.93,9.12,9.92,19.02,12.46,7.37,6.14,7.58
2019-02-28,7.98,6.25,5.15,5.16,5.5,4.06,7.16,6.31,5.45,4.19,4.74,4.83,4.11,5.19,5.2,6.32,3.94,3.27,5.34,5.39,-0.18,2.6,2.81,2.65,5.06
2019-03-31,-3.3,-3.83,-4.1,-3.4,-1.19,-3.39,-3.13,-3.31,-2.47,-1.46,-2.58,-2.76,-2.91,-1.17,-0.47,-0.25,-2.12,-0.14,1.41,0.27,1.76,-0.67,2.17,2.57,1.92
2019-04-30,1.86,3.58,2.81,1.18,0.08,3.51,5.36,3.59,3.32,1.79,5.65,5.37,4.74,3.66,1.47,6.07,5.14,5.08,3.13,3.32,5.35,4.96,6.95,3.08,2.87
2019-05-31,-13.99,-6.8,-7.17,-7.16,-5.62,-14.86,-10.05,-8.67,-7.33,-4.67,-15.97,-10.35,-9.84,-6.91,-4.97,-13.66,-11.62,-7.58,-6.23,-3.05,-14.14,-10.92,-7.13,-6.7,-3.81
2019-06-30,6.79,6.54,5.8,4.96,6.02,7.78,8.73,6.4,7.54,7.85,7.71,9.07,8.13,7.7,6.8,12.36,10.26,7.87,6.21,7.87,12.85,7.41,7.66,6.82,6.47
2019-07-31,-4.78,-2.0,-1.56,1.57,-0.32,-3.82,1.21,0.74,0.99,0.3,-4.07,0.2,2.76,1.22,3.1,-1.04,3.11,1.0,1.05,1.89,3.84,-0.07,2.48,1.39,1.21
2019-08-31,-9.14,-7.26,-6.91,-5.19,-3.47,-7.12,-8.76,-4.75,-0.97,-4.87,-12.16,-7.62,-5.52,-2.65,-2.77,-15.08,-11.19,-3.77,-1.84,-1.83,-8.82,-5.76,-5.01,-1.15,0.9
2019-09-30,7.14,3.72,4.31,2.52,-2.94,4.74,5.22,5.28,1.18,-4.79,6.64,4.64,3.47,2.96,-2.62,5.35,6.2,3.99,2.66,-3.75,4.56,5.37,1.81,3.07,-0.41
2019-10-31,-1.96,0.38,1.03,3.02,2.77,-1.82,2.88,2.69,4.23,2.69,2.27,2.15,3.16,2.49,2.55,-3.3,1.46,3.33,1.1,1.05,10.06,4.95,4.54,1.78,0.39
2019-11-30,6.67,2.62,4.32,4.85,6.38,4.24,4.39,5.93,2.23,5.15,4.35,5.27,3.08,2.37,5.68,6.43,5.91,4.85,2.72,6.01,6.56,6.55,4.19,3.34,2.52
2019-12-31,12.89,3.55,3.87,4.51,4.01,5.96,3.15,4.65,1.37,5.99,9.21,2.62,2.97,1.88,1.14,7.3,4.4,2.04,1.41,0.28,3.72,3.41,2.27,2.68,3.48
2020-01-31,-7.31,-4.79,-5.88,-5.55,-1.75,-8.57,-5.48,-4.41,-4.43,-1.82,-6.96,-6.25,-0.91,-2.52,-0.99,-6.02,-4.01,-1.99,0.96,0.7,-12.37,-2.6,1.44,-0.84,4.03
2020-02-29,-7.65,-6.9,-8.37,-7.44,-5.36,-10.54,-9.7,-8.77,-8.96,-8.54,-9.83,-9.31,-11.29,-8.58,-6.0,-13.4,-9.45,-10.18,-9.4,-7.06,-3.72,-7.24,-8.0,-8.39,-7.46
2020-03-31,-29.11,-22.88,-23.45,-22.99,-23.85,-25.93,-25.05,-21.57,-23.23,-25.7,-27.11,-25.05,-22.41,-22.39,-19.16,-38.45,-24.49,-21.73,-17.9,-16.01,-31.69,-15.32,-12.45,-10.45,-10.36
2020-04-30,32.05,15.5,10.89,11.93,20.46,28.35,14.07,13.84,16.05,20.19,30.83,21.24,13.27,12.86,18.69,27.65,17.2,15.53,11.83,14.72,22.48,14.0,10.91,13.44,13.15
2020-05-31,9.11,5.8,4.18,1.72,9.23,11.84,7.53,3.03,3.99,11.5,5.79,6.97,5.96,6.79,8.94,2.62,6.67,6.16,6.78,10.11,3.81,4.51,4.79,5.17,5.2
2020-06-30,9.44,5.94,3.26,2.18,9.53,5.06,3.62,3.35,1.94,6.97,8.9,2.87,2.07,2.99,4.43,12.16,3.18,0.09,0.81,1.81,14.16,-0.72,-1.09,-1.74,4.48
2020-07-31,2.45,-1.45,1.5,4.94,3.57,-2.34,0.52,3.71,4.0,4.86,-0.85,1.07,3.71,4.51,4.27,-0.82,3.1,5.35,5.99,8.03,-10.39,-2.13,3.46,5.71,7.61
2020-08-31,8.24,5.78,6.5,4.92,3.34,8.27,9.01,5.64,5.99,1.85,6.95,4.39,3.6,3.01,6.31,7.11,5.97,4.41,5.07,2.37,3.95,3.3,5.28,5.64,10.33
2020-09-30,-6.44,-2.45,-3.92,-2.17,-0.04,-7.22,-5.82,-5.95,-1.55,-3.78,-7.72,-6.72,-3.31,-3.41,-2.11,-6.01,-2.56,-2.53,-2.51,0.66,-7.14,-5.32,-1.23,-1.21,-5.81
2020-10-31,1.01,4.44,0.98,3.92,-2.27,7.44,3.9,1.84,5.0,1.79,4.54,6.49,3.77,3.07,0.26,4.97,1.58,1.05,-0.47,1.42,-5.98,0.87,-2.7,-3.41,-2.86
2020-11-30,31.72,19.1,16.29,21.5,18.53,27.4,17.17,15.65,17.48,18.48,31.97,17.04,15.66,14.97,15.61,28.64,20.86,14.07,11.32,13.68,30.44,18.73,14.43,10.69,9.62
2020-12-31,11.93,8.03,4.94,7.46,9.38,13.62,9.72,7.19,10.38,9.6,9.99,8.01,6.9,8.1,10.64,9.49,7.75,4.53,3.65,6.77,4.88,6.85,3.41,4.03,3.79
2021-01-31,14.94,6.78,5.03,9.01,20.49,5.97,2.47,5.85,4.64,20.37,1.08,-0.48,2.0,1.97,8.68,2.33,-0.02,0.55,-2.2,3.41,0.08,-0.3,-2.34,-3.8,0.68
2021-02-28,13.47,11.11,11.39,8.7,8.49,14.1,9.68,8.58,10.28,7.5,14.39,10.54,9.19,8.77,2.83,9.81,9.2,6.39,6.06,1.84,11.69,6.5,2.56,2.61,-1.63
2021-03-31,3.75,4.95,3.65,5.83,-0.98,3.06,4.77,4.1,4.92,-0.67,5.5,5.26,3.59,2.58,-2.04,6.81,5.85,5.7,3.92,-1.41,7.02,6.18,6.71,3.34,-1.55
2021-04-30,-1.76,1.16,1.38,1.22,-0.54,0.84,1.01,3.41,1.38,3.3,0.53,3.24,2.74,3.16,2.36,4.7,4.93,5.31,4.89,3.77,2.2,6.87,6.38,3.99,6.33
2021-05-31,0.07,3.17,4.02,4.75,2.48,0.94,1.91,1.63,-0.8,3.21,-2.8,0.6,0.29,1.49,-0.12,0.76,-1.01,1.73,0.71,-1.21,1.01,-0.2,0.38,2.97,-3.21
2021-06-30,1.73,0.84,-0.9,-0.09,5.72,3.28,0.2,-1.08,1.16,5.34,2.15,0.22,-0.27,-0.96,5.76,2.16,1.06,-0.34,0.93,2.11,1.02,3.94,3.1,0.66,7.38
2021-07-31,-6.71,-1.76,-2.94,-4.14,-7.89,-4.75,-2.84,-2.7,-2.17,-7.98,-1.49,-0.26,-0.17,-2.83,-4.49,1.01,2.96,-0.47,-2.16,-5.13,1.45,3.57,2.39,-0.5,1.85
2021-08-31,5.32,2.29,2.64,1.38,3.27,0.27,2.18,2.23,2.32,3.59,0.14,1.82,0.84,2.46,2.4,0.23,1.57,2.56,4.69,6.06,1.42,3.53,2.0,5.43,3.07
2021-09-30,-2.77,-4.71,-1.95,-0.97,-2.24,-2.47,-2.98,-2.52,-1.28,-2.64,-2.05,-1.65,-3.2,-2.27,-2.55,-5.04,-3.32,-4.83,-2.56,-2.1,-4.7,-5.56,-4.01,-4.38,-3.15
2021-10-31,-2.08,2.13,2.95,2.32,3.58,1.89,1.97,4.05,2.63,4.94,1.71,4.07,3.43,3.15,6.7,3.81,6.27,4.8,6.2,7.34,3.46,6.2,7.23,13.4,4.83
2021-11-30,-9.53,-4.43,-4.5,-2.75,-6.99,-6.27,-2.77,-2.29,-2.84,-3.38,-8.36,-4.01,-4.13,-3.9,-4.38,-5.89,-4.13,-1.75,-3.37,-1.87,-2.01,1.46,-2.54,-1.19,-2.04
2021-12-31,-2.68,0.8,2.4,2.87,1.09,1.51,4.59,5.48,5.78,-0.43,2.25,4.78,4.09,3.02,-0.49,3.17,5.81,4.85,4.25,-0.06,7.13,4.84,4.93,3.69,-2.01
2022-01-31,-13.55,-5.71,-4.1,-4.69,-9.75,-10.91,-7.71,-5.38,-4.52,-10.87,-10.2,-6.94,-5.62,-7.36,-11.44,-5.88,-6.48,-5.5,-7.62,-8.92,-1.59,-3.76,-5.13,-6.5,-7.95
2022-02-28,-3.61,2.59,1.07,-1.98,4.13,0.29,2.38,0.7,0.71,4.0,-1.06,0.43,2.69,2.37,1.23,-1.03,0.62,0.22,-0.15,3.68,-4.63,-2.4,-4.95,-2.4,-1.35
2022-03-31,0.52,0.66,0.56,1.78,-0.83,0.32,-0.05,1.01,-1.15,3.92,3.36,0.68,0.11,1.95,3.23,-3.81,0.64,0.19,2.55,3.81,-0.31,1.35,2.65,4.11,5.12
2022-04-30,-18.14,-8.2,-6.66,-6.7,-5.04,-16.98,-8.48,-7.96,-8.44,-8.55,-13.68,-7.78,-7.15,-6.59,-7.56,-14.11,-5.91,-5.82,-7.3,-7.86,-15.89,-7.49,-8.23,-6.39,-11.14
2022-05-31,-6.15,-1.08,0.87,1.37,0.96,-3.08,0.63,1.12,1.84,-1.0,-4.08,0.22,1.91,-0.22,3.55,-3.0,-0.16,0.33,1.44,-0.11,-4.55,4.56,-0.27,-1.24,-0.18
2022-06-30,-7.09,-7.21,-6.44,-3.09,-8.57,-7.26,-8.18,-5.01,-6.43,-12.3,-11.79,-8.4,-7.53,-7.09,-9.93,-11.63,-9.27,-9.09,-7.47,-12.17,-12.09,-11.56,-7.87,-7.4,-6.83
2022-07-31,10.58,6.4,8.27,4.59,10.74,12.3,11.18,10.71,9.58,10.31,12.79,9.31,10.76,9.28,9.49,11.73,12.94,9.32,8.25,8.85,11.11,14.53,8.87,10.57,4.84
2022-08-31,1.73,-1.02,0.94,-1.6,2.19,-1.94,-2.16,-1.44,-3.23,1.17,-4.91,-4.51,-4.14,-2.82,1.33,-3.22,-5.38,-1.17,-1.56,0.34,-0.98,-5.89,-5.58,-3.42,-1.19
2022-09-30,-13.09,-10.31,-9.11,-4.2,-8.49,-10.47,-11.07,-9.32,-7.05,-9.69,-11.8,-12.34,-9.3,-6.62,-8.94,-11.95,-12.01,-9.28,-7.7,-8.41,-12.28,-11.58,-8.83,-9.1,-5.37
2022-10-31,5.3,7.59,9.61,7.2,9.6,6.96,11.29,12.57,12.83,14.24,5.3,11.8,9.65,12.05,11.91,2.25,6.88,8.4,10.99,10.3,3.58,4.97,7.93,7.37,13.15
2022-11-30,-5.0,2.53,0.65,2.11,-0.12,-1.36,1.67,3.04,1.13,1.59,4.0,7.27,4.88,4.46,1.06,3.83,7.86,8.03,4.53,3.3,10.86,4.58,7.24,4.29,3.09
2022-12-31,-8.76,-3.87,-3.38,-1.27,-1.78,-10.25,-5.75,-0.82,-6.25,-3.49,-7.8,-5.65,-5.81,-6.44,-6.96,-7.52,-4.27,-5.77,-4.16,-5.91,-13.91,-6.76,-6.65,-3.06,-3.38
2023-01-31,22.97,12.8,8.93,4.13,4.28,21.9,13.75,9.42,7.27,5.16,18.02,16.32,9.99,5.6,5.69,19.26,12.92,9.09,7.46,3.44,23.18,9.11,6.36,1.69,0.01
2023-02-28,-8.17,-2.79,-2.34,0.52,-1.77,-4.59,-2.54,-0.14,-2.13,-2.27,-5.69,-1.72,-1.0,-0.75,0.75,-3.55,-4.38,-2.89,-1.79,-1.97,1.82,-1.61,-2.61,-3.31,-4.12
2023-03-31,-12.0,-9.11,-5.73,-9.35,-3.58,-4.22,-3.52,-5.46,-4.88,-5.42,-5.23,-5.42,-4.4,-1.71,-2.22,-2.18,-4.49,0.07,-1.8,-1.26,9.6,6.08,1.89,1.95,1.35
2023-04-30,-3.71,-4.89,-4.26,-1.67,-2.69,-3.79,-2.81,-3.85,-2.21,-0.96,-2.2,-1.93,-2.48,-0.78,0.95,-6.01,-1.54,0.4,0.04,-1.34,-2.76,2.82,1.0,1.99,2.49
2023-05-31,1.47,1.35,-0.42,-1.72,-0.32,-2.01,0.55,-2.73,-0.48,3.47,-1.72,-4.19,-2.31,-2.72,-0.91,3.6,-1.88,-5.37,-3.43,-0.86,11.53,1.86,0.04,-0.07,3.1
2023-06-30,7.95,7.6,4.87,4.72,5.45,11.03,6.87,9.29,7.55,5.34,10.5,10.13,7.13,8.51,7.82,10.55,7.4,8.29,7.71,9.35,17.98,5.58,4.21,6.76,7.67
2023-07-31,10.47,6.86,4.57,5.33,0.52,10.46,6.46,8.27,4.34,4.01,11.62,7.65,3.13,3.83,4.85,12.16,6.16,4.8,2.59,1.66,3.25,4.56,4.15,3.51,2.33
2023-08-31,-11.72,-4.89,-4.61,-9.02,-6.21,-8.99,-6.0,-4.62,-3.52,-4.38,-5.16,-8.56,-4.14,-3.48,-3.24,-3.35,-2.71,-2.03,-2.88,-2.73,-8.99,-3.98,-1.23,-1.56,1.36
2023-09-30,-8.77,-6.29,-3.45,-7.36,-6.17,-8.9,-4.98,-3.93,-6.79,-7.35,-7.56,-5.5,-3.8,-5.13,-7.21,-6.04,-4.56,-5.02,-5.43,-6.25,-5.52,-2.87,-3.51,-4.81,-6.76
2023-10-31,-12.5,-2.68,-5.55,-6.55,-9.08,-8.19,-6.57,-6.6,-6.86,-6.17,-6.21,-6.25,-3.94,-6.17,-7.22,-9.82,-5.58,-4.26,-6.05,-7.17,-4.94,-3.39,-1.33,-0.88,-3.15
2023-11-30,9.55,8.19,5.99,9.82,8.99,10.12,8.62,8.33,9.28,12.48,8.37,7.49,11.84,9.11,12.65,10.45,7.25,7.92,10.35,12.01,8.52,6.25,6.85,9.24,12.16
2023-12-31,18.82,15.13,12.39,7.62,14.38,17.46,12.8,12.59,12.14,10.62,16.32,12.34,9.75,10.09,11.35,18.63,10.39,7.76,6.4,9.09,7.71,6.45,4.95,3.57,3.59
2024-01-31,-6.4,-4.24,-4.07,-0.78,-3.55,-7.1,-6.13,-5.6,-2.59,-1.7,-9.2,-2.64,-3.95,-4.07,-3.11,-5.09,-2.13,-1.26,-1.45,1.48,-3.58,-0.38,1.05,3.19,2.98
2024-02-29,8.65,2.85,5.02,4.34,4.21,4.27,2.32,3.4,6.36,10.46,-0.04,0.57,4.18,4.57,8.67,2.41,3.93,3.81,5.79,11.03,0.19,2.1,2.95,3.83,8.34
2024-03-31,0.99,4.18,0.64,3.22,4.11,1.45,4.01,2.72,3.52,2.0,3.95,4.56,2.82,3.52,3.85,3.31,5.04,4.27,4.53,4.65,5.38,3.23,4.18,1.64,3.78
2024-04-30,-10.4,-6.07,-8.27,-9.72,-10.37,-8.87,-6.53,-5.32,-6.38,-7.59,-5.75,-6.61,-8.11,-4.91,-6.3,-5.99,-4.69,-6.36,-5.62,-7.3,-3.29,-1.06,-2.96,-3.4,-5.51
2024-05-31,7.76,5.02,5.28,6.58,2.5,6.66,2.85,5.81,5.72,4.18,3.67,4.23,2.72,4.96,6.51,1.17,2.15,2.75,2.71,4.59,4.13,3.98,2.98,4.42,8.12
2024-06-30,-4.2,-3.22,-1.4,0.57,-5.81,-1.75,-0.58,0.1,-1.61,-3.54,-1.03,-1.77,-1.52,-0.57,-2.22,-0.94,-0.79,-2.34,0.56,-1.65,0.5,4.07,2.44,3.54,7.73
2024-07-31,10.85,13.92,13.5,13.27,14.07,10.01,10.55,12.4,11.53,8.91,2.76,7.72,8.26,11.29,9.0,5.77,6.84,6.6,5.22,3.97,7.52,4.0,4.16,0.19,-3.83
2024-08-31,-6.17,-1.75,-1.83,-0.96,-1.7,-6.07,-2.23,0.44,0.62,1.82,-2.95,-1.06,-0.59,-0.56,1.69,0.16,2.23,0.37,1.62,1.74,-2.25,1.59,2.85,3.99,1.9
2024-09-30,1.98,-1.34,0.16,-0.24,-1.82,-0.58,0.44,-0.54,-0.04,0.05,3.71,0.74,1.75,0.97,2.42,1.52,2.13,2.19,1.66,3.77,7.73,0.5,1.97,2.23,2.06
2024-10-31,-0.58,-1.27,3.84,0.23,0.22,-2.0,-2.63,-0.4,0.02,1.12,-2.89,-2.09,-0.83,-0.72,-1.56,-0.92,-0.46,-2.94,2.75,-0.44,-2.54,-1.75,-1.89,-0.75,2.0
2024-11-30,8.66,8.56,8.63,12.5,14.7,12.87,11.45,10.41,14.8,8.79,9.44,8.26,9.77,11.38,13.98,7.9,4.96,6.67,7.34,12.87,6.52,5.98,6.59,6.77,6.24
2024-12-31,-4.97,-4.76,-4.58,-4.88,-8.06,-5.69,-6.12,-7.96,-7.5,-9.14,-6.63,-7.09,-6.41,-8.98,-10.89,-3.04,-6.17,-5.78,-7.67,-8.15,-7.93,-2.65,-2.19,-1.78,-1.17
2025-01-31,1.5,0.09,0.37,0.57,-0.17,1.93,2.6,2.02,4.94,1.77,3.7,2.27,3.02,5.28,3.04,2.31,3.88,3.76,4.6,6.98,2.42,3.24,1.59,4.75,3.51
2025-02-28,-8.96,-5.32,-3.83,-3.29,-6.71,-9.29,-7.8,-3.64,-3.2,-6.48,-8.6,-5.11,-2.98,-2.56,-5.97,-3.29,-4.15,-1.85,-1.93,-6.31,0.86,-0.61,1.89,-3.01,-4.91
2025-03-31,-11.05,-7.34,-6.15,-5.84,-9.86,-8.88,-6.34,-6.77,-6.06,-11.44,-5.44,-4.8,-4.78,-5.04,-6.7,-5.24,-4.01,-4.66,-5.14,-9.03,-3.75,-2.63,-1.98,-7.23,-9.92
2025-04-30,-0.24,-3.84,-2.76,0.15,0.67,-5.49,-5.7,-3.25,-2.39,-1.11,-4.07,-6.17,-2.67,-1.47,0.28,-4.02,-2.97,-3.51,-0.91,1.02,-6.19,-3.64,-1.48,0.26,1.25
2025-05-31,6.03,6.0,5.8,2.52,7.06,2.8,5.56,4.24,2.42,11.29,5.32,8.25,6.26,3.47,5.26,5.36,4.23,4.27,5.72,5.28,3.76,5.39,6.28,9.64,5.44
2025-06-30,7.59,5.85,3.1,6.53,3.05,5.93,4.81,4.91,5.52,7.26,3.92,6.07,3.59,3.26,5.97,8.31,3.86,3.57,2.55,3.49,14.24,5.49,7.53,5.51,2.4
2025-07-31,5.75,1.56,-0.19,-1.0,-0.22,2.39,1.23,1.46,2.64,-0.63,3.35,1.76,0.7,1.02,2.28,4.32,2.17,1.03,0.53,2.07,-0.79,3.07,5.15,0.88,0.15
2025-08-31,8.97,10.21,9.18,11.39,8.63,8.84,5.86,10.0,9.73,7.58,4.99,4.85,6.33,7.27,4.43,4.36,5.04,4.65,2.25,2.68,8.01,3.44,7.04,-0.27,-0.14
2025-09-30,2.59,3.7,-0.77,2.15,4.82,1.42,-1.4,-1.24,0.06,4.19,-1.93,-0.04,-1.99,0.88,4.77,-2.04,-0.82,-2.12,-0.23,4.56,0.8,4.16,0.15,3.92,5.68
2025-10-31,1.53,0.1,-0.82,-0.34,-0.18,3.9,-1.83,-2.89,0.36,-0.94,-0.92,-1.16,-1.11,-3.22,3.67,-0.69,1.08,-1.99,-2.08,3.12,-0.58,3.35,1.54,2.67,3.67
2025-11-30,0.11,5.6,6.98,2.11,-2.93,1.35,4.08,2.98,2.57,-0.68,2.69,2.36,2.55,3.54,2.56,2.35,2.53,2.05,2.39,1.02,0.8,5.79,1.92,0.05,-2.57
2025-12-31,0.34,1.39,2.7,-0.71,-0.95,1.47,1.82,2.81,-0.49,0.97,1.86,0.13,0.84,-0.06,-3.33,2.05,0.71,0.66,-0.64,0.97,3.32,1.39,0.54,-0.55,-0.34
2026-01-31,3.85,6.34,5.54,3.64,-0.25,3.28,6.4,6.21,6.87,5.25,-1.53,2.02,4.29,5.07,6.6,-0.58,0.75,3.2,1.05,9.27,-9.96,2.95,0.78,-3.09,3.91
2026-02-28,-3.37,0.32,0.78,-1.31,2.93,-3.74,-0.82,-0.22,4.14,1.92,1.17,-0.77,2.53,1.84,0.93,0.36,1.08,3.29,2.88,3.04,-2.85,0.93,-1.76,-0.88,-1.66
2026-03-31,-6.68,-3.09,-3.8,-2.93,-5.05,-3.81,-2.07,-4.17,-0.13,-2.31,-6.64,-5.67,-4.94,-3.16,-4.95,-7.54,-6.72,-4.38,-3.88,-6.77,-6.13,-4.89,-4.98,-2.77,-5.47
2026-04-30,11.17,9.12,10.92,8.82,8.68,9.32,7.98,8.96,9.0,15.05,4.81,4.49,6.56,8.05,14.9,3.65,3.08,4.92,5.72,11.06,3.76,4.04,7.95,3.01,22.21
2026-05-31,7.66,4.58,2.27,2.58,3.84,3.09,4.51,2.28,0.74,3.36,1.79,3.25,-1.26,0.25,3.31,3.75,0.2,1.92,1.17,8.2,0.64,6.32,4.39,2.4,8.05
2026-06-30,3.19,5.65,7.41,7.2,4.65,5.6,3.73,8.88,6.19,8.28,2.15,5.99,6.73,5.87,6.11,-1.52,2.16,6.29,3.85,3.14,-5.22,-6.15,2.5,-3.53,4.24
2026-07-31,-1.79,-0.1,-0.11,-1.41,-9.65,6.34,2.98,1.24,-0.28,-7.96,5.27,2.41,1.53,0.19,-7.85,8.63,4.4,0.3,0.34,-12.49,6.45,7.66,2.61,0.84,-7.07
