Date,Big_HiOP_HiINV,Big_HiOP_INV2,Big_HiOP_INV3,Big_HiOP_LoINV,Big_LoOP_HiINV,Big_LoOP_INV2,Big_LoOP_INV3,Big_LoOP_LoINV,Big_OP2_HiINV,Big_OP2_INV2,Big_OP2_INV3,Big_OP2_LoINV,Big_OP3_HiINV,Big_OP3_INV2,Big_OP3_INV3,Big_OP3_LoINV,Small_HiOP_HiINV,Small_HiOP_INV2,Small_HiOP_INV3,Small_HiOP_LoINV,Small_LoOP_HiINV,Small_LoOP_INV2,Small_LoOP_INV3,Small_LoOP_LoINV,Small_OP2_HiINV,Small_OP2_INV2,Small_OP2_INV3,Small_OP2_LoINV,Small_OP3_HiINV,Small_OP3_INV2,Small_OP3_INV3,Small_OP3_LoINV
1963-07-31,1.08,0.95,-0.99,-1.3,-1.81,-1.39,2.36,-1.73,-0.45,2.18,-0.13,-0.36,-0.92,-0.61,0.72,-0.7,-0.47,-0.49,0.28,0.31,-1.17,-1.08,-1.1,-0.96,-0.9,-0.64,-1.76,-2.05,0.07,-1.94,-0.42,3.75
1963-08-31,5.72,6.88,7.01,4.61,5.93,6.08,2.25,7.35,6.61,4.05,5.1,7.25,6.5,4.83,5.77,4.9,7.01,3.61,4.34,5.15,0.86,5.52,1.68,6.54,9.71,5.05,2.36,4.77,4.09,3.23,3.32,8.43
1963-09-30,-0.38,-2.47,-2.1,-2.08,-3.48,-0.45,-4.01,0.78,3.65,-1.79,1.18,-1.77,-1.34,-1.99,-1.61,-3.2,-2.7,-2.51,-2.95,-3.67,-2.84,-1.6,0.58,-1.77,0.59,-2.29,-1.03,0.0,-2.47,-1.13,-0.38,1.26
1963-10-31,11.1,1.91,1.36,3.22,-1.02,2.12,0.46,0.97,-0.37,0.57,3.28,0.7,6.07,1.69,2.52,2.65,-0.47,2.32,2.76,4.67,0.31,3.96,-0.99,1.9,0.81,0.8,1.81,2.35,1.83,-1.15,2.42,0.34
1963-11-30,-3.9,-0.6,0.07,2.73,-0.32,-2.28,-0.37,-1.15,-1.33,-2.26,2.86,-2.45,-0.46,-0.96,-0.51,1.0,-2.61,-2.17,-2.77,0.67,-2.23,-3.31,1.44,-1.37,0.79,0.85,-1.29,-2.0,-3.76,0.58,-2.52,3.77
1963-12-31,1.09,2.99,2.63,2.04,6.54,2.86,5.36,0.99,1.07,1.98,0.58,3.82,0.97,3.34,3.37,3.98,1.64,0.73,1.02,-2.4,-1.58,-1.03,-0.87,-0.47,-1.4,1.4,0.37,0.05,-0.12,1.14,1.73,2.77
1964-01-31,2.78,2.16,2.6,4.18,-0.34,2.94,6.11,2.55,4.86,2.51,2.69,0.69,1.46,0.55,0.79,2.36,2.92,3.71,3.71,2.11,-1.53,2.34,6.4,4.03,-0.27,2.25,3.19,5.42,2.44,3.33,2.4,4.4
1964-02-29,2.18,1.72,3.63,3.9,2.1,1.81,0.88,2.46,0.9,3.11,0.76,0.97,0.85,-0.35,1.33,1.36,3.02,1.35,4.77,1.3,3.8,4.42,4.91,4.18,-0.16,3.28,0.65,1.03,1.1,2.49,0.38,-1.28
1964-03-31,1.55,1.67,0.3,3.61,1.32,4.88,1.01,5.34,0.18,2.4,-0.34,2.16,2.91,1.77,-0.03,4.6,0.95,3.87,1.73,8.53,2.87,3.1,6.57,6.23,2.58,4.87,5.04,4.98,1.49,5.84,5.3,0.14
1964-04-30,0.91,0.79,-0.63,-1.22,4.38,8.04,3.95,-3.16,1.3,0.65,0.66,-0.52,-1.54,-0.88,-0.88,-1.29,-2.95,-0.59,-0.89,-0.09,-1.87,-0.03,-1.34,-1.54,0.93,-1.74,-1.34,1.49,-0.89,-1.97,0.01,-4.64
1964-05-31,3.81,0.27,1.07,1.82,3.91,4.23,1.07,0.83,4.58,2.22,-0.14,-0.47,-0.59,0.67,1.37,1.44,-1.15,2.2,-0.43,10.29,-0.04,1.34,3.15,4.83,0.56,0.63,-0.27,0.88,1.27,0.05,-0.21,1.25
1964-06-30,0.52,1.84,1.39,-1.15,0.89,1.21,1.03,0.56,2.57,1.95,4.95,2.18,2.34,0.5,2.12,1.37,0.98,3.92,1.2,3.78,-0.23,1.49,4.81,0.98,3.01,0.09,2.82,4.45,2.78,2.02,-0.4,1.38
1964-07-31,-0.63,1.31,4.65,2.98,1.42,0.95,2.77,3.46,0.22,2.17,-0.69,3.42,2.33,3.15,2.74,4.84,2.38,2.68,0.84,3.23,0.56,2.3,3.25,4.35,5.13,5.39,0.3,2.99,2.74,0.87,5.31,1.49
1964-08-31,-2.65,-3.39,0.09,-1.23,-1.58,-0.97,-1.91,-0.01,0.22,-1.96,-1.2,1.07,-2.16,-1.14,-1.4,1.55,-0.84,5.6,-0.91,-3.88,1.12,-3.07,0.09,-1.58,-2.0,0.38,1.16,-1.75,-1.76,-0.28,-1.33,-0.71
1964-09-30,2.74,5.63,2.71,3.87,6.22,4.91,3.34,4.59,3.9,2.24,-0.1,1.51,4.93,2.99,4.81,0.79,2.47,2.76,0.91,4.66,2.11,2.01,4.4,6.11,1.41,2.64,2.87,2.23,4.9,2.19,3.84,1.52
1964-10-31,-0.73,-1.04,0.09,-0.03,0.98,0.59,3.99,1.68,1.08,2.08,-0.42,1.92,2.07,1.05,1.31,0.16,1.74,2.94,3.48,2.39,-0.13,5.32,2.0,0.24,1.67,2.0,-0.65,4.23,1.38,2.35,1.37,2.37
1964-11-30,-0.34,3.73,-0.42,2.06,0.57,-1.51,3.76,-0.49,2.21,0.65,-2.05,-0.13,-1.85,0.56,2.45,1.62,0.68,0.81,1.63,-1.1,1.93,-1.11,-1.72,-1.81,2.96,-1.8,0.41,0.44,-1.63,-1.41,0.63,1.44
1964-12-31,0.07,-0.58,2.26,0.82,0.91,-1.71,-2.06,-1.75,1.65,0.28,2.72,-0.57,-0.06,0.42,0.76,-1.12,-0.02,1.75,-0.36,-3.1,-1.15,-0.46,3.1,-2.81,0.29,-0.74,1.1,-1.79,-0.36,-1.07,-0.2,-3.15
1965-01-31,7.45,4.72,4.97,4.22,4.45,3.85,-0.3,5.63,2.63,0.12,0.65,4.05,5.59,4.65,4.33,5.47,7.69,5.47,5.7,9.53,5.75,6.66,4.52,7.54,7.5,6.21,4.24,5.84,5.59,6.65,6.5,2.98
1965-02-28,3.27,2.28,-0.24,-0.61,-2.55,0.72,-1.95,2.33,1.56,-2.34,0.92,1.02,1.28,1.48,0.87,2.48,4.47,3.16,3.81,6.58,4.72,4.68,4.12,2.98,1.99,2.56,3.69,5.03,5.81,3.69,3.0,4.12
1965-03-31,-1.53,-4.26,-0.31,-2.51,-0.44,-0.26,-3.95,-0.12,-1.65,-2.16,-1.4,-0.21,1.16,-1.61,0.07,0.82,-1.13,2.59,1.91,2.66,1.88,0.33,1.19,0.88,2.32,2.04,1.45,1.12,0.53,0.67,1.09,1.22
1965-04-30,4.9,3.02,6.13,1.46,1.85,1.7,2.57,3.73,7.5,0.46,3.11,3.06,6.52,1.93,3.06,0.79,3.21,3.58,4.76,4.2,8.48,7.8,5.38,2.65,5.49,4.85,0.93,3.49,6.08,3.96,6.45,4.22
1965-05-31,0.15,0.66,-2.55,2.26,1.75,-0.52,1.63,-1.15,-0.64,-0.01,1.56,-0.43,-3.48,-1.42,-0.41,-0.8,-0.32,-0.31,2.44,1.32,-2.54,0.59,-3.81,0.23,1.25,-1.17,-0.38,3.43,2.74,-2.21,-0.94,-2.07
1965-06-30,-5.78,-5.67,-5.0,-5.25,-6.9,-3.44,-2.76,-7.36,-4.68,-2.4,-4.08,-4.64,-7.19,-4.15,-4.93,-5.08,-9.61,-9.64,-8.19,-11.92,-11.25,-10.28,-9.44,-10.57,-10.1,-8.64,-7.5,-10.09,-11.22,-7.68,-8.83,-7.32
1965-07-31,2.48,1.52,2.76,0.84,5.57,3.44,3.67,1.6,-0.5,0.02,0.09,2.36,0.71,0.41,0.84,0.57,2.6,0.58,2.28,4.01,4.12,2.78,2.12,1.67,4.13,3.7,2.57,3.8,3.5,4.48,4.01,2.31
1965-08-31,6.43,2.96,5.57,2.69,3.67,2.78,1.94,2.69,1.17,0.29,1.67,2.12,4.4,2.33,1.29,1.03,7.46,4.31,6.24,7.07,3.68,4.09,4.84,6.61,8.21,3.84,5.0,4.01,3.99,3.67,5.39,6.89
1965-09-30,3.51,4.9,4.01,5.55,3.76,2.72,4.08,3.21,-1.04,3.73,1.24,4.63,4.01,2.55,2.46,0.78,2.7,1.7,2.89,7.09,1.94,4.48,8.42,4.61,8.9,3.85,5.28,2.16,3.98,4.24,6.15,5.42
1965-10-31,5.35,5.81,4.38,2.82,3.37,2.93,1.14,3.27,0.6,1.93,-1.49,1.94,2.31,2.13,3.02,1.77,7.38,4.32,7.43,10.74,9.88,3.81,7.52,7.69,11.38,4.91,5.73,6.81,7.22,2.44,5.32,10.37
1965-11-30,3.2,-4.07,1.6,1.11,0.77,3.1,-0.6,-0.92,3.15,0.73,-3.98,-2.48,1.53,2.24,-1.18,0.08,5.38,1.07,4.47,10.11,8.07,2.83,5.25,7.52,10.67,5.39,6.73,2.3,3.21,4.38,3.34,6.44
1965-12-31,-0.57,0.75,3.22,-0.59,4.7,1.16,1.62,1.22,1.93,0.88,-0.65,2.81,1.94,-0.06,2.3,0.57,2.74,5.44,1.46,5.99,5.76,5.22,13.57,4.32,4.34,3.21,0.65,4.59,5.27,4.25,7.41,-1.74
1966-01-31,2.21,-0.09,1.72,1.75,6.42,1.01,3.39,1.72,-4.98,-0.13,-0.81,-1.91,0.69,0.31,-1.48,-1.28,5.08,6.77,2.66,7.6,7.59,9.89,8.93,8.32,6.4,3.82,9.07,8.18,4.99,2.63,5.22,6.02
1966-02-28,2.24,-2.34,-1.03,-2.23,6.9,-2.55,-2.72,-2.82,-1.86,-2.05,-0.54,-3.95,-1.35,-2.2,-1.38,-3.92,3.97,1.96,2.03,5.73,5.53,4.18,14.29,7.2,5.7,0.6,1.18,0.83,3.84,0.45,0.44,7.98
1966-03-31,0.7,-5.16,2.39,-2.93,-5.73,-1.58,-4.17,-1.56,-3.04,-2.99,-4.43,-0.54,-0.36,-2.47,-2.94,0.33,-2.44,-5.26,-2.28,3.16,-8.12,-2.09,-4.6,-2.19,-3.04,-1.27,-1.44,0.05,-2.74,-4.28,1.94,-3.78
1966-04-30,4.02,-2.06,5.46,0.04,-0.54,0.15,3.02,2.75,3.9,3.16,1.8,1.9,4.12,2.5,-0.19,1.76,8.11,2.57,3.87,10.67,1.86,5.91,6.2,6.48,5.06,11.16,2.63,2.62,4.81,4.27,5.46,6.48
1966-05-31,-3.28,-6.25,-5.72,-5.15,-8.73,-5.35,-5.87,-6.18,-2.61,-5.01,-3.41,-5.49,-5.16,-4.66,-3.3,-2.18,-8.45,-9.8,-8.29,-14.34,-12.84,-11.22,-15.14,-12.78,-12.17,-8.0,-9.15,-9.71,-9.85,-9.12,-8.81,-12.73
1966-06-30,-0.98,-2.31,-2.03,-1.65,0.73,-2.24,-2.12,0.08,-0.49,-2.43,-0.18,0.52,-2.77,0.2,-1.27,-0.27,-0.65,-0.09,0.84,3.78,1.0,0.08,-3.06,0.36,0.09,0.76,0.06,0.33,-1.15,0.01,3.48,1.77
1966-07-31,-3.71,-0.55,-0.82,-1.38,-2.72,-1.29,-3.2,-0.03,-4.07,-0.23,0.55,0.49,-2.28,-0.44,0.13,-0.33,-2.62,-0.94,-2.17,-1.24,-1.93,-1.77,-2.15,-2.14,-1.87,0.54,-2.01,-0.87,-1.16,-0.88,-0.68,-1.54
1966-08-31,-9.76,-7.33,-7.75,-6.65,-9.36,-6.47,-3.11,-7.68,-8.96,-8.29,-6.77,-6.19,-6.99,-6.57,-7.15,-8.28,-11.18,-8.28,-10.08,-10.18,-13.03,-9.94,-10.34,-11.07,-11.26,-8.59,-10.68,-11.43,-11.51,-8.45,-9.62,-9.22
1966-09-30,-3.82,-3.41,-0.42,1.31,-2.0,1.26,0.72,-1.16,-1.65,0.89,0.53,0.49,-6.19,2.51,-1.32,2.02,-1.61,0.57,-1.6,-2.9,-1.97,-2.41,-2.12,-1.52,-1.72,-1.76,-2.19,-1.15,-1.27,-0.34,-2.64,-0.76
1966-10-31,1.84,4.06,1.23,4.83,7.36,9.04,4.08,5.28,2.85,8.61,4.88,9.11,0.84,5.57,3.92,4.62,-4.31,-1.04,-2.4,0.3,-5.05,-0.31,-1.87,-3.16,-3.18,3.98,0.93,-1.25,-2.01,-0.08,0.12,2.06
1966-11-30,10.6,1.99,3.67,-1.25,4.37,-1.47,1.11,0.68,5.01,-1.94,-2.44,-3.97,1.01,0.44,2.64,2.57,10.15,6.42,5.24,2.87,7.35,4.76,-0.65,4.53,5.6,0.29,1.54,2.23,7.23,4.74,1.73,0.77
1966-12-31,-2.38,-1.23,0.28,3.35,3.72,0.19,-1.96,0.27,0.17,3.95,2.68,0.15,2.6,0.34,0.09,1.71,5.31,3.42,-0.27,3.18,0.66,-0.03,1.12,1.4,4.53,1.43,2.12,2.47,6.48,-0.31,0.79,1.29
1967-01-31,8.34,8.11,9.01,5.21,11.28,6.54,6.89,11.69,9.08,6.99,7.01,4.65,13.59,3.67,7.71,5.21,20.8,14.64,20.25,14.68,15.44,13.8,20.46,19.41,21.01,14.43,18.03,18.67,16.23,15.12,15.16,9.68
1967-02-28,1.67,0.45,3.37,0.47,0.23,-0.37,0.62,-0.5,4.09,-1.44,0.59,-2.24,1.69,-0.33,1.5,0.83,3.92,6.59,2.34,6.85,4.02,7.43,2.59,5.38,1.34,1.36,-1.12,2.98,7.59,1.67,1.94,3.45
1967-03-31,6.58,1.81,5.26,4.16,3.96,3.4,2.87,4.78,7.18,3.4,3.62,4.15,7.12,1.66,3.56,1.39,5.34,6.72,6.35,7.2,6.82,3.07,8.73,4.76,8.29,6.59,8.19,8.25,9.43,7.18,4.48,3.2
1967-04-30,8.3,6.74,7.06,-0.56,3.54,0.92,7.03,3.05,4.92,4.54,1.26,0.27,4.23,4.18,3.97,2.16,5.31,3.53,6.4,4.65,6.04,2.19,-0.15,4.64,7.24,2.79,1.91,5.03,4.43,5.27,4.31,2.72
1967-05-31,-6.32,-3.96,-5.49,-0.36,-0.56,-4.97,-5.13,-2.35,-2.58,-4.76,-3.15,-1.88,-3.86,-4.07,-5.59,-4.05,-2.46,-3.03,0.07,-3.27,-2.1,-0.49,0.86,-1.83,-1.0,-3.27,-3.55,1.95,-0.14,-1.35,-1.89,0.4
1967-06-30,2.29,3.65,1.72,1.0,6.42,2.38,1.55,2.87,4.01,0.49,0.89,0.56,3.62,-1.88,1.1,1.97,10.41,7.22,5.99,7.7,13.28,10.07,7.02,8.75,16.78,7.97,7.19,9.81,9.84,6.81,5.95,2.86
1967-07-31,3.45,4.87,2.34,9.04,8.52,-3.69,6.81,6.61,3.06,3.77,6.73,5.44,6.86,4.11,8.92,4.59,6.49,10.15,7.18,9.95,9.99,8.31,9.62,10.06,7.84,9.69,8.47,8.06,6.9,7.36,7.74,9.77
1967-08-31,-1.37,-2.24,-0.53,-0.34,1.85,-1.94,-0.06,-1.05,-3.6,-0.16,-0.33,-0.66,-1.51,-0.75,0.49,-0.5,-1.23,3.44,1.89,2.35,0.34,-1.26,-1.81,0.08,-2.39,0.47,-2.06,1.23,-2.55,2.22,1.89,1.26
1967-09-30,4.34,1.55,7.18,3.73,4.32,1.72,6.72,3.82,-0.03,1.75,0.23,1.44,4.15,2.0,1.74,4.65,6.32,0.87,5.46,8.64,6.41,5.97,4.23,6.69,6.49,6.75,8.23,4.17,3.83,4.24,5.21,5.0
1967-10-31,3.91,-3.61,-2.77,-5.4,-4.99,-2.83,-2.35,-3.08,-4.34,-4.19,0.03,-7.13,-2.16,-3.97,-6.48,-4.18,-3.44,-6.01,-0.74,-3.59,-1.39,-3.08,-3.13,-2.04,-2.35,-2.35,1.46,-3.21,-4.16,-1.48,0.48,-3.25
1967-11-30,2.01,2.15,-0.38,-1.13,0.99,-0.14,1.04,-1.15,3.41,3.05,1.58,0.94,2.09,1.46,-1.1,-1.58,1.85,0.65,4.09,-5.0,2.76,-3.04,-0.12,-0.77,1.8,-1.29,1.1,-1.56,0.47,2.28,-0.15,-1.38
1967-12-31,2.26,3.16,3.07,1.85,4.6,1.64,3.49,2.0,0.9,2.73,3.25,3.85,3.64,3.75,0.14,6.19,9.71,6.1,6.68,8.81,12.48,8.34,10.5,14.34,8.96,4.03,6.92,3.53,8.18,8.13,8.22,4.84
1968-01-31,-8.49,-5.1,-7.78,-2.48,-8.51,2.01,-4.84,2.45,-10.34,-4.62,-2.11,-2.6,-7.76,-2.58,-3.5,-5.97,-2.82,2.82,2.23,2.81,0.15,4.58,1.74,3.37,-3.59,2.22,5.52,5.71,-1.68,0.52,-0.6,4.66
1968-02-29,-3.62,-3.66,-2.73,-2.41,-6.12,-2.76,-2.56,-1.91,-2.65,-2.03,-3.77,-1.15,-2.66,-2.72,-3.9,-1.31,-7.59,-4.66,-3.93,-6.69,-9.06,-4.22,-3.78,-5.44,-8.12,-4.16,-8.48,-3.78,-6.35,-5.59,-5.0,-3.61
1968-03-31,4.4,4.19,2.14,-1.3,3.28,-0.22,-1.99,0.54,-1.87,-0.29,1.35,-2.58,0.19,-0.22,-0.75,-2.64,-1.11,0.16,-1.44,-3.11,-5.72,-1.89,-2.63,0.18,-1.52,-0.67,2.91,0.91,-1.26,0.15,-3.44,-3.18
1968-04-30,11.49,8.86,11.94,8.69,14.52,2.94,7.46,4.77,7.07,6.63,8.52,8.04,15.98,7.79,9.41,6.58,19.6,14.24,13.79,13.91,15.37,11.85,15.98,19.95,16.11,13.03,15.58,10.22,11.94,9.42,13.75,11.48
1968-05-31,4.56,0.92,2.86,-0.37,2.11,-1.06,1.41,0.78,1.51,1.36,1.32,0.86,5.26,1.75,-0.76,0.7,9.2,8.25,8.21,10.07,10.92,6.9,6.63,9.7,10.39,6.18,14.99,6.21,8.81,7.1,9.32,11.21
1968-06-30,-0.3,-0.23,-1.41,0.9,1.13,4.0,0.4,2.83,-1.71,2.98,2.28,2.77,-3.37,2.13,1.75,1.34,-0.65,4.93,0.11,0.25,-3.27,2.25,2.74,0.01,-2.29,1.99,1.53,3.88,0.5,2.4,-1.01,1.53
1968-07-31,-5.31,-4.95,-3.87,-2.06,0.19,-3.26,1.55,-0.15,-4.09,1.94,-1.08,-0.9,-5.2,-2.56,-1.68,-2.54,-6.67,-0.16,-3.73,-4.74,-3.63,-0.85,-2.37,-0.36,-6.96,-3.74,-3.57,-1.93,-3.24,-0.93,-1.68,-1.83
1968-08-31,0.95,1.45,1.64,1.44,0.27,2.88,3.93,3.05,2.83,1.38,1.38,1.06,2.94,-0.06,-0.8,-0.12,4.81,4.21,4.32,2.61,4.68,3.4,1.53,5.48,2.13,3.63,4.57,4.85,3.16,2.92,3.36,2.59
1968-09-30,1.52,0.9,5.45,5.31,4.08,5.96,6.04,7.89,6.75,2.21,4.73,6.41,5.58,2.02,5.22,5.24,7.23,6.62,9.35,7.35,11.98,5.13,9.2,8.9,7.62,5.3,7.6,5.24,7.93,5.0,5.46,3.27
1968-10-31,-4.27,3.36,0.66,4.22,2.85,0.14,3.48,2.37,-0.01,1.96,2.94,2.65,1.42,-1.62,0.62,-1.05,0.49,1.62,0.4,1.47,0.05,0.69,-0.92,0.15,0.05,2.44,3.39,-0.51,-1.3,2.57,2.38,1.82
1968-11-30,7.6,5.94,8.55,-1.88,3.12,6.19,7.11,4.62,3.04,5.33,4.02,7.31,7.89,8.03,6.41,6.75,8.07,5.84,8.72,8.25,11.23,5.6,8.57,6.91,8.22,8.09,7.7,7.24,8.31,7.99,7.75,5.98
1968-12-31,-5.16,-4.6,-5.13,-2.84,-4.91,-2.0,-4.64,-2.06,-4.55,-4.7,-1.29,-1.24,-4.06,-5.47,-3.87,-4.64,-1.04,-3.77,0.6,3.59,1.29,1.66,-1.06,3.69,1.67,-1.39,-1.5,0.93,-1.47,-2.3,-2.14,0.33
1969-01-31,-3.83,-1.35,-0.05,-0.96,-0.96,0.92,-0.99,-0.39,-3.07,1.73,-0.33,-1.77,-2.34,1.04,-0.3,-0.81,-2.42,-2.79,-2.45,-1.45,1.18,-1.7,0.65,-0.3,-2.77,-0.77,0.75,-1.04,-3.37,0.57,0.76,-0.47
1969-02-28,-3.8,-4.63,-4.68,-2.44,-3.12,-8.08,-6.52,-5.68,-7.03,-3.57,-5.24,-5.75,-5.8,-4.55,-4.89,-4.79,-9.78,-5.04,-7.24,-11.99,-16.53,-8.34,-10.16,-10.4,-11.11,-6.25,-8.31,-10.36,-7.9,-6.61,-7.35,-7.77
1969-03-31,3.02,4.64,3.78,3.05,4.27,1.59,9.62,3.47,4.2,2.8,4.43,2.37,1.48,1.97,3.5,0.29,2.64,1.3,4.03,1.29,3.7,5.53,3.59,3.52,4.89,2.53,2.31,1.41,4.12,0.24,2.12,2.81
1969-04-30,4.4,2.94,2.79,-0.87,-0.81,0.73,1.42,1.57,-0.95,3.75,0.76,1.74,2.0,2.89,0.81,2.98,-0.37,0.19,1.46,-1.59,1.18,5.53,3.86,1.1,0.3,1.63,2.01,3.49,-0.69,3.18,-0.03,0.61
1969-05-31,-1.24,1.26,1.35,0.28,-0.97,1.15,2.59,-0.38,0.12,0.83,-0.34,-0.14,-0.16,2.74,0.5,-0.28,-0.94,1.62,-1.26,-0.88,-2.72,3.94,0.86,0.52,1.44,-0.13,-0.84,3.23,-0.57,-0.66,0.01,2.75
1969-06-30,0.01,-5.36,-4.33,-5.12,-9.82,-9.55,-10.69,-8.93,-6.85,-5.91,-6.96,-8.73,-6.68,-2.7,-5.91,-5.53,-11.78,-8.77,-9.75,-14.44,-15.07,-11.74,-13.07,-12.55,-13.68,-12.79,-10.67,-12.95,-11.47,-7.01,-10.2,-10.56
1969-07-31,-5.16,-5.12,-3.32,-6.44,-5.16,-9.61,-6.7,-7.18,-8.75,-7.49,-6.39,-4.0,-7.28,-3.47,-7.2,-7.02,-10.88,-8.63,-9.71,-7.96,-12.88,-10.38,-11.26,-10.26,-13.29,-6.47,-9.81,-7.89,-10.16,-7.25,-8.25,-4.75
1969-08-31,7.78,2.82,6.11,2.38,3.83,7.67,3.79,4.09,6.21,3.54,7.3,2.41,5.92,3.06,5.07,2.15,8.84,6.35,6.64,1.72,7.53,3.07,7.07,3.4,8.97,4.04,5.09,4.73,7.26,4.21,2.82,1.18
1969-09-30,-0.95,-4.57,-0.21,0.18,0.76,-6.3,-6.81,-5.79,-4.22,-4.16,-2.52,-3.46,-0.97,-0.12,-2.73,-2.44,-1.31,-0.31,3.01,-2.36,-5.26,-0.26,-2.8,-2.2,-1.31,-0.47,-1.33,1.18,-2.4,-2.05,-2.91,-2.72
1969-10-31,6.12,5.63,6.82,3.89,10.21,4.33,5.59,4.18,1.79,2.64,3.88,4.34,5.41,6.47,7.56,5.77,12.94,7.4,6.08,5.4,9.62,9.66,10.18,9.05,13.39,6.66,9.53,9.6,11.05,6.15,5.73,9.19
1969-11-30,-1.34,-1.58,-2.17,-3.9,-2.96,-5.97,-3.31,-4.57,-1.03,-5.0,-4.06,-0.59,-4.1,-3.64,-3.88,-1.76,-5.46,-5.66,-4.69,-4.23,-8.73,-3.73,-4.75,-6.74,-5.86,-5.3,-3.78,-6.47,-8.82,-4.46,-3.85,-3.3
1969-12-31,-0.14,-0.03,0.66,-2.59,0.53,-0.83,-1.68,-3.75,-4.65,-1.16,0.97,-4.93,-1.36,-1.3,-1.98,-2.57,-3.45,-0.4,-3.27,-6.4,-7.9,-4.43,-6.49,-11.44,-5.77,-4.96,-4.2,-3.57,-7.9,-4.45,-4.17,-5.37
1970-01-31,-8.2,-7.95,-8.08,-7.74,-7.91,-10.28,-9.46,-5.72,-12.89,-6.65,-10.33,-3.77,-10.55,-4.98,-8.41,-6.36,-8.51,-5.75,-5.01,-4.16,-5.21,-0.69,-3.87,-1.14,-8.04,-4.27,0.88,-4.45,-9.78,-3.82,-4.0,-3.51
1970-02-28,2.84,3.77,3.48,9.2,8.81,9.74,9.91,6.85,7.06,3.66,7.55,8.31,4.48,6.32,7.38,6.72,2.45,3.07,2.81,7.6,-1.83,3.0,3.42,5.98,8.61,4.11,3.26,3.59,2.04,3.85,1.33,5.98
1970-03-31,-1.29,-1.78,-2.84,4.54,-1.62,-0.04,-0.69,0.56,-3.4,2.76,-0.11,1.85,-2.48,0.71,-0.12,1.66,-6.7,0.76,-4.01,0.85,-4.69,-3.08,-4.54,-0.36,-5.43,0.01,-2.89,-2.19,-4.64,1.69,0.59,1.91
1970-04-30,-13.1,-3.0,-9.08,-7.4,-13.99,-6.85,-10.88,-9.21,-11.52,-8.25,-9.23,-8.22,-13.0,-7.69,-10.17,-10.99,-21.54,-14.2,-16.43,-12.05,-21.55,-14.69,-20.04,-17.17,-23.56,-9.79,-14.47,-12.83,-18.33,-9.96,-13.54,-9.22
1970-05-31,-7.71,-3.24,-8.4,-4.65,-11.92,-2.43,-3.1,-4.23,-5.52,-1.12,-5.89,-4.61,-7.85,-5.12,-9.26,-6.54,-13.38,-5.95,-9.07,-6.34,-14.88,-9.74,-11.27,-7.75,-12.39,-10.47,-12.0,-8.64,-12.53,-9.1,-9.73,-5.0
1970-06-30,-8.77,-0.85,-4.56,-3.31,-6.36,-2.18,-3.81,-6.02,-4.22,-6.21,-2.52,-8.02,-4.61,-2.65,-4.49,-0.65,-8.96,-6.07,-5.69,-0.51,-8.89,-6.62,-7.74,-10.19,-11.54,-5.7,-6.58,-5.62,-8.45,-4.18,-8.08,-5.08
1970-07-31,5.44,1.69,4.19,8.95,1.94,9.92,9.56,8.69,2.73,10.14,7.04,12.22,11.29,9.63,7.55,9.36,8.57,9.22,8.41,9.54,4.97,4.45,0.76,2.91,7.05,7.86,9.29,7.9,7.16,7.25,5.87,8.42
1970-08-31,6.87,3.52,4.44,8.15,4.29,5.37,5.43,4.3,3.04,3.22,6.35,6.53,6.11,5.37,4.38,4.03,7.05,7.29,6.55,6.67,4.3,7.93,7.27,6.27,5.35,6.45,4.92,7.29,8.3,6.05,5.43,7.69
1970-09-30,9.02,7.49,6.33,-1.86,6.47,2.09,2.72,5.73,10.3,1.18,0.45,2.38,5.26,0.83,2.27,2.86,16.77,6.74,12.44,11.01,18.75,11.15,16.3,13.6,17.13,9.96,8.86,7.38,17.25,5.49,11.12,10.57
1970-10-31,-1.45,0.65,-0.81,-2.05,-4.74,0.08,-3.06,-2.08,-6.51,-2.47,-2.54,0.84,-1.91,-1.35,-0.74,-0.65,-7.05,-2.67,-2.98,-5.31,-10.91,-9.45,-11.58,-6.09,-7.22,-5.27,-4.92,-4.15,-6.69,-1.78,-5.79,-4.84
1970-11-30,4.75,5.05,3.07,7.85,1.91,5.96,4.38,5.12,7.32,6.03,6.56,5.39,6.32,5.33,5.31,5.58,0.66,4.95,5.66,-0.96,-2.41,0.92,-4.01,-0.32,-0.23,2.39,4.04,4.97,-0.73,5.22,1.44,0.61
1970-12-31,3.42,5.61,8.73,5.23,7.32,5.63,6.53,5.96,6.01,6.28,8.31,4.74,6.21,6.84,7.25,5.7,8.9,10.7,9.23,7.74,7.31,9.91,8.01,7.52,6.22,8.66,10.53,6.2,9.96,9.0,9.33,9.04
1971-01-31,7.29,2.97,2.79,3.89,6.14,3.86,6.48,4.31,5.53,5.53,4.51,0.58,5.52,3.04,4.56,4.76,10.59,9.57,9.7,13.6,14.52,17.25,13.06,15.76,10.33,11.14,10.35,10.99,10.91,9.77,12.08,17.23
1971-02-28,2.3,2.09,3.52,0.35,-2.44,2.43,4.13,1.08,2.58,-2.32,0.64,4.42,2.39,1.53,2.33,2.34,4.44,3.12,5.08,4.9,5.06,3.7,3.47,2.8,4.51,3.16,3.35,1.45,5.01,1.88,1.89,2.71
1971-03-31,6.36,5.66,5.73,1.62,6.79,2.0,6.02,3.69,7.18,1.3,3.07,3.91,5.43,3.99,5.93,3.71,8.36,6.22,7.9,8.73,6.14,1.6,3.87,7.25,6.3,9.21,4.1,4.47,7.51,4.22,6.03,5.07
1971-04-30,4.69,2.34,4.84,6.84,3.95,5.07,2.17,5.46,3.03,2.62,1.35,0.36,4.0,0.26,3.4,5.18,1.51,4.22,3.28,2.56,3.19,8.08,5.2,3.19,2.06,4.56,4.43,5.49,3.9,2.96,1.39,4.87
1971-05-31,-2.81,-4.27,-1.95,-3.91,-3.96,-5.76,-4.75,-4.57,-2.21,-3.87,-5.46,-2.98,-1.48,-2.27,-2.41,-3.29,-4.0,-5.37,-4.45,-1.1,-7.29,-6.28,-9.35,-4.23,-6.1,-2.65,-6.03,-3.26,-5.27,-3.97,-5.85,-2.81
1971-06-30,1.99,-0.57,0.94,-4.1,-1.98,0.56,-1.21,0.31,-0.5,-0.25,1.32,0.63,2.76,2.34,2.79,1.45,1.05,1.39,-0.02,-1.44,-1.76,-3.0,-0.04,-4.71,-3.4,-0.03,-0.73,-0.35,-2.42,-0.82,-0.7,-2.93
1971-07-31,-5.7,-1.45,-5.52,-4.24,-3.62,-1.79,-8.02,-5.18,-7.58,-3.64,-2.7,-4.25,-3.79,-1.48,-3.83,-5.75,-6.22,-4.87,-3.85,-8.5,-8.41,-3.81,-9.62,-6.68,-6.56,-3.51,-5.48,-4.85,-7.19,-3.93,-2.39,-5.3
1971-08-31,3.4,7.23,4.97,5.09,4.89,1.36,5.41,9.05,6.0,3.42,-1.8,8.28,3.82,2.96,3.45,8.24,5.48,2.58,3.71,6.75,1.86,7.44,8.34,4.94,2.0,3.79,6.33,5.61,3.77,4.7,2.78,6.05
1971-09-30,0.32,1.85,-0.09,-0.46,-0.48,-1.39,-2.91,-1.68,-2.43,-1.15,0.35,-1.7,0.14,-1.12,-1.33,0.23,1.57,-0.61,1.33,-3.66,0.37,-3.52,-3.06,-2.04,-1.12,-0.59,-2.25,-1.63,1.1,-0.02,-0.32,-0.23
1971-10-31,-4.98,-2.71,-1.79,-3.69,-3.05,-3.11,-4.55,-6.04,-4.72,-4.21,-1.5,-6.89,-5.11,-4.74,-2.92,-4.74,-5.18,-7.12,-6.1,-1.81,-8.97,-7.93,-5.91,-8.66,-4.41,-5.13,-5.43,-4.03,-4.27,-4.56,-3.23,-5.6
1971-11-30,1.21,1.88,1.44,1.86,-1.96,-0.54,-2.67,-1.97,-0.66,-0.28,0.21,-0.01,1.17,-2.34,0.74,0.63,-2.85,-2.88,-1.24,-1.47,-4.4,-4.02,-7.96,-4.02,-3.79,-3.59,-1.44,-3.33,-2.59,-1.72,-3.24,-0.93
1971-12-31,10.07,9.95,9.64,6.97,10.74,9.65,8.21,9.98,10.22,8.98,7.69,6.73,9.32,7.44,10.23,6.35,12.93,13.61,11.88,10.83,10.73,12.82,11.65,14.82,14.08,8.94,11.15,11.59,13.66,10.51,8.79,12.06
1972-01-31,4.34,2.46,4.78,5.5,2.33,1.08,1.67,3.81,4.3,-0.21,0.9,0.07,2.01,1.25,-0.78,1.6,8.31,5.93,6.74,8.04,12.27,8.93,13.78,15.98,8.22,6.94,8.55,10.78,6.73,6.48,4.16,10.11
1972-02-29,5.57,6.06,2.85,3.75,0.47,1.59,2.19,2.96,5.35,5.99,0.2,0.53,6.42,1.86,3.18,2.0,3.37,4.5,4.81,3.59,5.44,2.85,3.01,5.47,2.33,3.66,1.69,2.8,4.58,2.33,0.44,5.87
1972-03-31,-0.28,4.37,1.82,-1.27,-0.03,-1.88,-1.86,0.21,2.07,0.41,-2.24,1.91,2.0,1.95,1.66,3.87,1.81,2.4,-0.57,-2.01,-0.1,-0.05,0.67,-0.84,0.86,-0.43,1.38,-0.83,0.58,-0.75,-0.44,-0.31
1972-04-30,0.7,1.24,1.21,-2.37,2.55,1.91,0.17,1.3,-1.93,-0.04,-0.93,-1.5,1.72,1.24,0.79,1.11,0.97,-0.74,1.27,1.63,-1.58,-0.01,-0.54,1.47,0.49,1.24,1.19,1.4,1.65,1.34,0.1,1.59
1972-05-31,5.29,3.36,3.05,3.23,1.81,2.67,-1.98,-2.21,0.43,1.47,3.33,-1.78,4.32,-2.96,2.59,1.78,-1.6,-1.01,-1.31,-1.64,-3.9,-2.95,-4.32,-1.57,-2.84,-0.22,-2.33,-3.93,-0.22,-1.95,-1.88,-0.48
1972-06-30,-1.84,1.27,-0.91,-2.61,-2.47,-2.18,-7.08,-4.83,-5.34,-4.34,-1.85,-2.62,0.11,-3.01,-1.08,-2.58,-2.72,-2.43,-3.92,-5.5,-4.66,-4.63,-5.88,-0.01,-2.67,-4.5,-2.39,-2.14,-4.9,-1.9,-3.57,-2.48
1972-07-31,0.26,0.86,2.1,-0.46,-2.05,-5.43,-4.04,-1.39,-1.5,-0.71,-0.12,-3.21,2.03,1.21,-0.76,1.41,-5.09,-4.22,-3.22,-4.63,-4.2,-4.82,-4.47,-3.42,-0.67,-1.49,-2.51,-1.77,-5.19,-2.5,-2.55,-2.73
1972-08-31,1.37,-0.95,2.21,5.27,3.54,4.04,7.52,7.08,3.9,1.79,5.71,6.78,1.3,6.46,4.79,7.76,-0.01,-0.38,0.69,3.59,-1.99,4.25,2.36,1.85,-1.49,0.58,1.64,2.36,2.44,1.91,3.43,0.24
1972-09-30,0.03,0.41,-0.59,-1.99,-1.74,-2.43,1.08,-3.51,-2.88,-0.54,2.62,-2.84,-0.08,-0.16,-0.5,-1.87,-2.18,-2.46,-1.84,-4.51,-3.78,-3.91,-5.12,-4.78,-4.16,-2.74,-1.95,-2.49,-3.39,-3.31,-2.25,-3.63
1972-10-31,-0.02,1.15,-0.66,0.76,0.99,1.16,0.82,0.39,3.72,2.7,2.3,0.3,3.06,2.48,0.93,1.08,-2.97,1.39,-1.93,-1.07,-1.84,-1.66,-3.09,-2.96,-3.11,0.05,3.77,-0.65,-2.37,0.5,-1.96,-0.74
1972-11-30,3.28,3.16,2.44,3.97,8.09,6.9,5.21,10.26,1.89,6.18,6.97,9.78,2.46,5.85,5.0,4.49,4.65,6.33,6.0,6.84,1.05,4.57,7.74,6.78,4.2,8.26,4.0,4.7,4.15,4.93,6.88,5.34
1972-12-31,1.45,4.19,3.08,-1.44,2.31,-3.49,-3.3,-1.65,1.17,1.29,2.09,-2.18,2.39,1.13,2.83,-1.13,-1.25,-2.55,-1.03,-1.51,-2.58,-0.02,-4.64,-1.44,-2.14,-1.89,-0.45,-2.86,-1.35,0.25,-0.39,-1.46
1973-01-31,-2.86,-4.49,0.9,-3.23,-5.71,-4.25,2.35,-4.4,-8.36,-3.56,-0.75,-4.57,-3.73,0.51,-3.56,-1.85,-7.28,-5.02,-4.14,-3.5,-4.08,-4.6,-2.99,-4.51,-7.0,-4.43,-6.31,-4.28,-5.4,-5.59,-4.74,-4.29
1973-02-28,-4.3,-4.49,-1.26,-6.76,-5.76,-5.84,-6.49,-3.85,-1.09,-3.9,-5.41,-3.87,-2.23,-5.25,-2.55,-4.44,-10.85,-7.99,-8.69,-11.52,-9.07,-7.54,-4.79,-7.7,-8.9,-7.34,-5.49,-7.34,-7.92,-7.12,-6.29,-7.87
1973-03-31,-0.76,-0.12,0.35,-3.15,-2.33,0.99,0.7,0.86,-1.32,-4.04,0.9,-1.48,-2.83,1.96,-1.19,-0.55,-3.79,-3.76,-3.74,1.59,-2.47,-1.76,-4.6,-1.24,-0.8,-2.66,-2.18,-0.96,-3.48,-2.16,-3.05,-2.49
1973-04-30,-6.48,-5.0,-5.96,-3.25,-5.91,-8.17,-1.51,-3.96,-3.26,-4.01,0.14,-2.08,-7.23,-1.65,-5.87,-5.72,-10.1,-7.22,-8.06,-6.17,-9.93,-4.47,-7.05,-7.31,-5.61,-3.17,-2.62,-6.14,-9.81,-4.82,-4.64,-5.22
1973-05-31,-1.07,-2.04,-0.91,-4.91,-2.02,-2.84,-8.02,-2.39,-0.47,-0.57,-2.23,-2.34,-0.94,-1.7,2.08,-2.08,-9.36,-7.45,-8.1,-7.87,-11.29,-8.95,-8.39,-9.66,-7.03,-7.11,-6.88,-9.32,-7.25,-7.94,-6.27,-11.78
1973-06-30,-0.69,-0.25,0.31,-2.05,-2.93,-0.85,-0.88,-1.74,-0.09,-2.58,-0.72,-3.27,-5.9,0.62,0.44,-1.95,-6.12,-3.44,-4.95,-1.47,-1.92,-3.06,-2.12,-3.38,-6.24,-1.88,-0.57,-1.6,-3.75,-2.5,-2.67,-4.17
1973-07-31,7.58,2.32,2.93,5.31,6.46,3.76,5.45,6.82,10.96,3.4,1.0,7.84,10.97,4.31,5.57,6.88,18.61,10.12,13.41,11.42,16.29,11.54,12.51,12.49,13.51,8.69,9.83,8.23,11.73,8.43,8.81,8.84
1973-08-31,-3.17,-4.2,-2.88,-2.88,-3.78,-5.0,-1.14,1.11,-1.58,-3.3,-3.31,-0.37,-5.01,-4.12,-3.91,-1.32,-4.11,-6.11,-4.04,-6.96,-4.31,-1.23,-4.61,-3.84,-5.22,-2.82,-4.56,-4.35,-4.55,-4.73,-4.8,-4.64
1973-09-30,3.62,6.92,-3.67,6.63,5.74,6.86,6.17,11.64,8.12,7.5,8.26,8.67,5.4,8.79,7.42,8.54,10.86,9.86,9.71,9.5,10.83,9.37,10.34,9.33,9.8,9.53,7.85,9.79,11.83,7.54,8.71,11.02
1973-10-31,-1.76,2.25,1.65,-2.59,-2.71,-1.54,-1.71,4.55,-0.91,-0.72,-3.68,5.54,2.31,-2.56,-2.79,2.36,-3.65,-1.84,-0.61,-1.2,1.63,2.58,2.5,0.87,-0.14,2.64,0.07,1.38,-2.19,0.81,1.63,0.72
1973-11-30,-12.67,-8.78,-10.32,-17.27,-13.7,-12.93,-10.85,-8.47,-18.67,-11.07,-5.98,-14.19,-13.52,-13.68,-15.75,-11.76,-23.25,-19.48,-19.47,-20.33,-17.96,-15.99,-16.87,-17.44,-21.78,-16.55,-18.11,-17.84,-18.16,-12.96,-17.91,-19.91
1973-12-31,-0.44,2.67,-3.29,-0.73,4.84,2.85,2.44,9.48,4.32,4.49,4.64,4.84,0.47,1.88,-0.97,5.7,-1.04,-5.64,-3.15,-1.99,-1.75,-0.97,-0.42,-2.77,-3.19,-0.62,-4.6,0.38,-2.21,-0.28,-2.05,-2.68
1974-01-31,-3.03,-3.25,-1.64,5.0,2.09,2.53,3.18,0.24,1.42,0.58,-0.06,-2.8,-2.17,1.01,1.85,-0.77,6.78,10.61,9.38,13.78,7.87,13.29,12.09,18.54,8.39,10.66,11.62,14.88,7.33,10.51,9.42,14.6
1974-02-28,-0.7,-1.25,-1.8,0.54,-0.29,-1.12,0.52,3.64,1.26,0.57,3.54,2.47,-0.65,-1.92,-1.71,3.3,-0.24,0.62,2.39,-0.92,-1.13,-0.21,0.29,3.38,-1.64,0.91,0.87,2.57,-0.25,1.05,0.23,2.83
1974-03-31,-2.58,-1.4,-0.22,-1.38,-4.99,-5.7,-5.52,-5.46,-2.6,-2.19,-4.17,-2.64,-2.32,-2.45,-1.41,-0.04,-0.26,2.02,1.46,0.58,-0.58,-0.86,-2.81,-0.82,-0.22,-0.21,-0.65,0.49,-0.55,-0.04,0.94,-0.62
1974-04-30,-2.7,-2.78,-3.39,-3.55,-6.15,-7.9,-10.45,-3.05,-7.27,-4.4,-6.63,-3.43,-3.58,-4.96,-6.08,-0.86,-5.72,-4.29,-4.25,-3.23,-9.77,-4.19,-6.82,-3.25,-6.15,-3.45,-6.02,-2.91,-6.14,-4.82,-4.88,-6.28
1974-05-31,-1.08,-2.27,-0.88,0.63,-9.71,-11.27,-8.07,-8.13,-5.41,-3.43,-2.83,-4.92,-1.19,-3.54,-5.49,-4.25,-6.68,-6.29,-5.44,-6.88,-11.54,-9.02,-8.53,-6.99,-9.09,-6.99,-8.21,-6.04,-9.18,-7.14,-6.33,-3.76
1974-06-30,-3.36,-0.17,-0.85,-3.16,-8.18,-3.45,-7.17,1.64,-8.75,-1.33,-0.63,-0.71,-5.01,-1.18,-2.9,-0.96,-4.41,-0.93,-0.87,1.11,-4.56,-1.81,-1.48,-0.79,-4.0,-2.4,-3.42,-2.07,-3.66,1.88,0.29,-2.91
1974-07-31,-11.61,-10.03,-7.72,-8.4,-5.35,-5.55,-4.29,-3.85,-7.41,-10.4,-1.63,-4.2,-10.56,-7.79,-5.95,-5.59,-7.21,-3.16,-5.09,-5.06,-5.24,-2.15,-6.02,-4.78,-5.9,-2.5,-2.26,-0.78,-5.37,-3.56,-3.49,-5.27
1974-08-31,-8.91,-8.66,-8.71,-5.57,-10.5,-7.63,-8.72,-8.97,-13.34,-4.12,-11.14,-7.18,-10.0,-10.29,-12.1,-7.37,-8.83,-6.61,-9.92,-4.17,-10.37,-7.16,-5.67,-6.86,-9.06,-8.94,-7.87,-6.99,-10.04,-8.8,-8.24,-1.51
1974-09-30,-18.73,-11.89,-15.24,-12.67,-10.57,-5.93,-6.21,-8.53,-13.19,-6.13,-6.32,-7.95,-14.45,-10.03,-9.05,-7.7,-13.16,-5.72,-7.62,-7.31,-11.37,-7.5,-12.08,-7.92,-9.75,-7.35,-5.83,-4.22,-9.76,-6.16,-7.37,-6.29
1974-10-31,19.63,6.36,19.42,18.2,17.4,17.43,12.38,20.09,16.9,12.81,18.69,20.4,25.47,16.7,19.3,14.63,10.84,8.13,10.88,10.44,10.97,9.8,12.03,10.36,10.96,9.76,8.36,10.68,10.04,7.34,7.91,7.41
1974-11-30,-5.94,-4.04,-6.24,-3.28,-1.15,0.99,-1.84,-0.49,-2.78,-4.99,-4.14,-2.14,-3.28,-2.47,-4.08,-1.9,-7.21,-4.25,-5.74,-2.47,-7.47,-3.81,-0.96,-3.91,-4.33,-3.13,-3.87,-1.34,-6.18,-3.61,-6.26,-2.34
1974-12-31,-9.66,-0.31,-3.05,-1.58,-5.78,-3.36,-3.88,-1.99,-4.55,1.01,-1.83,0.88,-3.38,-1.99,-1.3,0.25,-9.56,-5.33,-6.46,-4.7,-6.79,-3.28,-6.57,-8.83,-8.6,-4.38,-5.4,-6.43,-6.91,-4.19,-5.77,-5.42
1975-01-31,19.51,17.32,11.36,8.83,15.56,12.96,21.74,12.99,22.48,12.18,17.63,9.79,9.48,11.4,9.63,22.17,29.2,25.0,28.28,25.4,33.34,25.29,24.89,30.41,27.45,25.53,24.49,27.1,26.59,25.45,26.04,25.08
1975-02-28,7.89,2.31,11.98,9.06,8.41,4.47,1.32,3.93,3.69,4.56,3.98,1.18,4.9,6.21,5.48,4.88,3.12,3.06,4.8,3.44,5.56,3.99,7.11,7.54,6.86,5.29,4.0,2.01,5.31,3.17,4.51,3.36
1975-03-31,5.0,3.86,0.56,2.61,2.78,1.55,3.48,4.54,7.98,0.9,0.07,5.42,3.49,3.79,3.74,6.38,11.7,6.23,10.27,6.7,7.41,6.89,6.58,5.81,7.65,4.86,7.1,5.21,7.09,4.03,6.0,8.12
1975-04-30,8.21,7.63,7.08,-0.07,8.88,2.55,4.62,3.73,6.57,-0.34,2.78,6.84,6.16,3.22,3.81,3.94,5.87,5.65,1.85,5.53,4.27,4.97,5.22,2.44,2.69,2.83,2.54,2.92,4.08,4.45,4.74,6.52
1975-05-31,2.03,5.34,6.25,10.34,3.91,8.55,6.28,4.58,2.74,5.95,7.64,5.83,5.09,3.54,4.38,4.31,8.62,3.86,7.99,7.45,10.99,7.01,14.31,8.59,10.15,8.07,6.97,4.75,7.73,5.93,5.86,9.15
1975-06-30,2.11,7.16,1.55,6.38,8.07,5.58,12.0,6.26,6.15,5.51,5.45,6.04,5.84,7.82,5.73,6.3,6.14,9.33,5.12,5.81,10.15,7.33,8.35,7.78,6.97,6.53,9.88,6.42,5.92,6.47,8.89,4.85
1975-07-31,-6.56,-8.61,-4.74,-6.68,-4.12,-8.28,-5.81,-7.34,-6.21,-4.88,-8.48,-0.25,-7.27,-7.73,-7.5,-6.42,-2.98,-1.38,-2.17,0.06,-3.97,-4.96,-1.17,-2.85,-3.0,-3.64,-1.9,1.47,-3.07,-2.88,-2.82,-1.35
1975-08-31,-0.9,-1.2,-1.22,-4.45,-4.79,-0.47,-2.83,-4.48,-3.02,-1.64,-2.74,-2.06,-3.72,-2.06,-2.37,-3.09,-5.02,-5.42,-4.74,-4.28,-5.25,-5.08,-5.18,-7.97,-5.01,-4.53,-4.65,-5.71,-5.37,-4.0,-1.66,-6.02
1975-09-30,-3.77,-1.55,-4.05,-2.46,-3.07,-4.5,-3.72,-4.98,-4.17,-1.91,-1.53,-1.62,-8.57,-3.66,-4.9,-4.09,-3.98,-3.37,-3.27,-3.05,-4.42,-3.15,-7.82,-5.64,-2.92,-3.31,-3.74,-2.97,-2.91,-2.38,-4.39,-3.44
1975-10-31,2.43,9.02,2.36,8.97,3.8,8.62,6.73,7.19,5.98,7.01,8.55,8.48,8.09,7.6,8.07,7.4,2.94,3.03,3.33,0.34,1.01,2.5,3.46,1.82,1.89,1.27,1.98,5.01,0.98,3.79,1.47,4.45
1975-11-30,0.23,6.99,1.5,5.28,4.5,4.78,6.86,4.22,1.5,4.08,1.67,4.49,3.08,1.5,2.57,3.12,2.73,3.67,3.07,-0.17,-0.77,2.48,-0.53,1.19,1.31,4.35,3.34,3.89,1.94,2.36,4.18,3.61
1975-12-31,-0.38,-2.05,-0.93,-6.89,0.04,-3.3,-0.52,-0.49,-1.9,-0.14,-0.79,0.25,-2.01,-0.68,-2.24,0.18,-1.95,1.47,-0.45,-0.14,-1.06,-0.8,0.33,0.02,-0.08,-1.0,0.02,-3.12,-4.04,-0.91,0.6,-1.42
1976-01-31,11.4,12.05,12.29,16.84,8.05,11.35,13.04,13.4,13.41,10.59,10.18,11.89,14.6,13.2,8.82,18.04,18.39,16.89,17.84,20.99,21.27,21.81,25.33,26.37,20.04,19.56,17.02,21.76,18.28,17.91,16.7,19.89
1976-02-29,-1.59,-2.04,0.26,3.85,-0.95,2.77,-0.64,3.34,-2.32,1.02,-2.73,3.27,-0.97,0.28,-2.61,1.45,8.24,7.3,8.26,10.05,8.44,8.94,11.78,16.05,7.94,8.73,7.93,10.29,6.65,5.93,7.74,10.76
1976-03-31,4.02,4.49,0.5,1.2,3.95,4.39,2.95,3.21,5.71,1.62,3.32,3.26,0.03,1.11,3.51,0.96,1.36,2.37,0.92,2.89,1.82,1.74,3.63,3.12,0.31,3.55,0.97,2.22,-0.71,1.5,0.63,1.42
1976-04-30,-0.7,-4.28,0.25,-2.55,-0.73,-2.05,-1.98,-3.32,1.73,0.98,-1.64,-0.33,-0.14,-0.76,-1.58,-0.24,-1.26,-1.34,-1.57,-1.53,-0.09,-1.88,-0.68,-3.96,-1.93,-1.76,-0.76,-0.53,-0.26,0.73,0.02,-1.29
1976-05-31,0.96,-0.29,1.23,1.81,-1.38,-4.33,-1.16,-2.14,-0.46,-3.12,-0.39,-1.97,0.06,-2.33,-1.23,-0.44,-1.81,-1.95,-1.07,1.23,-3.44,-2.74,-2.54,-4.19,-1.22,-3.05,-1.89,-3.64,-1.27,-3.1,-2.01,-2.74
1976-06-30,4.44,5.68,3.53,6.85,4.8,2.43,6.01,7.92,4.95,4.01,5.55,3.03,1.84,5.48,4.66,6.36,3.69,2.7,3.32,4.86,7.43,5.47,6.31,3.19,4.42,3.96,2.34,4.39,3.28,4.44,3.47,2.76
1976-07-31,-2.25,0.1,-1.38,-2.12,1.85,0.15,0.93,-0.83,-0.13,-1.31,0.62,-1.29,-2.09,-0.18,-0.89,0.56,-1.0,-1.07,0.58,-2.17,-0.9,1.2,-1.52,-1.26,0.0,2.88,1.85,0.94,1.31,1.63,0.69,-0.38
1976-08-31,-1.88,0.08,0.05,-2.97,1.45,0.45,3.6,-2.18,0.39,-0.85,2.71,-1.17,-1.74,1.11,-0.14,-0.49,-2.94,-2.85,-1.42,-2.8,-5.86,-3.38,-2.1,-5.15,-1.4,-0.62,-0.21,-1.55,-1.49,-0.7,-0.22,-2.31
1976-09-30,2.76,1.84,2.94,2.1,4.43,2.66,0.95,1.53,3.57,1.01,2.57,2.77,2.97,3.6,3.07,1.38,3.89,1.79,3.51,2.28,0.08,2.87,2.34,0.25,4.03,2.78,2.32,1.5,2.83,2.98,3.54,0.94
1976-10-31,-2.35,-2.87,-2.98,-5.08,-0.4,-3.08,0.34,-4.24,-2.46,-0.66,-0.39,-3.01,-2.51,-1.36,-0.08,-2.1,-2.53,-3.01,-1.2,-1.68,-2.55,-3.69,-2.82,-3.63,-2.12,-0.74,-1.5,-1.53,-2.17,-1.27,-1.53,-1.39
1976-11-30,-1.03,0.29,-0.39,-0.11,1.36,2.86,2.35,0.98,0.32,1.46,1.26,2.11,-0.19,0.25,-1.11,0.11,4.1,3.45,3.52,1.84,7.31,3.93,3.84,2.76,3.25,3.26,4.06,3.2,2.23,2.12,3.87,3.86
1976-12-31,4.85,5.18,5.76,7.56,3.46,6.76,4.26,8.55,4.62,7.43,4.63,6.75,2.95,7.38,4.87,7.46,8.66,9.18,10.74,12.74,8.54,11.71,11.23,11.84,9.73,9.34,8.04,10.57,8.62,9.97,10.42,9.82
1977-01-31,-6.83,-3.16,-4.24,-2.21,-7.09,-2.94,-5.37,-3.33,-6.58,-3.14,-1.67,-1.35,-7.26,-5.73,-7.08,-2.79,0.76,1.25,2.87,3.66,3.05,2.8,2.16,4.64,2.7,2.45,0.78,1.28,3.01,2.13,1.61,4.12
1977-02-28,-3.22,-1.92,-0.62,-2.96,-0.6,-0.71,-1.92,-3.79,-2.55,-1.39,-0.32,-2.79,-2.18,-2.38,-1.22,-1.56,-0.75,-0.98,0.02,-3.56,-1.05,-3.46,0.18,-0.54,-1.41,0.63,0.01,1.52,-1.31,-0.89,-0.17,-1.04
1977-03-31,-0.1,-1.94,-1.24,0.25,-0.24,-0.03,0.4,-1.07,-0.78,-1.04,-1.45,-0.78,-3.13,-2.48,-1.66,-1.34,-0.07,2.38,1.13,0.5,2.43,0.17,-0.46,0.1,-0.21,0.23,0.65,-3.03,0.68,1.18,0.44,0.87
1977-04-30,0.91,-0.44,-3.14,0.61,3.57,2.88,2.84,1.96,-2.71,0.73,0.61,0.24,-0.47,2.71,-0.86,0.98,0.74,2.43,1.22,3.56,2.62,2.28,1.23,1.04,0.77,2.34,1.66,1.46,1.89,1.53,1.75,2.89
1977-05-31,-0.88,-1.21,-2.62,-1.34,-1.33,-1.95,-0.78,-2.92,-0.15,-1.28,1.16,-1.26,-3.05,-0.74,-2.62,0.46,0.22,1.77,-1.04,0.5,-0.65,-0.23,1.7,-1.99,0.24,0.06,0.85,-0.24,0.85,0.34,-0.27,0.49
1977-06-30,6.35,4.68,7.12,5.76,5.53,3.09,5.23,3.34,5.75,3.5,2.44,4.92,4.55,4.54,6.48,4.32,7.41,7.42,6.36,9.31,5.98,7.77,4.94,7.86,7.5,5.46,7.93,6.89,7.26,5.84,3.78,7.0
1977-07-31,-2.26,-2.71,-0.88,-2.08,-2.08,-2.32,-1.82,-1.97,-0.44,-0.77,-1.97,0.7,-4.34,-1.43,-1.26,1.19,0.26,1.04,0.13,-0.58,0.24,-0.41,-0.37,-0.92,0.7,0.19,0.74,-1.37,-0.03,0.04,0.81,1.37
1977-08-31,-3.23,-2.91,-0.71,-1.0,-2.09,-2.22,-2.03,-1.35,-0.34,-2.87,0.45,-3.02,-0.44,-0.38,-0.03,-0.12,0.89,-1.54,0.48,-3.61,-1.58,0.46,-2.54,-2.22,-0.48,-1.79,-0.83,-1.29,-0.13,-0.89,-0.68,-0.59
1977-09-30,0.62,-0.86,-0.09,0.6,-0.46,-1.04,-1.44,-1.43,1.23,2.47,-0.47,-0.24,-1.57,-0.59,0.69,-0.23,1.64,1.39,2.15,3.29,2.32,0.22,-0.55,-0.15,-0.02,1.72,2.1,1.97,0.88,1.23,1.18,2.3
1977-10-31,-4.08,-2.65,-4.01,-4.95,-5.33,-2.72,-2.45,-4.65,-5.78,-4.94,-5.16,-3.43,-3.39,-4.86,-3.79,-4.84,-3.42,-1.91,-2.56,-4.88,-1.17,-2.58,-3.3,-6.41,-1.6,-1.32,-0.26,-4.9,-3.3,-0.75,0.11,-2.0
1977-11-30,4.73,1.9,3.49,5.05,5.5,4.24,4.6,4.64,6.36,3.23,7.11,4.83,3.32,3.87,3.52,5.38,7.95,9.1,9.4,8.32,6.18,8.63,7.23,8.07,6.19,5.91,6.29,8.65,8.82,8.27,7.78,10.69
1977-12-31,0.25,2.2,1.29,-0.22,-1.61,0.88,-0.23,-0.78,0.0,1.21,-0.15,0.47,-1.51,-0.35,1.66,1.0,2.84,2.52,1.95,1.99,2.18,0.59,3.62,1.69,1.5,2.76,0.94,2.61,3.23,1.19,0.22,2.44
1978-01-31,-7.45,-4.89,-5.6,-4.04,-8.24,-4.65,-3.79,-6.0,-6.85,-4.49,-5.82,-4.5,-7.33,-7.12,-7.86,-5.19,-4.93,-2.59,-4.99,-1.25,-3.15,-1.66,-2.97,-0.32,-1.32,-2.31,-1.64,-0.34,-3.54,-3.44,-2.83,-1.49
1978-02-28,-2.73,-1.67,-1.94,-0.53,-1.95,-0.86,-2.05,-2.35,-1.25,1.98,-1.58,-0.38,-2.62,-1.83,-2.63,-1.4,2.05,2.78,2.59,5.55,1.76,2.19,0.78,2.87,1.72,1.26,0.16,3.33,1.76,3.14,1.94,7.29
1978-03-31,3.96,2.5,0.25,4.73,4.83,3.13,2.84,2.6,3.24,3.2,4.17,3.04,4.48,2.54,4.15,5.22,6.04,7.81,7.94,10.23,3.46,5.88,6.62,10.57,6.34,5.85,5.13,8.27,6.87,5.05,6.35,9.18
1978-04-30,9.67,5.71,10.99,12.19,9.57,7.12,4.4,8.27,8.1,5.12,10.63,5.0,10.73,10.1,10.46,8.96,10.47,8.3,9.31,7.6,8.61,7.83,6.66,7.21,6.64,5.62,6.43,7.96,9.04,6.79,7.12,7.53
1978-05-31,2.36,2.02,-0.02,5.87,0.58,3.66,1.48,0.89,0.64,0.71,2.94,0.99,2.61,2.51,1.18,4.15,7.72,5.94,5.6,9.95,9.87,6.43,5.13,9.58,4.74,3.27,4.27,6.45,7.63,3.67,3.62,6.38
1978-06-30,-2.65,-3.77,-1.9,-1.43,0.11,-0.8,-0.91,-2.31,0.49,-1.97,-0.69,-0.75,-1.36,-1.41,0.12,-0.07,-0.42,-1.85,0.18,-1.66,-0.02,2.75,5.4,0.45,-1.49,2.05,0.49,-2.67,0.39,0.1,0.52,-0.63
1978-07-31,6.5,5.25,4.69,7.81,6.17,4.26,4.7,6.23,7.33,2.81,6.39,5.74,5.75,6.23,5.56,7.36,7.3,5.97,6.4,9.93,5.64,4.27,4.52,5.99,8.26,3.91,5.68,4.33,4.18,4.73,5.43,4.81
1978-08-31,5.99,3.09,3.98,5.21,3.87,1.69,1.17,2.47,5.07,3.5,2.92,4.12,5.18,2.37,4.22,3.63,9.24,10.59,8.37,8.23,7.08,8.22,7.45,12.31,7.22,10.17,7.06,6.76,9.01,6.92,6.62,10.08
1978-09-30,-2.45,1.06,-0.17,-2.01,-0.45,-0.2,-2.05,0.17,-2.66,0.86,-1.72,-1.29,-2.65,-1.53,-0.57,0.16,-2.09,-1.71,-1.26,-0.87,-1.32,-0.88,-3.36,0.3,0.0,-0.88,-0.74,-1.39,-0.7,0.1,-1.42,-0.51
1978-10-31,-13.91,-8.46,-9.52,-6.79,-10.65,-10.12,-10.21,-12.11,-8.53,-7.63,-11.25,-11.16,-12.05,-9.34,-10.49,-10.19,-24.15,-18.23,-19.47,-21.11,-22.38,-18.14,-22.57,-23.91,-21.45,-19.03,-17.49,-17.46,-19.67,-16.63,-16.18,-19.68
1978-11-30,2.91,2.09,3.2,3.41,3.95,2.67,4.9,3.43,5.4,3.13,2.07,2.28,3.09,2.37,1.59,5.09,8.57,4.86,7.95,6.59,5.1,4.93,4.48,4.11,7.51,4.45,5.91,6.19,8.45,2.24,3.99,6.74
1978-12-31,2.26,2.01,3.06,5.73,0.48,-1.86,-0.33,0.3,3.4,0.06,1.85,0.51,1.02,1.87,-0.22,0.23,3.74,0.83,0.87,2.14,2.44,-0.59,3.23,2.41,1.88,0.99,2.39,3.76,3.66,0.94,2.58,1.71
1979-01-31,3.42,3.72,2.4,3.38,5.7,8.24,6.04,7.72,3.53,4.21,3.9,7.18,4.23,4.39,4.18,4.63,8.53,9.57,6.87,11.28,10.07,9.81,12.72,10.45,8.05,8.82,5.74,9.3,7.04,7.87,7.62,8.17
1979-02-28,-3.33,-2.74,-3.57,-2.77,-1.93,-3.24,-5.03,-2.27,-4.25,-2.39,-3.19,-2.27,-4.74,-3.34,-3.03,-1.93,-4.54,-2.34,-3.57,-1.51,-0.17,-3.2,0.12,-2.81,1.03,-1.08,-2.49,-1.91,-2.63,-2.68,-3.04,-1.23
1979-03-31,9.65,5.06,5.22,5.84,6.12,5.43,4.52,8.5,7.04,2.48,6.36,7.25,7.11,5.38,5.69,8.63,10.52,7.29,9.0,14.4,9.49,9.31,7.81,10.16,12.61,9.32,7.17,8.15,9.6,6.61,7.48,10.42
1979-04-30,0.24,2.12,3.84,-0.46,-1.53,-1.97,-3.84,-0.28,0.92,-0.71,-0.22,0.98,2.63,-0.1,2.17,0.36,3.77,0.54,1.18,1.99,-0.25,3.46,2.02,3.76,2.33,3.51,1.81,3.9,2.12,2.84,1.57,5.39
1979-05-31,-1.73,-1.32,-1.51,-2.35,2.02,-0.55,-0.89,-1.63,-0.82,-1.24,-0.56,-0.6,-0.87,-1.34,-2.86,-3.53,-2.25,1.54,-2.74,-1.87,1.01,-0.61,-1.98,-0.17,-1.91,-0.35,-0.95,-0.76,-1.69,-1.26,-1.35,-1.78
1979-06-30,5.25,5.27,4.93,1.47,5.49,6.02,4.47,7.26,7.66,3.06,6.39,3.93,6.33,2.36,4.38,3.65,5.25,2.62,4.67,7.64,9.44,6.85,8.98,5.1,7.41,7.04,3.97,3.69,6.68,3.91,6.09,3.84
1979-07-31,2.21,-1.51,0.04,1.58,2.19,1.74,-0.25,3.31,2.1,1.12,1.21,1.81,2.24,2.44,3.0,2.94,2.48,2.59,3.18,2.88,0.8,2.73,3.33,1.45,2.16,3.75,4.65,2.15,2.78,4.01,3.53,7.95
1979-08-31,8.03,4.37,6.42,6.21,6.15,3.98,5.06,4.22,6.89,4.36,7.46,5.32,8.99,6.41,6.89,9.75,9.13,8.41,9.28,7.61,9.15,6.6,7.93,7.64,6.75,7.77,7.08,5.47,9.0,9.17,6.26,8.5
1979-09-30,1.29,1.64,-2.46,3.14,-0.23,-0.22,-2.29,-0.9,-1.46,-1.16,0.76,-0.47,-0.98,-0.48,2.01,1.61,-0.03,-1.86,-0.79,-1.78,-0.63,-0.32,-1.38,-0.33,3.74,-1.03,-1.14,-0.58,-0.1,-0.61,-0.29,0.27
1979-10-31,-5.95,-5.46,-8.55,-3.33,-7.95,-7.94,-8.38,-7.87,-7.84,-5.24,-6.91,-8.46,-7.76,-5.83,-8.96,-3.73,-10.31,-11.02,-10.61,-12.4,-8.22,-11.53,-8.56,-12.46,-8.59,-11.08,-10.35,-10.22,-9.5,-9.84,-9.65,-12.1
1979-11-30,8.73,6.18,2.6,6.21,12.56,5.96,4.89,5.89,8.54,4.97,6.36,5.93,5.59,4.38,5.46,6.99,11.18,6.75,8.25,9.38,10.17,9.14,10.08,9.02,10.79,7.25,7.44,6.18,10.03,4.68,5.13,9.07
1979-12-31,3.11,0.62,1.33,0.96,5.16,0.81,0.52,2.42,3.79,-0.41,3.77,2.2,3.29,4.6,2.37,2.41,6.85,5.98,6.86,7.4,10.69,7.14,7.36,7.88,8.16,3.75,6.78,6.62,5.96,3.9,4.54,6.65
1980-01-31,6.17,7.43,2.23,10.17,8.4,3.74,1.96,8.44,3.38,2.2,5.26,5.8,7.85,7.09,5.83,9.51,6.93,4.13,7.27,9.44,12.44,8.28,13.27,11.93,12.0,6.43,6.24,4.56,7.95,6.68,6.17,10.27
1980-02-29,-2.34,5.46,-4.94,5.4,-3.97,-5.29,-2.68,2.21,-3.1,2.68,-1.61,-1.76,-4.09,-2.86,-3.38,3.7,-1.47,-0.48,-3.16,-1.01,0.45,0.92,-0.03,-0.9,1.61,-2.73,-2.98,-3.32,-3.18,-3.75,-2.87,-3.57
1980-03-31,-13.21,-13.24,-4.16,-13.47,-13.63,-8.53,-7.57,-14.11,-11.02,-7.37,-9.86,-11.38,-8.69,-9.0,-8.5,-13.83,-18.67,-16.72,-16.96,-19.16,-23.8,-18.13,-20.89,-20.43,-22.02,-14.44,-14.84,-15.96,-16.95,-14.39,-15.54,-18.64
1980-04-30,5.19,2.71,2.92,5.17,5.32,8.25,7.24,6.09,5.46,6.86,6.58,7.11,5.24,3.26,2.82,5.12,5.47,7.7,5.95,4.92,9.88,6.68,7.85,6.02,6.24,4.69,5.72,8.91,5.97,5.45,5.61,6.9
1980-05-31,7.95,3.59,4.59,6.81,6.05,5.26,5.56,6.45,6.13,5.63,5.49,7.13,5.66,6.73,5.12,5.51,9.18,7.9,7.47,7.44,8.63,5.53,5.53,8.28,8.05,8.05,7.5,7.55,8.52,7.82,8.21,7.35
1980-06-30,3.93,4.82,2.09,3.78,6.54,3.95,5.73,3.08,4.44,1.25,4.87,2.14,3.06,1.68,1.89,2.35,5.08,4.46,3.81,3.39,5.57,5.2,4.65,4.04,6.87,1.78,4.34,2.76,5.63,3.3,5.73,4.29
1980-07-31,8.57,5.59,8.29,11.78,1.5,2.34,1.92,7.11,12.32,2.97,6.96,5.68,7.62,6.95,7.66,7.57,14.55,10.7,13.22,10.2,9.04,8.22,8.76,7.85,15.53,6.07,9.83,5.64,12.52,8.43,8.14,7.7
1980-08-31,1.13,1.96,2.98,3.46,2.03,-0.75,0.12,-0.04,4.31,2.38,3.37,1.55,2.29,0.5,1.54,4.4,7.71,8.01,6.99,5.59,4.27,6.27,3.97,7.59,5.71,3.96,5.67,3.48,7.36,3.13,6.02,6.79
1980-09-30,6.0,2.61,1.32,-0.76,2.99,3.13,1.35,1.01,2.58,0.51,1.48,3.19,8.21,1.33,3.6,4.07,5.34,6.29,5.35,4.82,5.33,1.93,-1.13,3.16,3.69,1.3,3.53,0.81,4.82,1.69,2.87,1.66
1980-10-31,5.16,-1.32,3.77,-2.6,-1.28,0.72,-2.37,0.43,-0.3,-2.47,2.1,2.93,1.85,3.56,0.77,7.06,5.05,4.47,2.76,1.45,3.25,4.29,3.17,4.97,5.24,2.14,3.92,2.48,4.5,3.35,4.66,-0.53
1980-11-30,17.67,12.83,9.54,-1.59,3.55,7.83,2.3,4.32,9.09,3.65,10.58,14.04,18.63,13.45,12.74,12.11,10.86,7.73,6.3,6.4,9.33,4.85,10.97,8.79,12.7,2.01,7.39,5.22,9.05,2.6,4.67,4.67
1980-12-31,-5.39,-2.87,-3.53,-2.16,0.22,-2.29,2.43,-0.95,-0.28,0.81,-2.07,-5.38,-4.9,-3.45,-1.27,-4.78,-4.95,-0.94,-2.72,-2.85,-8.49,-4.26,-4.41,-4.91,-2.5,-1.23,-2.32,-3.14,-3.13,0.86,-2.38,0.43
1981-01-31,-10.12,-5.06,-4.35,-0.81,-2.62,-1.03,-0.67,0.57,-4.61,2.87,-3.54,-4.81,-9.51,-4.0,-5.43,-5.86,-2.52,-2.06,-1.72,-0.26,-3.9,1.46,0.03,-0.66,-3.61,2.72,-1.14,0.88,-2.31,1.4,1.48,0.28
1981-02-28,-1.56,4.32,0.13,8.92,0.38,1.12,1.86,1.18,1.53,1.8,3.82,2.74,2.16,4.66,3.31,3.44,0.07,2.07,1.35,2.27,-1.92,2.15,1.46,1.01,1.34,1.96,1.9,0.16,0.35,3.68,1.8,1.97
1981-03-31,5.12,2.15,-1.11,5.2,7.43,6.49,7.84,11.03,6.17,4.72,7.79,4.55,5.16,1.38,3.85,3.27,9.1,9.01,8.24,7.82,7.89,8.63,6.75,5.41,7.33,7.54,7.08,5.86,10.95,6.03,6.93,6.0
1981-04-30,-5.33,-1.78,-1.19,1.26,0.13,-3.47,0.43,-1.1,0.81,1.65,-1.72,0.53,-4.19,-2.16,-2.71,-2.59,4.86,8.65,3.76,2.19,1.37,4.49,-0.59,1.49,1.16,2.82,2.32,1.36,2.29,2.94,2.4,5.85
1981-05-31,-0.05,-0.18,0.73,2.52,2.14,1.22,3.91,1.18,4.19,3.57,1.88,-1.81,1.26,-1.6,0.74,-2.53,5.58,5.14,3.28,2.68,3.68,2.76,2.76,2.42,2.95,1.08,1.23,1.08,5.09,3.23,2.31,1.79
1981-06-30,-1.11,-0.08,0.42,-1.12,-1.03,1.64,0.43,0.34,-5.22,-1.21,-1.67,0.01,-2.38,0.04,-1.34,-0.2,-5.0,0.29,-1.98,-0.52,-4.61,-1.59,-0.29,-1.58,-3.12,1.09,0.28,0.19,-4.06,1.46,0.39,1.26
1981-07-31,1.55,-2.11,5.44,2.1,0.45,-1.5,-3.0,-2.54,2.03,-1.68,-0.9,-3.2,5.3,-0.33,-0.45,-5.46,-3.28,-3.25,-4.1,-0.41,-1.73,-1.26,-3.44,-2.85,-0.78,-3.24,1.48,-1.02,-2.61,-2.96,-1.4,-1.07
1981-08-31,-7.67,-2.61,-6.32,-5.17,-8.04,-3.56,-5.48,-7.24,-8.8,-2.5,-5.29,-4.72,-6.27,-6.71,-5.33,-4.54,-9.51,-7.72,-6.41,-8.92,-11.43,-7.75,-5.99,-9.72,-9.18,-6.36,-6.51,-4.56,-6.52,-3.25,-4.58,-6.93
1981-09-30,-10.21,-5.1,-7.03,-5.45,-6.5,-4.54,-2.08,-5.68,-7.53,-0.34,-6.84,-3.64,-8.8,-2.82,-3.17,-5.38,-8.24,-3.9,-6.39,-9.37,-14.14,-9.33,-8.46,-9.45,-11.06,-4.17,-4.87,-7.4,-8.67,-5.42,-6.22,-7.13
1981-10-31,12.87,1.87,6.82,6.88,7.33,4.27,6.46,-1.12,8.78,4.27,3.81,3.78,11.34,5.1,3.86,6.47,9.93,8.44,7.96,10.52,7.86,6.31,6.39,8.06,7.25,5.32,7.38,7.62,7.14,6.41,7.08,7.35
1981-11-30,1.94,5.05,5.63,3.5,8.72,6.2,7.39,4.72,5.67,4.03,2.97,5.15,3.41,4.37,5.0,4.52,2.71,3.86,4.5,2.94,-0.95,3.34,1.95,-0.3,1.03,4.79,4.16,4.45,2.79,5.01,4.91,3.95
1981-12-31,-4.46,0.31,-4.87,-3.91,-5.46,-3.75,-4.18,-1.49,-4.28,-1.1,-1.17,-0.84,-4.6,-3.21,-2.99,-0.8,-2.76,0.16,0.9,-0.87,-3.41,-0.41,-3.22,-1.92,-3.2,-0.65,-1.76,-0.43,-2.92,-0.58,-1.35,-1.49
1982-01-31,-3.88,4.15,-4.8,-3.46,-3.17,-0.79,1.2,-1.42,-4.36,-0.22,-2.45,-1.4,-8.4,-2.94,0.17,-3.57,-4.23,-3.94,-3.82,-7.71,-5.59,-2.06,-1.87,-1.72,-6.27,1.05,-0.37,-2.34,-4.13,-2.66,-3.8,-1.7
1982-02-28,-11.19,-2.8,-5.47,-2.22,-5.15,-0.04,-0.66,-1.46,-7.25,-4.36,-4.13,-2.12,-10.39,-6.87,-3.89,-2.5,-6.24,-2.98,-3.15,-7.68,-7.56,-1.66,-2.78,-2.45,-7.26,-0.83,-1.4,-4.28,-7.11,-2.13,-1.36,-3.25
1982-03-31,-2.83,-2.11,-1.33,-0.23,-2.62,0.07,1.04,2.12,-2.31,1.35,-1.9,0.19,-5.13,2.44,-0.31,-0.27,-1.84,0.96,0.64,-0.69,-2.47,-1.11,-3.34,0.45,-2.17,1.41,0.46,-0.83,-2.52,2.91,-0.63,0.04
1982-04-30,7.17,5.71,5.3,3.57,3.9,3.08,2.63,5.17,4.83,0.36,2.95,5.65,5.14,3.64,3.58,6.37,6.66,6.3,6.29,5.77,6.71,3.44,3.72,6.56,4.39,3.62,4.64,5.18,7.05,5.58,4.35,7.03
1982-05-31,-2.27,-3.41,-1.93,-1.93,-7.25,-2.95,-6.74,-2.08,-4.5,-2.59,-3.0,-3.13,-1.86,-3.54,-1.97,-3.4,-3.09,-2.29,-0.98,-2.77,-5.17,-2.69,-2.18,-2.45,-3.93,-2.29,-1.85,-3.96,-2.93,-0.73,-2.49,-3.06
1982-06-30,-4.55,-0.85,-2.05,-4.92,-3.71,-2.22,-1.86,0.48,-4.72,-2.52,-2.44,-0.08,-6.83,3.35,-0.45,-1.25,-2.75,-1.24,-1.1,-4.48,-4.19,-2.09,-3.36,-2.12,-5.42,-1.82,-2.13,-3.35,-3.14,-0.46,-1.55,-1.24
1982-07-31,-4.58,3.67,-4.3,-0.51,-5.29,-2.44,-1.05,-2.5,-3.72,-1.11,-3.77,-1.29,-4.17,-1.9,-2.9,-2.22,-1.44,-0.39,0.16,1.25,-4.82,-0.45,-1.3,-1.8,-3.72,-0.36,-0.31,-1.8,-1.36,0.18,-1.61,-1.83
1982-08-31,10.81,9.63,9.2,9.86,17.7,14.78,12.63,16.66,15.74,12.79,13.99,11.89,13.21,11.37,12.29,12.29,8.15,8.8,9.23,12.89,7.73,8.65,9.63,6.95,8.96,8.18,7.97,8.12,8.87,7.57,8.34,8.18
1982-09-30,2.86,3.35,2.13,2.72,0.22,1.69,0.8,-0.56,-0.23,1.14,-0.15,1.64,1.36,2.57,1.26,1.93,3.9,8.56,4.44,2.2,0.05,0.76,-0.1,4.31,1.18,3.87,4.54,3.92,3.79,5.92,6.4,3.66
1982-10-31,14.18,10.28,11.6,16.37,16.13,10.09,7.06,15.95,15.21,7.38,12.35,12.0,13.73,10.57,10.26,7.63,15.76,12.47,13.48,16.36,13.85,14.85,17.05,15.66,14.94,9.87,11.35,11.49,13.08,11.78,12.56,13.52
1982-11-30,7.15,6.05,2.8,5.79,7.04,4.44,5.66,5.94,6.63,3.16,2.65,4.21,3.59,4.32,3.93,6.17,9.05,8.73,8.06,11.35,9.04,11.12,15.38,11.15,7.75,6.67,7.67,7.18,8.59,8.36,8.58,11.84
1982-12-31,0.89,5.82,1.84,-1.2,-1.13,1.4,4.14,2.79,-4.0,-0.54,2.43,0.83,-0.63,0.0,2.6,-2.17,1.51,1.09,1.25,0.55,-0.26,3.07,-0.41,2.47,1.06,2.94,0.16,2.01,0.42,1.57,0.29,0.55
1983-01-31,2.71,1.15,2.48,6.03,2.02,3.12,1.89,3.87,5.65,10.08,1.86,2.84,4.98,1.17,3.79,2.13,6.11,4.88,4.83,8.12,13.97,7.17,4.58,7.57,11.63,5.22,7.13,5.61,9.46,5.11,4.26,10.8
1983-02-28,3.04,2.96,3.41,1.19,4.44,5.85,5.14,3.04,1.66,1.57,2.13,2.26,3.03,2.72,2.76,3.37,5.88,9.04,5.86,5.36,0.42,6.04,10.72,7.42,1.12,7.41,6.6,7.1,4.9,5.44,5.21,9.81
1983-03-31,2.6,3.41,4.78,7.81,6.57,2.88,1.55,5.68,3.72,1.04,3.56,4.84,2.83,3.93,1.75,2.21,4.11,6.16,5.67,6.37,1.5,5.47,4.79,9.16,3.09,5.79,4.72,6.05,2.36,7.32,5.25,4.93
1983-04-30,6.43,10.04,5.84,5.77,10.68,5.64,5.54,9.15,1.69,7.17,10.17,7.73,7.89,5.98,6.21,7.73,7.43,9.36,8.88,7.4,8.48,8.95,8.08,9.39,5.71,4.93,6.03,6.27,7.65,8.58,6.4,8.85
1983-05-31,4.49,-2.44,1.88,-2.22,-0.7,1.61,2.81,0.86,3.4,-2.69,-1.36,-0.56,1.58,-2.47,-0.7,-1.21,5.75,6.4,4.99,5.99,11.32,8.19,4.97,8.77,10.79,6.2,5.69,7.8,5.67,6.03,3.48,3.19
1983-06-30,5.28,5.89,3.87,-0.29,3.67,-2.08,-1.77,3.12,5.55,2.11,3.54,1.91,5.43,2.08,8.52,2.96,4.78,5.56,4.33,10.15,3.89,4.81,5.13,3.83,4.49,4.86,4.77,3.57,3.66,3.27,4.43,6.26
1983-07-31,-6.03,-4.13,-2.84,-1.08,-3.6,-0.69,-2.58,-1.63,-6.29,-2.7,-2.54,-3.41,-6.87,-4.41,-3.93,1.84,-2.49,-3.1,-0.67,0.64,-5.99,-4.96,-6.24,-1.72,-3.97,-1.7,-2.19,0.3,-3.11,0.16,0.7,-3.36
1983-08-31,-1.19,3.9,-0.77,0.29,0.85,-1.1,1.6,0.96,-0.68,2.89,0.54,3.69,-0.45,1.92,0.9,4.09,-3.35,-2.81,-2.16,-1.88,-5.99,-4.38,-4.83,-5.07,-4.7,-1.47,-0.14,-3.99,-3.17,-1.07,-2.1,0.06
1983-09-30,-1.58,0.76,4.23,4.64,3.49,-0.63,3.94,2.04,2.47,2.24,3.26,1.25,1.3,2.11,0.64,-0.4,1.97,1.73,2.69,1.98,-3.55,-2.75,0.13,-0.5,1.95,4.86,3.36,1.02,3.55,4.24,3.35,3.58
1983-10-31,-7.28,-0.78,-0.42,0.71,-1.59,1.04,1.85,-2.25,-8.64,-1.54,-1.23,-1.49,-3.13,-0.82,-2.48,1.02,-7.55,-5.33,-4.85,-3.42,-9.03,-8.07,-7.28,-6.49,-6.04,-3.05,-3.89,-4.05,-6.44,-2.76,-3.16,-3.63
1983-11-30,3.57,3.84,-1.97,5.5,0.27,6.25,2.21,6.82,5.4,0.69,0.86,2.56,4.77,4.68,1.59,1.62,3.99,6.55,5.64,4.06,1.05,5.87,3.5,4.01,3.81,4.97,4.82,7.12,5.66,4.49,4.54,5.32
1983-12-31,-0.57,1.24,1.08,0.13,-2.5,-5.17,-3.24,0.05,-1.04,-0.3,-3.87,-0.27,-2.07,-0.57,-1.4,-0.46,-1.85,-0.87,0.03,0.51,-4.09,-3.39,-0.67,-0.57,-2.52,0.03,-1.1,0.78,-1.91,-0.81,-1.14,-1.68
1984-01-31,-3.59,1.94,-4.23,-3.8,-2.22,-2.62,-1.93,-3.67,-4.0,2.44,-1.22,-0.19,-4.05,1.73,-0.67,3.15,-2.54,-0.87,-0.92,-0.33,-0.97,-0.35,1.45,1.81,-2.54,-3.01,0.58,-0.7,-3.02,0.32,-0.81,0.69
1984-02-29,-6.3,-1.18,-3.2,-5.09,-5.71,-5.06,-2.03,-7.28,-6.3,-2.87,-4.86,-2.49,-5.34,-2.5,-3.25,0.82,-5.86,-5.59,-4.99,-5.85,-6.21,-5.76,-5.22,-6.25,-4.85,-3.32,-4.23,-6.64,-5.47,-5.32,-4.23,-6.26
1984-03-31,0.96,-0.38,3.07,1.67,2.32,4.6,0.27,5.26,2.25,-1.76,0.09,0.92,1.08,1.16,0.24,2.34,1.37,1.26,1.54,0.47,-0.21,-0.57,2.06,3.79,1.08,1.13,1.86,1.88,0.14,0.92,0.9,3.13
1984-04-30,1.92,2.95,0.7,-0.46,-2.85,-3.45,-1.7,-2.69,-0.17,2.79,-0.84,1.44,-1.14,0.75,0.95,5.09,0.35,1.29,1.2,-1.0,-4.21,-2.47,-2.08,-2.42,-2.11,0.45,-1.33,-0.32,0.07,1.84,-0.27,-0.98
1984-05-31,-4.21,-6.0,-4.92,-3.24,-5.4,-8.86,-4.9,-9.24,-6.17,-6.5,-1.57,-5.66,-5.01,-1.26,-4.45,-5.09,-5.95,-4.58,-2.63,-6.1,-7.59,-5.48,-4.74,-7.02,-6.4,-3.83,-3.98,-5.08,-5.39,-4.8,-4.01,-4.56
1984-06-30,4.07,1.91,2.31,5.19,-3.33,1.87,3.0,-0.22,2.46,6.82,3.21,2.54,6.65,3.23,2.5,1.0,4.17,4.56,3.52,5.91,0.25,0.53,0.38,1.89,1.41,1.51,3.08,2.76,3.56,2.36,3.26,3.75
1984-07-31,-1.17,0.96,1.83,-4.01,-2.01,-3.47,-1.76,-4.87,-1.82,-0.68,0.43,-3.75,-4.01,-2.91,0.31,-4.19,-2.58,-3.9,-1.54,-2.81,-9.11,-7.81,-4.52,-8.63,-5.95,-3.81,-1.81,-5.72,-4.93,-1.92,-1.34,-1.03
1984-08-31,12.2,9.6,10.41,12.2,13.3,14.07,11.08,12.61,12.74,9.37,10.28,12.0,10.77,9.46,10.48,15.04,12.4,10.85,11.71,9.29,11.61,10.88,11.09,11.48,14.79,8.86,10.86,12.88,13.68,8.09,8.93,10.87
1984-09-30,-3.34,-0.48,0.29,2.48,0.24,0.46,2.49,-3.14,-2.91,-0.54,2.19,0.9,-1.95,0.97,-0.6,3.02,-1.3,1.02,1.73,2.19,-4.52,0.19,0.03,-1.69,-2.3,0.89,0.02,2.86,-2.57,2.65,1.45,1.1
1984-10-31,-0.62,2.47,2.33,-0.09,0.81,2.7,2.72,-0.9,-1.75,0.14,2.22,-3.71,0.07,0.25,-0.18,-0.48,-0.12,-0.33,0.38,-1.63,-3.09,-1.52,-0.48,-5.08,-1.57,-0.07,-0.3,-4.53,-1.5,-0.63,0.32,0.27
1984-11-30,-3.6,-1.37,-1.3,-0.26,-1.67,0.63,2.12,-0.28,-1.59,1.04,0.69,0.29,-2.53,-2.16,-1.71,0.38,-1.71,0.31,-0.25,-0.61,-6.36,-3.92,-5.29,-5.27,-3.98,-1.47,0.16,-1.21,-3.77,1.64,-0.32,0.72
1984-12-31,2.06,4.6,2.29,2.66,3.44,3.76,3.87,0.13,3.52,1.12,3.01,2.0,3.97,2.31,2.44,2.7,2.36,3.13,3.42,2.89,0.62,0.06,2.77,-2.52,2.48,-0.48,2.0,2.05,2.64,2.98,2.62,1.05
1985-01-31,13.08,6.8,8.71,4.36,10.68,6.31,7.68,9.6,11.17,5.45,5.24,8.09,8.94,7.01,8.86,6.46,12.86,9.35,10.5,11.03,18.66,9.95,14.43,11.21,15.73,10.55,8.95,10.8,12.17,8.19,10.5,9.5
1985-02-28,1.85,2.95,0.7,4.62,-1.22,-0.32,1.52,0.94,-0.2,-0.01,0.97,2.07,1.76,3.12,2.85,3.39,3.49,2.19,2.7,2.29,1.09,2.93,1.5,2.85,2.38,2.54,2.8,2.3,2.46,2.31,1.62,3.43
1985-03-31,-0.91,0.63,-3.04,3.8,-0.43,-1.65,0.53,-0.06,-3.71,0.56,3.43,0.91,-2.42,-0.22,2.56,3.26,-1.44,-0.6,0.0,1.68,-4.92,-2.5,-4.45,-3.02,-4.03,-0.75,0.57,-1.46,-2.37,0.58,-0.89,0.58
1985-04-30,-0.07,-1.43,-1.61,0.42,-0.78,-0.41,-0.44,-1.46,-0.01,0.22,0.85,0.83,-2.57,2.25,-2.17,0.49,0.94,1.19,1.38,1.76,-4.6,-0.51,-1.79,-2.92,-3.28,0.18,-0.85,-0.6,-2.57,1.33,0.62,-1.84
1985-05-31,7.66,5.3,6.11,6.62,8.94,5.19,7.16,4.11,7.16,4.94,8.09,5.16,7.18,4.61,7.56,4.85,5.17,3.47,5.73,5.07,1.94,5.42,2.2,1.13,4.38,2.55,1.06,1.29,4.96,4.95,2.43,3.7
1985-06-30,2.85,3.21,-0.09,-0.13,3.16,2.31,2.79,1.56,0.57,2.53,3.59,1.68,3.06,1.51,0.05,0.95,3.96,2.96,4.68,3.53,-1.58,0.04,-2.27,-1.79,1.17,1.62,0.53,-1.65,2.86,1.77,1.94,0.84
1985-07-31,-1.5,-2.27,1.67,-1.75,-2.3,0.99,-1.86,2.94,-0.35,-1.47,0.27,-1.03,1.1,-0.78,-0.65,-1.32,3.31,1.95,1.79,3.28,2.6,3.68,3.59,3.23,3.75,2.28,2.57,1.18,1.17,0.43,2.44,1.48
1985-08-31,-1.44,-0.61,-1.41,0.46,-0.89,-0.86,-0.1,1.1,-1.72,1.08,0.47,-0.65,-1.76,-0.5,-1.44,0.93,-2.53,-0.76,1.08,0.32,-1.8,1.46,-0.83,-1.68,-2.04,-0.58,-1.1,0.64,-3.2,1.95,0.63,0.51
1985-09-30,-5.41,-2.15,-3.41,-2.55,-4.33,-2.86,-5.95,-4.82,-4.48,-3.01,-4.99,-2.03,-5.88,-1.51,-2.86,-1.62,-6.82,-4.77,-4.08,-4.12,-8.26,-7.3,-6.39,-6.6,-6.69,-3.8,-5.17,-5.09,-6.33,-3.22,-3.24,-5.37
1985-10-31,6.24,5.31,4.91,4.32,5.98,4.83,7.25,1.93,4.2,6.42,6.97,3.62,3.76,4.19,3.21,4.08,3.21,2.54,4.54,7.74,2.29,3.74,2.62,1.95,2.25,3.72,4.09,1.38,2.04,4.22,4.85,2.13
1985-11-30,8.8,6.73,8.59,6.01,6.21,7.05,7.12,6.92,7.44,4.95,8.26,8.78,5.36,8.23,7.54,4.06,9.62,7.03,6.53,3.68,6.75,8.36,9.11,4.56,7.16,5.5,7.15,5.78,8.29,6.18,6.16,5.17
1985-12-31,5.4,3.76,7.53,4.5,4.54,4.03,3.97,3.47,3.5,4.62,5.16,3.36,0.96,6.85,2.79,2.83,4.61,3.43,5.07,4.25,3.13,4.11,5.04,1.7,6.5,5.0,4.09,0.69,4.27,4.26,4.85,3.25
1986-01-31,2.36,0.18,-0.83,1.29,4.53,3.73,5.03,2.74,0.27,2.44,1.7,-5.49,0.93,-0.46,2.27,-1.99,4.31,1.44,1.85,0.92,3.47,3.88,3.74,3.11,-0.34,-0.12,0.29,-2.0,1.92,1.41,1.28,1.04
1986-02-28,9.67,9.29,5.9,7.09,8.85,8.28,7.88,7.69,7.24,7.85,8.68,7.0,6.42,10.41,9.11,6.22,8.63,8.73,8.68,7.07,5.32,4.11,7.19,4.1,5.05,6.69,8.12,4.96,7.24,7.17,7.25,6.54
1986-03-31,7.71,4.21,5.74,7.47,3.52,6.06,5.21,4.81,3.58,3.85,6.32,3.77,3.51,6.52,6.27,7.03,4.61,6.24,5.39,4.3,4.66,5.1,2.91,5.32,2.1,4.82,3.95,5.0,5.55,5.84,6.16,6.0
1986-04-30,0.35,-1.09,0.84,0.05,-4.45,-5.3,-5.61,-3.78,-1.9,-3.22,0.39,3.0,-0.75,-1.66,-3.19,1.64,3.15,1.31,1.03,0.12,-0.68,2.42,-0.34,0.96,1.83,-1.86,1.43,0.18,4.07,1.47,2.38,2.02
1986-05-31,6.95,6.55,2.84,9.35,4.69,5.35,3.37,3.95,4.5,4.23,6.44,5.75,5.42,5.87,4.21,6.54,5.38,4.9,4.74,3.16,2.92,2.84,0.0,2.24,2.59,4.11,4.74,4.21,1.8,7.32,3.88,5.81
1986-06-30,1.91,2.94,1.21,1.96,-0.94,1.56,2.37,-0.58,-1.09,3.03,4.34,1.32,-2.71,4.11,0.69,1.27,0.78,1.69,1.76,1.49,-3.03,0.83,-0.96,-0.7,-1.38,0.23,0.34,-2.34,0.63,1.14,2.2,2.55
1986-07-31,-8.45,-7.63,-7.06,-5.16,-6.28,-1.53,-2.03,-9.07,-7.74,-4.06,-3.76,-2.82,-8.2,-3.15,-3.3,-6.38,-9.7,-5.0,-7.27,-9.82,-11.49,-9.4,-11.54,-12.91,-10.3,-8.22,-6.81,-10.93,-10.51,-4.3,-7.29,-6.25
1986-08-31,4.04,7.04,3.04,12.57,6.09,7.73,8.65,12.98,8.03,7.43,6.16,7.0,7.35,8.04,7.03,7.61,1.33,4.49,2.21,1.02,3.17,1.01,4.49,2.34,2.1,3.97,5.63,7.2,5.19,3.27,4.63,5.37
1986-09-30,-8.22,-7.41,-11.64,-3.34,-9.67,-7.52,-10.57,-5.75,-8.31,-8.44,-9.01,-5.97,-9.18,-10.84,-9.06,-5.63,-7.42,-2.85,-6.51,-3.82,-7.11,-5.41,-6.59,-5.94,-6.69,-5.8,-3.5,-6.58,-8.46,-3.43,-5.75,-1.73
1986-10-31,2.7,6.08,6.44,5.7,5.74,4.97,6.52,6.6,5.14,4.8,6.83,7.19,5.1,5.88,6.12,6.27,4.45,3.53,2.1,2.32,0.59,3.9,4.98,3.54,3.32,2.84,1.68,5.39,3.94,4.01,3.74,2.64
1986-11-30,2.09,1.84,2.45,1.91,0.51,1.6,1.5,0.94,-1.48,3.32,3.24,2.94,0.45,2.22,1.45,2.87,0.2,-0.28,0.51,-1.44,-2.96,-1.65,-0.48,-0.83,-0.57,1.96,0.85,1.45,-0.44,0.19,0.85,1.67
1986-12-31,-3.83,-3.29,-2.18,-0.92,-1.21,-3.81,-2.97,-3.69,-5.3,-0.81,-2.61,-4.34,-5.15,-2.05,-1.98,-3.04,-2.82,-2.98,-0.19,-1.26,-6.0,-3.58,-5.3,-4.32,-1.16,-2.57,-1.01,-0.19,-3.26,-1.67,-2.76,-2.33
1987-01-31,13.57,12.27,12.76,10.73,10.8,13.43,13.73,15.02,14.82,13.29,13.82,12.2,13.2,12.59,15.66,6.39,11.44,11.46,9.6,14.45,11.44,9.62,13.39,13.52,12.64,10.22,9.37,9.52,13.21,11.35,10.77,9.81
1987-02-28,7.03,3.39,5.85,0.93,7.29,2.45,5.63,4.89,6.67,2.51,5.73,2.62,7.37,2.37,3.3,-1.68,8.51,5.53,7.51,6.63,9.04,8.99,9.93,10.66,7.03,7.19,6.11,5.69,6.22,6.06,6.01,5.53
1987-03-31,2.83,4.18,0.79,7.04,-2.08,-0.89,-1.46,5.66,-0.52,0.83,1.05,1.68,1.53,1.0,3.69,5.58,0.46,4.85,1.29,3.11,2.21,1.51,2.09,4.84,0.53,3.04,1.37,4.48,2.41,2.56,1.94,6.37
1987-04-30,-0.35,-1.29,-3.8,-1.81,-3.54,-1.32,-1.42,0.68,-4.67,-2.01,-3.11,-0.13,1.04,-2.92,-0.02,-0.43,-3.41,-3.45,-3.1,-4.65,-1.73,-1.22,-0.95,0.51,-4.96,-2.22,-3.46,-2.02,-3.7,-3.4,-3.49,-3.67
1987-05-31,0.03,1.5,0.4,3.7,0.12,-1.59,-3.01,1.67,1.31,1.66,4.78,-1.04,0.23,0.4,0.17,1.79,0.01,-2.14,-0.53,0.95,-1.37,-0.36,-0.33,2.68,-0.39,1.25,-0.08,0.24,1.19,0.17,0.11,0.79
1987-06-30,4.21,7.1,5.32,5.72,3.23,2.51,4.65,4.55,1.89,4.31,3.99,3.9,2.55,7.41,6.21,6.79,2.64,5.26,4.16,4.55,1.64,0.82,-1.06,-0.76,1.79,3.56,2.95,5.72,2.78,3.28,2.63,5.61
1987-07-31,3.91,5.24,5.26,7.83,4.54,4.28,3.19,8.24,5.32,2.01,4.7,2.3,6.98,4.25,1.95,7.87,2.44,2.81,3.95,4.85,-0.67,3.55,5.47,5.86,4.16,3.32,3.27,6.93,2.98,2.78,3.28,6.89
1987-08-31,5.08,3.64,3.69,8.5,4.66,0.8,4.11,2.89,5.25,4.12,6.9,2.17,3.48,5.0,3.66,3.72,4.98,6.84,3.26,2.33,1.41,2.74,0.93,-1.33,1.8,2.47,3.96,2.71,4.17,3.2,4.33,1.91
1987-09-30,-5.28,-2.86,-1.81,-1.74,-1.08,0.03,-2.69,0.22,-1.95,0.14,-2.94,-2.65,-3.25,0.73,-5.75,0.85,-2.62,-1.12,-1.16,1.26,-2.21,-0.12,-2.29,-1.49,-2.4,-1.93,-2.43,-0.38,-2.42,-0.16,-0.74,-1.22
1987-10-31,-23.12,-22.71,-23.14,-22.74,-22.52,-19.13,-19.48,-28.18,-22.08,-18.04,-26.87,-17.47,-26.73,-15.37,-21.24,-19.83,-31.43,-26.91,-26.36,-27.02,-35.35,-31.84,-32.92,-32.29,-33.98,-26.65,-28.29,-33.0,-31.22,-22.48,-24.93,-25.43
1987-11-30,-8.95,-8.57,-7.12,-8.66,-6.76,-2.42,-3.79,-8.02,-8.58,-6.04,-8.5,-8.15,-7.2,-7.86,-9.46,-8.93,-7.54,-5.46,-2.88,-6.83,-10.56,-2.68,-4.42,-4.84,-5.1,-4.37,-5.09,-5.36,-5.78,-1.66,-0.61,-4.02
1987-12-31,9.29,7.57,9.26,5.53,8.81,3.9,4.73,6.92,6.47,5.85,11.86,7.19,10.22,5.09,7.68,3.49,9.63,7.68,8.92,10.27,2.31,5.98,4.17,2.08,9.43,9.08,8.52,5.64,8.76,5.28,5.31,7.07
1988-01-31,4.82,3.99,3.6,4.87,2.5,7.14,6.42,2.49,2.9,4.5,3.3,8.05,4.31,4.46,2.64,7.93,2.09,2.84,2.6,4.95,3.87,4.81,3.37,6.99,2.47,4.56,5.25,6.38,4.16,5.88,5.23,8.02
1988-02-29,5.78,5.13,4.38,6.6,3.12,1.58,1.27,8.29,4.45,4.76,7.04,3.61,5.36,3.24,5.79,5.67,9.06,8.65,8.41,11.57,4.55,7.64,7.82,7.08,7.32,7.94,7.49,7.18,8.6,7.75,9.9,8.79
1988-03-31,-2.65,-2.39,-3.2,-0.85,-2.28,-1.9,-4.12,-1.09,-4.79,0.58,-4.14,-0.3,-2.82,-4.56,-4.65,-1.15,3.44,4.92,3.87,6.57,1.58,3.3,4.1,5.06,4.13,3.81,5.33,8.86,3.29,1.58,1.12,1.84
1988-04-30,0.66,-1.1,-0.45,-0.06,-0.4,-1.18,-0.88,1.54,-0.05,1.35,1.67,4.15,-0.43,1.2,1.93,-1.43,0.7,2.64,1.27,6.43,-0.17,5.63,-0.19,2.39,1.19,2.6,1.78,1.24,1.82,1.52,2.62,3.77
1988-05-31,0.0,0.69,1.68,-1.88,0.85,1.35,0.24,1.43,0.47,0.38,0.75,0.44,-0.13,2.4,-0.22,1.01,-2.53,-1.22,-2.57,-3.79,-3.01,-1.42,-1.83,-2.6,-1.56,-0.4,-1.17,-2.71,-2.05,-1.29,0.51,-1.1
1988-06-30,7.32,6.93,3.86,1.6,5.15,5.48,4.19,4.02,5.54,5.29,5.74,0.64,7.82,4.94,7.84,3.18,7.99,6.83,7.17,4.8,4.52,5.25,6.5,4.37,7.47,6.18,8.13,6.54,8.58,5.71,7.41,9.32
1988-07-31,-1.85,-0.27,0.38,-0.62,1.15,-0.31,0.23,-1.09,-3.44,1.1,-1.43,-0.77,-3.35,-0.43,-2.03,0.41,-2.2,0.44,-0.57,0.79,-0.92,-0.03,-0.11,-0.4,-2.09,0.03,-1.44,-0.48,-3.69,-0.22,-0.62,0.38
1988-08-31,-3.84,-2.55,-1.13,-0.83,-1.01,-1.03,-1.53,-0.52,-6.2,-1.15,-6.49,-3.43,-4.42,-2.53,-2.65,-3.51,-4.21,-0.91,-1.66,0.02,-4.27,-2.08,-2.08,-4.08,-5.08,-1.65,-2.08,-2.89,-3.01,-1.37,-1.99,0.48
1988-09-30,4.86,6.41,6.36,5.33,3.73,4.14,4.27,2.51,4.18,0.65,3.33,2.79,5.32,3.73,5.62,4.56,2.31,4.1,3.44,2.11,-0.46,2.0,1.35,0.88,2.82,2.55,4.34,3.98,2.5,3.46,4.52,2.44
1988-10-31,0.03,0.59,3.84,8.48,-1.59,0.89,3.27,1.17,3.51,1.8,4.33,2.79,1.91,2.72,0.34,3.74,0.04,-0.29,-1.95,-1.75,-3.14,-2.07,0.11,-3.23,-3.38,0.85,-1.03,0.97,0.61,0.94,-0.42,-0.28
1988-11-30,-2.4,-1.8,-1.58,0.73,-1.46,0.3,-2.56,-1.79,-1.92,-1.47,-3.05,-1.43,-2.66,-1.66,-0.12,0.34,-3.93,-2.89,-3.54,-2.89,-4.57,-1.47,-3.02,-3.01,-4.71,-2.46,-3.04,-1.29,-2.76,-2.0,-1.95,-2.6
1988-12-31,3.14,2.24,2.07,1.7,2.31,1.58,1.14,0.78,3.16,1.28,2.55,1.29,1.77,1.92,1.43,1.42,4.04,3.06,4.3,5.13,2.33,3.71,2.85,4.44,5.33,3.13,3.79,5.07,4.27,3.77,1.75,4.81
1989-01-31,7.47,5.5,6.24,5.79,8.82,5.59,4.79,7.19,7.21,4.96,7.43,8.11,8.73,7.34,6.46,7.53,3.91,3.77,3.04,4.75,7.75,5.78,6.43,5.97,3.72,5.69,2.22,4.54,5.99,3.88,4.26,5.02
1989-02-28,-3.12,-1.59,-1.61,0.7,-1.03,-1.47,-1.75,-0.42,-3.38,-2.92,-4.09,-0.82,-3.03,-1.75,-1.81,-1.63,-0.22,1.83,-0.02,1.53,0.2,0.9,1.81,1.32,-0.8,1.35,0.79,3.17,0.01,3.08,1.63,0.47
1989-03-31,1.19,3.67,4.54,3.6,5.52,1.12,2.78,1.98,-0.66,1.22,-4.4,3.01,0.0,4.92,1.57,4.46,3.69,1.96,2.08,3.61,3.6,4.09,2.61,3.56,2.41,2.32,2.1,2.38,3.21,3.57,3.32,2.91
1989-04-30,4.67,5.36,5.23,3.1,5.53,5.42,5.7,3.71,4.81,2.68,5.68,4.77,4.68,5.48,7.55,7.81,5.06,3.42,4.97,5.99,4.13,2.79,3.71,3.56,3.27,3.5,4.86,2.36,5.51,5.62,4.36,2.69
1989-05-31,4.88,5.5,4.07,3.38,2.92,4.67,5.44,5.79,1.27,3.19,0.24,3.98,4.52,4.22,7.14,4.27,5.8,2.21,3.74,3.78,2.05,2.79,4.56,4.52,4.27,2.23,3.59,3.84,5.5,4.5,3.67,4.01
1989-06-30,-2.12,0.51,-0.08,-1.23,1.21,0.79,-1.28,-0.47,-0.45,0.33,0.0,1.27,-1.71,0.05,-2.38,-0.96,-1.93,-1.37,0.38,-2.72,-4.44,0.11,-2.18,-2.16,-4.6,1.24,-0.71,-0.25,-3.28,0.16,-1.91,0.19
1989-07-31,9.22,9.25,10.2,12.79,7.16,5.52,7.49,7.15,10.33,7.25,7.61,5.37,7.94,10.76,6.85,9.31,5.42,4.88,2.6,5.1,3.78,2.85,5.01,3.28,3.7,3.66,3.8,5.49,5.43,2.41,3.58,10.49
1989-08-31,2.4,0.43,1.62,1.65,2.54,1.18,1.86,3.62,1.55,2.69,0.86,0.94,4.7,1.33,2.32,1.99,2.47,6.0,3.71,2.42,4.4,1.26,0.8,1.44,2.46,0.82,3.0,0.07,2.06,1.78,2.91,2.69
1989-09-30,-0.36,-1.05,1.02,3.81,1.66,-0.64,-0.65,-0.85,-2.12,-0.3,-2.88,1.4,-0.98,-0.28,0.85,-1.45,1.32,1.77,0.73,2.03,0.09,0.2,0.13,0.34,-1.33,-1.35,-0.25,-2.21,1.05,-0.91,1.66,1.39
1989-10-31,-1.45,-3.42,-2.16,-3.72,-2.78,-2.35,-0.28,-2.33,-4.01,0.14,-4.68,1.47,-2.67,-4.46,-3.83,-2.05,-5.24,-6.68,-3.72,-7.24,-5.53,-3.78,-5.76,-8.23,-7.7,-4.9,-4.68,-6.07,-6.19,-5.66,-4.2,-9.76
1989-11-30,-0.16,1.18,1.11,0.71,1.23,2.77,2.11,4.32,5.25,1.79,1.69,3.45,0.24,2.74,1.56,2.55,0.37,0.92,0.04,2.62,1.24,-1.05,-0.27,0.4,1.56,1.04,1.98,1.57,0.38,2.03,0.33,-0.17
1989-12-31,-0.14,1.1,1.3,2.81,-0.36,1.99,0.88,2.89,2.89,2.09,1.04,5.15,0.21,2.61,3.97,5.52,0.1,-0.36,-0.13,-0.75,-0.23,1.22,-1.32,-2.28,-0.6,-0.01,1.09,-0.06,1.04,0.74,1.17,-3.42
1990-01-31,-5.71,-6.59,-8.43,-9.43,-11.68,-5.33,-7.82,-4.85,-6.01,-6.99,-5.03,-6.56,-5.88,-9.14,-8.64,-7.3,-10.59,-8.2,-8.55,-9.53,-9.89,-6.91,-5.05,-6.85,-7.08,-7.66,-8.43,-6.02,-11.05,-5.67,-6.54,-9.57
1990-02-28,1.84,0.59,1.38,1.53,1.84,0.87,1.98,3.26,1.87,1.98,1.82,2.12,2.43,0.29,0.01,0.03,4.19,-0.61,2.19,4.74,1.81,3.0,4.34,2.37,5.51,2.0,2.77,0.99,5.06,0.67,2.45,1.89
1990-03-31,4.97,1.84,3.32,3.0,-1.99,-1.53,1.38,2.2,2.99,3.33,2.61,0.28,1.71,3.2,2.46,4.22,5.31,2.95,3.63,2.34,1.09,5.77,1.12,2.84,5.1,3.15,3.4,1.74,5.77,3.3,3.8,6.18
1990-04-30,0.82,-0.8,-2.12,-2.79,-4.48,-5.87,-4.0,-4.98,-3.81,-2.45,-0.91,-3.11,-2.53,-3.53,-2.07,-4.04,-3.98,-2.71,-1.69,-2.03,-1.92,-2.91,-1.4,-5.06,-5.03,-2.31,-3.17,-6.09,-4.26,-3.31,-1.2,-3.97
1990-05-31,8.82,10.4,10.95,10.15,10.61,5.81,10.15,9.24,9.11,10.46,9.66,6.47,11.21,8.51,9.68,9.42,8.66,4.05,6.51,10.24,3.94,8.27,9.2,4.81,9.35,4.58,6.97,7.05,10.29,5.21,6.37,7.35
1990-06-30,3.3,-0.11,1.17,-3.83,-1.92,0.15,-1.31,0.25,-3.2,1.82,-0.38,-1.12,-0.76,-2.81,-2.04,-1.63,-0.73,0.08,-0.64,1.29,1.88,-0.73,0.46,2.2,-0.02,0.52,1.87,1.02,1.79,3.14,0.18,0.99
1990-07-31,-3.73,-1.57,-0.57,-1.45,-4.74,-0.66,-1.41,1.92,-2.88,-1.81,2.41,2.08,-2.78,-2.31,0.43,1.83,-5.35,-3.37,-2.85,1.98,-6.56,-6.09,-4.76,-5.47,-5.45,-1.44,-3.98,-2.35,-4.65,-2.16,-2.48,-2.16
1990-08-31,-8.9,-10.17,-8.49,-8.04,-12.86,-9.99,-7.73,-7.11,-13.4,-8.42,-8.19,-6.4,-8.54,-7.47,-12.05,-8.18,-16.24,-13.1,-10.83,-12.87,-17.58,-12.36,-15.23,-12.92,-12.27,-9.66,-11.85,-12.5,-13.89,-9.4,-10.92,-10.85
1990-09-30,-7.01,-3.7,-5.73,-4.19,-8.2,-8.09,-5.59,-5.77,-10.5,-3.23,-4.59,0.7,-9.01,-0.02,-8.0,-1.92,-11.47,-9.89,-9.04,-8.47,-12.18,-11.07,-10.68,-9.99,-7.24,-6.78,-5.81,-6.74,-11.05,-5.63,-6.8,-5.7
1990-10-31,0.16,2.41,1.59,-1.88,-5.36,-0.19,-0.33,-2.65,-7.86,0.13,1.13,1.21,-2.47,0.81,-2.75,-2.51,-7.51,-4.0,-3.08,-5.42,-6.51,-9.23,-10.05,-8.26,-6.75,-7.48,-5.47,-10.27,-4.82,-2.75,-5.81,-4.34
1990-11-30,8.98,4.83,6.14,7.89,14.0,7.06,3.37,6.53,15.17,4.96,7.77,2.89,9.72,5.81,7.65,4.18,11.23,4.16,6.77,1.44,7.18,7.19,3.41,3.72,7.82,4.69,6.82,6.65,9.58,5.59,6.86,5.82
1990-12-31,4.17,4.15,4.19,6.0,5.28,2.48,0.29,1.5,4.98,2.98,3.18,1.33,5.26,-0.51,3.77,1.54,5.15,6.44,4.75,2.49,-0.91,0.43,-2.6,1.73,2.55,2.79,4.41,2.36,5.77,3.96,3.27,3.23
1991-01-31,8.88,7.58,2.97,3.42,7.99,5.54,2.86,1.01,11.24,1.64,4.3,-0.38,8.13,4.55,5.96,1.26,10.98,8.62,6.55,5.74,6.83,15.73,7.43,9.94,7.13,5.63,6.92,5.48,12.64,6.47,7.46,7.84
1991-02-28,9.16,9.63,7.53,6.3,7.57,6.73,6.53,7.49,9.06,3.87,7.46,5.42,6.97,5.73,7.12,6.19,11.53,11.68,10.72,12.09,13.67,12.79,14.64,15.8,12.68,10.46,6.73,11.93,10.38,9.89,8.28,7.32
1991-03-31,3.72,4.11,6.33,1.49,1.84,3.49,4.89,0.5,5.27,1.04,3.55,2.09,4.59,-1.95,2.33,2.96,8.49,4.78,3.69,5.79,10.18,11.77,4.81,9.22,8.28,2.92,3.6,4.94,6.38,5.86,7.18,6.22
1991-04-30,-1.04,1.55,-0.15,3.12,0.04,-0.44,1.24,0.38,0.34,0.95,-0.4,1.48,0.51,-3.2,2.31,0.9,-0.22,2.78,2.7,3.09,-2.21,-2.42,1.01,-1.21,1.74,1.27,0.29,0.09,0.52,1.93,0.0,-0.95
1991-05-31,3.66,4.21,5.24,4.92,3.09,3.19,4.15,1.16,7.48,1.71,4.3,0.81,8.39,3.09,7.78,-0.3,5.11,5.66,4.18,5.56,3.17,3.29,2.33,2.53,5.25,3.86,2.87,4.78,4.41,3.88,4.22,3.77
1991-06-30,-4.28,-3.86,-4.83,-2.9,-7.11,-5.19,-5.34,-5.12,-6.8,-3.91,-4.25,-1.55,-5.51,-4.98,-4.78,-4.09,-3.75,-3.73,-0.95,-4.05,-9.75,-3.28,-2.91,-7.4,-5.07,-3.93,-3.55,-5.04,-6.47,-3.85,-3.24,-4.71
1991-07-31,7.74,3.48,5.44,2.77,6.35,2.98,3.75,4.24,3.49,3.79,4.12,5.21,2.59,3.73,4.38,5.79,5.77,2.53,3.42,3.23,4.37,2.74,-0.96,2.37,5.04,1.99,2.96,9.41,3.6,2.37,1.84,3.93
1991-08-31,3.89,2.89,4.82,4.76,2.65,3.84,1.4,1.77,2.38,0.65,0.11,0.3,4.14,1.88,1.37,2.92,3.85,3.73,3.66,4.67,5.81,4.0,0.57,5.76,4.99,4.57,3.43,3.41,3.21,1.97,2.98,0.57
1991-09-30,-2.02,-2.09,-2.44,-1.54,0.8,1.74,-1.14,0.6,-0.58,0.17,-1.28,-0.95,-4.23,0.57,-1.73,-2.02,-0.04,-0.66,-0.14,1.62,5.83,-0.15,-1.79,0.52,1.42,0.74,-0.22,-3.43,0.53,1.17,0.92,1.48
1991-10-31,2.17,0.21,0.32,2.98,5.93,3.67,2.09,1.41,1.75,0.98,2.55,0.98,-0.04,2.41,0.48,2.04,2.13,0.03,0.7,2.52,9.55,2.44,2.6,3.29,1.23,1.04,3.61,6.14,2.29,1.99,3.06,3.76
1991-11-30,-0.7,-4.04,-3.21,-2.19,-4.93,-4.56,-2.77,-0.84,-5.1,-4.57,-5.87,-3.71,-3.86,-5.16,-5.64,-6.21,-4.85,-5.72,-2.87,-5.83,-9.22,-4.94,-5.76,-3.04,-4.89,-5.71,-5.42,-5.9,-3.56,-2.6,-3.81,-3.78
1991-12-31,15.94,8.71,13.34,11.81,15.74,8.73,7.06,8.11,12.73,6.96,16.29,6.96,15.55,8.81,7.98,10.7,10.76,6.63,8.64,8.33,11.11,4.57,0.4,8.94,6.38,11.35,6.16,5.9,9.42,6.83,6.97,6.82
1992-01-31,-3.16,2.34,-3.14,1.44,-3.29,-0.04,-2.13,-0.21,-0.82,-2.31,-0.01,0.57,2.17,-5.6,1.33,-0.87,7.27,9.41,7.9,16.77,7.15,13.0,7.97,15.43,4.85,6.75,6.98,13.44,7.98,5.62,6.37,10.27
1992-02-29,0.3,0.37,0.23,4.19,-3.82,2.76,2.22,2.05,2.09,1.79,4.88,4.14,2.23,0.36,-0.24,-0.22,3.89,2.06,4.44,3.76,-1.93,4.19,4.59,3.83,0.64,3.19,3.17,6.84,1.76,4.52,2.02,4.28
1992-03-31,-2.3,-6.37,-1.35,-2.49,-4.04,-0.88,-1.29,-0.93,-3.32,-2.21,-0.51,-1.61,-4.32,-0.68,-1.92,-2.07,-5.37,-2.05,-0.13,-1.07,-6.73,-3.16,-3.86,-4.68,-5.54,-0.27,-2.39,1.1,-4.02,1.74,-1.59,-3.04
1992-04-30,-0.08,0.51,0.56,0.56,-5.58,4.36,0.5,3.52,0.79,6.43,1.76,3.53,1.51,5.51,4.19,6.09,-4.3,1.4,-0.7,0.93,-9.91,-5.71,-6.0,-5.81,-5.14,-0.94,-4.01,-0.86,-3.67,-1.32,-1.2,-3.78
1992-05-31,1.4,2.4,1.07,-0.46,1.96,0.9,0.89,0.5,0.37,0.69,-0.53,2.1,-0.37,0.83,-0.11,-0.26,-1.84,0.92,0.69,1.71,2.46,5.06,-0.78,-1.8,0.79,3.4,1.6,3.18,1.63,0.42,0.26,2.51
1992-06-30,-3.22,-1.18,-2.52,-0.29,-1.48,-1.1,-1.51,-1.22,-6.28,0.96,-0.06,-0.22,-1.12,-0.75,-1.72,-2.42,-6.03,-5.26,-2.13,-3.9,-6.83,-5.04,-5.1,-5.21,-4.12,-3.16,-3.69,-4.16,-5.68,-1.8,-1.76,-4.46
1992-07-31,3.52,4.17,6.13,4.31,6.41,2.01,3.96,3.98,4.91,5.45,2.58,3.27,4.85,6.19,2.49,4.22,2.35,3.9,3.64,4.68,1.45,2.99,0.53,2.53,3.94,0.24,5.05,4.56,3.73,3.91,3.78,2.26
1992-08-31,-2.01,-1.13,0.36,-1.49,-3.85,-6.18,-1.66,-4.0,-1.94,-1.19,-5.65,-0.66,-2.11,-0.77,-1.93,-2.76,-1.88,-1.34,-2.0,-3.45,-7.84,-4.62,-4.68,-7.03,-2.62,-3.09,-2.12,-5.01,-2.15,-3.33,-1.07,-3.94
1992-09-30,0.9,1.94,-0.9,3.65,4.15,-0.63,3.6,1.2,6.47,0.84,-1.51,0.68,3.35,1.92,2.54,-0.55,2.87,2.29,1.97,2.32,-0.06,2.25,0.82,0.27,-0.97,-1.04,2.12,-0.27,2.83,3.12,2.48,1.76
1992-10-31,3.4,-1.25,3.57,2.13,3.41,-0.93,-0.37,2.47,2.65,-0.52,-4.17,-1.06,2.21,-1.56,1.49,1.91,4.23,2.98,4.36,5.17,2.59,1.62,1.35,1.29,5.85,1.62,1.31,6.74,3.13,1.51,2.4,4.15
1992-11-30,5.88,3.07,2.62,3.8,5.38,5.7,3.74,3.36,4.52,0.96,4.19,0.72,5.83,1.36,5.95,2.97,8.92,6.57,6.91,8.93,12.07,8.25,7.63,9.54,8.3,6.88,6.22,5.61,8.7,6.3,5.95,5.95
1992-12-31,0.77,0.62,0.67,1.79,3.33,1.07,5.4,3.3,1.44,4.3,-5.16,1.66,1.98,3.77,1.87,2.11,2.87,4.29,5.31,6.48,-0.15,4.28,1.73,4.95,2.44,2.82,3.63,4.78,2.97,5.29,3.69,1.8
1993-01-31,0.21,-0.43,-2.95,0.8,0.27,6.55,1.69,5.38,1.72,0.66,0.04,2.53,2.12,0.4,-1.1,1.9,3.23,3.41,3.89,6.24,-1.34,6.88,2.05,4.77,1.65,3.91,3.57,5.52,3.34,4.32,3.72,6.52
1993-02-28,-3.35,-0.53,0.23,1.81,-0.83,1.15,4.13,2.78,-1.98,3.47,0.27,5.22,0.1,5.04,-0.33,2.14,-5.06,1.37,-0.2,0.55,-10.03,-1.37,-1.45,-4.07,-5.66,0.41,2.2,-2.64,-2.95,0.57,0.86,-2.92
1993-03-31,0.89,0.92,2.29,2.56,3.19,2.93,5.9,4.04,3.41,1.47,2.46,3.28,2.51,2.36,3.4,3.29,3.65,4.25,0.99,4.26,1.96,1.81,5.41,1.78,-1.73,4.93,1.71,0.87,2.56,5.37,3.42,3.07
1993-04-30,-5.41,-7.93,-4.27,-2.21,-1.66,3.36,-2.25,0.14,-3.93,1.23,-0.23,-1.79,-6.09,-2.53,-2.25,1.07,-2.94,-4.48,-4.21,-4.08,-1.46,-2.88,-1.79,-1.64,-2.77,-2.3,-2.76,-2.81,-3.0,-4.14,-2.52,-1.0
1993-05-31,5.0,2.16,2.1,3.79,4.05,0.86,2.48,3.87,2.69,1.15,5.56,2.25,4.67,0.68,3.19,-0.01,7.0,3.3,2.32,0.59,6.82,6.35,6.08,8.57,4.32,5.01,2.48,4.15,6.36,3.62,2.07,1.63
1993-06-30,-2.5,-0.68,1.24,3.3,0.24,2.39,4.58,0.61,-1.72,0.09,-0.52,0.36,0.09,3.09,0.7,0.27,0.14,0.16,3.05,3.85,-0.69,2.56,0.57,1.69,0.17,1.16,1.03,2.9,0.44,1.9,0.45,0.35
1993-07-31,-4.69,-0.08,-1.81,-0.15,2.75,1.77,0.47,2.38,-1.51,2.64,1.79,1.0,-2.34,2.08,-0.43,-0.26,-0.27,2.8,-0.4,0.03,-1.33,3.84,0.59,0.54,1.32,-0.61,1.5,0.32,0.34,1.0,2.53,4.07
1993-08-31,2.4,3.25,2.94,3.73,5.91,5.81,5.0,5.45,3.68,3.4,3.04,2.95,3.38,4.91,4.87,4.18,3.16,5.04,2.78,5.44,5.59,2.5,2.62,3.65,5.57,2.87,4.96,5.67,3.72,4.16,4.34,4.04
1993-09-30,0.37,-0.4,-2.21,1.48,0.88,-1.39,-2.87,0.81,-0.13,0.19,-0.67,1.02,-0.95,-0.76,0.86,-0.83,3.67,0.41,2.77,3.33,3.48,2.5,2.04,3.62,3.71,1.8,1.86,0.47,2.6,3.6,1.06,6.13
1993-10-31,2.01,5.07,2.19,0.42,-0.87,-1.38,-2.14,3.51,1.72,0.9,-0.54,-0.46,2.19,1.48,1.08,4.32,3.02,1.43,4.39,5.04,6.32,6.49,4.07,4.82,1.56,-0.92,2.97,3.99,1.48,1.33,1.08,1.2
1993-11-30,1.47,-0.17,-0.82,-0.03,-3.91,-3.86,-2.38,-3.39,0.08,-0.79,-1.94,-4.41,0.67,-2.02,-1.7,-1.51,-2.12,-1.54,-2.79,-4.54,-5.35,-3.65,-3.43,-2.91,-3.42,-2.38,-3.25,-2.73,-1.32,-2.02,-2.78,-2.9
1993-12-31,1.02,1.63,1.43,1.76,1.62,1.67,3.59,0.34,3.61,1.93,2.79,1.57,1.27,1.55,1.49,3.07,4.27,4.35,4.24,3.99,-0.26,1.35,1.03,0.22,4.07,3.51,3.59,2.8,4.41,4.19,4.13,3.23
1994-01-31,3.29,2.22,1.75,3.02,4.6,2.29,3.71,5.98,1.0,2.94,3.46,4.17,3.41,2.78,3.73,4.12,3.05,1.47,2.07,2.06,2.2,3.17,4.57,8.33,3.86,4.47,1.52,5.11,3.09,0.12,1.42,5.72
1994-02-28,-3.31,-2.64,-2.61,-2.08,-3.87,-4.15,-3.05,-5.45,1.21,-3.66,-3.16,-2.65,0.54,-2.79,-2.65,-3.76,0.29,0.98,0.97,-0.33,-4.9,0.07,-3.35,-2.08,2.53,-1.34,-0.48,-0.63,0.76,1.68,-1.15,2.98
1994-03-31,-4.88,-4.86,-3.7,-3.26,-4.06,-4.86,-3.8,-4.78,-5.63,-3.6,-5.72,-3.34,-5.29,-3.36,-2.82,-5.23,-6.57,-4.68,-3.16,-3.62,-9.88,-4.42,-5.61,-5.88,-5.57,-3.96,-3.95,-5.5,-6.07,-4.81,-4.71,-2.02
1994-04-30,1.7,1.44,2.94,1.5,0.81,0.51,1.81,-0.19,0.17,1.81,0.6,2.6,-1.42,1.85,-1.25,3.02,-0.31,1.1,0.53,0.37,-2.7,0.94,-1.78,-1.96,0.74,1.33,0.23,0.15,-0.44,1.67,1.5,4.72
1994-05-31,2.12,0.6,2.46,3.88,1.61,-0.92,-0.05,1.51,-0.77,-1.29,-2.6,0.59,1.85,0.28,3.95,1.56,-1.65,-0.94,-0.84,-0.95,-1.77,0.45,-1.13,-1.83,-2.71,-1.44,-2.5,0.16,-1.73,-1.26,-0.62,-1.46
1994-06-30,-4.32,-1.05,-2.32,-2.92,-3.01,-1.63,-2.64,-2.88,-2.81,-0.95,-3.34,-3.25,-2.78,-1.79,-3.49,-0.9,-4.09,-0.82,-1.04,-2.21,-5.7,-4.92,-5.74,-5.21,-4.92,-0.69,-2.25,-2.32,-5.48,-0.99,-1.05,-1.92
1994-07-31,2.51,3.32,1.39,1.96,3.82,4.29,4.78,4.84,2.54,3.95,3.05,4.78,4.5,3.17,3.4,2.88,1.72,2.4,3.33,2.57,1.27,1.71,0.54,0.59,1.6,-0.13,2.11,3.54,0.14,1.1,2.71,2.32
1994-08-31,8.94,3.61,3.83,3.4,4.51,3.25,2.19,5.62,7.55,3.76,1.92,3.69,3.29,1.9,5.87,4.95,8.03,5.59,4.02,6.17,4.85,3.91,7.06,6.14,6.51,3.93,5.39,6.94,8.71,4.16,3.47,3.23
1994-09-30,-3.02,-1.64,-0.19,-3.05,-3.63,-2.06,-2.29,0.5,-4.08,-2.65,-2.18,-1.74,-2.74,-3.23,-2.1,-3.06,-0.45,0.37,0.06,1.86,-2.76,-0.96,0.42,0.39,2.27,-0.02,1.18,1.31,0.39,-1.8,-0.28,2.1
1994-10-31,2.17,1.49,3.82,-0.3,3.56,0.23,1.81,0.03,4.33,1.56,1.73,4.15,1.85,2.55,0.54,2.85,0.14,0.37,-0.23,-1.52,-3.02,-1.03,-1.04,-0.35,0.55,-0.62,3.32,-1.92,2.0,-1.06,-0.77,2.82
1994-11-30,-3.44,-4.1,-0.21,-4.68,-3.92,-3.84,-2.95,-6.06,-3.48,-2.36,-2.39,-3.82,-3.72,-4.1,-3.17,-4.46,-3.47,-3.82,-4.36,-3.25,-5.98,-4.79,-2.93,-3.32,-2.74,-1.92,-3.05,-1.64,-3.08,-3.45,-2.93,-1.62
1994-12-31,-0.62,1.09,1.82,2.51,3.65,1.93,1.62,0.58,-0.81,1.68,1.45,1.14,1.87,1.87,1.85,-0.3,1.55,3.57,2.15,2.7,-3.33,0.28,-0.87,-0.83,3.62,1.68,1.43,0.49,0.86,2.44,2.17,3.07
1995-01-31,1.99,3.64,2.45,2.07,2.4,-0.89,5.21,0.3,1.28,2.39,3.19,1.08,3.94,2.79,3.1,2.24,0.77,0.68,-0.3,-3.18,-0.1,0.77,-1.03,-0.53,-1.44,1.34,-2.55,-1.18,-1.94,-2.12,0.06,-0.48
1995-02-28,5.19,2.1,4.02,4.75,2.07,4.72,1.84,6.05,6.01,4.04,2.79,4.91,4.79,5.09,3.84,4.25,3.78,3.45,3.97,3.61,2.61,3.39,3.2,2.0,4.63,3.62,3.68,4.83,4.8,3.02,5.02,3.31
1995-03-31,4.41,2.4,2.08,2.49,1.14,2.29,1.75,4.06,2.62,2.29,1.61,4.61,1.92,1.88,3.28,5.4,2.31,2.39,0.64,3.57,3.14,3.64,4.06,0.26,4.57,1.24,0.6,3.29,3.48,1.94,0.38,0.69
1995-04-30,4.44,3.05,4.66,3.78,0.64,3.18,0.89,0.88,3.5,1.8,0.97,4.24,0.89,2.75,2.57,1.38,1.9,2.16,2.53,2.42,1.67,2.83,2.61,1.21,3.28,4.12,1.17,3.6,0.24,4.27,3.37,4.05
1995-05-31,4.63,2.59,4.38,4.47,2.69,2.45,3.63,3.3,3.7,3.38,5.19,3.54,4.8,3.44,3.07,3.65,2.12,3.09,2.02,0.83,2.12,1.94,0.5,3.04,-1.36,0.61,1.29,3.01,1.17,1.43,1.61,2.17
1995-06-30,7.5,2.72,2.24,1.6,4.1,1.7,1.67,1.47,7.5,1.61,1.24,0.89,3.53,0.22,2.06,-0.72,6.35,3.3,4.29,5.05,7.91,5.52,7.55,7.97,6.65,3.73,4.26,7.41,7.33,2.92,3.94,3.04
1995-07-31,4.54,1.81,3.71,1.72,8.38,2.66,3.96,2.09,7.21,2.39,4.05,3.67,4.82,3.73,3.42,6.07,8.88,5.53,4.09,6.83,6.35,4.61,4.8,6.2,6.15,4.94,5.25,5.35,8.15,2.96,4.88,5.06
1995-08-31,1.88,0.45,1.51,1.69,1.24,2.05,3.47,1.61,-0.16,-0.86,0.25,1.18,-0.51,1.3,-0.11,-0.06,1.39,3.39,2.8,3.69,0.75,6.1,3.94,6.75,2.45,1.37,1.71,4.28,1.68,3.51,1.95,2.27
1995-09-30,6.43,6.11,4.82,4.91,2.5,1.99,4.08,2.26,3.45,4.11,3.27,5.0,1.92,3.23,4.15,2.58,1.29,2.67,1.32,2.0,2.56,1.46,3.97,2.74,2.68,2.09,0.9,3.15,1.16,2.33,2.16,2.17
1995-10-31,1.82,2.42,-0.9,0.71,-1.33,-1.57,-1.7,-3.18,-1.72,0.54,-4.54,-2.02,-1.7,0.16,-0.99,-1.29,-4.81,-2.47,-4.02,-3.45,-6.76,-6.99,-4.85,-6.88,-7.23,-5.45,-4.66,-4.13,-5.63,-1.81,-3.67,-3.87
1995-11-30,1.72,5.45,4.64,5.44,3.83,7.06,6.37,5.01,3.13,3.65,6.52,4.84,0.74,4.79,8.28,4.51,3.75,3.48,4.36,2.32,4.77,2.72,1.82,4.66,4.99,2.9,3.2,2.47,3.5,2.83,2.59,2.85
1995-12-31,-2.09,2.57,0.98,3.6,0.66,1.44,2.34,2.6,0.14,3.08,1.33,2.96,-1.12,3.52,1.5,3.78,1.09,0.5,1.37,3.66,3.59,3.8,5.42,5.23,1.66,3.98,2.73,2.27,-0.67,1.51,1.14,1.68
1996-01-31,4.01,3.0,4.96,3.15,-0.26,2.32,2.23,3.8,3.02,2.43,2.85,2.33,1.11,0.76,3.4,7.42,-0.66,2.51,-0.96,0.02,-0.63,3.42,0.89,3.74,0.03,2.38,0.2,1.06,-2.03,-0.32,-0.85,0.1
1996-02-29,1.32,0.76,3.32,-0.44,2.23,0.65,3.05,0.88,3.63,0.28,1.1,2.43,3.22,-0.6,0.39,2.79,4.7,2.1,2.91,2.27,4.6,4.43,-0.29,2.36,6.12,3.21,2.98,2.92,3.7,2.23,2.64,4.24
1996-03-31,-0.99,0.13,1.71,0.83,1.15,1.18,-1.0,1.0,-0.72,3.05,4.06,0.63,2.45,2.73,0.89,0.15,3.66,3.4,4.66,0.89,-0.52,-1.5,4.09,1.39,4.09,2.32,2.18,1.87,3.73,2.52,1.6,1.78
1996-04-30,4.69,1.39,0.21,2.9,3.78,-0.14,-0.61,2.14,4.97,1.03,1.67,1.3,3.57,0.27,-0.13,-0.72,8.31,3.56,3.7,3.68,8.58,1.6,5.98,10.04,9.57,3.8,6.15,4.08,7.52,3.28,3.1,3.19
1996-05-31,3.34,3.08,4.97,0.08,1.57,1.53,1.06,0.42,1.61,1.0,1.58,2.4,3.41,1.4,2.89,2.64,4.17,4.36,2.42,4.91,8.2,5.36,8.36,8.67,5.02,4.7,4.54,7.89,5.32,2.91,3.8,7.03
1996-06-30,0.16,2.55,0.59,1.53,-5.07,0.99,0.56,-0.61,-3.24,-0.07,-0.47,0.24,-1.52,1.45,-1.15,0.4,-2.83,-0.79,-2.27,-0.18,-8.62,-4.57,-6.37,-9.52,-6.07,-3.48,-4.18,2.16,-3.87,-1.46,-2.66,1.25
1996-07-31,-3.37,-3.94,-5.15,-2.77,-8.95,-4.95,-5.94,-7.15,-6.72,-5.27,-3.74,-5.09,-5.85,-2.69,-4.41,-5.06,-10.01,-5.73,-5.05,-5.83,-15.9,-8.7,-9.82,-11.38,-10.67,-5.4,-4.64,-7.07,-10.16,-3.87,-6.06,-7.04
1996-08-31,3.95,-0.63,2.25,0.96,3.25,3.05,4.19,5.31,5.46,2.32,2.07,2.6,4.61,3.69,2.79,3.55,5.72,6.25,5.08,3.25,6.37,4.25,4.8,4.18,7.93,4.55,4.17,4.72,6.7,4.71,5.29,6.71
1996-09-30,13.11,4.32,4.52,3.83,4.07,3.45,3.81,3.97,7.6,2.57,5.49,3.12,6.3,5.89,7.1,5.59,4.17,2.58,3.86,4.83,3.96,3.38,3.33,2.9,4.34,2.4,2.02,2.15,5.06,3.27,3.22,6.28
1996-10-31,2.67,2.92,0.5,2.18,-1.31,1.13,4.73,4.52,-3.38,4.2,2.69,5.24,-0.04,4.77,2.98,2.62,-2.48,0.99,0.77,2.44,-7.09,-1.19,-3.28,-2.56,-5.15,-0.35,2.21,0.82,-1.64,-0.73,0.87,3.66
1996-11-30,10.42,6.78,8.17,7.46,4.54,5.33,6.23,6.71,5.45,5.4,7.58,3.74,10.04,8.76,6.74,5.8,4.75,3.78,2.99,3.87,-0.03,1.19,3.42,1.5,3.3,4.0,3.89,4.72,4.68,5.36,5.43,2.55
1996-12-31,-3.95,0.43,-1.49,-1.32,-1.58,0.57,-1.67,0.7,-2.43,0.18,-1.3,0.14,-1.89,-2.58,-2.86,-1.72,3.53,0.04,2.72,1.83,-0.75,1.2,2.71,2.06,0.29,3.01,1.03,2.65,2.22,2.5,2.4,4.63
1997-01-31,8.52,9.15,4.58,5.5,3.16,2.54,4.21,4.9,3.23,3.35,4.1,3.91,9.02,6.98,4.07,5.78,4.76,1.84,2.76,3.48,2.61,4.81,2.97,5.93,4.55,3.16,6.02,3.64,1.98,2.61,1.88,3.64
1997-02-28,-4.1,3.96,1.83,0.94,-0.91,0.1,0.91,-1.93,-0.77,-0.08,2.16,-0.78,-0.85,1.83,1.07,-0.19,-3.61,0.05,-2.44,-0.36,-6.76,-0.99,-1.41,-1.7,-3.26,1.27,-2.65,-0.71,-4.28,-0.25,0.96,3.29
1997-03-31,-4.45,-7.07,-5.41,-5.42,-6.01,-3.38,-3.47,-1.56,-5.41,0.34,-5.57,0.6,-4.79,-5.93,-3.21,-2.3,-5.97,-1.93,-2.52,-3.86,-10.57,-3.85,-4.22,-7.59,-5.46,-3.19,-4.49,-0.32,-4.44,-2.81,-2.37,-3.49
1997-04-30,7.93,7.3,7.41,5.08,1.11,-2.13,4.89,3.31,4.11,2.96,6.67,-0.32,7.13,5.56,8.0,3.41,-0.87,-0.65,2.57,-0.65,-5.84,-2.24,-0.31,-4.92,-1.33,0.99,0.27,-1.41,-0.19,1.34,0.45,2.68
1997-05-31,7.3,7.71,5.42,4.3,9.75,6.82,7.73,5.08,9.4,6.39,4.82,4.72,7.39,4.21,5.73,7.24,13.69,9.42,11.5,9.69,15.03,10.38,10.11,11.59,13.2,8.64,10.36,10.71,13.03,7.46,9.04,9.21
1997-06-30,0.58,3.15,4.82,5.14,3.6,3.78,5.04,4.74,2.63,3.34,2.49,2.82,5.06,8.63,4.96,4.84,5.5,6.26,6.27,4.49,3.7,6.58,3.88,2.83,5.86,6.94,5.45,6.98,4.11,4.59,6.51,5.02
1997-07-31,15.04,3.84,6.81,6.07,6.95,5.95,8.81,10.02,14.55,5.42,8.56,7.11,10.36,7.22,9.21,7.38,5.74,7.49,5.28,4.37,3.51,7.26,4.93,5.08,6.45,6.99,5.3,2.9,6.47,4.12,5.81,4.03
1997-08-31,-3.7,-6.52,-5.28,-4.49,-3.51,-1.87,-4.21,0.73,-2.02,-3.13,-4.26,-2.58,-2.7,-5.67,-6.97,-5.53,4.55,2.95,3.69,4.22,3.79,3.03,2.05,5.05,3.21,2.4,4.38,2.68,3.42,2.73,2.72,2.94
1997-09-30,1.05,5.28,5.25,5.43,8.04,6.45,6.28,5.98,8.07,4.42,4.32,4.03,6.63,6.02,6.33,7.34,7.95,5.82,6.66,6.9,9.71,6.01,7.12,8.73,10.68,7.07,10.09,6.99,9.01,6.55,7.98,7.2
1997-10-31,-5.69,-2.21,0.06,-2.65,-3.32,-4.9,-3.91,-6.47,-3.21,-3.14,-3.38,-3.09,-5.35,-4.88,-3.72,-1.28,-6.47,-1.3,-2.85,-4.17,-6.46,-1.73,-7.16,-3.04,-6.26,-3.64,-3.21,-1.6,-4.94,-1.5,-1.87,-0.15
1997-11-30,2.85,7.67,3.33,7.38,-0.17,0.8,2.54,0.55,1.98,2.58,5.94,4.09,4.79,3.53,6.3,1.48,-2.21,0.76,-1.27,-0.06,-5.2,-2.24,-1.22,-2.85,-3.0,0.42,0.95,0.93,-2.66,1.13,1.24,1.69
1997-12-31,-4.33,3.0,2.69,0.59,1.93,2.06,3.87,-0.24,2.48,1.79,3.25,7.17,1.64,3.43,1.76,5.2,-0.34,2.16,2.58,0.35,-3.24,-2.38,-1.49,-3.99,-0.06,1.92,1.94,-0.43,0.33,3.62,3.7,3.46
1998-01-31,7.07,1.15,2.51,-1.12,0.7,-1.61,0.1,3.11,-2.76,-2.34,0.18,-2.16,0.87,-0.41,1.13,-0.43,-1.02,0.77,-0.54,0.3,-0.93,-1.02,0.76,0.66,-0.85,-1.95,-1.11,-0.17,-2.84,-2.39,-1.67,-0.05
1998-02-28,10.06,4.67,9.03,4.6,8.49,6.27,8.62,8.2,8.43,6.64,9.69,4.83,11.84,7.08,7.31,5.17,8.66,7.75,7.1,6.79,8.72,7.26,8.8,5.87,7.76,7.09,6.5,5.69,8.8,6.57,6.86,4.77
1998-03-31,3.29,6.39,6.88,5.14,8.52,2.94,5.74,3.54,2.57,5.47,4.52,5.31,1.02,4.96,7.28,3.48,4.76,5.19,2.84,5.26,5.93,3.73,3.6,6.35,3.44,3.4,3.5,4.6,5.9,3.97,4.27,4.31
1998-04-30,1.19,-2.41,3.84,0.27,2.73,1.2,1.83,3.55,3.51,2.35,-0.53,0.76,4.68,-1.42,2.69,1.65,0.11,-1.07,-0.13,4.71,0.6,3.92,0.45,2.24,1.68,3.29,2.07,1.6,0.84,2.99,1.97,0.73
1998-05-31,-5.86,0.5,-0.59,0.88,-3.07,-4.1,-3.86,-4.3,-1.42,-2.33,1.48,-1.25,-4.07,-3.37,-3.99,-2.36,-6.23,-3.78,-5.8,-5.87,-7.85,-4.57,-4.88,-4.86,-6.61,-0.78,-3.96,-2.37,-5.97,-3.17,-5.03,-2.97
1998-06-30,10.36,3.44,5.19,-0.19,5.87,0.01,5.43,1.5,2.26,1.19,4.6,2.36,3.91,4.12,4.99,1.87,-0.5,-0.11,1.18,0.68,2.11,0.02,-0.15,-1.08,-0.32,-0.75,-0.07,-0.95,-0.13,-0.4,-0.34,-0.35
1998-07-31,0.62,-0.04,-0.33,-1.05,-6.23,-5.33,-1.52,1.17,-0.96,-1.74,-2.2,-3.87,-0.78,-1.22,-3.04,-3.9,-7.81,-6.34,-6.34,-6.25,-9.33,-5.61,-8.3,-8.17,-8.63,-5.3,-7.03,-5.46,-8.94,-5.65,-6.91,-6.28
1998-08-31,-14.42,-14.38,-15.41,-12.89,-19.33,-9.16,-20.21,-17.57,-17.17,-10.8,-16.07,-8.34,-24.0,-19.7,-13.72,-7.81,-23.88,-13.22,-18.78,-17.16,-27.11,-21.61,-21.15,-24.14,-25.18,-11.02,-20.43,-18.13,-23.45,-13.28,-16.53,-12.13
1998-09-30,13.23,5.36,10.06,4.93,8.67,4.99,6.59,11.3,4.66,1.6,8.81,11.29,1.23,0.78,4.0,7.17,6.7,1.94,5.28,5.39,11.09,8.0,5.55,6.84,6.28,2.36,7.4,-0.07,6.96,3.25,4.28,4.58
1998-10-31,3.51,9.5,4.87,11.61,5.93,3.42,10.5,6.83,8.99,11.31,6.49,5.98,11.25,10.52,10.01,0.58,1.89,4.17,6.99,3.43,3.18,2.7,4.2,3.06,6.94,2.77,6.04,3.84,4.46,2.48,3.8,0.81
1998-11-30,9.17,5.64,8.47,6.38,6.58,4.81,6.89,8.83,5.65,5.29,5.79,4.89,7.45,4.66,4.31,5.21,6.01,5.96,6.41,5.46,10.53,7.65,5.87,11.33,6.18,3.0,7.5,6.64,5.09,4.07,6.34,6.01
1998-12-31,10.96,5.6,7.28,2.95,7.04,4.04,8.59,15.75,8.5,5.27,3.44,2.77,6.8,8.75,7.47,1.2,7.09,1.93,5.03,5.07,8.06,4.8,4.64,3.79,3.8,5.06,1.56,4.26,6.84,1.81,2.73,0.96
1999-01-31,16.44,0.72,4.5,0.69,5.95,4.23,2.92,5.12,3.91,-0.58,-0.83,-2.52,6.96,3.55,2.32,-1.9,0.71,-1.59,1.69,-1.78,10.05,6.27,2.29,8.48,-1.04,-1.66,3.24,-3.77,5.13,-3.15,-2.77,-2.36
1999-02-28,-10.38,-2.22,-3.49,-2.79,-3.0,-1.73,0.48,0.67,-4.15,-0.4,-2.34,-2.15,-6.51,-0.31,-3.67,-2.35,-10.89,-6.0,-7.3,-6.3,-9.78,-7.7,-8.02,-7.3,-10.89,-5.68,-10.33,-7.2,-9.98,-4.19,-6.14,-4.76
1999-03-31,5.95,1.07,0.2,0.6,6.02,3.52,6.21,17.68,5.75,4.13,3.28,-0.42,3.29,1.77,5.05,6.14,0.74,-0.83,-1.31,-1.88,3.63,3.44,-3.57,0.28,-1.83,-1.18,-3.93,-2.69,2.13,0.07,-2.18,-3.32
1999-04-30,0.61,1.32,5.9,5.77,10.05,4.16,1.16,2.35,2.46,2.84,6.94,9.7,0.43,6.92,3.17,11.82,10.14,7.3,8.36,10.9,13.94,10.81,6.56,10.17,8.62,5.8,8.55,7.09,13.75,6.52,7.71,8.07
1999-05-31,-4.22,-1.42,-4.35,-0.61,-2.96,3.6,1.49,-5.91,-2.99,-4.38,-0.77,6.08,-0.43,-0.43,-1.06,-2.44,1.86,4.76,4.25,2.49,-1.79,-1.83,5.07,2.48,3.63,4.27,3.57,5.44,-3.89,4.25,2.21,5.71
1999-06-30,12.79,2.86,7.14,4.4,3.41,3.91,1.51,2.34,5.79,6.47,2.9,-0.61,5.23,3.76,8.65,-0.48,3.36,6.04,9.35,1.87,3.76,6.09,15.4,8.72,5.45,4.65,8.95,5.34,8.19,4.36,4.97,5.7
1999-07-31,-5.77,-0.01,-2.78,-5.5,-5.5,-2.35,-2.01,0.63,-4.88,-1.75,-4.76,-0.77,-4.67,-2.84,-4.06,-3.22,-2.46,-1.26,1.85,2.39,-3.7,0.84,0.96,1.64,-2.52,-0.15,-3.59,0.76,-2.44,-0.63,0.06,-0.95
1999-08-31,-0.11,0.18,1.83,-2.62,-1.2,-2.98,-2.7,-0.22,-4.0,1.72,-2.12,-3.46,-0.59,-2.58,0.44,-5.17,-4.81,-1.91,-5.23,-3.73,-4.37,1.23,-2.36,-0.51,-3.89,-1.41,-2.83,-4.4,-5.15,-3.95,-3.04,-2.97
1999-09-30,-3.73,-3.68,-3.7,-6.18,-0.15,-4.57,-2.82,-4.05,-1.87,-6.31,4.29,-2.15,-1.5,-4.92,0.52,-3.57,0.35,-1.68,0.89,-3.05,-0.09,-0.03,-2.63,0.67,-0.8,-1.58,0.29,0.9,-0.79,-1.28,-1.27,1.19
1999-10-31,5.72,0.18,8.47,4.69,9.31,5.88,10.65,2.66,11.54,6.7,11.52,2.64,8.92,1.84,11.39,10.07,-1.01,-1.02,-3.48,-0.11,-0.89,1.03,1.11,2.38,0.12,-1.16,-3.58,0.06,-1.08,-1.01,-3.11,2.65
1999-11-30,2.11,-0.01,6.53,3.45,6.96,5.6,2.63,0.97,0.89,-0.02,0.78,2.59,4.99,6.93,-0.44,-5.01,8.56,4.26,3.64,0.62,15.71,7.86,10.73,15.95,10.48,1.58,4.63,6.0,5.87,3.04,7.15,3.05
1999-12-31,14.75,-0.4,2.59,-2.36,18.9,6.9,8.95,4.92,4.34,3.67,13.54,4.14,7.95,6.13,11.39,-0.83,13.3,3.68,6.93,5.11,19.51,22.29,17.05,20.19,12.08,4.25,5.31,13.46,12.52,1.24,4.99,7.94
2000-01-31,-15.35,0.68,-4.15,-3.06,-4.7,-3.09,-0.71,-5.93,-3.23,0.54,-12.88,1.68,-1.3,-1.48,-7.05,-2.53,-6.79,-6.03,-6.01,-5.18,5.86,4.56,2.18,9.93,-2.35,-4.21,-1.54,-0.06,-1.83,-2.32,-1.74,-1.69
2000-02-29,-0.59,-4.35,-0.38,-9.51,11.87,3.58,-2.72,-3.72,1.24,8.03,-4.52,-1.69,6.74,0.19,-3.97,-6.3,2.35,0.35,5.43,0.29,36.29,39.02,37.0,42.81,10.49,3.82,12.7,8.29,15.78,5.97,10.5,9.62
2000-03-31,16.08,12.76,2.1,9.71,-0.47,4.39,11.79,10.28,10.29,5.26,11.87,11.21,14.15,11.03,11.04,11.04,2.88,0.02,5.4,-0.33,-14.83,-22.36,-21.16,-15.64,0.13,1.65,2.76,4.42,-5.75,0.41,0.3,-1.66
2000-04-30,-19.14,-1.71,4.06,-1.87,-10.38,-6.02,-1.53,-1.34,-2.49,0.72,-2.07,-1.06,-4.56,0.52,0.16,-1.53,-6.0,-0.81,-0.41,4.24,-23.78,-8.04,-12.08,-15.25,-14.26,-0.29,-4.54,-1.61,-5.35,-0.85,-3.19,-7.6
2000-05-31,-7.31,-0.37,-0.58,-5.76,-9.73,-3.46,1.36,0.35,2.95,-0.67,-4.31,-1.09,-6.62,-1.87,-0.2,0.14,-3.53,2.04,-6.8,-2.42,-10.35,-6.05,-7.41,-11.6,-5.0,-0.73,-2.8,-8.85,-8.01,-1.92,-3.12,-3.79
2000-06-30,10.12,1.89,4.91,1.65,9.92,-4.87,1.51,1.29,2.87,-5.35,-1.39,-3.26,3.77,6.82,-0.14,-3.28,10.19,2.59,2.79,1.48,23.71,19.11,14.32,24.07,8.71,3.41,15.64,10.37,10.5,4.97,2.64,4.65
2000-07-31,-4.35,-0.96,-3.42,-1.65,-6.73,-5.92,1.37,-2.99,0.54,-1.47,-1.89,4.12,-2.02,7.31,0.09,9.67,4.05,3.92,2.08,-1.74,-10.33,-1.93,-4.5,-5.31,-1.23,-0.18,-1.31,-0.2,-0.33,2.96,0.6,2.08
2000-08-31,10.19,5.69,3.83,3.26,12.04,3.04,14.84,13.84,9.05,6.5,1.55,6.69,8.89,7.9,3.06,8.82,7.89,5.8,3.56,4.8,5.49,7.55,8.42,11.79,6.91,6.93,9.71,7.79,6.82,3.22,5.57,7.24
2000-09-30,-7.09,-0.38,0.39,0.98,-7.93,-5.6,-7.81,-5.04,-2.54,-2.4,5.2,-0.7,-17.53,-2.62,4.28,2.77,-4.16,-1.9,-1.98,-2.28,-14.01,-2.9,-1.82,-1.84,-0.35,0.88,0.37,0.28,-1.44,1.07,-0.05,2.84
2000-10-31,-4.47,2.09,2.62,5.12,-12.74,-5.1,-0.46,-4.47,-3.25,-1.18,-0.37,1.22,2.1,0.8,-0.5,3.03,-0.8,-0.01,-0.74,-0.5,-15.47,-5.11,-6.36,-8.19,-4.03,-0.88,-1.16,-1.36,-0.53,0.56,0.24,-0.5
2000-11-30,-17.97,0.71,-3.9,0.07,-25.93,-8.54,-19.62,-11.72,-10.35,-9.71,0.29,3.06,-12.96,-3.19,-1.49,-0.44,-6.39,-2.94,-1.27,-3.12,-25.47,-8.92,-12.36,-17.59,-7.51,-2.26,-6.33,-1.75,-7.15,0.22,-3.15,1.5
2000-12-31,-5.24,3.16,1.35,7.66,1.17,4.35,6.24,7.2,3.14,6.17,4.52,5.08,-11.86,8.6,7.77,7.08,6.73,10.78,10.23,10.47,-2.16,8.07,1.38,3.06,5.21,8.53,9.33,9.29,10.81,6.21,8.57,7.56
2001-01-31,5.27,1.46,-0.4,-4.83,7.14,9.14,7.73,6.15,2.27,2.09,1.3,-2.89,13.52,2.53,-2.4,-3.48,11.74,4.56,6.09,2.55,22.48,5.85,11.23,11.18,8.7,2.19,5.52,3.8,6.1,4.73,3.49,2.36
2001-02-28,-18.25,-2.37,-3.3,0.92,-20.24,-5.56,-12.32,-6.42,-13.17,-2.8,-5.56,-4.48,-19.33,-5.22,-3.13,2.81,-5.55,2.88,-0.23,3.88,-18.12,-3.78,-8.66,-12.3,-5.05,-0.7,-2.9,-0.94,-2.82,0.6,-1.18,3.62
2001-03-31,-10.26,-3.93,-7.78,-5.59,-13.91,-3.87,-10.18,-4.5,-4.14,-1.04,-1.25,-4.2,-13.0,-3.46,-3.92,-2.74,-4.41,-0.98,-2.65,0.15,-8.75,-2.88,-4.73,-8.06,-6.94,-0.03,0.4,-1.23,-2.96,-0.31,-0.9,-3.36
2001-04-30,3.73,5.8,6.76,2.0,15.22,7.32,11.96,9.92,11.78,3.3,4.11,7.66,15.61,5.23,6.76,4.52,8.56,4.7,6.76,5.49,10.56,8.16,6.45,7.28,7.55,6.8,5.18,4.61,7.46,4.86,4.58,6.7
2001-05-31,-1.16,0.65,1.82,4.29,-2.99,2.78,-2.86,2.9,-0.15,2.17,1.56,-1.15,-0.87,4.02,1.45,3.7,4.44,3.7,3.32,5.49,3.97,6.41,8.62,5.97,6.25,3.38,4.24,8.81,5.21,2.04,3.44,4.72
2001-06-30,-0.36,-0.84,-4.54,-2.01,-1.33,-5.04,-2.86,-4.73,0.41,-1.88,-2.86,-2.12,0.16,-0.21,-2.6,-3.1,6.12,6.37,7.68,1.06,4.15,2.74,5.54,1.74,8.43,4.75,6.42,5.11,3.47,3.91,3.54,5.35
2001-07-31,-1.2,-1.17,4.32,-2.09,-7.11,-5.37,-1.52,-5.4,-6.97,-2.61,1.96,-0.58,0.86,2.15,1.6,-0.06,-3.43,1.53,0.5,-1.14,-13.87,-3.97,-5.08,-7.44,-5.54,-0.31,-1.67,-3.81,-2.4,-1.03,-0.69,-3.12
2001-08-31,-10.12,-3.78,-4.81,-0.12,-11.95,-1.46,-6.89,-5.36,-10.91,-3.21,-4.62,-4.13,-8.19,-2.69,-4.98,-2.92,-6.09,-0.32,-0.68,0.43,-9.8,-2.88,-5.59,-5.03,-4.63,0.65,-0.57,-0.1,-2.78,1.47,-1.29,4.1
2001-09-30,-7.06,-5.33,-1.28,-5.64,-19.55,-3.58,-6.3,-4.26,-12.51,-13.04,-7.13,-13.85,-8.09,-4.11,-13.87,-10.4,-17.57,-10.72,-13.31,-11.12,-20.94,-12.26,-14.89,-17.2,-15.23,-11.34,-8.81,-14.67,-14.45,-10.37,-8.67,-16.01
2001-10-31,4.56,-0.22,-4.33,3.14,8.63,0.06,0.91,1.06,5.56,-0.64,2.36,0.44,4.02,0.87,3.23,3.96,8.95,4.15,4.61,6.21,13.41,6.01,5.81,9.99,8.27,2.19,2.65,0.27,8.42,2.29,2.11,3.35
2001-11-30,6.14,5.2,6.48,6.44,12.04,4.65,7.29,6.82,12.27,6.8,4.64,10.96,8.08,2.06,15.93,11.1,7.92,4.63,7.79,3.05,12.56,6.66,9.77,9.03,9.16,7.03,4.8,9.81,7.28,5.85,5.41,6.66
2001-12-31,-1.36,1.76,-0.06,3.07,-2.24,3.41,1.22,1.14,1.98,4.58,0.59,2.72,1.15,3.74,1.75,1.43,7.93,5.88,6.26,5.19,7.96,5.9,8.26,6.29,8.44,6.65,5.05,4.21,6.97,4.79,5.76,4.95
2002-01-31,5.18,-2.91,-0.38,-3.57,-5.63,-1.82,-7.25,-2.46,-3.94,0.53,1.2,4.14,-0.97,0.38,2.86,1.84,-0.09,2.91,2.35,2.97,-6.86,-0.78,2.29,0.58,-0.68,1.09,0.03,3.7,-0.23,1.31,2.55,0.34
2002-02-28,-1.31,2.79,-0.27,-0.77,-12.06,1.07,-2.1,-4.39,-5.25,2.3,-2.31,-1.56,-2.92,3.74,-6.19,2.64,-0.29,-0.08,0.89,3.07,-12.9,-2.57,-7.91,-5.11,-3.47,0.73,0.16,-0.03,-1.37,0.52,1.06,3.51
2002-03-31,0.21,-0.22,1.85,5.14,8.84,2.03,1.59,4.95,3.74,6.01,4.83,5.22,6.35,4.96,5.47,6.78,10.01,7.72,7.68,9.81,8.21,9.08,10.72,9.72,8.6,10.12,7.9,9.11,7.6,8.13,7.13,11.46
2002-04-30,-6.78,-6.94,-8.02,-5.35,-11.49,-0.05,-2.29,-7.95,-9.65,-0.94,-0.23,1.22,-7.89,-0.97,-3.71,-1.89,3.77,5.13,4.0,1.66,-10.35,2.3,0.34,-1.69,1.79,4.63,6.85,4.52,3.06,2.31,6.09,6.16
2002-05-31,-2.56,-0.6,1.4,-0.48,-3.93,-1.19,-2.58,-1.75,-3.03,0.59,0.01,2.2,-1.51,0.57,-1.37,1.45,-4.74,-2.16,-1.38,-0.89,-8.94,-2.22,-5.27,-7.14,-2.67,-1.06,-2.92,-1.99,-5.36,-3.12,-2.15,-2.05
2002-06-30,-5.99,-6.78,-9.05,-5.87,-15.52,-9.19,-4.74,-5.95,-5.51,-9.77,-5.94,-5.52,-6.29,-4.52,-11.69,-2.66,-4.76,-3.1,-0.33,-6.35,-10.61,-2.98,-4.67,-4.47,-4.97,-1.88,-2.78,-0.73,-3.3,0.29,-0.41,-6.19
2002-07-31,-6.55,-6.56,-1.85,-5.36,-9.93,-8.44,-8.47,-12.1,-10.92,-8.85,-11.17,-6.54,-7.4,-7.1,-9.94,-9.16,-14.77,-14.45,-10.67,-15.45,-16.3,-14.94,-14.96,-19.57,-18.22,-14.43,-11.42,-16.56,-14.34,-13.85,-10.55,-13.96
2002-08-31,0.11,-0.16,0.24,-3.06,2.83,-0.88,2.33,-2.47,-0.1,-0.1,2.9,-0.1,1.75,1.61,3.77,0.29,2.22,1.44,1.15,1.25,-3.61,-1.33,-2.78,-2.12,1.13,-0.05,-0.13,-0.94,1.15,1.38,0.87,2.87
2002-09-30,-9.49,-10.6,-11.51,-11.82,-7.93,-9.35,-11.47,-14.3,-10.99,-8.15,-10.92,-13.37,-8.34,-8.43,-8.86,-10.59,-4.14,-5.16,-5.24,-5.46,-12.25,-8.83,-12.34,-12.21,-6.99,-7.36,-5.99,-10.27,-5.5,-6.21,-4.98,-6.31
2002-10-31,6.35,13.92,4.51,12.64,8.78,9.56,6.05,11.64,9.88,4.85,14.32,10.59,6.86,0.81,11.13,4.89,2.92,1.23,0.85,-1.19,6.65,4.69,6.62,10.09,6.47,3.2,2.59,3.2,3.11,2.91,2.19,4.16
2002-11-30,2.26,5.1,3.54,8.62,5.73,7.65,12.3,18.39,5.66,6.69,8.1,11.03,0.11,1.53,3.79,3.62,5.03,6.34,3.75,4.61,19.76,13.48,15.53,22.42,9.79,7.28,4.62,8.0,6.71,5.05,5.77,4.97
2002-12-31,-3.61,-5.14,-3.44,-4.88,-6.35,-4.04,-8.86,-14.74,-7.66,-4.05,-8.42,-8.98,-4.11,-3.65,-6.07,-1.09,-3.15,-0.55,-1.81,-2.44,-11.83,-8.85,-8.85,-12.92,-6.0,-2.88,-3.99,-3.64,-3.52,-4.46,-2.41,-1.72
2003-01-31,-2.38,-1.56,-3.34,-2.66,-2.24,-2.98,-1.08,2.07,-4.22,-4.23,-5.09,-4.75,-2.6,-1.94,-3.25,-2.11,-2.01,-3.52,-2.77,-1.15,-2.26,-0.23,-2.67,-2.27,-1.17,-1.04,-2.06,-1.44,-3.26,-3.1,-1.13,-4.85
2003-02-28,-2.59,-4.07,-1.22,-4.79,-5.07,-2.62,-0.75,-2.26,-2.33,-1.86,0.49,-1.65,0.42,-0.9,-1.27,-0.49,-2.09,-1.15,-2.25,-4.66,-2.48,-5.0,-4.33,-2.25,-6.0,-5.76,-2.86,-2.17,-1.86,-3.01,-2.16,-3.84
2003-03-31,1.43,1.78,1.36,-1.51,1.45,1.02,-1.77,-0.23,1.53,0.44,0.5,-0.72,2.86,-0.5,3.92,0.85,3.14,2.71,2.34,1.6,-0.77,2.28,0.75,2.44,0.29,1.32,1.07,-0.43,-0.43,-0.71,2.09,0.56
2003-04-30,9.41,5.87,6.68,9.53,11.5,7.46,12.91,9.87,9.54,7.95,7.01,10.42,5.69,5.76,9.66,5.65,7.86,5.42,8.78,7.65,14.54,14.2,11.66,13.79,8.58,9.87,9.23,10.6,7.16,7.33,9.92,8.36
2003-05-31,5.69,4.27,3.84,7.5,7.78,5.23,11.2,11.49,5.16,6.74,3.12,10.64,5.43,5.81,2.2,4.61,8.86,6.86,7.96,11.36,20.57,15.15,15.83,19.99,12.04,8.51,8.56,9.29,7.26,7.51,6.23,8.74
2003-06-30,-0.28,-0.48,4.69,-1.63,1.78,0.72,2.27,0.06,-0.26,0.36,1.52,2.18,-0.05,0.28,2.05,0.81,4.43,1.69,4.16,0.66,2.12,3.27,0.9,3.8,1.49,5.21,2.72,1.24,2.49,4.04,1.73,-0.52
2003-07-31,-0.78,-1.36,-1.01,-1.75,2.71,2.58,10.19,2.78,0.77,7.09,2.77,3.36,1.49,3.65,1.9,2.88,5.58,2.51,3.31,7.48,7.84,7.27,6.7,9.49,6.37,4.65,7.43,7.95,4.92,6.8,7.05,10.16
2003-08-31,-0.89,0.66,0.2,1.72,0.19,5.22,-0.53,8.89,3.61,3.21,2.34,2.1,2.71,4.2,2.96,1.3,3.64,4.45,2.43,3.56,7.65,7.69,5.4,6.96,5.73,4.34,4.61,3.89,4.37,4.66,2.82,3.55
2003-09-30,-0.41,-0.14,2.34,-4.01,-1.48,-4.47,-1.47,-4.05,-1.84,-0.02,0.24,-0.16,-0.89,-2.65,-2.74,-2.69,-1.14,-3.57,-0.34,-1.37,-3.28,-2.02,-0.75,2.6,-3.24,-0.28,-1.77,-0.61,-2.6,-0.58,-0.72,-1.68
2003-10-31,6.2,4.59,3.17,4.92,6.13,8.18,7.18,9.56,6.97,9.11,2.03,9.76,4.74,6.52,6.04,5.38,9.38,7.37,7.37,10.55,7.75,9.36,11.01,10.53,9.36,7.58,6.95,7.47,8.64,7.99,7.76,9.99
2003-11-30,2.86,2.24,-0.26,1.3,-1.6,3.38,1.24,3.81,2.32,0.9,0.42,0.1,0.33,1.83,0.2,1.76,3.95,3.7,5.09,4.76,1.97,5.17,3.5,3.24,3.54,4.65,4.99,4.01,3.0,2.75,3.44,6.27
2003-12-31,3.2,5.18,5.43,7.1,5.71,2.92,7.86,4.3,3.58,1.73,6.96,6.85,3.58,6.26,0.9,7.65,1.0,5.36,2.77,7.6,1.84,3.15,0.28,0.81,3.22,6.08,2.12,3.64,1.92,4.81,1.78,0.67
2004-01-31,2.26,-0.31,0.83,2.1,2.69,1.06,5.41,5.11,2.27,0.16,1.11,1.55,4.32,1.4,0.67,0.22,2.15,3.08,1.77,5.78,6.91,5.91,5.65,12.35,2.89,2.77,3.99,4.39,1.07,2.01,1.44,4.93
2004-02-29,3.15,1.24,1.1,-0.17,0.74,1.41,0.94,0.96,2.97,0.71,1.69,3.18,0.34,2.3,3.8,1.87,2.88,2.53,2.43,2.24,-0.4,-2.04,-0.57,-2.24,0.84,0.94,2.52,0.73,1.25,1.96,2.03,1.19
2004-03-31,-1.4,-1.76,-1.7,-3.5,-1.34,-1.42,-1.31,-2.57,0.12,-1.32,-2.28,-0.1,-1.26,0.2,-0.04,-1.57,2.6,0.71,2.1,2.29,-0.31,-0.41,-1.08,-1.37,0.91,1.03,1.04,1.2,1.11,3.42,1.52,-0.09
2004-04-30,1.2,2.52,-0.59,-0.84,-1.84,-4.03,-4.4,-3.52,-2.25,-4.5,-0.03,-3.88,-2.65,-0.94,-2.08,1.34,-1.9,-1.8,-0.99,-6.72,-3.22,-5.78,-6.19,-8.76,-3.63,-2.41,-3.42,-3.71,-2.62,-3.36,-2.51,-4.64
2004-05-31,0.27,-0.54,0.67,-1.71,2.5,0.49,3.12,3.45,0.58,2.2,1.37,2.11,2.43,1.09,0.98,0.79,0.1,-0.09,1.11,1.82,1.79,0.44,0.98,0.76,2.33,2.43,2.47,-0.25,0.61,1.06,0.97,0.98
2004-06-30,0.2,1.75,0.98,3.82,2.36,0.96,1.96,-0.01,2.46,-0.17,4.04,2.55,1.75,3.39,-0.06,3.73,5.39,6.38,5.37,4.75,2.04,2.98,2.97,1.76,5.14,6.99,5.05,3.75,5.06,7.68,3.73,4.36
2004-07-31,-1.88,-3.85,-3.91,-2.01,-9.12,-3.21,-3.92,-8.0,-3.07,-3.59,-3.9,-5.04,-4.05,-2.88,-0.82,-2.33,-3.35,-4.27,-2.57,-5.33,-12.68,-10.75,-9.48,-12.42,-7.78,-4.94,-4.04,-6.18,-5.35,-5.18,-3.37,-2.69
2004-08-31,0.71,1.09,1.84,0.85,0.16,-1.28,0.72,-2.8,0.55,-0.81,3.05,-2.11,-0.7,-1.81,0.73,2.66,-0.17,-1.42,-1.63,-2.22,-1.42,-2.42,-0.7,-3.22,-1.46,-0.48,0.92,0.29,-0.49,-1.22,0.82,2.52
2004-09-30,2.69,0.99,-1.08,-3.45,5.93,2.19,1.72,3.06,-0.39,3.24,-1.27,1.13,4.5,1.23,2.84,1.74,5.51,4.99,5.01,3.11,6.38,4.55,4.23,4.35,6.04,3.33,5.58,3.76,5.51,3.75,3.81,3.84
2004-10-31,1.79,0.92,0.28,0.41,1.7,1.19,1.63,5.0,-1.32,3.06,2.75,2.78,1.93,3.67,1.36,0.88,3.01,2.43,2.0,1.05,1.53,2.34,2.01,1.6,2.19,1.12,1.85,1.41,1.53,1.58,1.99,-0.74
2004-11-30,6.05,3.65,5.47,2.63,7.72,5.28,5.82,4.9,3.44,4.82,3.51,4.22,4.04,3.63,2.7,3.65,8.89,9.88,8.16,8.79,7.35,6.56,7.97,9.41,9.46,8.67,9.35,9.75,8.71,8.05,8.55,7.55
2004-12-31,4.64,3.38,3.81,4.0,6.87,4.49,2.99,3.61,0.85,1.68,5.27,3.29,4.12,3.49,2.79,3.3,2.72,2.64,3.19,2.91,4.63,4.62,3.03,5.9,3.05,3.2,2.18,5.45,3.78,2.08,2.18,2.48
2005-01-31,-0.44,-1.61,-0.99,-4.61,-9.35,-2.55,-2.85,-4.01,-2.97,-1.34,0.58,-3.69,-2.78,-2.89,-1.06,-2.26,-1.71,-2.72,-2.31,-2.92,-5.87,-5.81,-5.14,-7.07,-3.93,-2.29,-2.52,-3.05,-3.39,-3.3,-3.37,-2.11
2005-02-28,2.07,1.74,0.96,1.63,-2.19,2.5,3.52,1.65,1.27,5.42,-0.42,2.69,2.05,4.46,4.68,1.38,2.13,3.77,1.63,1.25,0.37,0.8,0.34,1.06,0.7,3.26,3.36,2.7,2.6,2.0,1.11,2.03
2005-03-31,0.35,-2.28,-1.29,-0.64,-0.63,-2.01,-0.55,-1.04,-3.76,-1.12,-2.29,2.02,-1.36,-1.07,-2.38,-1.58,-3.38,-1.11,-1.65,-2.59,-6.72,-3.7,-3.54,-5.2,-1.91,-0.93,-1.76,-0.96,-2.52,-0.29,-1.38,-1.48
2005-04-30,-1.79,-4.91,-2.12,0.64,0.05,-3.56,-2.84,-3.57,-0.32,-3.43,-0.33,-2.96,-2.74,-1.15,-1.57,-1.05,-5.52,-4.54,-5.25,-6.52,-7.57,-6.84,-6.0,-8.87,-5.27,-4.69,-5.96,-6.68,-4.74,-6.15,-5.48,-5.34
2005-05-31,3.15,2.92,3.66,0.94,9.16,3.85,5.13,4.46,3.88,2.1,1.02,7.25,4.69,5.23,1.57,3.63,6.88,6.38,7.16,5.73,6.46,8.63,5.21,7.75,5.1,4.95,6.39,5.52,6.86,5.88,7.2,6.27
2005-06-30,1.95,0.05,0.14,-0.04,-1.15,0.2,2.45,-0.36,-0.3,0.9,1.37,1.82,2.45,0.06,-0.57,1.24,5.7,3.81,2.81,4.2,5.51,3.52,1.25,3.66,3.23,4.0,2.32,3.79,2.91,2.74,5.27,2.72
2005-07-31,5.93,4.13,2.11,1.5,5.96,3.61,3.82,3.36,2.86,6.53,5.67,4.12,3.05,1.32,4.95,3.06,6.81,2.39,6.05,5.93,8.12,6.21,9.46,8.88,6.42,4.38,6.45,7.4,7.18,5.21,6.04,3.2
2005-08-31,-1.82,-0.92,0.48,-2.01,-0.99,-1.0,2.58,1.32,-1.04,0.83,-1.16,-2.09,-0.82,-2.19,-2.43,-2.62,-2.77,-2.56,-2.57,-1.84,-1.06,-0.21,0.0,-0.73,-2.48,-0.63,-0.63,0.33,-1.98,-3.4,-1.96,0.8
2005-09-30,3.17,0.36,1.21,0.51,3.1,0.63,-0.82,-0.3,2.66,-0.78,0.73,1.96,1.24,-1.09,-0.54,-0.52,2.21,-1.4,0.26,0.69,0.59,0.65,2.72,1.38,-0.57,-0.95,-0.36,1.27,0.21,-0.94,1.64,0.88
2005-10-31,-4.27,0.92,-4.74,-2.51,2.21,-0.78,-1.62,-2.65,0.18,-2.19,-0.56,-3.32,-0.5,-3.94,1.17,-2.85,-4.28,-4.84,-1.74,-2.58,-5.42,-2.27,-3.21,-4.76,-2.28,-3.09,-0.34,-4.61,-3.42,-1.1,-1.73,-0.74
2005-11-30,3.68,2.53,2.43,1.98,5.76,3.92,5.74,2.46,5.72,5.05,4.59,4.07,5.44,1.23,1.93,5.76,6.22,2.94,3.87,4.16,4.86,4.95,5.39,4.99,5.01,4.95,4.2,3.44,5.07,2.55,5.39,4.22
2005-12-31,1.67,0.3,-1.6,0.47,0.43,0.55,-1.42,0.71,0.26,0.28,-0.51,-0.13,0.42,1.95,0.6,-2.18,0.22,-1.03,0.85,-0.57,-1.31,1.49,-0.3,1.22,-0.3,-0.6,-0.06,0.55,-0.92,-1.38,-0.98,-0.74
2006-01-31,4.97,0.66,3.94,5.16,1.37,2.84,6.33,4.49,3.02,1.68,-1.87,3.11,2.24,5.81,1.89,-1.65,10.19,4.94,8.28,6.84,11.5,7.82,9.75,12.25,7.18,8.45,8.51,7.01,9.96,6.28,6.85,6.12
2006-02-28,-1.13,0.77,-1.32,-0.47,-0.51,0.07,-1.92,-0.16,0.45,1.28,0.87,1.85,-0.16,3.05,-0.29,2.38,-1.74,-1.61,-0.31,-0.77,-0.5,0.19,-2.46,1.87,-0.17,-0.05,0.12,2.53,-2.6,1.15,0.75,0.98
2006-03-31,0.96,1.22,2.55,-0.24,0.05,2.67,1.81,1.1,3.04,1.69,2.53,3.63,1.8,-1.42,0.55,0.11,5.89,3.57,4.34,4.4,4.58,3.83,6.63,3.67,3.16,6.53,6.37,4.49,4.79,3.92,4.07,6.1
2006-04-30,1.95,1.01,2.63,0.78,-0.05,0.8,-2.07,2.7,4.34,-0.71,0.85,0.44,1.09,0.37,0.23,1.2,1.53,0.08,2.98,2.02,-2.33,0.05,-0.96,-1.06,0.92,2.62,1.4,-0.44,0.57,-0.25,0.72,2.41
2006-05-31,-5.83,-1.81,-0.88,-0.3,-4.51,0.74,-2.79,-1.19,-5.13,-1.54,-2.6,-2.75,-4.37,-3.58,-1.01,-4.16,-5.75,-2.94,-5.41,-3.03,-10.09,-5.12,-5.64,-7.94,-5.08,-3.65,-4.18,-5.65,-4.81,-4.46,-4.45,-4.13
2006-06-30,0.69,0.51,0.63,0.55,-1.08,-0.33,-0.34,0.14,-1.18,-0.07,-2.37,-1.05,2.59,1.06,-0.05,1.74,1.19,-1.11,0.8,1.0,-0.96,-0.83,-1.03,-1.47,0.03,0.96,-0.91,-1.0,-0.33,0.46,2.05,-1.93
2006-07-31,-1.7,4.74,0.3,-1.94,-4.47,-0.23,-3.16,-1.49,1.74,0.75,-1.04,0.78,0.65,1.11,0.59,0.29,-5.11,-3.53,-1.82,-1.29,-5.54,-2.94,-5.39,-5.03,-4.56,-2.29,-3.76,-2.89,-4.57,-0.78,-2.6,-0.75
2006-08-31,-2.12,1.66,1.79,4.7,3.05,3.93,3.24,2.95,1.37,2.44,1.39,3.01,0.98,1.61,1.02,6.15,1.9,1.38,0.74,2.59,3.47,3.95,5.22,5.68,1.32,2.55,3.55,1.89,2.37,2.14,2.64,1.17
2006-09-30,-0.33,-0.5,0.07,2.81,1.31,2.31,2.08,2.94,5.4,1.93,2.86,3.77,2.01,2.99,3.62,3.67,0.93,1.73,0.7,4.77,-0.77,-0.12,0.83,-0.06,1.12,1.59,1.87,0.71,0.52,1.59,1.6,1.52
2006-10-31,4.68,5.47,2.49,5.34,2.67,3.62,3.68,4.89,6.19,2.85,2.16,2.42,2.83,3.16,1.99,1.87,5.72,5.41,4.48,5.73,5.88,5.72,3.81,6.57,7.13,4.73,4.32,5.49,5.17,3.61,5.1,6.09
2006-11-30,6.78,4.74,2.25,1.04,2.84,2.43,3.06,1.84,2.84,-0.23,3.46,0.1,4.04,-0.44,-0.55,2.6,3.19,4.28,2.36,2.21,2.41,1.14,3.69,2.3,2.62,3.2,1.35,1.53,3.57,3.79,1.54,5.12
2006-12-31,-2.75,0.26,1.44,1.16,-1.3,2.52,0.3,2.81,-0.16,5.53,1.5,3.72,-0.38,1.59,1.31,0.44,-0.99,1.81,0.02,1.06,-1.26,2.14,1.28,0.52,0.19,0.97,1.59,1.61,0.56,1.02,1.46,0.24
2007-01-31,2.64,-0.01,1.18,1.9,2.46,0.91,2.66,2.79,4.1,1.48,1.99,-0.03,2.24,3.24,1.85,1.67,1.12,2.27,1.2,6.44,1.69,1.3,0.44,2.01,0.86,1.95,0.82,2.99,2.01,-0.26,2.0,1.98
2007-02-28,-1.24,-3.05,-0.58,-1.45,2.69,-1.87,-0.45,-2.46,-3.11,-3.37,-1.82,-1.16,-1.56,-0.19,-1.74,-3.38,-1.0,-1.19,-0.67,0.86,1.0,-1.61,-0.14,-0.79,-0.76,-0.79,-0.31,0.87,-0.58,-1.18,0.74,2.91
2007-03-31,2.44,3.56,1.05,0.16,0.75,1.18,1.53,0.52,3.8,0.75,1.07,-0.11,2.9,1.44,-1.01,0.4,2.16,0.04,1.37,2.86,0.26,0.36,1.24,0.72,1.68,0.77,1.29,4.55,1.01,1.58,1.82,-0.78
2007-04-30,6.2,3.97,4.05,6.23,1.75,3.23,5.86,4.23,2.75,4.77,3.85,5.04,2.92,5.66,3.14,5.91,3.92,1.22,3.22,3.46,2.15,2.7,2.22,1.86,1.4,1.28,1.2,2.08,2.35,-0.25,1.21,2.19
2007-05-31,6.83,4.1,4.51,4.03,3.5,3.48,3.18,2.44,6.54,2.24,2.7,1.03,4.2,4.28,1.97,3.67,5.9,6.39,2.72,3.58,2.42,3.15,2.01,1.27,4.04,4.57,4.13,3.94,5.76,3.0,4.71,5.13
2007-06-30,-0.82,-0.21,-1.67,-1.0,-2.69,-2.46,-0.85,-0.55,-0.46,-4.82,-1.8,-0.25,-1.49,-2.54,-1.58,-2.17,-0.42,0.5,0.59,-2.14,-1.58,-0.36,0.44,-1.88,-1.63,-0.95,-1.56,-0.78,-1.95,-1.74,-1.34,0.62
2007-07-31,-1.98,-0.71,-2.9,-1.53,-3.2,-5.06,-5.13,-3.74,-2.12,-1.06,-5.79,-5.64,-2.61,-3.77,-2.69,-2.92,-6.97,-6.36,-6.51,-7.88,-5.22,-5.05,-7.52,-7.06,-4.62,-6.51,-5.69,-6.33,-4.67,-6.06,-6.94,-8.08
2007-08-31,-0.19,1.88,-0.31,0.87,2.64,2.38,1.27,-1.1,2.46,0.34,0.85,3.67,2.29,1.25,1.08,1.56,-1.54,0.0,0.02,0.72,1.27,0.49,2.42,0.54,3.56,1.2,1.52,-0.5,2.05,1.89,5.34,1.66
2007-09-30,5.96,5.73,5.26,2.96,4.85,2.8,2.29,3.91,4.94,3.32,4.84,0.03,5.59,4.83,0.56,1.99,1.73,-0.01,-0.14,1.13,4.5,2.74,1.48,0.21,2.63,-0.83,0.94,-0.56,2.09,-0.75,0.57,-1.61
2007-10-31,2.72,-0.3,4.96,6.56,1.69,1.09,-0.7,0.32,4.35,1.29,3.36,1.73,-0.17,2.45,1.24,2.48,2.19,0.17,-0.43,2.72,4.78,2.68,1.73,2.16,1.96,2.52,3.08,2.6,1.78,-0.11,1.82,0.11
2007-11-30,-3.52,-2.6,-4.55,-4.71,-5.52,-7.02,-5.0,-5.4,-4.72,-5.14,-3.57,-2.03,-5.26,-0.1,-1.9,-2.68,-6.42,-7.94,-6.16,-6.71,-9.47,-9.26,-10.5,-8.44,-5.6,-5.83,-5.75,-8.08,-6.84,-3.69,-4.96,-6.67
2007-12-31,2.18,2.65,1.25,0.15,-1.0,-1.32,-1.95,-3.09,-0.83,-2.35,-2.0,-2.8,1.35,-0.4,-2.57,-0.55,1.32,-1.37,-1.62,0.02,0.13,2.2,-0.82,0.48,0.55,-2.0,-1.64,-1.42,-1.69,-1.15,-0.9,-3.19
2008-01-31,-7.08,-7.07,-7.6,-5.16,-4.31,-8.05,-6.56,-9.17,-11.34,-4.04,-1.64,-7.62,-6.84,-5.19,-0.3,-5.07,-7.36,-5.43,-2.88,-1.7,-11.47,-9.04,-8.69,-8.97,-10.04,-3.8,-2.81,-2.33,-6.24,-2.48,-4.37,-5.61
2008-02-29,3.31,0.36,1.35,-3.54,-4.84,-1.2,-4.53,-1.56,-5.77,-3.13,-6.08,-3.92,-2.15,-2.0,-4.11,-3.88,-1.92,-7.61,-2.75,-2.23,-5.85,-1.65,-4.72,-4.04,-1.11,-3.33,-3.49,-6.68,-2.8,-3.67,-4.23,-4.0
2008-03-31,-0.59,-1.24,-0.18,0.65,0.5,-5.72,-2.39,-0.93,-1.6,3.6,-1.18,-1.15,-1.57,-0.44,0.85,-1.84,0.19,0.71,0.31,1.78,-3.57,-2.66,-1.08,-0.93,-1.12,1.84,1.39,-0.46,-0.29,3.1,1.91,-0.4
2008-04-30,6.72,7.54,5.18,1.48,4.34,5.77,3.93,4.95,10.48,-1.12,5.74,2.17,5.31,4.63,5.24,2.67,5.79,4.77,5.03,5.69,2.86,2.16,4.72,3.58,3.34,1.61,0.83,-0.12,4.36,1.47,3.9,3.56
2008-05-31,6.91,-0.44,3.51,4.1,1.81,3.08,-0.41,4.59,1.38,0.25,0.73,1.38,2.72,1.22,-0.37,1.52,8.69,1.89,5.19,9.55,5.08,4.92,5.54,4.66,3.87,4.66,2.81,5.6,4.51,2.99,3.67,2.24
2008-06-30,-3.6,-3.98,-5.73,-6.65,-12.91,-9.5,-12.58,-8.91,-10.41,-9.48,-11.29,-8.87,-5.82,-7.21,-9.58,-7.31,-1.95,-10.5,-8.79,0.64,-7.61,-9.66,-10.19,-8.37,-8.73,-10.25,-8.86,-9.89,-6.26,-9.6,-8.75,-10.88
2008-07-31,-6.71,-0.68,-4.39,-4.97,1.75,-3.32,0.21,0.87,-5.16,2.3,3.53,2.14,-0.09,-1.81,2.05,-1.76,-1.76,2.17,5.28,7.39,1.41,4.73,4.01,3.61,5.03,6.13,5.01,2.48,2.48,4.7,4.03,4.61
2008-08-31,-0.21,2.09,1.07,3.83,-1.42,-2.99,0.87,1.98,1.87,2.87,-0.43,2.73,0.59,2.9,1.88,2.78,4.91,5.88,4.28,6.07,4.55,2.7,3.92,1.53,6.23,4.66,3.46,6.93,3.48,5.64,5.61,4.24
2008-09-30,-16.97,-7.13,-7.36,-7.1,-11.87,-22.15,-6.47,-13.37,-11.54,-8.12,-4.45,-6.68,-12.41,-9.05,-5.96,-8.59,-12.29,-5.55,-7.13,-8.52,-11.96,-8.74,-9.11,-11.36,-9.6,-6.64,-7.58,-5.97,-9.7,0.07,-4.3,-6.64
2008-10-31,-17.04,-15.24,-15.18,-18.8,-17.08,-33.36,-20.29,-20.6,-18.23,-16.8,-22.94,-12.61,-16.5,-13.29,-14.4,-11.41,-22.52,-19.53,-19.04,-18.78,-24.77,-19.34,-19.53,-26.04,-15.77,-19.02,-19.2,-16.96,-23.01,-16.71,-17.67,-16.65
2008-11-30,-9.93,-5.27,0.04,-8.82,-11.88,-11.78,-14.17,-9.0,-11.81,-6.94,-13.74,-7.21,-7.2,-6.02,-8.23,0.46,-13.73,-12.71,-9.76,-11.51,-14.86,-10.55,-12.6,-18.54,-11.65,-10.58,-10.4,-10.66,-12.09,-8.35,-11.52,-13.53
2008-12-31,7.27,0.58,-0.44,-1.45,2.74,11.53,-2.01,4.88,1.45,0.85,-1.6,1.0,1.72,3.17,1.69,3.34,5.36,3.83,5.93,5.73,7.22,3.57,4.19,2.76,7.47,5.81,6.11,1.46,6.25,1.58,2.83,0.95
2009-01-31,-4.72,-9.76,-4.8,-7.24,-2.86,-9.62,-10.4,-5.89,-5.34,-8.44,-15.94,-11.69,-7.65,-5.54,-9.64,-7.85,-10.7,-11.15,-12.95,-10.84,-7.03,-8.96,-5.57,-9.37,-12.37,-14.98,-14.01,-17.16,-11.74,-13.93,-12.39,-4.4
2009-02-28,-6.84,-9.23,-9.59,-6.29,-8.54,-13.68,-13.42,-10.11,-7.55,-14.0,-11.6,-12.59,-7.58,-13.52,-10.1,-8.03,-11.68,-14.22,-9.55,-13.89,-12.78,-12.95,-8.21,-15.1,-11.19,-11.95,-14.05,-11.74,-11.74,-13.33,-10.5,-6.03
2009-03-31,10.13,5.56,5.76,11.08,11.95,11.61,11.91,7.96,10.75,7.37,12.46,6.23,12.3,6.91,9.72,6.31,10.11,12.39,7.9,9.33,11.17,10.58,11.25,14.23,10.8,11.81,8.87,10.33,9.82,6.94,10.13,4.71
2009-04-30,8.76,14.83,5.3,13.25,9.8,15.85,9.7,11.74,13.31,11.91,15.78,8.57,12.91,4.68,7.73,3.35,20.47,21.06,17.36,22.76,12.64,16.84,16.14,23.09,12.07,14.52,14.74,18.9,21.08,11.43,17.5,13.4
2009-05-31,8.51,3.77,4.62,2.49,4.14,8.78,5.08,7.07,2.81,-0.86,5.99,7.36,10.89,6.71,4.41,2.7,4.08,2.98,2.59,2.33,9.31,3.59,2.05,5.87,5.09,0.17,1.63,-0.26,2.38,2.23,-0.42,-0.4
2009-06-30,0.33,-0.72,-0.25,6.54,1.79,-4.18,-1.26,-0.65,1.57,5.29,0.3,-0.18,-0.25,0.29,-1.87,0.63,-0.04,-0.19,1.79,-0.27,6.01,5.82,4.17,4.04,4.4,3.26,2.25,-0.54,3.22,1.33,0.27,2.19
2009-07-31,5.1,6.88,6.33,6.07,5.68,8.76,8.98,9.92,5.68,9.79,11.03,9.69,8.82,6.87,5.78,10.42,9.0,15.0,8.45,13.57,6.4,11.0,11.86,12.12,8.54,9.95,8.03,11.94,8.94,11.4,8.74,12.37
2009-08-31,2.31,1.69,2.93,1.15,6.12,3.41,10.25,8.57,3.75,2.85,-0.79,5.47,1.91,3.52,1.38,4.25,3.99,4.72,3.31,7.94,0.63,5.3,2.36,6.95,0.77,6.57,1.21,11.59,3.24,1.93,0.64,11.94
2009-09-30,6.34,4.45,2.99,1.48,3.78,3.24,1.83,4.44,4.72,9.88,5.78,4.36,5.42,3.02,0.67,3.11,7.39,6.36,7.12,12.33,8.88,7.24,6.62,7.34,3.96,4.5,4.11,8.09,5.74,5.98,4.14,8.67
2009-10-31,-0.62,-0.8,1.32,1.7,-3.56,-2.23,-8.28,-5.45,-1.47,-7.06,-2.94,-4.01,-0.43,-0.32,-1.13,-0.94,-5.71,-6.44,-4.26,-8.29,-11.8,-9.7,-9.12,-12.27,-5.81,-6.18,-6.71,-9.49,-4.64,-4.35,-5.53,-6.26
2009-11-30,6.4,5.6,5.47,5.18,4.36,2.91,4.12,3.3,6.21,9.01,5.04,4.02,6.09,6.92,8.24,6.76,2.98,2.79,4.87,1.83,4.63,2.14,4.49,1.99,1.9,1.76,1.23,2.95,2.11,2.22,1.39,3.57
2009-12-31,3.34,2.55,1.02,-1.7,1.6,4.65,0.68,3.03,4.67,2.17,1.98,2.75,5.01,2.61,2.16,2.49,8.46,9.88,7.27,13.25,7.51,9.41,9.68,7.58,7.08,9.95,7.59,8.33,6.71,8.37,6.03,8.46
2010-01-31,-4.89,-3.57,-4.18,-5.07,-2.96,2.65,0.67,-5.23,-6.59,-1.37,-2.4,-1.96,-5.84,-2.92,-2.2,-5.57,-4.68,-3.57,-5.12,0.64,-5.33,-3.65,-3.56,-0.97,-3.08,-3.8,-1.49,-5.06,-2.19,-2.24,-2.69,-4.82
2010-02-28,3.69,3.19,4.1,3.12,2.75,4.71,5.46,4.16,1.4,3.45,3.43,4.61,3.75,0.61,2.55,3.17,5.09,6.59,5.28,6.58,4.14,6.32,5.46,5.14,3.81,7.48,3.76,7.87,3.24,3.59,3.49,4.55
2010-03-31,3.46,6.07,6.0,4.8,7.57,3.69,7.25,7.4,7.68,9.75,4.01,9.22,7.68,4.26,3.41,7.05,8.27,8.11,9.17,8.96,6.71,9.54,7.93,9.93,5.88,8.46,7.05,8.81,6.89,6.4,7.72,13.56
2010-04-30,2.13,0.6,3.59,3.64,1.72,-0.54,3.07,-0.19,-1.19,2.15,1.83,3.48,1.66,0.61,-0.59,1.66,5.94,7.38,6.51,8.57,3.6,8.93,7.25,10.17,4.13,4.93,5.13,7.15,5.11,7.61,7.41,4.44
2010-05-31,-11.06,-7.7,-7.49,-7.58,-8.98,-8.8,-8.66,-6.99,-8.21,-8.4,-6.49,-7.88,-8.39,-6.45,-6.63,-6.04,-6.01,-7.07,-4.29,-6.88,-8.51,-9.67,-6.11,-11.21,-8.39,-7.39,-7.04,-11.96,-7.52,-7.7,-7.53,-7.51
2010-06-30,-8.76,-1.71,-5.19,-5.98,-6.38,1.62,-7.42,-7.98,-6.33,-5.95,-3.21,-7.8,-5.53,-4.5,-3.62,-4.93,-6.18,-9.94,-8.36,-11.42,-8.27,-8.12,-6.09,-9.5,-5.81,-8.26,-7.62,-11.4,-6.62,-7.74,-7.84,-11.05
2010-07-31,4.94,7.64,8.86,6.24,5.49,10.04,6.39,6.24,5.21,8.24,7.21,9.42,6.84,7.29,6.31,7.62,5.09,5.35,8.64,10.54,4.74,8.94,9.66,7.77,4.24,7.56,7.07,11.36,6.11,6.11,7.83,8.67
2010-08-31,-2.89,-5.19,-3.23,-4.24,-2.48,-7.92,-6.84,-6.91,-4.14,-7.1,-3.04,-7.89,-3.08,-2.88,-4.61,-7.67,-8.52,-7.02,-7.53,-7.79,-9.81,-6.6,-5.9,-8.74,-7.71,-9.8,-5.28,-8.37,-5.8,-8.74,-7.76,-10.15
2010-09-30,11.62,10.25,7.89,9.73,8.04,15.11,8.35,9.19,9.45,9.25,9.14,7.31,12.05,7.16,8.86,6.95,12.13,12.08,11.95,15.21,12.05,16.62,11.22,13.13,12.99,13.59,11.46,13.18,11.16,12.67,10.65,19.04
2010-10-31,3.91,5.83,4.79,3.97,2.19,2.46,3.39,3.85,1.67,2.21,2.61,3.26,5.0,3.81,4.37,5.19,4.92,3.57,4.16,8.13,5.16,4.9,1.62,3.06,3.61,6.86,3.48,4.87,5.17,4.22,2.64,-0.8
2010-11-30,0.02,-0.01,-0.68,1.41,0.73,2.13,0.31,0.73,-3.58,0.69,0.29,2.35,-0.37,1.04,1.9,0.05,3.67,4.42,5.58,3.82,2.0,3.91,1.75,5.31,2.61,4.8,3.6,3.75,3.0,3.92,3.59,9.77
2010-12-31,3.53,7.57,5.67,4.83,4.45,10.46,10.15,11.02,7.99,8.42,5.54,10.27,6.05,5.12,6.04,8.64,4.65,6.52,7.92,8.97,8.62,10.18,10.91,12.93,8.69,7.83,10.12,8.32,6.52,9.43,6.52,10.56
2011-01-31,0.7,3.22,0.13,0.53,2.3,2.18,2.38,3.41,3.85,5.11,0.65,4.69,0.35,4.35,2.61,1.46,-0.2,-0.32,0.28,-0.8,-1.05,0.27,-2.44,1.4,-0.36,2.75,-0.58,0.79,0.13,0.31,0.51,0.85
2011-02-28,3.61,1.65,2.27,5.52,4.5,5.69,5.8,3.86,3.05,4.12,2.95,3.82,2.98,3.71,4.54,0.55,3.3,4.27,3.22,6.86,6.21,5.77,5.07,6.83,4.96,3.87,7.44,6.04,5.27,6.51,4.54,11.5
2011-03-31,1.44,1.6,0.61,0.58,-1.4,1.04,-1.52,-1.61,-0.87,-0.14,0.71,1.49,1.49,0.89,-0.47,-0.11,3.12,1.75,4.12,4.04,0.96,3.22,1.19,2.8,1.54,1.38,3.57,2.77,3.33,1.71,4.11,1.18
2011-04-30,3.72,3.78,2.96,5.65,3.33,1.41,2.49,1.54,1.24,3.16,4.52,2.03,2.26,3.86,4.94,0.19,4.27,0.85,0.64,0.65,1.67,2.83,-0.42,1.19,2.98,1.72,2.63,1.81,3.28,1.06,2.52,3.05
2011-05-31,1.18,-0.99,-0.31,-0.75,-2.67,-1.12,-2.64,-3.54,-0.25,-0.95,0.82,-4.45,-0.73,-1.83,-2.72,-0.81,-0.88,-0.16,-2.21,-3.49,-1.89,-2.2,-4.72,-3.34,-2.2,-3.61,-2.99,-3.76,-1.56,-2.01,-1.38,-6.83
2011-06-30,-1.43,-0.77,-0.22,-1.3,-3.33,-2.19,-2.11,-2.75,-3.53,-1.39,-0.63,-3.29,-0.48,-1.51,-0.77,-2.41,-0.02,-0.69,0.69,-5.16,-3.87,-3.08,-3.61,-4.59,-2.36,-1.99,-1.91,-0.67,-1.31,-0.93,-0.15,-4.05
2011-07-31,3.43,-0.46,-2.32,-1.89,-3.03,-6.02,-4.93,-3.97,1.08,-2.44,-4.01,-4.91,-2.07,-2.78,-1.17,-3.77,-1.77,-4.77,-2.72,-1.11,-5.59,-5.05,-4.58,-3.85,-4.47,-4.5,-4.12,-3.45,-3.89,-3.25,-3.36,-3.89
2011-08-31,-3.54,-3.31,-6.17,-4.89,-7.03,-8.69,-9.38,-8.62,-8.38,-6.44,-5.08,-5.42,-5.71,-5.35,-4.79,-1.22,-7.52,-9.27,-8.06,-10.77,-12.36,-9.48,-10.66,-11.93,-7.94,-8.54,-9.24,-12.15,-8.47,-6.54,-5.36,-10.02
2011-09-30,-4.59,-5.34,-9.53,-5.05,-8.79,-12.33,-10.35,-8.79,-7.82,-9.47,-9.04,-6.05,-6.03,-7.82,-7.03,-3.46,-11.56,-10.3,-11.1,-14.04,-12.25,-14.2,-9.36,-11.74,-11.55,-8.79,-11.69,-13.56,-9.62,-8.61,-9.47,-12.74
2011-10-31,9.16,9.94,11.58,7.9,12.88,15.17,17.18,11.91,14.85,13.87,11.89,11.14,10.11,10.88,9.82,6.72,15.44,15.84,16.45,12.55,14.03,17.21,12.43,13.56,13.6,15.41,15.94,15.61,14.49,12.94,14.19,15.77
2011-11-30,-1.38,2.12,0.42,1.28,-0.71,-5.1,2.27,-2.54,-1.19,1.55,-1.77,2.18,-0.22,-0.61,0.24,1.87,-0.42,-1.17,1.75,-0.73,-4.75,-0.5,-1.56,-0.27,-2.48,0.54,-0.61,-0.38,-1.21,1.17,0.1,3.4
2011-12-31,1.42,0.74,0.04,0.91,-2.22,0.3,-0.55,3.84,0.02,0.67,1.33,2.46,-2.73,2.64,1.85,3.17,-1.22,-0.14,1.58,2.58,-0.68,1.06,1.05,0.86,1.4,0.4,0.99,0.06,-0.69,3.09,-0.32,1.3
2012-01-31,9.44,2.94,8.07,4.13,5.72,8.52,8.11,5.02,3.69,5.03,5.96,4.79,4.16,4.44,1.84,-0.73,7.04,8.21,4.58,3.71,9.69,7.71,5.77,10.15,7.55,4.95,7.06,7.74,6.39,4.93,5.67,8.93
2012-02-29,9.14,4.09,2.93,2.98,4.45,6.18,5.42,5.98,4.62,2.78,2.96,1.98,3.34,4.1,4.52,4.31,3.41,3.06,3.57,3.11,1.84,3.95,2.16,6.6,1.17,1.63,3.28,3.7,3.26,1.51,1.63,2.72
2012-03-31,6.69,3.64,0.43,3.81,1.91,5.32,4.11,3.62,3.72,1.97,2.4,4.16,1.02,4.4,0.96,2.89,1.74,3.78,2.82,2.2,1.63,2.34,4.85,5.47,2.87,3.04,2.96,3.01,2.68,1.73,2.09,1.15
2012-04-30,-0.22,0.26,0.05,-0.69,0.23,-4.09,-4.16,-0.58,-3.62,-0.96,1.1,-0.06,0.07,-2.07,-1.01,1.62,-0.97,-1.44,-0.74,-1.43,-3.04,-2.58,-1.92,-1.12,-1.14,-1.71,-0.98,0.28,-1.44,-1.05,-1.14,-2.46
2012-05-31,-4.88,-5.67,-7.63,-4.65,-6.75,-9.36,-7.84,-4.84,-10.06,-7.23,-6.53,-5.04,-8.16,-4.36,-5.18,-1.64,-8.07,-5.44,-3.66,-4.19,-9.11,-7.52,-3.76,-5.62,-6.59,-6.32,-7.44,-6.79,-6.24,-5.26,-5.7,-8.43
2012-06-30,1.74,2.65,2.83,3.95,3.85,7.14,1.85,5.43,2.36,1.78,2.98,5.13,6.07,5.35,3.62,3.73,3.56,3.93,3.57,6.27,7.74,5.14,5.25,6.92,4.66,3.02,4.79,7.71,5.47,4.4,2.97,3.8
2012-07-31,0.89,1.24,0.72,1.31,-0.2,0.31,-1.45,-0.32,2.17,-0.13,1.48,1.35,0.93,1.58,1.29,2.46,-1.83,-1.54,-0.42,-2.89,-4.61,-3.33,-2.4,-2.62,-3.62,-2.6,-0.14,-2.0,-1.45,-0.81,0.18,-1.23
2012-08-31,4.62,0.95,1.35,2.34,4.4,2.08,6.82,5.93,4.43,1.78,3.36,0.45,3.13,0.21,0.66,2.76,3.64,3.11,1.25,2.68,2.26,2.2,3.44,3.99,4.82,3.87,2.95,4.14,4.75,3.04,3.11,5.24
2012-09-30,1.1,2.66,2.08,2.14,2.54,4.48,3.42,3.98,3.58,3.86,2.09,5.44,1.29,1.81,2.64,3.09,3.35,2.49,3.71,3.55,3.9,3.93,4.46,4.53,1.25,4.58,2.84,2.54,4.04,4.37,2.93,5.55
2012-10-31,-5.78,-2.12,0.2,-0.35,-2.49,-0.51,-2.76,3.91,-3.88,-0.73,-2.22,-3.17,-2.2,-0.38,0.25,0.35,-3.26,-2.62,0.11,-2.04,-7.66,-2.14,-2.29,-2.57,0.33,-1.5,-1.24,0.88,-2.46,-1.57,-0.11,-1.82
2012-11-30,-0.29,1.06,-0.61,2.28,2.78,0.49,-1.56,-0.98,3.54,2.97,1.18,1.31,0.92,-1.19,0.28,2.29,-0.46,2.41,3.92,2.27,-1.49,0.42,-1.18,3.61,0.72,0.24,0.08,0.63,2.87,0.04,1.35,-0.27
2012-12-31,-1.65,0.55,0.18,-0.35,2.92,2.67,1.11,4.84,1.55,1.44,1.37,1.89,2.81,1.06,0.53,0.03,1.94,4.38,4.59,3.27,3.41,4.84,2.85,3.32,5.19,2.57,3.58,4.14,3.18,3.26,2.8,2.66
2013-01-31,0.17,6.49,4.43,6.07,7.27,7.19,4.96,8.83,6.21,7.22,6.93,4.92,7.18,4.99,5.53,7.25,6.03,6.72,5.33,8.57,7.3,5.58,6.92,7.55,6.55,6.32,5.68,6.33,4.99,5.07,5.87,6.7
2013-02-28,0.73,1.52,0.76,1.78,0.72,2.1,-0.81,1.66,0.98,1.51,0.72,1.81,-0.77,2.67,2.62,1.68,1.29,1.66,0.68,-0.27,2.84,0.46,2.15,0.33,0.44,1.68,1.59,3.33,0.65,0.93,0.53,0.36
2013-03-31,2.15,4.39,3.85,5.74,3.74,4.25,5.54,6.02,2.94,3.9,3.05,3.65,0.18,6.62,4.3,4.47,4.05,4.81,6.61,7.91,5.88,6.38,3.67,4.33,3.34,4.3,4.26,5.53,4.87,3.69,4.15,3.01
2013-04-30,3.61,0.91,0.77,2.45,0.11,2.17,-2.7,2.28,0.22,3.17,0.24,0.84,0.9,2.72,3.07,1.92,-0.86,-0.31,-1.29,0.02,-0.71,0.16,-1.12,0.1,-2.89,-1.13,-1.45,-1.34,0.85,-0.34,-0.06,-0.74
2013-05-31,3.54,0.84,2.66,0.4,4.57,3.51,5.14,4.54,4.27,2.41,2.8,2.39,2.59,0.97,2.27,1.21,4.15,6.27,2.67,5.58,4.63,4.07,3.53,5.51,9.22,6.51,5.77,3.99,6.44,3.53,4.8,5.75
2013-06-30,-3.53,-2.53,-1.02,-2.16,-0.27,-1.1,-2.45,-3.99,-0.1,0.55,0.52,-0.75,-3.83,-0.48,-0.55,-0.44,0.34,-0.43,-0.27,-0.81,0.74,0.17,1.62,0.14,0.44,-0.87,1.23,0.41,-1.27,0.23,-0.4,0.23
2013-07-31,8.03,4.49,1.85,5.08,7.79,8.69,6.18,5.89,5.27,5.34,5.99,4.71,8.11,4.95,5.26,4.57,6.42,9.65,3.63,10.88,7.49,7.72,8.22,9.22,5.23,7.71,5.47,8.23,7.16,6.86,7.7,8.16
2013-08-31,1.44,-3.38,-1.7,-3.16,0.5,-3.6,-4.4,-3.72,-3.31,-6.12,-3.44,-1.89,-1.19,-2.36,-3.35,-3.51,0.5,-3.54,-2.35,-3.03,-1.3,-1.9,-3.33,-4.89,-0.86,-3.94,-3.24,-4.85,-1.02,-5.75,-4.1,-3.74
2013-09-30,2.54,2.95,3.35,3.7,5.38,2.71,3.15,4.68,6.36,3.43,3.06,1.58,5.86,3.68,2.97,2.08,7.39,5.61,5.0,7.41,7.81,6.28,5.89,5.04,6.62,5.56,5.58,5.13,6.83,4.89,5.26,7.16
2013-10-31,7.29,3.52,4.96,5.09,0.67,4.32,3.07,4.91,7.08,3.11,3.75,5.07,1.83,3.77,4.21,4.43,4.08,4.02,3.91,6.81,-1.35,-0.86,1.75,0.87,0.76,5.08,2.23,0.54,3.56,6.02,4.25,4.27
2013-11-30,3.87,3.32,3.87,2.98,1.39,6.34,1.43,2.83,3.5,3.76,1.45,0.63,2.07,3.91,2.93,3.55,5.33,5.5,4.98,2.77,3.19,4.46,2.71,6.31,4.6,5.51,4.21,4.53,5.06,3.9,3.98,4.72
2013-12-31,3.25,2.06,0.57,3.2,4.83,1.98,2.3,3.68,3.7,4.05,2.91,0.64,2.04,3.22,1.95,2.94,2.19,1.42,2.69,3.63,3.54,1.8,2.04,3.14,2.71,1.61,1.66,3.63,2.23,2.12,0.79,2.2
2014-01-31,-6.36,-4.26,-3.68,-5.3,0.84,-1.86,-3.83,-6.34,-0.28,-2.98,-1.59,-4.55,-3.79,-0.74,-4.15,-3.86,-6.17,-4.66,-5.19,-4.35,6.62,1.06,-3.13,1.22,-3.91,-5.2,-4.37,-3.77,-4.96,-2.74,-4.02,-4.94
2014-02-28,5.43,5.39,4.01,5.76,5.68,2.94,3.69,3.58,4.38,2.78,6.63,2.91,8.2,4.42,4.32,5.69,6.65,3.7,3.83,2.45,6.84,7.04,3.57,6.58,4.11,3.08,4.5,4.66,4.19,3.38,4.24,2.94
2014-03-31,-0.86,1.28,2.08,0.45,-2.73,1.96,3.59,0.82,-4.17,2.11,2.08,2.1,-1.2,1.23,2.36,0.7,-0.06,1.4,1.62,0.7,-6.84,-1.51,-0.47,-1.78,-0.34,1.41,0.93,1.84,-0.32,2.22,1.81,1.08
2014-04-30,4.08,1.28,0.26,0.57,-3.07,-3.76,0.13,2.01,-3.31,-0.95,-1.01,1.82,0.42,-0.25,1.84,1.33,-1.46,-3.55,-0.12,-4.52,-9.03,-4.97,-4.45,-6.2,-2.61,-3.13,-2.86,-3.65,-4.73,-4.34,-2.58,-3.17
2014-05-31,5.04,0.15,2.22,2.41,3.17,1.46,1.22,1.02,3.82,2.89,1.72,1.31,2.63,2.76,1.8,0.42,-1.13,0.52,1.61,-2.13,-0.64,0.35,0.87,0.22,0.19,1.68,-0.07,0.13,-0.84,1.63,1.46,-1.18
2014-06-30,2.84,0.04,1.25,1.89,5.13,4.0,2.33,1.64,2.94,2.44,3.36,0.53,4.89,1.4,2.35,1.09,6.79,5.38,2.67,4.12,10.47,5.5,2.55,6.51,5.24,4.76,4.2,4.99,6.28,4.02,4.95,3.79
2014-07-31,0.9,-2.6,-1.04,-2.88,-3.33,-1.01,-2.21,-3.06,-0.76,-5.34,-1.9,-1.2,1.21,-2.23,-1.14,-1.58,-6.92,-4.84,-6.44,-5.58,-9.41,-2.53,-5.46,-2.46,-6.7,-5.8,-6.44,-6.2,-5.38,-5.77,-6.27,-4.71
2014-08-31,4.93,3.79,3.0,4.07,7.72,4.5,5.78,4.0,2.39,3.87,2.93,4.2,4.8,3.5,4.79,3.63,4.66,4.52,5.45,5.35,5.27,4.94,4.59,6.85,4.97,4.43,4.44,2.88,3.02,3.18,4.27,2.75
2014-09-30,-1.96,-0.76,-3.09,-1.54,-1.96,-2.04,-2.25,-0.91,-0.64,-2.14,-2.46,-2.97,-0.79,-1.88,-1.32,-0.8,-3.88,-5.54,-4.24,-4.27,-5.89,-3.97,-5.71,-8.54,-6.51,-4.83,-5.24,-7.24,-4.82,-4.48,-5.31,-6.2
2014-10-31,4.7,1.32,-0.83,4.03,0.99,2.6,-0.06,1.52,0.25,2.84,4.23,3.14,2.59,2.37,1.36,2.61,3.67,4.96,5.2,3.53,5.78,6.29,6.86,1.52,6.12,8.55,7.14,7.19,6.29,8.21,7.15,5.17
2014-11-30,6.14,4.13,2.04,4.55,2.37,1.34,2.11,1.59,0.6,1.87,1.43,2.65,3.08,2.93,1.12,4.59,-0.34,3.08,2.29,0.53,1.61,2.18,-1.15,-0.65,-1.56,0.3,0.72,-2.94,-0.24,-0.9,-0.98,1.17
2014-12-31,-4.33,-1.66,-0.35,0.81,-0.47,0.72,0.11,0.08,-1.06,1.6,2.08,0.91,-1.96,1.02,-0.75,0.38,2.02,2.08,1.28,3.52,4.32,4.49,3.4,1.34,2.02,2.87,3.55,2.32,3.18,2.09,3.1,1.25
2015-01-31,2.18,-0.58,-4.02,-3.74,-2.26,-5.04,-7.05,-6.81,-2.52,-2.28,-3.95,-4.49,-3.34,-3.6,-2.82,-1.33,-3.76,-2.24,-3.94,-3.64,-3.03,-5.13,-2.9,-2.76,-4.38,-5.78,-4.24,-6.75,-5.07,-6.05,-4.63,-6.36
2015-02-28,8.02,5.74,5.94,4.88,7.87,7.59,7.63,6.79,5.8,3.78,6.82,5.27,7.56,4.24,4.21,7.07,5.81,6.83,7.53,4.67,9.31,5.39,6.15,4.82,8.49,6.36,6.96,7.68,8.02,5.33,5.63,5.73
2015-03-31,-2.12,-1.36,-1.4,-2.21,-1.34,-0.27,0.3,-2.33,-0.67,-1.07,-0.68,0.11,-1.49,-2.31,-1.4,-0.97,2.43,2.9,1.3,0.35,1.34,-0.74,-1.49,0.77,3.47,1.89,2.11,1.41,3.78,2.02,2.85,0.24
2015-04-30,0.84,-0.79,2.53,0.16,0.07,1.63,0.55,3.41,-0.77,-0.44,-0.06,0.05,5.65,0.34,0.52,-0.7,-2.65,-2.51,-2.23,-1.04,-3.63,-2.95,-0.46,-3.49,-1.14,-1.83,-1.42,-1.01,-0.58,-1.7,-2.37,-1.8
2015-05-31,1.89,0.86,-1.08,1.63,2.25,3.34,1.74,2.16,1.25,2.23,0.9,0.18,0.22,0.38,2.02,1.4,1.18,1.55,0.56,1.19,7.01,2.78,4.06,2.1,3.2,1.96,1.27,0.57,2.27,1.0,1.55,0.13
2015-06-30,-2.2,-0.37,-2.14,-2.66,-2.55,-0.06,-0.46,-0.76,0.9,-4.24,-1.86,-2.0,-1.38,-2.22,-2.19,-3.32,2.18,-0.08,2.12,0.65,2.42,-0.39,0.47,-4.48,1.04,1.47,1.15,-1.1,3.57,2.42,1.59,2.22
2015-07-31,-2.25,2.45,2.2,2.15,6.62,0.73,1.67,-0.02,2.14,1.26,2.44,1.42,6.75,1.57,1.43,0.23,-0.89,-2.31,-2.13,-6.17,-1.56,-4.58,-0.89,-7.98,-2.47,-3.06,-2.21,-1.58,-2.73,-0.96,-1.59,-4.6
2015-08-31,-7.15,-2.97,-6.94,-5.56,-5.64,-6.75,-5.17,-6.2,-4.71,-7.39,-6.24,-7.95,-6.08,-6.81,-5.31,-6.21,-7.8,-6.13,-4.87,-3.4,-10.12,-5.11,-7.13,-6.94,-6.91,-3.86,-4.95,-4.09,-4.71,-4.83,-3.98,-6.58
2015-09-30,-3.8,-2.03,-2.18,-1.94,-4.19,-5.15,-2.75,-4.0,-3.38,-1.45,-2.18,-3.89,-2.47,-1.99,-1.81,-3.83,-4.87,-4.77,-6.74,-7.68,-11.7,-8.36,-3.75,-10.72,-4.9,-2.06,-3.44,-6.58,-4.92,-2.84,-1.63,-10.73
2015-10-31,8.15,8.5,7.01,8.37,9.43,7.91,5.87,10.23,3.52,8.04,6.7,9.43,14.27,5.36,5.55,8.01,5.64,5.21,5.66,8.56,3.38,6.81,6.03,6.62,4.36,6.11,6.23,5.1,8.61,6.34,5.07,6.09
2015-11-30,-1.0,-0.82,-0.87,0.27,2.53,1.35,0.05,1.71,2.04,-1.13,0.8,-0.53,1.88,0.63,0.32,-0.49,1.74,-0.14,2.1,2.11,7.61,6.52,6.36,5.79,4.06,3.73,5.33,5.2,3.68,3.91,2.26,5.19
2015-12-31,-6.14,-0.89,-2.61,-1.1,-1.36,-3.84,-3.76,-2.06,-2.94,-1.19,-1.18,-3.04,-0.26,-0.65,-1.88,-2.36,-5.35,-4.58,-6.85,-5.41,-3.71,-1.54,-5.2,-6.67,-3.81,-5.13,-4.95,-5.11,-7.89,-5.18,-5.37,-5.31
2016-01-31,-9.57,-5.62,-7.7,-2.01,-6.35,-10.39,-3.75,-9.39,-6.9,-3.85,-4.7,-5.63,-7.98,-4.29,-3.78,-3.36,-11.81,-7.87,-7.5,-7.98,-21.7,-13.18,-10.32,-14.2,-6.71,-5.51,-6.88,-5.72,-10.49,-5.76,-4.68,-4.4
2016-02-29,0.46,2.4,1.4,1.62,-4.22,-4.09,1.64,-1.94,0.02,1.72,-0.99,-0.73,-3.78,2.11,0.02,1.08,1.92,3.02,2.61,-1.63,-3.68,-3.66,-3.89,0.26,0.64,1.47,-0.51,-1.46,1.05,0.43,1.74,7.65
2016-03-31,8.82,6.32,6.11,7.45,7.58,7.83,6.81,7.5,7.41,5.6,6.38,5.18,7.09,5.87,6.93,7.01,7.65,9.08,7.75,13.25,6.77,9.76,8.51,5.93,9.1,7.06,7.02,8.2,9.69,6.39,7.66,9.17
2016-04-30,-4.85,-0.46,1.96,-0.8,-0.48,5.72,1.49,1.6,0.82,1.67,2.33,7.15,-0.01,1.0,0.97,2.65,1.62,0.96,-0.16,4.69,4.32,2.88,0.8,6.37,2.65,2.33,2.8,2.06,3.19,2.58,0.7,-0.74
2016-05-31,3.74,1.02,-0.47,0.87,4.36,2.63,1.1,0.25,2.47,1.13,2.67,2.8,4.98,1.36,1.06,-1.12,2.07,1.32,-0.92,-0.01,2.53,1.87,2.69,-0.04,2.74,1.91,1.47,0.84,1.12,1.48,0.74,-0.1
2016-06-30,-3.37,1.17,-0.28,2.18,-2.89,-5.54,0.82,-1.21,-1.53,2.03,-0.85,0.42,-3.66,1.09,1.89,2.94,-0.08,-1.26,1.24,0.23,-0.74,2.19,-1.33,-2.38,0.68,0.31,0.32,-1.27,-2.88,0.15,1.89,-3.19
2016-07-31,6.5,4.71,2.53,4.64,5.57,1.97,2.12,1.41,5.29,4.08,3.22,3.28,4.09,2.09,3.47,4.61,7.23,5.26,6.27,6.94,9.65,7.49,5.56,4.11,5.6,4.72,4.54,4.03,4.76,8.56,5.02,9.21
2016-08-31,0.29,-0.47,-0.29,-0.87,0.66,2.62,3.73,-0.43,0.31,-0.01,1.08,2.07,-0.49,-0.45,0.72,-0.8,5.91,-0.12,1.03,3.91,2.33,2.37,2.45,4.04,2.9,4.08,2.08,3.81,1.41,0.1,2.42,3.13
2016-09-30,2.99,-1.35,-0.21,0.26,1.11,0.51,-1.54,0.32,0.02,0.46,-1.5,0.81,-0.11,-0.37,-0.24,-0.35,-0.42,0.28,-0.4,0.14,6.1,7.79,6.54,5.16,1.09,2.04,1.81,2.23,1.59,-0.91,0.22,0.22
2016-10-31,-2.81,-0.63,-3.07,-1.04,-0.68,-0.3,-0.56,-2.69,0.49,-1.44,0.71,-0.54,-4.27,-2.06,-3.82,-1.97,-5.8,-4.98,-3.95,-3.45,-13.38,-8.98,-8.16,-9.53,-3.73,-3.66,-2.27,-2.88,-3.93,-5.39,-1.91,-4.51
2016-11-30,2.43,2.72,4.84,5.68,-1.93,10.93,8.53,8.3,1.45,6.9,3.57,5.07,3.89,2.77,5.76,3.91,11.29,13.17,14.59,11.74,5.06,7.7,10.7,14.09,12.83,14.15,12.82,14.7,13.25,13.74,13.45,13.97
2016-12-31,0.93,2.6,2.1,0.35,-0.46,3.61,1.81,1.72,1.76,2.73,2.29,3.32,2.16,1.2,1.12,1.98,2.69,3.52,2.16,2.56,-2.79,0.72,2.44,-3.36,3.52,3.28,5.36,3.65,3.93,2.64,5.17,1.24
2017-01-31,3.45,2.32,-0.01,3.21,8.4,-1.53,2.6,-1.96,3.34,0.28,0.74,1.47,2.83,-0.29,5.47,3.53,-0.73,-0.87,-0.36,1.04,5.22,1.28,0.39,2.72,-0.36,-0.79,-0.49,3.02,0.24,-0.83,-2.32,1.95
2017-02-28,6.24,2.79,2.87,4.04,3.23,2.67,3.86,1.37,3.08,4.76,5.12,5.42,2.1,4.9,3.99,3.36,0.88,-0.18,2.14,0.92,6.69,2.03,1.15,-2.68,1.66,-0.15,1.72,-4.39,1.84,1.03,1.76,2.16
2017-03-31,2.49,1.04,-0.14,-0.94,1.74,-2.15,-1.2,-0.74,0.3,-0.43,-0.98,-1.76,0.37,1.12,-0.6,1.66,1.24,0.47,0.14,3.36,2.82,1.88,1.21,0.26,-0.34,1.1,0.64,-0.37,-1.6,1.95,-0.96,-0.99
2017-04-30,1.62,2.74,1.14,0.95,3.51,-0.5,0.14,-0.76,3.99,0.34,0.15,-0.37,0.65,0.91,1.1,1.06,2.05,2.63,3.01,2.2,1.22,2.6,2.18,-1.06,0.58,0.08,0.95,-0.75,1.28,1.99,1.08,1.41
2017-05-31,4.23,1.66,1.44,1.68,1.99,-1.65,1.21,-1.9,4.08,1.94,0.29,-1.9,0.0,2.76,1.94,-0.19,-2.04,-0.84,-2.35,-1.18,-2.13,-1.9,-5.36,-1.35,-1.04,-2.82,-1.15,-4.7,-1.62,-0.63,-3.9,-3.94
2017-06-30,-1.14,-0.45,-0.69,0.39,0.5,2.64,1.92,1.62,-2.14,3.11,1.49,4.54,2.43,1.14,-0.3,1.37,2.35,2.15,1.65,1.01,9.67,2.54,6.66,4.84,3.39,1.39,2.34,4.33,5.84,2.52,3.11,2.02
2017-07-31,1.45,1.5,-0.93,3.29,4.07,2.38,2.52,2.03,3.74,2.08,1.14,-0.47,4.2,0.37,1.44,2.93,1.02,1.72,-1.79,0.31,1.97,0.0,-0.19,-1.24,0.31,1.21,1.04,1.77,0.33,1.41,-0.08,2.01
2017-08-31,3.87,0.11,0.56,-0.28,2.29,-1.64,-3.24,-3.15,1.46,0.41,0.43,-2.02,1.93,-0.63,-0.63,0.04,-2.34,-0.16,-2.6,-0.92,1.71,-2.85,1.37,-1.55,-1.08,-2.13,-2.0,-2.95,-2.39,-2.94,-2.58,-7.88
2017-09-30,-0.57,4.17,3.15,2.99,0.29,5.27,4.87,6.76,2.6,1.83,2.68,2.13,0.65,2.39,1.37,1.33,8.0,6.71,6.16,7.78,7.22,4.96,6.94,10.83,7.36,6.62,6.21,9.05,8.07,7.68,8.48,6.54
2017-10-31,6.49,-1.23,1.13,1.6,2.51,3.14,2.66,0.64,4.9,4.31,3.55,-6.33,7.57,-1.61,0.47,0.71,1.47,-0.09,1.57,1.07,-0.1,-4.52,3.41,-3.17,0.6,1.91,0.99,5.35,1.61,-0.42,0.78,-2.13
2017-11-30,3.82,5.13,4.84,4.9,1.73,3.12,3.92,2.31,0.62,4.43,4.27,-1.14,2.36,3.78,3.21,5.32,5.11,6.44,5.08,2.23,0.94,-3.85,2.35,1.55,2.66,-0.37,3.3,-1.8,3.47,2.0,4.49,4.49
2017-12-31,0.07,3.04,2.12,2.46,0.99,1.49,1.69,2.7,0.52,-1.68,1.12,-0.29,0.85,0.68,1.11,2.52,1.41,3.75,0.13,2.15,-0.29,-1.56,1.45,2.91,-1.27,-0.58,-1.93,4.0,-0.96,-0.71,-2.14,1.64
2018-01-31,8.12,2.57,4.27,7.62,9.85,4.72,3.65,4.18,7.39,9.27,6.33,1.48,7.87,5.37,2.8,3.58,1.18,3.04,1.83,2.94,6.8,4.38,2.55,2.88,2.03,2.33,0.93,2.23,2.81,3.71,0.61,3.3
2018-02-28,1.44,-5.37,-5.53,-3.67,-2.17,-3.15,-4.88,-8.7,-3.74,-3.33,-2.15,-5.32,-1.8,-3.34,-4.8,-7.84,-4.85,-2.39,-4.62,-4.21,-1.9,-3.06,-3.15,-3.44,-2.9,-3.68,-2.71,-2.11,-4.77,-6.02,-3.72,-3.6
2018-03-31,-4.52,-1.42,-1.24,-2.0,-2.33,-3.63,0.51,-0.41,-3.51,-2.87,-2.76,-2.23,-1.42,-2.81,-2.66,-1.33,1.07,-0.3,1.86,-0.21,0.87,1.51,-1.93,-0.72,2.7,2.13,1.95,1.18,1.48,1.91,2.12,-0.12
2018-04-30,1.12,-1.78,-1.7,-0.47,-0.93,0.76,3.44,3.8,0.01,-1.14,1.56,2.05,2.27,0.02,-1.49,-0.5,-1.18,1.57,-0.04,-0.59,4.84,3.67,4.89,3.76,1.66,1.62,0.61,2.2,0.13,-0.03,0.89,0.56
2018-05-31,5.75,1.78,1.17,2.53,2.78,-1.27,1.89,2.64,6.72,3.91,0.7,-0.77,3.93,1.19,-0.21,-0.73,5.23,3.09,5.78,1.09,9.05,8.96,8.93,12.85,7.65,5.52,5.76,10.29,7.62,7.13,6.48,4.12
2018-06-30,0.77,1.83,1.46,-0.03,1.97,-1.66,1.15,1.23,0.48,-2.02,-0.45,-1.59,-0.93,0.53,1.53,3.21,4.15,1.49,1.47,0.38,0.29,3.0,0.21,0.53,-0.29,1.03,1.29,-0.27,1.15,1.09,-0.26,4.45
2018-07-31,3.89,5.79,3.61,2.56,2.15,3.25,1.83,1.07,5.38,6.7,1.74,4.4,1.44,4.01,2.33,5.17,2.14,1.64,1.65,1.58,-0.44,-2.71,1.75,0.89,1.4,2.53,2.38,2.55,1.02,4.12,2.6,3.29
2018-08-31,10.47,1.64,4.3,0.21,7.22,-1.17,5.97,-0.98,3.05,0.44,3.82,1.85,5.34,2.08,1.03,3.57,-0.2,2.33,2.58,3.37,7.17,3.78,9.8,4.25,2.79,2.3,3.49,4.52,5.06,2.13,4.15,1.66
2018-09-30,-0.41,1.67,0.65,2.11,-1.14,0.34,-1.11,-0.09,0.71,-1.54,0.89,-2.09,-0.25,2.15,1.58,1.11,-3.17,-0.02,-2.19,-2.35,-1.68,-2.02,-0.95,-2.94,-3.08,-1.78,-3.55,-1.48,-4.42,-0.82,-2.86,-5.57
2018-10-31,-10.16,-5.36,-9.81,-5.0,-8.44,-7.61,-6.14,-10.02,-9.86,-4.84,-7.39,-3.74,-8.99,-3.72,-4.9,-1.52,-11.78,-9.16,-12.8,-8.7,-16.39,-9.32,-12.52,-14.19,-11.04,-7.73,-9.3,-8.88,-12.18,-8.96,-10.25,-10.88
2018-11-30,-2.4,4.34,4.1,1.69,3.12,-0.05,-0.16,2.87,1.5,3.17,1.6,1.3,1.7,2.82,3.69,3.76,0.16,-1.16,-1.1,-0.55,0.68,2.06,2.75,-1.26,0.83,0.75,3.67,-1.05,2.79,4.05,4.24,1.93
2018-12-31,-10.59,-8.7,-7.47,-7.64,-7.45,-12.08,-10.28,-9.99,-7.31,-10.61,-8.25,-12.51,-9.17,-9.49,-9.83,-6.8,-13.5,-14.65,-12.11,-10.09,-12.52,-6.37,-12.28,-14.71,-12.47,-10.8,-11.9,-10.64,-12.32,-12.35,-11.72,-12.33
2019-01-31,10.04,6.63,6.59,6.73,7.7,12.78,11.2,9.79,8.71,9.32,9.53,8.18,9.67,8.06,6.92,3.99,14.4,11.39,12.69,9.47,13.39,8.14,8.58,16.12,9.21,10.03,9.26,10.29,12.33,10.13,9.64,11.76
2019-02-28,2.2,5.16,4.65,3.47,2.68,4.95,2.76,1.1,3.54,2.95,3.12,4.17,3.31,2.91,4.6,3.58,5.54,6.21,2.83,4.12,9.69,4.14,4.13,2.11,5.26,3.17,5.84,2.71,6.74,3.8,4.58,5.15
2019-03-31,5.75,-2.19,2.92,3.05,-0.4,0.27,-1.69,0.59,2.32,-1.08,0.66,-2.16,3.66,-0.73,1.21,0.89,-2.69,-2.87,-3.87,-3.38,0.79,-2.58,-3.13,0.73,-4.48,-1.36,-4.8,-1.0,-3.11,-3.48,-4.44,-3.45
2019-04-30,4.72,1.07,4.46,3.17,5.1,4.57,7.27,4.81,4.46,8.27,2.38,0.35,7.0,8.13,1.72,1.09,5.83,2.94,5.87,3.24,-1.19,1.66,2.71,-1.0,3.76,2.48,6.19,5.21,3.99,4.74,5.16,-0.15
2019-05-31,-7.93,-7.2,-5.57,-5.34,-8.32,-8.38,-4.89,-6.57,-7.47,-7.57,-5.7,-6.29,-6.57,-5.6,-6.63,-4.1,-11.1,-8.58,-9.75,-8.95,-5.51,-10.51,-4.93,-7.91,-9.54,-6.98,-7.66,-7.86,-10.0,-7.77,-8.49,-8.77
2019-06-30,8.46,6.82,6.29,7.36,7.22,8.64,7.29,7.57,5.73,6.59,5.43,6.85,8.22,5.68,8.07,6.52,9.01,8.73,7.32,5.79,7.19,6.09,4.5,8.73,6.35,5.76,7.7,6.81,8.53,9.1,8.51,7.8
2019-07-31,0.91,1.64,2.61,1.92,2.6,-0.7,1.83,0.13,4.17,0.52,-0.12,2.45,0.82,1.75,0.72,2.02,-1.67,1.14,-3.3,-1.06,-2.64,3.34,1.88,-1.28,0.78,2.65,2.35,1.13,-2.09,0.23,0.58,0.64
2019-08-31,-0.62,1.13,-0.65,0.03,-3.12,-1.37,-3.3,-7.84,-2.57,-4.45,-0.19,-4.53,-4.26,-3.49,-2.77,-4.73,-6.43,-8.02,-9.41,-8.36,-3.98,-5.69,-4.05,-6.13,-7.81,-6.14,-5.97,-9.11,-2.17,-4.49,-5.75,-10.63
2019-09-30,-1.65,1.02,1.9,2.92,-3.67,2.45,5.74,4.77,2.93,3.2,1.97,3.92,-1.24,2.86,0.21,2.23,1.48,3.64,5.93,3.03,-4.63,3.76,-1.77,0.07,3.94,3.99,3.83,5.27,3.83,6.68,4.45,6.27
2019-10-31,1.89,3.23,2.96,3.09,2.99,0.42,2.9,-0.89,2.68,2.64,-0.12,2.11,2.89,1.03,4.42,1.44,2.48,3.25,1.71,1.62,5.83,1.92,4.26,1.49,0.94,2.67,1.46,2.16,2.41,4.58,1.59,0.64
2019-11-30,3.22,1.64,4.7,4.2,7.98,3.0,1.78,4.9,4.34,3.16,1.72,4.1,5.14,5.45,4.33,2.35,3.8,2.99,3.24,7.77,9.39,3.07,13.77,4.82,2.61,3.78,2.62,1.25,2.69,3.18,0.66,2.12
2019-12-31,1.65,2.0,2.64,5.79,-0.49,3.23,6.5,2.86,2.08,2.99,1.94,1.39,3.59,0.86,4.62,2.34,3.4,2.35,4.54,3.96,5.77,5.6,0.59,6.02,3.84,3.45,2.64,3.16,3.4,3.43,4.26,5.58
2020-01-31,3.75,0.37,2.01,0.81,4.27,0.98,6.15,-3.8,2.15,-5.7,3.06,-3.95,-0.71,-3.13,-4.1,-2.11,-4.05,-4.03,-7.34,-7.7,-1.44,-3.2,-4.84,-3.72,-4.52,-7.43,-4.81,-4.67,-3.61,-6.11,-5.82,-7.57
2020-02-29,-6.49,-7.59,-6.83,-9.01,-5.31,-9.46,-8.15,-11.43,-7.22,-11.23,-9.63,-8.91,-5.37,-9.16,-7.78,-9.93,-5.86,-11.59,-12.4,-12.72,-4.46,-7.43,-3.22,-6.47,-9.31,-10.12,-9.35,-9.13,-7.66,-10.29,-9.78,-11.75
2020-03-31,-8.35,-12.21,-8.23,-8.83,-14.49,-15.3,-19.86,-21.18,-13.03,-20.43,-15.95,-18.71,-13.98,-13.12,-13.31,-8.87,-30.93,-26.91,-30.52,-21.32,-17.98,-20.0,-20.38,-20.25,-23.91,-22.29,-20.39,-20.57,-23.92,-19.94,-19.48,-21.95
2020-04-30,17.93,11.56,11.25,13.04,16.85,8.26,14.2,18.84,13.46,16.63,12.53,9.59,16.3,10.15,15.49,12.4,20.11,23.69,20.27,21.77,17.93,12.69,14.83,18.9,14.62,13.38,9.21,13.23,14.5,11.9,10.39,15.56
2020-05-31,3.94,8.2,4.5,4.48,12.82,1.8,4.24,5.73,5.14,4.03,9.43,2.27,8.97,4.37,4.26,3.96,14.63,5.91,10.1,8.65,11.66,10.1,7.74,6.07,5.83,5.12,1.19,-0.43,7.13,2.35,3.47,3.62
2020-06-30,7.01,0.84,4.8,4.84,3.67,-1.08,6.77,3.28,0.05,-1.87,1.06,-1.02,1.99,-1.18,-0.34,-1.21,3.28,5.71,3.08,6.07,5.16,1.72,4.46,8.39,3.23,1.18,2.09,5.09,4.47,2.37,1.08,0.68
2020-07-31,9.53,1.49,2.89,9.11,7.43,3.0,3.27,4.2,6.85,3.96,11.22,1.34,8.48,6.14,4.4,6.06,2.76,0.31,5.37,0.51,1.17,7.2,2.96,6.05,1.21,-0.52,0.66,8.1,3.13,3.44,1.55,4.21
2020-08-31,9.63,8.8,8.43,11.94,7.35,-0.51,3.69,3.15,6.52,2.64,15.23,0.93,9.43,3.15,5.8,4.45,7.54,8.9,10.71,8.4,8.51,0.31,5.02,1.74,5.07,4.44,3.61,6.87,7.14,4.01,3.01,7.59
2020-09-30,-4.64,-0.4,-4.3,-5.77,-0.95,-4.55,-3.6,-4.83,-6.34,-3.61,-4.84,-4.73,-7.22,-1.15,-1.35,-0.88,-2.8,-7.94,-3.09,-2.89,2.07,-4.65,-2.83,-2.22,-5.55,-7.62,-6.12,-5.99,-3.45,-4.82,-6.02,-4.52
2020-10-31,-4.5,-5.15,-2.52,-5.03,-0.8,-0.31,0.55,-0.88,1.84,0.34,-2.22,-1.8,0.02,-1.29,-2.01,0.99,2.77,4.31,1.78,4.8,-2.88,-1.23,5.01,0.81,7.09,6.53,6.81,-3.02,5.02,4.66,5.15,3.39
2020-11-30,8.51,12.81,7.89,11.04,13.98,14.03,13.79,21.44,10.02,11.67,17.73,13.73,8.84,15.26,11.24,12.39,20.53,30.53,21.59,18.36,24.21,19.67,20.07,24.37,18.32,17.65,14.94,23.58,17.51,15.57,13.13,23.38
2020-12-31,3.19,3.01,2.81,7.82,5.75,6.44,7.12,3.14,2.4,4.72,8.02,3.41,4.4,3.23,2.79,2.3,9.78,8.37,9.16,5.92,14.47,8.64,12.99,9.33,8.67,8.13,8.2,11.04,6.86,8.31,8.87,7.93
2021-01-31,-2.96,-3.34,0.59,-0.3,-0.06,1.84,-1.74,4.18,1.11,0.67,3.63,3.52,-2.21,-1.46,-3.71,-1.3,3.52,3.79,2.48,6.97,7.76,10.63,8.37,15.4,3.92,3.3,1.85,5.82,3.04,1.56,2.54,44.46
2021-02-28,0.86,5.92,1.57,-3.22,4.05,9.16,5.66,5.35,6.0,4.1,-2.5,6.06,4.08,6.16,2.06,4.15,10.56,7.69,15.17,13.71,2.7,7.59,7.1,4.6,10.69,12.04,10.17,15.18,10.59,14.99,10.78,-11.75
2021-03-31,1.5,4.92,3.38,4.21,-4.71,4.9,2.9,3.55,0.97,6.31,4.82,5.16,5.11,5.83,6.08,6.97,4.47,8.53,3.63,5.57,-6.74,-2.26,-0.61,-2.98,3.25,5.83,6.92,1.48,4.91,6.55,5.26,17.98
2021-04-30,8.77,2.31,6.36,4.07,4.68,4.82,4.03,5.22,11.08,4.88,5.73,3.8,5.21,4.18,5.08,1.64,4.8,2.78,5.06,5.28,0.87,-0.49,-1.24,-0.74,1.83,2.83,2.29,-1.86,2.96,1.64,2.2,-0.58
2021-05-31,-2.22,1.56,0.27,-1.01,-2.99,3.71,1.18,5.06,-0.3,2.73,-0.85,1.6,0.22,2.3,1.12,3.23,3.03,6.12,2.94,3.86,-5.06,4.83,-3.59,-1.21,1.27,5.01,3.3,1.83,4.23,6.08,3.51,9.64
2021-06-30,6.51,0.63,5.15,4.7,4.96,0.88,-1.07,-2.02,4.41,0.03,-0.18,-1.53,4.61,-2.28,1.46,0.36,-0.8,0.11,-1.43,-2.57,9.82,0.46,3.37,7.8,0.1,-2.63,-2.43,3.5,0.95,-1.48,-2.49,0.58
2021-07-31,1.13,3.77,2.01,4.32,-0.53,-2.84,-2.38,-3.86,3.17,1.79,-1.04,1.13,0.62,2.06,5.89,0.26,-1.93,-0.83,-1.33,-1.07,-8.05,-9.68,-5.18,-10.23,-3.19,-2.62,-1.88,-2.09,-0.19,-1.05,0.55,-2.56
2021-08-31,3.47,2.81,-0.28,3.25,4.23,1.13,2.76,-1.79,5.14,2.71,4.97,2.2,4.88,3.2,5.44,0.83,1.89,1.8,1.59,0.25,3.61,1.7,4.99,2.66,1.36,2.47,3.38,-3.02,1.64,0.87,1.17,-0.11
2021-09-30,-6.23,-5.47,-3.05,-6.55,-3.57,-2.48,-1.96,2.94,-1.31,-5.19,-3.3,-2.95,-6.13,-5.32,-7.08,-2.71,-3.49,1.68,-5.41,-1.56,-5.98,-1.46,-4.91,4.2,-1.39,-4.05,-2.16,-0.97,-2.78,-1.75,-3.02,-4.74
2021-10-31,6.53,10.35,3.12,5.61,4.44,1.23,4.18,5.37,19.24,5.53,6.99,3.91,5.12,4.02,10.29,3.02,4.48,3.5,4.07,1.47,-0.73,4.27,6.41,4.41,4.44,2.36,2.94,4.03,6.11,5.32,3.7,5.15
2021-11-30,2.59,0.24,-3.71,4.69,-8.86,-8.63,-8.17,-5.2,-0.94,-3.06,-5.2,0.92,2.72,-3.28,-3.03,-5.43,-2.21,-1.44,0.3,-1.29,-10.22,-5.94,-7.07,-10.25,-3.68,-1.01,-2.38,-5.88,1.42,-0.44,-0.07,-4.03
2021-12-31,0.82,3.81,7.51,7.88,-6.5,6.18,-1.07,4.99,-1.44,7.51,5.39,5.97,0.54,6.29,3.78,6.93,3.35,2.03,6.48,4.54,-4.3,6.09,0.57,-0.08,3.0,6.31,7.04,5.13,3.69,3.7,7.09,4.14
2022-01-31,-10.47,-5.69,-3.94,-2.59,-14.8,-4.59,-0.33,9.65,-9.1,-0.28,-4.48,-2.49,-10.53,-3.92,-7.08,-0.3,-9.95,-4.0,-8.61,-7.92,-17.8,-8.34,-8.41,-3.22,-4.97,-4.5,-3.93,-2.87,-9.89,-6.79,-6.7,-6.03
2022-02-28,-0.16,-2.78,-4.15,-3.01,-1.26,0.96,0.63,2.38,-3.47,0.12,0.55,-0.82,-10.5,-2.39,-1.38,-1.3,0.16,3.39,-0.27,5.52,-1.52,2.24,1.49,6.05,2.11,-0.71,1.5,8.04,-0.91,1.28,-0.74,6.28
2022-03-31,4.85,3.2,1.89,5.16,1.23,-1.42,-1.21,4.59,7.83,5.35,-1.42,3.71,3.37,4.93,3.02,2.11,-3.52,1.32,0.16,-1.06,2.92,2.96,1.47,9.24,0.05,1.13,-0.23,4.64,-3.03,1.13,1.21,5.49
2022-04-30,-12.76,-7.24,-5.67,-7.44,-17.71,-10.65,-7.11,-3.04,-14.33,-7.43,-11.22,-4.99,-14.64,-4.74,-11.39,-2.48,-9.21,-7.49,-6.94,-7.78,-19.38,-10.3,-10.54,-9.46,-7.48,-5.87,-7.35,-4.56,-7.44,-4.12,-6.61,-7.49
2022-05-31,-2.42,-1.21,1.68,-3.07,-10.16,-3.64,1.29,8.38,-3.62,0.59,2.98,6.66,3.27,-1.74,-0.59,3.37,0.01,2.92,3.18,2.43,-9.85,-1.54,-1.89,5.74,1.75,3.46,2.68,-2.33,0.44,3.42,4.49,2.69
2022-06-30,-6.19,-6.16,-7.23,-7.82,-6.95,-12.54,-9.15,-14.58,-7.68,-10.18,-11.05,-9.54,-11.56,-7.88,-5.22,-9.52,-5.91,-7.77,-8.65,-14.74,0.75,-7.95,-11.2,-14.96,-7.2,-8.42,-5.81,-12.14,-7.18,-10.39,-5.01,-10.51
2022-07-31,13.68,8.27,12.51,1.63,11.57,8.79,7.52,6.68,9.01,7.31,9.02,8.74,19.0,4.94,10.36,4.26,17.07,11.0,9.21,15.11,13.01,6.95,8.45,9.5,14.03,6.06,9.14,8.51,10.55,8.26,10.99,9.39
2022-08-31,-5.01,-4.88,-4.89,-2.54,-1.7,-0.09,1.76,-1.62,-2.64,-0.98,-3.58,-1.47,-6.25,-2.41,-6.01,-3.71,-6.45,-2.98,-3.92,-2.97,2.13,-3.2,2.78,8.54,0.29,-2.35,-2.86,-1.22,-4.01,-4.07,-2.13,-5.97
2022-09-30,-9.56,-6.98,-11.24,-7.42,-8.77,-7.88,-8.48,-10.36,-7.95,-9.48,-6.87,-9.74,-11.25,-6.38,-8.76,-8.86,-12.12,-11.12,-10.86,-12.72,-9.52,-9.9,-9.02,-9.63,-6.96,-9.45,-9.78,-11.49,-9.85,-9.59,-8.06,-8.47
2022-10-31,8.94,12.34,7.4,11.82,3.95,10.59,7.44,12.52,10.64,11.69,8.95,14.38,1.18,5.96,3.09,12.21,12.49,13.11,11.09,13.67,3.5,13.2,4.45,3.36,7.44,13.04,13.62,14.18,11.65,12.47,12.73,18.15
2022-11-30,8.5,5.78,4.92,6.97,-0.22,3.02,4.23,3.53,6.11,5.54,6.74,5.12,3.38,5.83,4.0,7.76,4.69,5.64,4.72,4.0,-5.63,0.97,-2.71,0.4,-0.6,3.73,3.3,3.6,2.25,5.44,3.58,4.93
2022-12-31,-5.89,-4.95,-7.49,-3.13,-8.75,-5.19,-6.1,-4.57,-5.17,-2.61,-4.52,-4.47,-9.45,-3.67,-10.55,-2.87,-5.83,-6.77,-7.35,-7.02,-8.01,-8.46,-4.3,-1.17,-8.65,-5.73,-5.17,-5.63,-7.63,-5.18,-5.87,-5.1
2023-01-31,7.63,5.43,7.65,-0.64,12.61,5.95,2.99,9.7,4.9,5.41,3.62,3.24,17.14,3.22,10.29,4.28,13.31,9.17,12.57,12.92,14.89,19.83,13.63,14.32,9.36,6.94,7.86,10.91,10.76,9.43,7.13,9.77
2023-02-28,-4.4,-3.85,-0.08,-1.87,-1.09,-3.11,-0.3,-2.53,-2.84,-4.5,-2.96,-3.95,-2.11,-1.45,-2.34,-4.07,-0.42,0.64,-0.37,-4.77,-4.86,-2.28,-3.81,-5.68,-1.82,-1.23,-0.96,-2.28,-0.07,-2.06,1.97,-2.16
2023-03-31,2.73,2.7,9.38,2.95,5.06,-1.79,0.88,-0.2,-6.24,-1.81,-1.51,-3.59,7.67,2.92,5.49,-0.67,-5.5,-5.51,-3.38,-5.54,-6.48,-5.77,-4.41,-4.97,-2.07,-1.89,-3.86,-6.07,-5.89,-6.5,-7.0,-6.37
2023-04-30,-2.24,3.67,2.83,0.66,-5.15,-1.39,-0.77,1.26,1.75,2.44,0.75,1.83,1.3,3.59,-1.43,1.82,-1.02,-2.09,-1.54,1.67,-1.68,-1.0,-7.93,3.54,-1.9,-2.45,-1.32,-1.52,-1.98,-3.82,-4.71,-1.65
2023-05-31,-2.51,-1.31,3.08,-2.15,6.41,-4.25,0.89,-5.17,-0.05,-8.75,-2.53,-5.44,11.28,-1.49,6.98,-4.67,0.09,-6.76,-0.83,-0.34,6.68,0.48,-3.38,-0.77,-2.17,0.32,5.1,-3.92,-3.18,-2.13,-1.83,-8.05
2023-06-30,6.54,9.01,7.17,5.01,3.99,7.18,7.71,6.94,7.09,4.44,5.41,6.33,8.64,6.63,7.23,7.81,11.18,10.03,7.44,10.05,4.49,12.5,7.01,-0.07,7.88,5.85,8.09,9.3,12.11,9.02,8.59,9.66
2023-07-31,0.63,1.77,2.74,4.64,4.39,2.32,5.22,3.82,3.73,4.21,2.94,7.27,6.48,6.05,1.61,1.78,5.48,6.18,8.79,8.91,6.68,7.72,5.37,5.42,8.14,6.38,4.45,6.48,7.28,7.7,8.22,8.5
2023-08-31,-2.44,-1.05,0.67,-0.45,-5.29,-0.24,-4.57,-4.16,0.79,-1.78,-3.95,-6.24,-1.78,-0.39,-1.93,0.55,-2.04,-5.4,-4.24,-5.46,-7.27,-7.1,-9.01,-12.3,-6.65,-5.62,-5.26,-5.15,-1.3,-5.84,-3.86,-5.48
2023-09-30,-4.19,-6.93,-4.13,-4.43,-6.9,-3.77,-2.21,-3.89,-6.72,-4.09,-4.99,-3.27,-4.05,-4.42,-1.06,-3.78,-0.66,-5.76,-5.08,-2.6,-6.38,-7.01,-9.33,-11.04,-6.01,-4.42,-6.07,-7.51,-6.67,-5.38,-5.82,-5.39
2023-10-31,2.42,-1.27,-1.78,-2.4,-3.69,-1.77,-1.32,-5.33,0.53,-5.49,-1.02,-3.92,-5.48,-3.31,-5.94,-1.7,-7.49,-4.36,-5.1,-2.97,-13.1,-8.77,-9.17,-11.94,-7.07,-4.49,-5.04,-6.89,-4.05,-5.18,-3.75,-5.65
2023-11-30,11.94,9.59,6.29,5.68,16.2,6.48,15.15,11.59,10.12,7.31,10.07,9.99,11.89,7.75,5.04,2.05,5.5,8.24,4.46,13.39,14.86,13.23,10.86,13.06,7.42,8.05,6.17,8.08,8.11,10.13,9.66,9.86
2023-12-31,2.37,2.3,5.38,9.72,9.49,2.39,7.31,7.24,5.52,7.57,3.72,8.65,5.47,3.88,4.07,3.98,10.73,12.61,8.97,10.3,16.31,12.14,13.74,18.68,13.05,9.86,9.46,13.0,13.02,13.8,13.37,15.19
2024-01-31,3.75,-1.21,2.62,2.69,1.1,4.3,-2.28,0.63,1.78,-0.2,2.03,0.62,3.93,1.19,0.59,0.64,-3.88,-3.71,-4.68,-3.63,-3.43,-5.16,-6.7,-3.85,-7.13,-5.77,-5.53,-3.79,-2.91,-4.02,-4.48,-3.09
2024-02-29,5.25,2.38,3.85,5.05,6.9,6.21,3.66,4.84,10.84,2.61,3.57,5.83,15.68,0.77,3.46,1.66,4.88,0.25,4.39,6.81,7.06,8.11,2.51,13.22,6.04,2.69,1.02,1.93,4.41,2.13,0.87,0.45
2024-03-31,2.17,-0.5,4.78,4.44,0.05,4.54,3.89,3.85,2.94,4.24,3.3,6.84,4.94,3.84,5.16,3.85,3.02,2.45,3.01,6.14,-1.58,0.35,1.0,0.19,4.84,3.51,5.47,5.03,3.68,4.48,2.78,4.5
2024-04-30,-6.38,-1.95,-3.62,-6.34,-6.95,-3.93,-7.3,-4.26,-4.21,-2.93,-4.13,-3.06,-5.27,1.31,-2.01,-4.35,-6.92,-8.14,-6.05,-9.1,-9.43,-6.7,-4.82,-11.08,-6.65,-5.93,-4.8,-7.15,-5.12,-5.14,-5.34,-6.42
2024-05-31,6.46,6.84,2.26,1.48,0.37,2.96,3.07,3.49,0.69,2.29,3.94,4.39,12.72,3.28,3.9,5.48,5.57,2.78,0.84,13.02,7.26,3.59,1.48,-1.01,5.03,7.47,6.88,4.28,7.0,4.58,4.22,2.95
2024-06-30,4.35,5.79,0.46,6.89,1.63,-2.39,1.04,0.17,6.67,-1.17,-0.33,-0.41,8.66,3.58,-1.28,1.39,-6.35,-3.5,-3.79,-4.0,-0.51,-0.53,-1.5,-2.6,-0.81,0.03,-2.35,-1.78,-0.91,-0.59,-1.59,-1.75
2024-07-31,-3.6,3.91,4.56,2.54,2.2,2.67,3.33,1.54,8.69,5.64,5.41,6.92,-2.73,2.24,3.35,-3.02,11.35,11.09,9.07,12.41,9.69,8.07,9.58,11.31,9.38,6.93,11.59,8.24,13.14,10.2,13.35,8.78
2024-08-31,2.85,2.82,2.47,3.71,3.8,0.99,-1.55,-0.11,1.43,0.52,3.03,3.04,-0.44,1.91,4.84,3.53,-2.75,-1.93,-1.79,1.07,-2.2,-0.35,-0.64,0.21,-0.39,1.11,-2.97,-5.02,-2.22,-3.14,-1.75,-2.47
2024-09-30,1.58,1.28,2.84,2.86,2.27,4.05,1.7,2.25,4.12,0.57,3.24,2.42,3.5,1.85,-1.43,1.93,0.98,0.31,2.31,4.04,1.13,2.93,-1.23,0.44,0.35,1.16,-0.4,0.74,0.92,0.34,0.71,1.19
2024-10-31,-3.98,-3.23,-1.62,-1.82,2.49,-1.51,0.45,-2.19,-2.2,1.1,-1.8,-1.71,-0.05,0.92,-0.48,6.89,-1.88,-2.98,-1.32,-3.12,2.3,-1.19,0.47,-2.04,-2.53,-0.52,-2.22,-0.93,-0.48,-1.09,-0.88,-4.27
2024-11-30,4.3,5.68,6.35,1.23,15.04,7.39,8.71,4.59,14.76,7.76,5.65,5.38,5.19,6.75,9.52,6.41,13.49,10.34,12.45,10.55,11.38,23.57,9.8,9.39,11.01,8.65,8.16,9.28,16.23,13.3,13.58,5.15
2024-12-31,-3.73,0.69,-6.33,5.33,-5.6,-3.9,-7.22,-5.82,0.37,-6.79,-8.41,-6.8,2.52,-6.81,-6.19,-4.05,-8.53,-6.24,-9.82,-7.15,-8.85,-6.12,-8.46,-7.49,-7.23,-6.37,-7.33,-7.54,-7.04,-7.93,-7.62,-6.73
2025-01-31,2.04,-2.52,6.29,0.57,8.01,3.61,5.67,5.63,2.06,5.9,6.78,8.3,8.78,2.72,6.33,-5.19,3.32,-0.35,1.14,0.2,2.68,1.97,6.59,1.73,0.46,1.84,2.1,1.79,1.48,1.84,5.73,3.0
2025-02-28,-0.62,1.68,0.65,-0.94,-5.24,-5.23,-2.06,0.33,-7.57,-2.0,1.86,-1.21,-9.88,3.56,-0.52,3.36,-7.0,-9.95,-7.06,-5.36,-7.7,-8.81,-6.01,-8.83,-4.55,-5.01,-2.4,-7.81,-4.69,-4.96,-3.95,-5.89
2025-03-31,-6.64,-5.98,-2.88,-6.35,-8.69,-5.76,-4.95,-5.48,-3.43,-5.11,-0.66,-5.01,-8.59,0.16,-4.87,-10.65,-6.28,-4.79,-4.6,-6.45,-10.84,-11.32,-8.27,-10.35,-6.16,-6.55,-6.5,-9.2,-6.17,-5.49,-3.2,-5.21
2025-04-30,2.86,-4.21,-2.48,0.33,8.18,-3.33,-2.94,-2.0,1.28,-2.77,-2.67,-3.11,-2.16,-3.15,0.24,1.19,-3.63,-5.07,-3.8,-7.45,0.59,1.33,-0.58,-0.72,-1.58,-4.21,-2.86,-7.21,-1.18,-4.19,-4.79,-4.41
2025-05-31,8.53,-2.11,4.55,8.54,8.34,6.31,4.98,6.31,5.49,5.93,1.74,4.92,8.14,3.37,4.96,15.91,7.49,5.71,10.2,5.49,1.1,8.52,0.95,3.27,4.53,2.94,4.41,9.31,6.3,6.17,5.87,7.12
2025-06-30,7.22,1.94,2.15,4.27,7.26,8.33,4.96,7.07,-2.87,5.14,1.96,3.99,6.69,5.06,4.63,11.39,4.61,1.8,7.28,5.51,6.73,11.45,9.37,10.15,7.31,3.66,3.24,5.51,4.81,1.01,2.2,0.02
2025-07-31,5.35,-0.09,1.51,0.5,2.36,3.34,-0.63,0.62,-1.11,0.51,0.41,3.23,6.57,-0.51,0.04,0.15,1.9,0.33,2.86,-1.53,5.44,-0.79,-0.13,3.47,1.11,1.16,0.96,1.36,1.02,2.62,0.12,-1.46
2025-08-31,-2.08,7.45,0.58,2.77,-0.13,1.27,1.78,3.11,2.61,4.36,3.94,3.06,3.34,1.63,5.19,1.31,3.62,7.78,6.5,10.51,6.87,13.86,10.34,4.73,9.1,8.42,6.99,7.09,8.1,5.51,9.43,8.69
2025-09-30,3.78,5.01,4.73,-2.11,4.0,1.85,7.59,3.68,9.31,0.99,1.03,1.13,5.09,4.42,2.69,0.78,-0.06,-1.69,-1.77,-1.09,7.45,-1.08,3.75,7.78,0.44,0.68,0.06,0.71,-0.6,-2.32,-1.87,-2.32
2025-10-31,1.42,2.49,-1.87,2.44,2.74,11.53,11.28,0.98,0.09,0.14,-2.09,2.02,10.88,-1.41,-0.67,-2.47,-2.43,0.48,-5.33,-3.56,12.74,2.83,2.03,5.23,0.2,-1.83,-2.08,0.25,-2.53,-0.47,-3.95,-5.56
2025-11-30,-3.96,1.76,-4.57,3.14,-7.05,-3.37,2.37,2.76,-3.46,2.63,5.32,0.03,5.08,3.97,3.33,2.67,1.38,-1.58,0.69,1.9,2.96,1.65,7.05,-4.13,3.51,3.13,3.76,1.22,1.2,5.47,2.17,2.87
2025-12-31,1.35,-1.62,0.99,-1.27,-0.1,2.03,6.16,2.5,0.41,4.21,-2.39,1.94,-3.73,1.73,0.27,0.81,1.64,1.07,1.74,4.7,-1.28,0.32,4.16,-3.95,-1.01,3.04,-0.85,-1.93,1.98,0.43,2.18,1.34
2026-01-31,-0.87,0.69,-3.6,4.48,-7.11,2.99,18.32,2.79,-1.38,1.86,0.44,4.3,4.27,3.34,2.42,4.27,4.54,7.23,5.63,3.01,3.08,2.4,2.34,0.91,5.9,10.85,8.78,6.38,5.88,4.45,5.95,6.94
2026-02-28,-3.88,3.96,-1.59,8.3,-6.37,-2.95,1.3,2.42,-2.43,-6.05,6.12,2.78,-6.81,3.36,5.58,6.32,1.68,0.34,3.41,0.95,-1.38,0.78,1.08,1.89,-1.12,1.62,2.51,-1.79,1.66,-0.03,-0.33,-0.41
2026-03-31,-5.32,-5.37,-4.96,-8.42,-2.74,-3.95,-11.5,-3.17,-3.23,-2.78,-4.47,-0.9,-4.62,-4.39,-6.08,-7.71,-4.66,-6.3,-3.91,-3.05,-3.38,-3.65,-4.43,-0.67,-3.67,-5.28,-2.8,-0.75,-3.98,-3.9,-2.33,-5.42
2026-04-30,9.14,5.68,5.24,3.43,5.28,25.69,24.73,14.09,0.68,7.48,1.33,2.93,29.23,4.29,5.64,3.27,9.95,12.02,6.72,7.17,12.71,8.77,10.24,14.81,10.4,10.03,11.29,14.38,10.57,9.65,6.96,6.59
2026-05-31,6.96,7.36,7.51,-2.58,8.4,15.27,51.11,5.29,5.43,0.77,-1.62,0.76,2.35,-3.0,0.32,2.35,-2.81,1.58,-1.11,-3.99,10.2,4.49,0.49,8.26,1.8,4.85,2.29,1.26,-3.02,2.11,2.56,1.37
2026-06-30,-3.66,0.02,-7.82,1.28,-2.87,7.69,12.2,7.45,-1.88,2.65,5.26,2.9,-7.97,0.99,4.18,5.37,5.58,5.13,4.72,-1.7,5.44,8.3,6.06,3.34,11.38,6.83,9.38,5.61,6.48,5.65,4.84,8.92
2026-07-31,1.73,-2.18,1.55,4.53,-11.68,2.09,-14.14,-9.3,3.44,2.93,1.05,7.42,-0.3,2.75,0.76,2.12,2.54,6.85,4.43,6.49,-9.19,-6.33,-6.41,-4.98,-0.55,2.56,-0.82,-0.35,0.8,1.8,1.8,0.81
