Date,SMALL LoPRIOR,ME1 PRIOR2,ME1 PRIOR3,ME1 PRIOR4,SMALL HiPRIOR,ME2 PRIOR1,ME2 PRIOR2,ME2 PRIOR3,ME2 PRIOR4,ME2 PRIOR5,ME3 PRIOR1,ME3 PRIOR2,ME3 PRIOR3,ME3 PRIOR4,ME3 PRIOR5,ME4 PRIOR1,ME4 PRIOR2,ME4 PRIOR3,ME4 PRIOR4,ME4 PRIOR5,BIG LoPRIOR,ME5 PRIOR2,ME5 PRIOR3,ME5 PRIOR4,BIG HiPRIOR
1927-01-31,-1.78,3.05,3.66,1.59,-4.83,-2.89,9.74,-0.33,1.7,1.66,-4.71,1.33,2.86,1.95,-1.04,-2.76,2.81,-0.42,1.92,2.88,-6.16,-1.12,0.32,0.38,-0.67
1927-02-28,6.17,5.99,6.35,8.38,6.81,5.05,6.66,5.74,6.86,5.88,6.33,5.6,9.22,7.59,6.87,7.8,13.5,3.52,4.01,5.35,5.42,4.64,3.88,2.88,5.51
1927-03-31,-3.88,2.48,-4.46,-6.85,-1.09,-4.19,-4.88,-0.69,0.27,-0.67,-5.66,-3.64,-1.65,-3.26,-1.35,-8.72,-5.05,-1.32,-0.16,2.02,3.82,-4.39,-1.37,1.78,3.45
1927-04-30,0.91,-0.9,0.39,7.44,-7.3,-1.12,1.04,-1.82,3.67,7.35,-7.68,-0.28,1.16,-0.56,3.42,-1.61,-2.44,0.85,0.09,1.06,-99.99,-0.99,0.32,0.46,4.15
1927-05-31,5.05,10.74,1.77,14.45,22.78,-0.22,3.51,12.7,3.09,6.33,1.42,4.69,13.21,6.34,7.48,4.48,4.15,3.66,8.86,9.67,5.32,3.32,5.79,5.2,6.72
1927-06-30,-3.51,-3.27,0.74,-1.3,-9.28,-0.47,-2.32,1.74,3.0,-4.27,-3.28,0.49,0.33,-2.06,-1.93,-5.91,-3.53,-2.26,-2.19,-1.88,-3.4,-3.1,-2.14,-1.84,-2.03
1927-07-31,3.16,5.03,4.6,5.57,9.11,5.86,7.6,4.79,3.51,5.6,3.4,2.08,2.51,4.61,10.84,7.96,4.75,7.2,8.05,5.21,2.89,4.43,8.16,8.25,11.87
1927-08-31,-1.42,-4.63,-2.72,-0.99,4.38,2.8,-0.07,2.07,2.27,-0.9,2.33,-3.77,2.04,2.39,-0.83,-0.63,4.08,1.65,1.01,-2.46,0.02,1.48,2.01,2.63,5.12
1927-09-30,1.75,-2.15,-1.23,4.6,2.29,2.43,0.32,-1.33,-0.02,3.53,3.82,3.58,2.01,3.61,3.93,3.48,4.76,3.11,4.34,8.62,1.13,3.74,5.22,4.88,6.22
1927-10-31,-7.73,-5.95,0.84,-3.68,-12.61,-2.34,-4.84,-2.93,0.34,-3.72,-3.19,-5.25,-0.08,-3.2,-1.02,-5.42,-2.86,-2.53,-2.18,-4.43,-2.63,-1.88,-3.68,-4.69,-5.81
1927-11-30,20.0,5.0,14.32,15.89,8.4,12.92,11.59,10.36,7.57,7.64,8.67,10.64,5.6,6.37,8.74,8.73,7.28,6.71,6.21,8.1,2.75,4.05,5.19,7.79,8.5
1927-12-31,3.79,-2.65,7.98,2.16,9.29,-0.35,2.73,11.48,-0.46,1.1,0.83,2.72,3.54,2.59,3.97,9.62,5.94,1.91,4.21,5.76,-1.95,0.8,1.22,1.1,5.04
1928-01-31,2.28,16.9,-3.0,1.94,6.37,4.41,0.24,4.0,3.82,6.38,-1.15,2.82,0.3,1.65,3.59,-2.23,-2.4,2.69,-0.83,0.58,-2.37,-1.67,-0.17,0.11,-1.9
1928-02-29,1.35,-1.34,5.41,-6.73,-5.2,-3.33,-3.37,-2.37,-6.11,-6.22,-4.38,-3.69,-2.31,-3.05,-3.37,-3.92,-2.88,-1.78,-2.85,-5.69,0.32,-0.88,-0.46,-2.0,-0.44
1928-03-31,5.51,5.7,5.69,-0.23,1.48,6.98,3.44,7.77,7.16,11.84,4.34,9.63,6.12,6.68,7.37,11.69,4.7,6.39,8.38,8.79,5.73,4.96,5.02,6.58,21.31
1928-04-30,11.18,35.04,17.05,6.8,9.38,8.1,2.86,28.92,3.63,6.73,5.92,6.69,6.74,6.09,8.62,5.34,4.59,10.94,1.38,4.67,9.26,10.12,3.47,2.03,0.69
1928-05-31,14.09,3.81,13.88,9.96,9.01,0.2,-0.94,4.76,4.07,1.52,0.65,3.6,-2.18,3.03,2.86,9.24,0.28,-0.71,1.84,1.93,-2.25,-2.24,1.52,1.72,4.72
1928-06-30,-9.39,-7.49,-11.79,-15.17,-12.13,-10.55,-9.42,-6.48,-6.13,-6.17,-5.73,-4.94,-3.72,-5.05,-6.61,-8.52,-6.2,-3.55,-6.32,-6.8,-8.53,-3.57,-3.59,-5.18,-3.27
1928-07-31,-1.04,5.34,-2.39,1.1,2.86,-2.48,-2.11,-1.35,0.76,-0.67,-0.27,-0.49,0.34,1.97,2.31,-0.76,-0.77,0.81,1.74,1.69,0.58,0.15,1.18,-0.38,2.35
1928-08-31,9.47,-1.92,8.65,0.43,-1.8,1.12,3.73,3.01,8.3,8.6,9.52,3.3,6.59,7.46,5.71,4.89,6.55,8.49,7.65,12.4,4.81,4.27,6.35,9.07,9.84
1928-09-30,6.72,10.56,4.31,7.4,6.87,4.65,1.72,4.07,5.91,12.8,6.83,0.84,6.5,6.69,4.9,3.54,1.69,5.33,6.63,7.93,1.63,0.97,0.69,3.72,5.58
1928-10-31,0.95,-5.24,-3.06,2.26,9.79,-0.89,4.37,0.82,3.45,4.78,-5.81,2.2,0.21,0.99,6.63,-2.59,-0.07,0.64,-0.33,3.56,-1.44,0.8,1.24,3.33,3.28
1928-11-30,12.84,20.39,7.97,17.26,11.76,8.45,7.98,15.38,6.06,13.97,8.37,12.11,7.98,9.19,14.34,11.34,8.18,12.21,10.83,16.07,6.88,10.53,11.17,17.53,11.72
1928-12-31,-6.62,1.7,-2.57,-3.57,-8.36,-3.97,1.4,1.39,-0.14,-0.43,-0.89,1.79,2.48,-0.41,0.8,0.7,1.14,-0.27,1.82,3.25,0.43,-0.88,-1.26,2.88,0.54
1929-01-31,4.23,0.91,-3.24,0.35,4.32,-2.03,-0.12,1.98,5.3,1.5,-0.01,2.12,1.51,3.72,6.18,7.0,1.58,5.65,3.68,2.29,7.01,4.39,5.81,8.08,2.56
1929-02-28,-3.54,2.84,9.21,-4.41,1.21,-0.86,-0.4,-2.71,6.33,5.79,1.22,1.92,-1.43,-0.36,5.28,2.28,-0.21,-0.02,3.79,-0.97,-0.79,-2.93,-0.48,-0.45,1.75
1929-03-31,-2.47,-4.7,-10.21,-3.68,5.04,-5.18,-4.51,-4.07,-4.82,-0.89,-1.26,-4.43,-3.41,-4.97,-1.86,-4.98,0.8,-2.74,-5.48,-5.57,1.47,-1.67,2.98,0.25,-0.53
1929-04-30,-1.06,-4.74,2.13,2.83,2.86,2.17,2.25,0.67,-5.27,2.68,-3.84,-1.39,1.56,0.99,3.57,-6.2,-0.1,0.94,3.67,1.52,-1.51,1.22,0.77,3.94,1.8
1929-05-31,-14.98,-15.28,-10.15,-10.98,-19.57,-10.67,-9.62,-11.41,-8.08,-18.95,-7.08,-8.07,-6.71,-8.44,-10.51,-4.37,-5.25,-3.81,-9.18,-10.88,-14.05,-1.34,-5.33,-3.11,-8.46
1929-06-30,4.04,2.25,3.59,4.09,19.81,5.15,2.84,5.03,6.91,14.74,1.66,5.35,7.86,10.12,13.93,-1.33,8.26,6.76,9.12,15.66,-99.99,5.11,5.82,12.17,15.06
1929-07-31,-1.49,1.59,-2.18,-11.99,-3.51,-1.49,0.0,2.29,2.39,2.75,1.44,0.17,6.08,-0.03,3.35,0.84,3.31,2.89,3.04,2.4,-99.99,-1.05,5.65,6.81,5.51
1929-08-31,-3.46,-2.51,-4.8,2.82,4.6,-1.57,-0.38,1.35,6.23,-2.51,3.83,-0.61,2.48,5.47,-0.25,1.34,0.44,1.9,4.38,5.72,1.6,4.62,7.94,12.96,11.21
1929-09-30,-10.67,-6.63,-4.46,-8.24,-2.48,-6.31,-5.45,-2.88,-4.35,-2.85,-5.89,-2.38,-2.49,-1.55,-0.27,-14.03,-3.56,-3.52,-4.04,3.87,-12.62,-6.15,-4.64,-5.71,-5.11
1929-10-31,-20.02,-24.83,-17.86,-29.15,-25.69,-21.97,-19.25,-16.42,-22.81,-24.84,-35.73,-20.63,-16.34,-16.3,-22.35,-41.57,-20.56,-13.09,-20.08,-23.44,-30.2,-24.27,-11.84,-10.64,-21.65
1929-11-30,-13.95,-8.23,-19.48,-13.6,-7.3,-13.88,-10.24,-10.47,-9.12,-16.25,-15.37,-10.2,-9.24,-15.02,-15.37,-17.36,-7.24,-9.15,-10.32,-17.3,-15.38,-14.34,-7.49,-9.4,-14.29
1929-12-31,-10.94,-11.94,-6.95,-13.14,3.34,-11.5,-1.38,-2.69,-1.49,-3.53,-7.31,-0.12,-2.55,1.41,1.54,-5.99,1.32,0.23,-2.38,3.87,13.18,1.12,2.27,-0.89,3.58
1930-01-31,23.57,21.96,9.85,10.58,10.15,20.76,10.55,11.34,9.96,8.84,15.65,12.98,5.72,9.05,2.61,7.59,8.63,7.7,6.42,3.54,0.11,4.0,6.59,3.53,5.63
1930-02-28,7.15,3.75,20.46,3.47,5.18,-1.34,3.08,-0.07,3.91,6.7,4.42,4.08,2.24,2.16,2.64,-0.48,2.86,-0.55,1.09,3.35,-1.0,0.96,3.2,2.84,2.9
1930-03-31,23.19,9.72,10.01,16.12,14.81,8.82,9.6,5.54,4.16,10.97,11.92,10.02,16.7,5.85,10.94,8.66,5.85,7.01,5.31,6.34,-7.76,13.78,5.75,6.16,7.31
1930-04-30,-2.28,-7.24,-8.66,-5.26,-5.89,-2.18,-5.51,-5.89,-9.87,4.21,-5.33,-6.22,-6.02,-6.16,1.98,4.48,-11.21,-3.45,-5.12,-2.16,9.82,-10.73,0.41,-2.21,-1.25
1930-05-31,-8.33,-7.2,-9.78,-2.32,-5.66,-7.94,-4.0,-2.57,-2.28,-3.29,-4.07,-2.51,-2.59,0.58,-1.7,-0.4,-2.25,-5.02,-3.46,-2.98,-6.0,5.01,-0.69,-2.69,-0.84
1930-06-30,-20.9,-16.91,-25.49,-15.86,-29.7,-29.99,-22.53,-20.58,-16.05,-16.59,-25.15,-20.41,-15.3,-10.67,-18.16,-24.34,-20.57,-15.26,-13.46,-16.0,-23.58,-19.67,-16.71,-11.78,-15.31
1930-07-31,3.73,2.49,2.7,-0.85,14.42,1.71,3.71,7.44,2.24,2.42,11.91,2.56,2.77,2.34,4.7,5.83,3.29,6.83,3.88,2.88,2.18,6.76,8.16,3.98,2.98
1930-08-31,-4.92,-2.16,0.56,-6.55,-1.42,-1.68,-3.62,-2.63,-3.45,1.85,-4.43,-2.39,-3.46,0.62,0.73,-2.7,-2.46,0.69,-0.3,0.25,4.54,-4.05,2.12,1.45,0.47
1930-09-30,-24.79,-19.77,-17.56,-20.31,-3.55,-20.0,-21.43,-16.14,-12.22,-12.2,-21.8,-14.72,-16.12,-10.92,-11.54,-22.72,-17.0,-12.52,-13.47,-9.16,-23.44,-20.26,-12.76,-10.49,-10.85
1930-10-31,-11.86,-21.41,-2.09,-11.09,-3.54,-13.28,-10.4,-13.4,0.0,-7.66,-18.05,-10.4,-12.51,-9.67,-8.76,-10.83,-14.25,-10.08,-7.04,-5.96,-16.81,-17.66,-9.93,-6.33,-8.51
1930-11-30,-0.3,-1.51,-3.85,-9.46,10.63,0.37,-3.36,-1.79,1.6,-1.39,-2.3,-3.7,-2.06,-4.21,-0.98,4.72,-0.95,-3.53,-2.81,-0.77,5.97,-2.55,-2.86,-2.35,-3.26
1930-12-31,-23.54,-18.82,-25.25,-18.87,-15.01,-25.44,-21.11,-14.04,-15.61,-12.06,-12.95,-14.37,-9.07,-13.06,-5.04,-14.78,-13.1,-11.17,-11.0,-5.67,-20.04,-14.31,-10.89,-6.04,-4.28
1931-01-31,28.88,20.06,19.37,15.21,18.0,23.26,15.74,11.28,14.81,12.02,16.04,10.57,14.29,8.8,6.11,13.02,11.25,7.34,6.54,5.15,22.93,8.63,7.28,4.28,5.73
1931-02-28,32.93,21.5,22.42,38.98,7.4,21.14,15.78,13.02,12.34,5.65,16.45,20.58,15.17,12.26,11.49,30.04,13.35,15.42,7.97,4.6,43.21,22.88,14.85,10.02,7.5
1931-03-31,-8.78,-3.49,-3.84,-13.83,10.75,-13.58,-4.76,-0.7,-8.5,0.59,-15.63,-8.28,-7.39,-5.48,-0.86,-16.7,-12.95,-10.49,-6.07,-0.24,-14.86,-12.82,-6.79,-6.55,-3.94
1931-04-30,-22.01,-21.49,-13.74,-15.86,-16.87,-20.11,-20.63,-17.99,-9.83,-10.42,-19.8,-17.98,-15.86,-17.2,-10.92,-20.33,-15.83,-17.14,-10.75,-8.39,-15.81,-20.21,-12.68,-9.73,-5.03
1931-05-31,-17.65,-8.82,-14.5,-11.5,-0.19,-16.89,-16.6,-13.6,-7.58,-8.54,-22.58,-16.68,-15.84,-11.62,-6.32,-25.21,-22.52,-17.34,-12.0,-10.23,-14.88,-14.2,-15.27,-13.28,-11.0
1931-06-30,25.69,20.15,29.42,10.24,28.3,29.38,15.63,16.95,9.13,9.76,29.79,23.12,14.58,10.06,8.19,38.61,29.41,22.95,12.41,7.55,39.29,21.43,16.6,13.53,10.24
1931-07-31,-10.17,-11.77,-3.14,-0.49,-3.63,-10.79,-9.0,-4.12,-4.35,-2.83,-16.07,-11.61,-6.84,-7.16,-3.08,-11.94,-14.54,-7.03,-3.53,-1.59,-15.09,-11.32,-9.46,-6.38,-3.39
1931-08-31,-5.66,-8.96,-6.26,4.13,-1.82,2.57,-1.95,-2.11,-3.84,-4.76,-6.23,-1.36,0.79,-3.0,0.14,8.31,-1.14,-0.54,-3.01,-0.37,0.31,3.68,1.84,-1.67,0.72
1931-09-30,-34.72,-30.63,-31.43,-20.27,-37.39,-39.2,-35.97,-31.86,-33.3,-26.79,-40.19,-34.21,-31.82,-32.11,-25.6,-37.97,-36.88,-29.97,-32.56,-21.45,-40.6,-32.13,-29.09,-27.54,-26.66
1931-10-31,6.19,18.07,4.25,10.01,23.24,16.34,12.29,5.43,7.28,18.93,6.84,11.94,12.74,10.0,14.76,6.02,12.11,4.77,10.59,9.84,0.23,0.25,9.08,8.14,10.34
1931-11-30,-13.25,-8.59,-8.97,-10.98,-7.15,-11.37,-10.88,-6.55,-10.59,-4.79,-18.09,-14.44,-3.67,-5.56,-3.37,-20.83,-16.44,-9.68,-2.5,-3.7,-16.04,-10.01,-12.83,-7.36,-6.93
1931-12-31,-27.1,-24.44,-18.73,-20.06,-21.5,-26.42,-21.31,-24.48,-14.03,-14.19,-25.58,-21.5,-21.08,-13.24,-8.19,-29.63,-23.26,-15.32,-10.63,-2.55,-25.32,-22.08,-16.93,-11.15,-9.74
1932-01-31,28.97,23.39,25.96,6.62,9.35,10.57,10.8,21.24,1.26,1.82,16.64,3.4,1.35,3.43,1.23,19.36,-2.3,1.51,2.01,-0.65,9.33,2.89,-2.25,-4.07,0.12
1932-02-29,0.11,0.11,-3.4,4.88,1.78,3.12,-1.53,0.85,5.8,7.4,1.85,-1.04,-1.68,-4.02,1.56,-4.86,1.16,10.06,4.69,2.67,5.78,4.34,5.8,7.74,4.87
1932-03-31,-15.73,-17.12,-12.06,-4.85,-7.44,-16.46,-12.03,-14.35,-14.83,-6.35,-24.44,-16.96,-14.56,-5.19,-7.68,-22.49,-10.77,-11.58,-14.27,-6.7,-22.54,-18.1,-13.2,-10.96,-6.43
1932-04-30,-20.9,-19.69,-16.52,-22.94,-24.24,-27.49,-19.44,-19.43,-16.44,-13.45,-24.75,-13.24,-20.13,-16.9,-16.11,-24.31,-21.37,-15.09,-19.69,-10.87,-20.36,-23.22,-20.8,-21.04,-13.14
1932-05-31,-8.6,-7.22,-14.27,-14.75,-8.64,-26.61,-25.41,-23.67,-18.03,-18.91,-33.66,-25.87,-22.14,-22.33,-17.57,-35.71,-30.43,-23.59,-24.06,-19.14,-42.52,-25.58,-26.43,-17.16,-16.1
1932-06-30,-2.89,4.61,3.06,-6.06,-3.28,3.2,11.54,7.09,-8.24,8.75,3.07,3.61,5.12,2.26,11.57,9.65,4.49,5.56,3.27,4.54,0.6,-7.76,-2.95,-2.29,2.88
1932-07-31,52.36,61.54,46.57,16.02,7.27,74.6,63.78,35.92,28.95,16.73,78.62,61.3,37.66,29.76,18.42,75.97,45.38,37.64,32.18,22.69,78.11,56.07,45.06,32.99,17.33
1932-08-31,109.1,99.71,89.49,97.42,68.01,98.91,69.57,67.42,51.89,52.76,96.9,65.34,60.8,37.05,23.8,114.69,68.91,42.4,33.38,24.37,74.52,51.72,54.29,28.27,17.99
1932-09-30,-7.84,-19.12,3.01,-19.17,-21.33,-8.96,-10.82,-4.96,-12.72,-8.42,-10.38,-5.57,-2.64,-5.01,-3.3,-9.12,-0.1,-0.43,-6.27,0.76,-3.03,0.08,-4.39,-2.28,-5.08
1932-10-31,-13.42,-20.05,-17.22,-18.81,-21.84,-16.76,-15.31,-21.27,-12.35,-19.44,-16.76,-16.83,-15.76,-16.83,-23.54,-22.21,-21.81,-14.4,-13.91,-13.01,-18.25,-17.64,-9.96,-10.44,-8.9
1932-11-30,-9.27,-18.58,-8.33,4.14,-10.28,-6.85,-7.81,-9.44,-8.04,-10.93,-9.54,-7.77,-7.53,-6.49,-9.18,-9.55,-6.5,-4.8,-6.15,-3.07,-8.69,-7.77,-2.43,-4.84,-13.48
1932-12-31,-3.65,-16.8,-14.16,-12.49,-4.48,-13.29,-9.6,-6.69,-11.78,-4.44,-7.01,-6.06,-5.67,-0.59,2.69,-2.33,2.27,0.88,-0.18,3.63,4.72,4.75,5.84,5.15,5.77
1933-01-31,8.69,10.26,5.42,8.19,-5.71,5.36,7.5,10.02,3.54,-0.67,6.41,7.18,3.11,10.81,6.1,-3.5,7.12,2.88,-0.3,2.61,1.59,3.54,0.65,-0.47,2.01
1933-02-28,-15.98,-20.1,-14.72,-13.6,-10.87,-16.49,-21.0,-17.53,-13.54,-14.97,-20.58,-20.92,-18.91,-15.97,-16.41,-19.05,-22.62,-16.07,-13.75,-11.31,-19.99,-19.84,-14.78,-13.03,-16.01
1933-03-31,9.72,10.77,24.99,8.41,17.21,6.24,5.34,21.31,11.33,23.45,-0.41,4.41,8.0,12.46,3.84,-6.89,12.9,7.9,9.22,15.24,7.61,7.38,3.92,-1.21,6.41
1933-04-30,57.22,57.66,57.61,86.73,53.5,60.67,56.02,40.99,50.03,43.33,61.25,63.56,53.13,38.48,35.88,67.81,63.26,60.12,62.84,36.0,46.08,57.74,43.19,29.67,29.57
1933-05-31,98.47,114.89,114.66,122.91,89.74,93.08,83.61,61.57,85.57,69.29,57.85,48.55,52.4,48.73,41.45,35.17,30.41,40.55,32.23,28.29,28.59,14.77,18.77,19.1,17.81
1933-06-30,37.6,33.88,22.68,45.09,31.66,12.05,29.14,28.63,16.82,14.38,10.09,16.62,15.5,16.97,17.34,14.45,15.02,13.6,13.31,19.95,11.34,10.41,9.85,15.03,16.61
1933-07-31,-13.18,-6.23,-2.75,-4.64,-6.64,-8.17,-7.84,-3.24,-13.19,-12.28,-12.88,-14.55,-15.01,-14.52,-16.63,-10.36,-10.57,-12.82,-5.7,-12.91,-7.76,-9.84,-12.94,-9.15,-9.81
1933-08-31,-6.28,13.91,3.24,9.68,7.01,7.61,7.96,12.81,0.81,12.55,6.95,15.18,19.05,15.73,11.79,13.27,13.79,15.43,21.14,24.23,5.09,12.15,16.5,19.01,24.24
1933-09-30,-18.29,-22.99,-17.61,-20.1,-15.57,-16.03,-17.34,-13.01,-16.29,-19.59,-20.13,-16.12,-14.71,-15.29,-16.86,-23.0,-14.11,-7.63,-13.01,-9.31,-12.84,-8.41,-7.07,-11.65,-10.87
1933-10-31,-6.97,-15.89,-6.61,-14.67,-12.07,-12.86,-8.05,-17.05,-11.33,-12.66,-12.16,-10.15,-11.2,-13.92,-14.46,-12.25,-12.15,-12.61,-8.52,-10.69,-7.37,-7.87,-7.91,-8.68,-6.54
1933-11-30,3.43,10.04,6.17,12.79,-0.16,-0.15,3.52,7.63,7.05,9.31,6.09,8.51,6.61,9.2,6.08,4.33,8.69,8.0,13.79,8.73,-0.23,12.26,9.19,16.51,8.45
1933-12-31,0.59,3.2,0.12,2.14,2.88,-4.82,0.4,-3.55,9.25,-1.91,1.08,4.18,7.33,7.89,7.18,-1.7,3.98,4.88,2.36,3.24,2.78,-1.32,-0.54,5.76,4.86
1934-01-31,65.07,54.63,51.05,42.3,40.28,34.3,44.64,42.15,35.54,42.0,28.41,32.57,33.51,25.74,24.39,31.06,16.67,15.55,18.07,16.77,13.95,10.49,8.58,10.95,6.11
1934-02-28,2.23,12.64,11.03,2.33,6.65,3.4,0.81,-2.85,3.62,5.27,3.65,-0.61,-0.27,1.71,0.97,-3.36,-2.72,-0.56,-1.78,-0.92,-0.29,-2.84,-3.73,-3.58,-5.16
1934-03-31,4.09,0.83,-1.37,-1.74,-0.02,0.94,1.88,-1.94,3.24,-0.59,-5.57,0.97,-1.59,1.74,1.31,-0.85,0.34,1.07,2.8,2.63,-0.04,-0.17,-0.37,0.57,-0.08
1934-04-30,2.19,19.6,8.17,2.96,1.33,6.09,0.73,0.47,-0.65,-3.84,0.36,5.06,-1.73,-2.39,-4.43,1.06,1.72,-2.06,-7.09,-7.17,-0.28,-2.33,-2.31,-3.63,-9.33
1934-05-31,-14.79,-13.77,-9.67,-14.51,-17.23,-13.68,-8.07,-13.08,-13.77,-8.29,-10.35,-11.64,-12.61,-10.22,-14.2,-6.54,-8.42,-10.52,-9.86,-9.75,-5.86,-5.17,-9.82,-6.9,-10.09
1934-06-30,0.35,-5.09,-2.48,1.41,-5.74,-4.21,-2.19,1.1,0.5,-2.34,-3.01,0.24,0.78,3.55,1.05,2.44,3.85,3.28,3.66,4.75,5.02,3.85,2.44,1.16,4.11
1934-07-31,-23.46,-22.64,-25.69,-27.51,-23.67,-24.18,-24.46,-26.36,-23.11,-20.34,-24.27,-25.49,-17.93,-18.62,-13.5,-26.78,-18.42,-15.06,-10.26,-12.29,-18.37,-15.21,-9.28,-7.67,-6.25
1934-08-31,14.59,18.05,9.54,12.14,14.59,7.69,7.65,9.06,21.58,17.42,6.76,9.7,7.07,9.42,13.24,5.19,11.36,7.28,4.55,10.38,1.19,6.22,4.52,5.42,6.06
1934-09-30,-5.38,1.54,-0.24,4.27,0.1,-3.77,-2.89,-1.68,-0.5,-3.51,1.26,-2.37,-3.93,-1.0,0.41,2.62,-1.76,-2.1,0.84,0.04,-0.36,0.37,-0.51,0.07,-0.19
1934-10-31,-7.05,-3.96,-4.58,5.38,-0.25,-3.61,-5.2,-3.5,4.59,4.5,-7.28,-7.09,-1.85,0.56,-0.53,-5.32,-3.11,-1.85,-1.14,2.69,-5.34,-4.56,-1.57,-2.05,2.68
1934-11-30,12.38,16.9,11.12,26.88,20.92,9.22,15.77,21.87,17.11,17.64,10.1,16.54,13.45,13.33,14.22,14.02,7.07,11.41,11.68,12.82,10.42,6.88,5.84,8.99,10.3
1934-12-31,-2.9,-2.12,0.48,-4.69,7.61,-1.41,0.96,0.01,5.47,6.68,-2.42,3.94,3.65,1.85,3.59,0.4,0.99,1.47,2.36,4.56,-4.15,-0.28,0.56,-0.87,1.89
1935-01-31,0.41,-0.74,2.41,-3.33,-2.69,-2.08,-7.14,-5.85,-4.27,-5.84,-8.15,-2.25,-6.65,-3.88,-2.15,-9.39,-8.48,-4.41,-3.44,-0.48,-5.32,-6.1,-2.79,-2.05,-0.49
1935-02-28,-15.1,-11.74,-6.36,3.13,-5.2,-15.96,-8.99,-4.74,-1.14,-1.02,-23.18,-5.34,-7.61,0.26,2.61,-12.43,-9.24,-4.18,0.16,4.17,-14.29,-7.83,-3.89,-0.46,3.68
1935-03-31,-13.24,-11.5,-13.36,-12.17,-10.95,-15.95,-8.91,-8.47,-7.46,-8.08,-8.05,-12.21,-5.83,-2.93,-3.26,-4.95,-1.55,-10.29,-3.9,-3.75,5.33,-9.57,-2.39,-2.77,-3.92
1935-04-30,15.14,7.73,10.66,14.56,6.59,11.84,12.21,13.43,4.87,10.74,20.45,9.86,14.37,5.63,8.94,11.23,9.55,8.64,4.9,4.25,11.5,13.71,9.58,8.65,8.11
1935-05-31,-1.3,3.91,3.71,-1.8,7.18,6.31,-1.58,6.91,-0.52,4.44,7.45,3.71,1.06,-0.62,2.82,12.84,8.92,-1.53,0.28,0.86,10.29,2.01,8.04,3.75,2.37
1935-06-30,-1.98,-4.82,0.85,1.31,19.32,-2.61,1.58,5.15,7.12,4.68,0.96,8.94,7.06,5.79,8.61,7.38,4.42,8.23,5.98,5.41,5.49,9.98,6.63,4.58,6.83
1935-07-31,15.67,18.25,11.02,13.63,5.05,15.35,14.36,9.04,16.9,16.18,15.37,9.54,7.95,12.27,9.8,9.11,19.58,6.0,6.17,8.27,15.44,12.98,7.16,7.16,5.34
1935-08-31,20.71,10.65,13.51,17.1,5.75,8.03,16.2,8.3,3.68,4.75,17.97,9.41,2.99,4.33,5.45,16.8,3.25,1.87,1.33,2.76,40.04,-0.72,2.41,3.57,1.44
1935-09-30,-5.76,0.81,14.53,4.68,14.61,-3.4,3.96,1.1,0.21,8.87,-1.41,6.1,1.05,7.75,6.51,-4.54,-2.06,5.53,3.17,2.02,-0.54,-1.38,0.42,3.7,6.78
1935-10-31,12.87,7.3,10.16,8.98,-2.08,10.6,12.05,11.64,11.75,9.64,7.28,5.95,5.16,10.0,10.32,1.04,4.82,6.97,6.92,12.38,11.48,8.12,3.89,7.74,9.07
1935-11-30,37.96,20.93,31.71,25.73,19.86,25.66,18.94,12.47,8.1,10.66,14.63,8.38,12.11,10.23,7.25,9.48,5.1,3.83,4.29,6.32,3.88,5.3,2.46,4.81,4.26
1935-12-31,-3.88,3.57,-2.76,4.51,12.92,7.6,2.89,6.81,13.1,8.75,2.96,9.91,3.39,12.85,9.73,2.8,4.57,4.44,8.52,11.33,5.93,3.71,5.3,1.33,5.84
1936-01-31,31.26,36.96,17.39,32.54,30.23,16.21,16.72,10.56,18.49,11.86,12.26,8.48,12.29,8.77,10.35,4.68,4.57,4.06,5.37,14.77,12.28,8.02,6.11,5.23,7.3
1936-02-29,4.65,5.36,16.78,4.57,3.26,2.83,0.29,6.73,11.79,6.82,4.42,6.52,2.77,3.0,6.96,1.21,0.35,5.32,6.05,-0.03,0.23,0.34,4.18,3.27,1.17
1936-03-31,-3.49,3.38,1.67,-2.94,-1.02,-0.73,-1.58,0.31,2.4,5.2,3.75,0.75,0.99,2.99,2.52,-0.68,1.38,0.26,-0.57,6.61,-1.42,0.42,0.15,4.04,1.54
1936-04-30,3.52,-16.47,-20.51,-23.27,-21.91,-10.0,-12.93,-15.77,-14.36,-15.98,-4.87,-10.17,-7.21,-13.58,-17.56,-6.0,-10.82,-11.71,-12.33,-14.7,-3.27,-7.11,-8.49,-11.03,-9.68
1936-05-31,-0.59,8.87,4.54,13.12,6.88,2.45,6.28,2.72,4.97,5.12,1.32,3.32,5.52,6.81,8.53,0.87,2.05,6.31,7.59,6.42,5.22,4.69,5.51,5.6,10.4
1936-06-30,-2.43,-2.52,2.63,-1.49,-2.28,-2.45,-1.61,-1.31,-1.61,-0.94,0.51,0.29,1.27,1.13,-0.82,0.09,-0.63,0.36,-0.39,1.16,3.15,1.84,3.12,3.86,4.23
1936-07-31,5.92,10.14,12.34,7.48,10.04,9.81,9.75,8.92,9.33,7.32,4.04,11.89,6.95,8.96,15.07,4.21,6.57,9.19,13.75,11.32,1.66,6.36,8.91,6.89,11.25
1936-08-31,0.38,5.17,7.1,0.74,3.08,-0.18,4.71,0.78,3.56,1.23,1.19,4.0,5.32,2.54,1.79,1.25,0.95,5.71,3.21,1.8,0.56,1.16,1.51,-0.97,2.04
1936-09-30,3.88,2.26,5.58,4.43,6.28,3.12,3.43,6.45,2.78,4.56,3.91,3.6,3.37,4.67,2.76,-0.39,4.47,2.71,1.46,0.59,-0.21,0.02,0.41,1.0,3.29
1936-10-31,9.04,7.95,4.72,8.29,4.86,5.29,5.75,7.99,9.04,5.02,5.09,4.14,4.47,8.63,4.04,5.12,4.99,3.27,5.86,7.01,5.38,6.29,7.67,7.53,14.04
1936-11-30,18.75,10.39,9.79,19.72,14.61,8.57,13.46,5.75,13.53,9.43,4.71,7.01,10.37,9.31,9.51,4.33,3.43,5.28,7.53,8.26,4.0,3.09,2.25,1.87,-1.14
1936-12-31,2.63,4.12,-0.87,2.66,-1.24,2.55,2.11,3.87,3.89,3.84,1.83,4.52,-1.2,2.51,9.63,-0.67,4.65,-1.2,3.89,3.7,-1.92,-0.32,-1.04,-0.34,3.28
1937-01-31,16.77,13.62,15.72,15.75,15.83,7.19,8.5,13.84,2.99,5.24,8.09,7.8,7.31,6.06,4.83,3.68,6.88,4.52,5.71,7.31,2.35,2.73,2.86,3.67,0.03
1937-02-28,-0.74,7.62,11.4,1.59,15.62,3.08,3.74,-0.65,0.72,1.88,7.88,1.37,1.69,3.56,3.01,-0.59,5.53,2.54,1.89,2.88,-1.14,-0.85,-0.61,2.38,5.81
1937-03-31,3.61,2.85,2.93,1.88,-0.41,-3.36,-0.94,-0.38,-1.41,2.49,-4.86,-3.04,-2.44,0.91,3.13,0.33,-0.9,0.84,0.95,-0.54,-2.05,-1.49,-1.78,4.06,0.7
1937-04-30,-15.07,-13.08,-12.21,-13.29,-14.25,-10.73,-9.18,-11.64,-9.27,-17.25,-7.33,-5.01,-9.35,-10.18,-10.83,-7.56,-8.51,-6.45,-9.21,-10.71,-8.19,-5.81,-5.47,-5.73,-14.81
1937-05-31,-6.27,-1.36,-8.18,-3.96,-3.5,-3.19,-2.3,-2.04,-1.21,-1.86,-3.47,-2.1,-1.76,-3.62,-1.05,-2.03,-0.04,-3.68,-0.53,-2.2,-1.19,0.54,-0.45,-1.81,0.18
1937-06-30,-13.94,-9.13,-7.3,-11.94,-11.7,-10.06,-9.25,-6.36,-10.2,-10.47,-8.56,-7.45,-7.73,-7.88,-6.66,-4.27,-4.21,-5.63,-6.06,-5.1,-3.5,-4.0,-4.23,-2.41,-4.85
1937-07-31,13.43,9.16,11.89,11.25,12.87,11.92,8.61,7.73,10.28,10.47,9.38,10.34,10.54,9.62,9.16,9.93,9.19,7.67,7.81,9.19,12.13,6.41,8.08,9.5,11.55
1937-08-31,-8.92,-5.86,-4.02,-5.59,-4.21,-4.06,-4.95,-4.19,-5.22,-6.43,-5.12,-3.49,-4.08,-5.7,-6.05,-7.11,-4.53,-3.12,-4.7,-5.11,-3.78,-3.84,-4.96,-4.74,-7.54
1937-09-30,-23.7,-23.64,-19.81,-22.2,-26.42,-21.45,-17.71,-18.97,-21.18,-28.21,-18.41,-15.5,-21.54,-21.28,-27.58,-16.66,-14.14,-15.2,-18.92,-23.3,-9.55,-7.81,-11.97,-16.08,-18.35
1937-10-31,-8.45,-10.19,-12.53,-6.31,-10.15,-10.42,-11.32,-11.2,-11.88,-12.83,-11.07,-13.16,-8.9,-8.12,-11.68,-6.82,-10.57,-6.17,-12.19,-10.97,-9.82,-8.04,-9.21,-8.33,-12.23
1937-11-30,-16.29,-15.38,-9.88,-14.35,-12.8,-13.53,-13.06,-8.8,-10.83,-10.36,-9.48,-9.72,-11.38,-11.15,-11.4,-10.72,-9.21,-10.38,-9.26,-13.5,-2.16,-7.53,-8.95,-5.95,-10.12
1937-12-31,-18.56,-13.55,-12.21,-12.9,-18.59,-13.87,-15.81,-9.74,-7.88,-9.75,-14.99,-12.67,-13.27,-11.52,-11.44,-10.17,-7.89,-6.05,-8.07,-4.57,-2.7,-10.6,-6.3,-2.14,-1.08
1938-01-31,9.46,6.17,3.37,5.66,8.85,7.44,5.21,2.1,6.57,5.23,7.58,3.0,4.97,5.5,0.96,-0.93,1.14,1.92,1.9,3.75,6.96,-3.33,2.44,0.68,-1.29
1938-02-28,5.48,4.39,0.3,-0.62,-3.11,10.44,7.01,4.71,8.33,3.4,9.87,10.07,8.74,4.27,5.39,11.75,7.33,9.01,7.39,4.23,-99.99,9.31,5.8,8.16,4.53
1938-03-31,-34.84,-34.01,-28.62,-30.81,-17.98,-39.54,-31.13,-30.11,-28.57,-18.93,-39.4,-31.46,-30.79,-26.51,-17.93,-42.25,-35.43,-31.17,-25.74,-18.17,-50.33,-32.4,-31.01,-25.68,-20.51
1938-04-30,28.42,26.64,21.61,21.86,1.36,27.36,24.93,20.94,22.34,17.81,31.37,23.15,21.39,14.73,16.34,23.33,25.24,20.61,18.84,12.87,16.29,11.78,16.53,15.39,12.7
1938-05-31,-10.03,-5.66,-6.14,-6.82,1.79,-10.31,-11.61,-7.4,-5.6,-0.68,-7.41,-10.27,-8.96,-3.75,-2.16,-8.98,-10.28,-10.15,-6.52,-2.87,-7.36,-8.22,-7.6,-6.06,-1.06
1938-06-30,37.24,37.81,32.83,26.79,10.46,45.2,35.62,33.86,25.45,13.89,47.85,40.7,38.09,25.63,12.5,42.45,40.36,37.44,27.0,14.79,42.18,42.81,38.02,29.76,13.98
1938-07-31,18.64,14.19,14.91,16.1,11.17,16.17,13.83,13.68,15.52,10.78,16.95,14.92,10.91,11.59,7.67,16.94,13.73,12.37,11.61,7.39,9.18,11.72,6.89,8.15,4.0
1938-08-31,-9.42,-8.77,-11.01,-14.12,-5.58,-10.07,-6.54,-6.63,-4.06,-2.66,-8.46,-8.42,-4.93,-4.5,-3.74,-5.0,-4.91,-6.67,-3.41,-1.83,-4.87,-6.36,-3.51,-1.81,-1.82
1938-09-30,-3.8,-1.46,-2.67,-5.63,23.99,-3.01,-4.24,-2.66,-1.52,-1.36,-2.34,-1.84,-1.06,-0.65,-3.25,-3.3,-0.92,-2.35,-0.19,-0.09,-0.29,-1.08,1.06,1.81,1.12
1938-10-31,13.9,16.65,19.41,14.71,34.96,22.95,20.77,12.07,12.32,19.76,17.21,19.25,10.09,9.52,11.24,22.39,18.29,14.2,8.96,12.28,12.99,8.97,5.65,6.22,6.25
1938-11-30,-6.84,-7.77,-4.05,-7.51,13.34,-5.11,-6.98,-4.1,-0.01,-2.76,-4.7,-5.01,-2.48,-0.52,-3.29,-4.86,-3.8,-1.67,-1.74,-0.88,-9.81,-3.27,-1.96,-1.44,-0.82
1938-12-31,-0.79,-2.19,-2.47,-0.12,3.54,2.4,1.59,4.47,4.96,2.35,-1.7,3.43,4.45,5.19,6.94,3.6,4.17,7.41,4.36,9.26,4.26,4.11,4.25,3.9,3.54
1939-01-31,-8.05,-9.04,-4.95,-9.43,-9.22,-7.91,-4.02,-9.86,-8.66,-12.54,-4.19,-7.97,-8.22,-9.58,-9.32,-10.36,-9.46,-5.31,-7.08,-8.23,-4.95,-3.95,-7.1,-5.5,-8.15
1939-02-28,3.48,2.93,4.59,2.92,0.98,0.99,4.32,3.57,5.39,8.9,1.26,4.06,3.06,4.91,6.31,0.99,3.56,4.85,5.1,6.28,-0.34,3.68,1.85,4.73,4.29
1939-03-31,-19.22,-13.81,-24.76,-20.66,-22.37,-17.79,-18.48,-16.06,-21.87,-21.13,-18.15,-16.69,-17.01,-17.07,-20.59,-17.19,-14.91,-17.61,-16.63,-19.19,-8.1,-12.07,-13.12,-7.02,-15.66
1939-04-30,-3.22,-1.06,2.61,1.6,9.24,-3.26,0.38,-1.38,2.82,4.42,-0.16,-2.19,-0.54,1.23,-0.73,-0.2,1.9,-1.34,0.14,1.12,-0.45,-1.14,0.16,-0.18,0.28
1939-05-31,3.21,11.06,6.17,1.87,12.03,8.81,9.45,8.59,7.33,14.07,4.82,8.92,11.5,7.43,13.52,7.11,8.68,9.62,10.28,10.5,4.76,3.92,5.1,6.68,8.15
1939-06-30,-10.75,-13.29,-10.2,-10.55,-15.43,-10.52,-10.35,-8.82,-9.18,-9.68,-7.48,-8.68,-7.62,-7.19,-8.01,-11.02,-5.16,-7.15,-6.32,-6.8,-7.17,-4.9,-6.05,-4.27,-4.17
1939-07-31,13.66,17.44,14.26,4.06,14.41,13.4,16.19,14.58,16.33,14.26,15.57,15.85,16.84,11.49,13.29,15.92,15.09,13.93,13.36,14.68,11.7,9.49,10.2,7.74,9.86
1939-08-31,-13.05,-10.29,-12.77,-13.89,-12.68,-15.36,-13.12,-13.99,-9.89,-7.28,-14.57,-12.22,-10.83,-7.79,-7.52,-14.49,-13.02,-12.34,-9.23,-8.83,-11.09,-10.57,-6.23,-6.89,-4.34
1939-09-30,92.87,68.71,42.92,38.17,35.45,55.28,51.73,34.84,36.26,30.86,61.11,42.16,29.59,20.89,19.37,36.28,26.63,32.82,21.51,6.23,36.3,25.06,26.11,11.72,7.78
1939-10-31,-6.06,-7.47,-1.82,8.69,-3.93,-6.34,-0.85,1.85,1.08,2.39,-6.19,-0.75,-2.22,1.94,4.96,-3.97,-3.23,-2.07,0.35,5.38,-3.67,-4.41,-1.97,-0.54,1.79
1939-11-30,-9.71,-10.57,-12.75,-24.42,-16.07,-9.57,-8.54,-8.65,-11.16,-9.66,-9.25,-5.0,-6.88,-9.77,-6.04,-8.88,-5.95,-8.73,-4.38,-5.24,-4.97,-2.3,-3.95,-1.92,-4.41
1939-12-31,-3.32,0.86,-4.38,-2.93,-0.44,0.49,-0.26,2.91,2.05,5.02,1.9,1.53,4.42,4.46,7.17,-1.46,1.42,4.95,3.76,5.66,0.03,1.12,2.73,3.58,4.56
1940-01-31,-3.38,1.21,0.28,0.87,-6.9,-3.13,-2.01,-4.12,-2.92,0.02,-2.53,-3.62,-1.86,0.7,-1.26,-3.24,-5.95,-5.41,-1.64,0.23,-1.75,-2.8,-4.33,-2.3,-0.22
1940-02-29,1.84,8.05,0.72,11.1,7.87,2.66,3.16,2.53,3.3,6.11,2.65,2.74,4.83,2.46,3.64,-0.86,1.58,2.91,2.13,5.79,-2.96,0.41,1.21,1.33,1.76
1940-03-31,2.85,3.8,0.61,3.29,4.12,2.87,3.05,3.73,2.13,1.9,1.44,2.87,2.18,2.95,5.64,4.54,1.18,2.31,3.23,3.12,-0.67,2.56,2.16,2.06,0.88
1940-04-30,-3.75,6.99,2.37,6.02,12.24,6.32,2.03,-0.43,1.72,4.67,-1.16,-0.83,1.0,0.62,5.16,-5.65,-2.03,0.34,0.88,5.91,-0.01,-1.43,0.84,0.16,0.25
1940-05-31,-28.64,-30.64,-34.64,-29.97,-34.18,-31.91,-30.61,-25.4,-27.91,-28.35,-27.77,-28.5,-27.57,-25.05,-26.12,-29.61,-26.6,-24.58,-25.75,-28.39,-26.13,-19.9,-21.18,-21.16,-23.69
1940-06-30,4.47,9.44,3.97,8.77,7.38,11.03,5.79,6.88,6.67,4.81,9.15,5.91,4.59,2.97,7.03,14.32,9.31,6.65,8.92,8.36,4.64,6.5,6.61,6.95,2.75
1940-07-31,1.26,0.13,3.97,5.81,5.48,3.01,3.83,4.67,1.47,2.93,4.59,6.01,5.16,4.73,8.18,3.74,3.49,2.7,4.58,4.12,2.07,4.15,2.98,2.76,1.89
1940-08-31,1.88,-1.89,5.37,1.41,0.49,4.35,3.88,3.72,1.24,2.41,2.03,1.23,2.55,2.63,2.33,4.51,2.67,-0.07,2.43,1.69,5.29,2.65,2.04,2.2,0.83
1940-09-30,4.7,5.01,7.49,4.94,1.59,5.08,6.01,3.47,5.17,4.12,4.26,4.86,3.91,6.2,4.68,2.41,2.71,3.59,3.55,2.06,0.05,2.07,2.37,2.47,1.46
1940-10-31,4.88,6.61,6.46,4.84,4.83,11.32,4.78,4.61,4.31,7.53,4.99,8.57,3.17,4.7,3.46,15.28,10.22,6.64,4.19,4.42,14.17,10.56,3.55,1.62,-0.52
1940-11-30,-1.36,5.11,1.32,-4.44,7.81,-4.18,3.46,0.39,1.05,1.3,-4.85,-1.03,0.87,1.79,0.73,-5.27,-1.32,-0.61,0.52,0.22,-1.38,-0.58,-0.72,-2.67,-2.25
1940-12-31,-7.42,-2.76,-5.62,-1.75,0.95,-6.79,-1.71,-1.48,-1.45,1.4,-2.4,-3.47,-1.74,0.53,2.36,1.65,-1.45,-1.97,-0.71,1.52,0.82,1.09,0.72,1.08,1.17
1941-01-31,4.45,2.15,0.37,-3.3,-1.35,4.98,-1.68,-3.5,-1.28,-4.36,-1.36,-0.97,-3.73,-3.19,-5.25,-4.32,-2.55,-2.89,-5.16,-6.02,-1.65,-2.1,-5.17,-5.68,-2.67
1941-02-28,-3.23,-4.09,-2.39,-2.97,-1.23,-4.77,-2.46,-1.64,-1.56,-1.02,-2.87,-2.1,-1.73,-2.43,-1.92,-1.77,-2.57,-1.97,-2.7,-0.01,-2.41,-1.2,-1.47,-1.29,-1.17
1941-03-31,2.02,1.48,-0.61,-0.04,0.9,1.77,0.9,3.32,3.82,3.65,-2.51,1.57,-0.7,1.65,0.19,-3.7,2.19,-0.52,1.03,1.32,-0.03,1.01,0.22,1.78,0.69
1941-04-30,-8.1,-8.03,-6.15,3.21,-6.41,-10.57,-5.5,-6.18,-6.25,-2.1,-6.86,-6.1,-3.98,-6.81,-5.5,-11.16,-7.41,-5.85,-4.97,-4.07,-9.38,-4.98,-5.82,-5.46,-3.82
1941-05-31,-0.41,-1.3,2.19,1.97,4.25,-1.61,4.61,-0.32,1.82,1.21,-2.31,1.29,1.25,0.54,3.49,3.66,1.67,3.07,0.77,0.92,-2.11,-1.03,2.42,1.27,1.85
1941-06-30,6.27,7.89,9.95,11.26,9.64,6.16,6.19,4.77,7.29,8.85,7.42,5.2,6.65,5.0,6.3,6.97,7.62,4.81,3.95,8.8,5.87,7.08,4.74,6.08,3.3
1941-07-31,29.4,22.89,18.03,16.48,13.05,17.33,14.89,11.6,9.7,10.63,10.11,13.06,7.99,7.81,12.35,12.1,6.27,10.85,11.2,10.51,6.22,2.89,3.81,9.35,7.91
1941-08-31,-3.18,-2.73,3.22,6.89,-2.55,-1.78,-0.35,-3.24,-0.19,0.23,-2.4,-1.77,-1.57,-0.97,0.79,-1.63,-0.97,0.83,1.07,0.73,0.19,-0.03,0.93,-1.23,-1.59
1941-09-30,-5.64,-5.75,-3.76,-4.71,-3.78,-3.22,-2.37,-1.83,-2.15,-3.01,-1.28,-0.42,-1.86,-1.59,-3.29,1.21,0.23,-2.28,-1.87,-0.77,1.29,-0.9,-0.34,-2.12,-3.09
1941-10-31,-9.21,-8.42,-10.02,-5.0,-4.51,-9.21,-7.23,-4.4,-5.54,-3.42,-12.33,-4.56,-6.54,-4.35,-4.84,-8.23,-6.7,-6.48,-5.42,-2.59,-8.1,-5.97,-6.43,-2.31,0.34
1941-11-30,-10.05,-10.19,-6.08,-1.1,-1.57,-5.79,-5.35,-3.2,-2.41,-0.89,-2.43,-3.0,-3.14,-0.86,-1.8,-3.04,-4.74,-0.86,-0.62,-0.16,-4.35,-3.1,-3.8,1.77,0.36
1941-12-31,-15.34,-17.67,-13.91,-14.39,-13.04,-13.33,-9.4,-12.46,-5.63,-8.18,-10.93,-5.66,-6.06,-5.2,-9.79,-4.89,-6.44,-1.7,-5.95,-4.32,-4.94,-3.32,-4.44,-2.78,-8.86
1942-01-31,29.14,21.73,25.15,24.15,20.33,17.92,14.53,11.76,7.68,12.99,8.2,6.58,3.98,9.01,7.7,4.79,6.05,2.31,2.65,6.03,5.52,3.69,-2.19,-4.07,-0.22
1942-02-28,-2.67,-3.53,-4.23,1.64,0.08,-0.23,-0.99,-1.01,-0.45,-3.58,-1.14,-2.5,-0.62,-0.32,-0.27,1.49,-4.35,-1.16,-2.2,-0.78,-0.21,-0.43,-3.93,-3.94,-3.72
1942-03-31,-2.56,-7.99,-6.85,-4.79,-5.73,-3.26,-3.35,-6.19,-3.37,-2.78,-4.32,-5.28,-3.07,-2.99,-7.59,-5.87,-5.37,-6.07,-3.66,-5.41,-7.39,-6.57,-7.7,-6.25,-7.93
1942-04-30,-3.74,-5.17,-5.73,-6.48,-2.72,-4.78,-5.29,-4.4,-0.09,-6.13,-6.33,-3.5,-7.19,-5.4,-5.24,-4.3,-5.02,-7.15,-5.87,-4.52,-2.4,-3.83,-4.61,-5.88,-3.56
1942-05-31,2.41,1.88,-1.13,-0.03,-2.08,5.0,1.86,1.85,0.4,1.92,4.95,3.67,1.2,1.3,-0.25,9.51,6.17,2.79,2.11,3.81,11.44,6.32,6.94,3.79,3.13
1942-06-30,3.29,4.42,3.48,4.27,1.82,1.72,1.98,3.44,0.24,0.15,2.81,2.84,2.62,2.58,1.88,3.93,1.52,1.96,3.32,0.81,4.57,2.49,2.37,3.32,2.83
1942-07-31,5.39,9.32,1.9,7.76,6.59,3.58,3.44,6.56,3.18,3.88,2.79,3.65,2.94,4.74,6.03,3.15,4.26,4.93,3.5,5.86,0.35,3.29,4.12,3.26,5.2
1942-08-31,3.88,4.24,1.44,3.89,0.18,2.89,3.39,1.5,2.42,2.55,-0.71,3.5,4.61,2.41,3.24,-0.02,2.46,1.91,2.69,3.58,1.86,1.7,1.71,1.43,2.04
1942-09-30,9.26,4.06,3.66,7.33,9.65,3.39,4.18,3.32,3.34,4.5,4.8,2.64,2.88,1.74,1.16,4.2,1.36,2.56,2.41,5.5,2.58,2.13,2.59,2.68,3.53
1942-10-31,16.29,12.79,10.14,12.22,7.02,18.22,12.45,8.32,7.61,7.0,15.49,8.97,6.6,6.4,7.99,11.54,7.13,11.16,6.74,9.75,10.03,6.71,5.58,6.04,7.13
1942-11-30,-3.17,-0.67,6.14,-1.55,-6.84,-0.29,-1.61,-1.41,-0.03,-3.54,-4.92,-0.57,-2.63,-0.93,-0.11,-0.8,-3.02,-0.25,-0.88,-0.53,1.77,2.25,-1.23,0.54,-2.17
1942-12-31,2.29,-0.64,-3.15,2.96,-1.71,1.76,-0.13,4.0,5.32,6.06,2.12,3.38,4.64,4.05,4.63,5.84,3.36,3.88,8.34,7.08,3.26,3.59,7.25,7.86,5.53
1943-01-31,23.82,25.4,23.6,24.97,40.09,19.5,16.57,17.68,15.05,19.91,15.26,10.31,11.4,9.56,12.76,9.54,9.75,7.72,9.84,5.34,7.77,5.18,7.78,5.54,6.99
1943-02-28,33.39,24.2,27.5,12.33,10.79,16.83,11.36,10.49,8.25,10.11,9.84,10.45,7.73,9.83,10.85,7.0,8.25,6.47,7.46,9.12,3.88,4.48,5.12,5.23,8.43
1943-03-31,8.36,17.07,13.03,17.39,16.67,15.01,10.7,10.43,13.77,14.5,8.32,11.05,10.58,11.01,13.02,11.1,6.41,7.04,10.78,13.55,6.91,3.28,4.17,5.79,9.14
1943-04-30,8.15,4.17,1.83,7.9,10.79,-0.41,2.74,2.96,7.16,10.08,0.08,-0.01,0.49,4.34,6.53,-1.12,-0.06,1.62,2.67,10.43,-2.92,0.78,-0.34,1.01,6.28
1943-05-31,15.04,9.44,9.17,11.52,16.0,5.51,6.62,6.68,9.29,12.3,3.25,5.14,6.95,10.41,20.49,3.98,5.31,4.92,7.32,11.2,4.83,5.33,5.66,5.51,8.06
1943-06-30,5.09,4.67,3.93,0.04,-3.14,1.71,2.66,-0.13,1.93,1.95,1.09,1.96,3.61,1.45,-0.89,1.22,2.41,1.56,1.07,-2.89,1.19,3.16,2.21,2.92,-0.26
1943-07-31,-5.24,-6.51,-6.34,-4.42,-10.54,-3.31,-5.17,-4.11,-8.78,-12.63,-3.43,-4.02,-6.34,-8.69,-12.37,-3.39,-3.4,-6.87,-8.63,-13.31,-3.66,-4.5,-5.22,-3.54,-7.35
1943-08-31,-2.76,-2.61,-0.31,-1.35,-1.47,-2.35,-0.09,1.12,0.4,1.86,-0.01,0.6,1.98,2.05,0.64,-0.22,-0.41,2.08,3.77,2.37,0.76,1.36,3.08,-0.09,1.31
1943-09-30,0.77,2.95,3.25,6.12,4.79,1.83,2.33,4.54,4.93,5.77,2.89,2.6,2.78,4.02,5.79,2.49,2.57,3.28,2.47,3.23,1.5,2.37,2.55,1.78,4.48
1943-10-31,1.97,-1.82,1.56,1.59,-3.27,1.43,1.27,0.13,-0.62,6.49,1.69,-0.45,-0.09,0.09,-3.73,-0.89,0.63,-1.63,-0.26,-0.35,-0.72,-1.34,-1.47,-2.39,-1.21
1943-11-30,-13.8,-11.78,-8.81,-12.11,-13.99,-9.07,-7.14,-8.14,-10.26,-9.93,-7.04,-7.62,-7.36,-6.16,-13.07,-10.5,-4.84,-6.48,-6.97,-12.94,-5.3,-4.32,-6.42,-5.41,-12.44
1943-12-31,9.54,7.33,11.56,13.63,11.69,9.3,9.14,8.95,10.99,12.86,9.82,9.37,8.62,12.3,14.93,6.58,5.44,6.32,13.02,15.67,4.39,5.47,7.43,9.29,12.09
1944-01-31,6.7,7.29,5.54,6.36,9.96,4.97,2.91,5.01,6.89,0.78,3.36,5.02,3.53,6.36,4.24,3.58,2.78,1.48,2.55,1.75,1.51,1.5,1.24,1.74,-0.05
1944-02-29,2.84,4.58,2.07,1.1,4.63,0.61,3.55,1.07,0.8,3.34,1.2,1.07,0.33,1.3,0.65,2.03,0.33,1.81,1.79,-1.86,-0.33,0.5,0.62,-0.01,0.68
1944-03-31,6.89,5.33,4.3,5.16,6.25,2.56,4.27,4.89,4.7,6.9,3.86,3.71,3.32,4.06,7.77,0.39,1.74,2.87,2.16,5.73,1.88,2.01,2.06,3.27,8.54
1944-04-30,-4.78,-3.33,-1.99,-3.26,-3.05,-4.25,-2.04,-2.97,-3.43,-2.89,-4.21,-2.81,-2.1,-2.18,-3.52,-4.12,-2.8,-3.07,-2.7,-2.6,-1.88,-1.73,-1.16,-0.87,-1.21
1944-05-31,6.15,8.89,8.57,8.81,9.69,6.07,6.75,5.53,6.57,7.39,7.26,5.8,6.75,8.83,8.11,2.91,6.27,6.44,6.4,6.15,2.89,4.82,3.89,5.87,6.07
1944-06-30,27.42,13.54,16.75,8.73,10.03,17.56,8.99,9.33,8.77,4.89,14.78,9.67,8.87,8.11,6.41,12.19,8.25,9.0,5.82,7.63,10.54,4.73,4.27,5.03,3.21
1944-07-31,-4.97,-2.9,0.8,0.39,-1.04,-3.53,-0.44,-1.26,-0.4,-1.81,0.34,-0.71,-0.89,-1.17,-2.52,1.22,-2.51,-0.19,-1.31,-3.17,-2.09,-1.59,-0.8,-2.62,-0.74
1944-08-31,0.22,3.65,0.02,5.32,6.26,1.52,1.7,1.01,5.34,4.15,2.28,1.69,3.09,4.03,7.28,0.35,1.59,2.06,2.2,6.2,0.01,1.13,1.58,3.21,7.08
1944-09-30,1.31,0.94,0.05,1.14,-1.08,-1.62,1.21,2.45,-0.39,-1.25,-0.61,0.97,0.69,0.53,0.37,0.5,0.53,-0.56,-0.34,-0.94,-0.09,0.25,0.52,-2.78,-1.57
1944-10-31,1.51,-0.27,3.31,0.52,-0.33,-3.09,0.21,1.99,-0.68,-0.84,-0.05,-0.15,1.01,-0.16,-2.19,1.47,0.74,-0.38,-1.16,-2.71,1.28,0.52,-1.0,-1.09,-2.32
1944-11-30,2.18,1.43,5.29,4.06,1.95,2.06,0.64,3.81,2.46,4.72,1.44,2.03,1.24,1.6,2.34,3.04,1.88,2.85,1.45,2.6,1.46,1.42,1.52,2.44,2.95
1944-12-31,5.56,17.78,8.58,8.18,8.23,8.64,6.02,8.08,7.54,8.67,7.44,6.16,5.03,7.79,7.45,4.57,3.78,5.07,6.88,12.49,2.15,3.85,4.01,11.06,7.24
1945-01-31,6.25,4.35,3.23,4.58,9.17,4.6,6.63,3.49,3.8,6.46,4.7,3.8,3.35,4.59,3.7,5.44,1.83,4.3,0.91,2.26,1.33,2.46,1.25,1.61,1.21
1945-02-28,8.43,10.4,10.69,8.3,11.95,10.05,6.82,8.05,11.08,10.12,5.78,8.21,8.64,10.3,8.48,8.79,5.2,8.13,8.7,10.83,5.34,4.93,6.8,7.41,6.12
1945-03-31,-8.67,-7.43,-8.33,-5.45,-11.94,-2.4,-5.56,-5.12,-4.76,-6.48,-2.66,-5.36,-7.68,-6.07,-6.34,-3.32,-3.03,-3.48,-4.6,-7.43,-2.87,-3.79,-4.18,-6.51,-4.2
1945-04-30,6.74,4.47,7.05,10.33,11.66,7.06,7.1,10.25,8.1,9.03,8.22,8.96,9.15,8.09,13.36,5.66,6.03,9.92,9.86,15.47,6.04,8.12,9.97,9.02,13.33
1945-05-31,9.51,6.32,3.47,2.56,4.69,2.59,1.81,1.44,3.15,2.98,1.3,3.07,2.89,5.04,3.1,2.88,2.44,0.1,1.55,3.96,1.74,1.57,1.28,0.24,0.42
1945-06-30,6.58,6.01,11.86,7.55,7.27,0.95,4.34,0.57,1.65,7.28,2.2,1.05,1.31,3.0,6.23,0.62,0.45,0.43,4.42,8.8,-0.61,-0.72,-0.64,1.62,5.71
1945-07-31,-4.8,-3.23,-3.7,-4.76,-2.75,-2.85,-3.31,-3.86,-3.27,-5.06,-3.33,-2.8,-3.4,-2.61,-6.82,-1.51,-3.16,-1.39,-3.99,-5.35,-0.83,-1.89,-1.86,-1.81,-9.36
1945-08-31,6.8,6.72,6.69,9.07,2.98,5.39,6.09,9.03,7.0,5.62,5.72,6.88,7.78,10.07,4.99,7.49,8.38,6.96,5.54,6.2,6.28,5.69,7.88,4.31,-0.18
1945-09-30,6.13,8.5,6.62,8.5,6.15,7.21,6.6,8.24,7.21,4.4,7.13,7.62,5.64,6.66,5.89,6.13,5.33,5.0,8.36,7.53,5.63,2.79,4.59,4.83,11.8
1945-10-31,9.97,10.77,14.07,9.86,10.23,6.66,8.89,5.38,4.1,5.29,4.95,5.59,6.33,4.59,4.33,4.65,5.21,5.66,6.63,4.24,3.43,3.2,3.69,1.98,9.15
1945-11-30,11.59,13.47,13.11,11.69,15.13,7.05,9.82,12.06,9.7,9.33,8.55,7.89,6.21,9.56,10.32,6.72,10.52,7.93,12.58,11.62,4.01,2.18,3.83,8.41,9.2
1945-12-31,3.34,2.65,4.49,5.15,2.41,4.44,3.71,2.94,2.97,3.51,2.16,0.96,1.88,2.15,1.52,0.14,1.17,3.79,3.0,2.71,0.84,0.26,0.2,0.81,8.51
1946-01-31,11.13,13.6,17.6,9.35,18.71,7.36,6.96,12.28,9.05,12.58,6.79,9.7,6.07,8.93,8.62,5.18,6.71,7.32,10.43,10.05,4.46,5.41,10.37,8.75,4.08
1946-02-28,-3.22,-3.81,-6.33,-7.85,-8.26,-5.49,-7.43,-7.1,-8.71,-6.98,-7.4,-8.1,-7.25,-7.15,-5.85,-5.27,-5.87,-5.84,-7.26,-7.93,-5.01,-5.57,-5.31,-7.72,-6.86
1946-03-31,2.06,1.71,4.7,2.98,3.06,4.1,4.98,3.84,8.35,6.55,4.22,7.5,6.8,8.6,9.12,5.3,4.91,7.95,10.65,8.1,5.01,6.12,5.74,7.07,8.3
1946-04-30,4.73,7.34,6.0,5.99,10.44,2.89,5.29,5.32,7.42,6.14,1.93,2.98,5.32,5.3,8.4,3.11,4.11,4.12,8.87,3.31,4.33,3.1,4.7,4.51,4.11
1946-05-31,5.92,8.29,3.68,7.44,5.23,8.32,5.05,6.38,8.24,1.59,5.23,9.73,9.2,4.8,6.22,6.22,4.49,6.89,4.91,5.01,3.99,3.21,2.94,2.59,3.46
1946-06-30,-6.14,-4.06,-3.78,-4.85,-7.0,-2.5,-3.07,-7.07,-6.0,-4.54,-4.21,-5.2,-5.39,-6.08,-6.4,-3.9,-4.44,-4.7,-6.73,-6.82,-2.76,-2.5,-4.88,-5.15,-4.12
1946-07-31,-7.8,-4.93,-3.83,-5.16,-1.0,-4.82,-3.88,-6.24,-3.73,-4.24,-4.21,-4.4,-3.47,-4.85,-3.71,-4.71,-2.56,-4.2,-3.58,-4.32,-1.71,-2.26,-2.77,-2.53,-1.46
1946-08-31,-10.09,-6.9,-6.14,-9.31,-11.81,-8.34,-7.49,-7.97,-8.28,-8.59,-6.75,-6.91,-7.07,-9.6,-7.46,-7.05,-5.05,-8.91,-6.66,-6.47,-7.12,-5.93,-4.71,-6.98,-5.22
1946-09-30,-18.54,-16.95,-14.47,-16.22,-15.08,-17.85,-13.84,-12.94,-13.59,-13.7,-13.46,-14.27,-11.88,-12.24,-12.61,-16.01,-12.15,-11.9,-11.7,-11.77,-12.25,-7.68,-8.15,-7.57,-12.64
1946-10-31,-2.51,-2.43,0.17,-2.22,-0.65,0.45,-1.05,-0.96,0.79,-4.49,-1.3,-3.75,-0.27,0.81,0.03,-2.88,-2.02,0.36,-0.67,-2.29,-3.01,-2.26,-0.1,-0.59,-1.11
1946-11-30,-0.77,0.46,-2.59,1.56,-2.42,-0.81,-0.53,1.01,-1.23,-2.44,-0.85,3.32,-0.61,1.66,-0.65,-3.11,0.1,2.11,-0.13,0.71,-2.79,-0.97,1.96,0.54,-1.22
1946-12-31,4.4,5.79,2.73,-0.49,5.82,-0.21,7.31,3.81,6.01,4.45,5.75,7.65,4.13,3.45,5.26,1.64,6.09,7.19,4.09,7.62,4.54,4.41,5.08,4.52,5.5
1947-01-31,9.67,4.92,7.74,3.67,2.81,7.43,4.83,1.01,2.04,2.38,5.78,5.88,2.02,0.82,1.18,6.81,3.75,1.47,-1.11,-1.46,2.99,8.39,2.15,0.3,-3.25
1947-02-28,0.25,-0.46,-0.43,0.7,3.88,-0.69,-0.27,-0.9,-0.97,1.45,-1.83,-2.43,-1.38,-0.11,-0.59,-0.48,-0.95,0.83,-0.28,-1.58,-2.52,0.05,-1.38,-0.49,-2.66
1947-03-31,-5.7,-3.73,-4.35,-1.25,-2.23,-7.62,-4.44,-2.25,-3.85,-2.3,-4.49,-1.87,-3.46,-0.65,-1.3,-3.94,-3.3,-1.17,-1.02,-1.35,-7.23,-2.9,-1.06,-1.19,0.24
1947-04-30,-13.39,-9.95,-9.29,-9.79,-8.21,-10.95,-10.69,-7.12,-6.06,-6.17,-12.08,-9.48,-8.28,-4.81,-7.76,-9.93,-7.67,-6.7,-7.05,-6.5,-8.74,-6.43,-3.77,-2.56,-4.76
1947-05-31,-7.39,-7.6,-3.72,-2.64,-3.29,-7.09,-3.27,-4.12,-3.52,-5.65,-4.6,-4.74,-3.58,-4.66,-2.41,-4.72,-3.62,-1.92,-4.42,-1.27,-3.95,-1.02,1.35,-0.38,-0.24
1947-06-30,7.55,6.3,5.3,3.92,1.86,4.55,6.16,5.8,5.41,3.9,5.59,5.65,4.71,4.48,3.05,7.16,6.72,5.34,6.56,6.17,4.64,6.77,6.01,5.9,4.49
1947-07-31,8.63,7.12,5.77,6.17,9.13,6.67,7.87,6.86,5.37,2.69,7.62,5.77,5.56,5.46,9.23,14.52,7.52,5.67,3.91,5.1,8.92,5.89,5.25,4.36,2.46
1947-08-31,-3.87,-4.62,-2.16,-0.78,1.54,-2.7,-2.05,-1.31,-0.28,2.98,-2.92,-2.22,-0.41,-0.05,-0.7,-4.54,-1.45,-2.09,-0.36,-1.82,-6.89,-3.18,-3.63,-0.6,-1.75
1947-09-30,0.24,0.76,0.71,2.34,2.56,0.58,1.94,0.66,1.56,3.91,0.63,0.17,-0.76,0.95,2.36,1.52,-0.9,-0.26,-0.79,2.91,1.88,-1.27,0.11,-1.37,-0.87
1947-10-31,4.31,7.04,9.16,2.35,2.04,3.15,3.32,2.97,3.5,5.71,4.1,3.91,2.39,2.54,4.32,-0.67,1.54,2.04,2.78,3.01,-0.32,1.33,2.11,3.12,2.97
1947-11-30,-5.07,-1.96,-1.29,-0.86,-1.08,-7.12,-6.24,-4.14,-1.61,-1.98,-5.0,-3.5,-2.92,-1.58,-0.59,-8.07,-3.68,-3.52,-2.31,1.67,-2.33,-4.62,-2.12,0.27,-1.82
1947-12-31,-0.3,-0.82,0.75,0.55,6.78,1.38,-1.24,2.02,2.31,4.47,0.29,1.83,1.11,2.52,4.06,-2.7,2.5,2.8,3.04,6.02,1.23,2.39,2.27,4.54,3.76
1948-01-31,2.95,3.05,-3.11,0.73,-3.81,0.2,0.36,-3.44,-2.81,-3.29,0.01,-1.92,-1.83,-1.82,-4.35,0.21,0.05,-2.59,-3.12,-4.7,-0.9,-2.61,-3.43,-4.94,-6.23
1948-02-29,-9.02,-6.54,-6.27,-4.42,-7.88,-7.91,-6.8,-5.61,-5.4,-7.92,-9.01,-6.66,-4.5,-4.24,-5.68,-5.81,-5.67,-4.52,-5.72,-5.36,-6.99,-4.05,-3.17,-4.3,-3.65
1948-03-31,11.98,6.83,10.89,11.27,10.98,9.79,8.17,8.65,8.28,9.32,11.37,8.97,8.63,8.39,11.44,15.47,10.33,6.96,8.89,10.57,11.79,9.23,5.66,7.99,9.6
1948-04-30,1.65,6.62,5.73,8.19,6.68,-1.01,4.91,3.01,4.15,4.36,3.89,2.6,2.19,3.78,6.45,0.38,4.39,4.06,3.83,7.53,0.07,1.11,1.4,4.44,7.05
1948-05-31,11.6,4.96,10.69,10.43,9.39,9.67,7.53,9.58,9.38,9.5,9.02,8.2,6.52,8.13,9.05,9.06,7.1,7.26,7.76,10.45,3.84,6.99,8.04,5.82,8.96
1948-06-30,-3.25,-2.95,-3.79,-0.07,5.15,-6.21,-2.73,-2.56,-0.91,2.56,-3.0,-3.48,-1.3,0.01,2.15,-2.98,-2.69,0.23,-2.06,-0.69,-2.59,-0.15,0.58,1.14,2.26
1948-07-31,-7.37,-5.39,-3.37,-5.36,-6.68,-4.19,-3.39,-6.76,-3.76,-6.27,-6.9,-2.04,-5.57,-6.01,-5.96,-6.17,-4.24,-5.12,-5.64,-4.0,-2.97,-3.74,-5.69,-5.52,-6.71
1948-08-31,-2.0,-0.66,-1.92,-1.05,-0.71,-2.61,-0.13,-0.21,0.09,1.48,-1.34,0.27,1.14,-0.07,0.31,1.97,0.01,-0.25,0.69,0.01,1.95,-0.03,1.03,-0.3,0.46
1948-09-30,-7.93,-2.9,-5.56,-4.67,-3.82,-4.04,-2.53,-1.92,-3.54,-5.75,-4.87,-3.91,-4.48,-3.72,-4.75,-5.36,-3.98,-3.5,-5.53,-4.67,-3.93,-0.86,-2.21,-2.78,-4.6
1948-10-31,4.42,5.19,2.43,8.08,7.73,2.26,4.67,4.78,6.7,7.36,3.62,3.65,4.54,4.36,5.2,7.34,5.51,4.62,5.58,6.08,4.35,4.51,4.43,8.32,7.48
1948-11-30,-14.75,-9.56,-7.89,-9.94,-12.9,-13.8,-9.38,-9.48,-9.65,-13.47,-15.14,-9.29,-9.49,-8.12,-10.3,-10.65,-10.6,-10.47,-9.71,-10.39,-7.78,-8.2,-7.49,-9.25,-10.68
1948-12-31,-3.74,-3.56,-1.05,0.51,2.24,-1.23,-1.29,-0.18,2.26,5.47,0.66,1.14,1.63,2.26,3.36,2.65,1.81,1.8,2.06,4.32,-0.22,5.03,2.66,3.33,5.13
1949-01-31,7.32,3.88,5.42,2.06,0.29,3.51,2.97,1.1,1.23,1.84,2.19,0.76,1.15,0.67,-0.37,2.71,1.99,0.88,1.93,0.73,5.12,1.34,0.58,-0.41,-2.17
1949-02-28,-5.45,-4.55,-6.11,-3.91,-4.72,-4.64,-4.98,-7.49,-2.62,-5.81,-4.73,-6.24,-2.74,-4.26,-4.95,-3.25,-2.67,-1.9,-2.66,-3.35,-2.69,-1.03,-2.51,-1.93,-4.07
1949-03-31,8.02,6.08,6.06,7.49,10.22,7.84,5.95,5.98,4.19,7.68,9.18,7.77,6.32,5.17,6.28,6.15,4.79,4.88,4.62,4.84,5.06,4.07,2.48,4.15,4.31
1949-04-30,-5.29,-2.94,-1.61,-1.4,-2.98,-5.07,-3.54,-4.38,-2.89,-0.95,-6.63,-4.5,-2.17,-3.43,-2.61,-6.74,-4.64,-2.91,-2.85,-0.93,1.97,-3.25,-0.75,-1.39,-1.22
1949-05-31,-9.09,-7.97,-4.11,-3.88,-7.76,-6.99,-5.07,-4.56,-4.03,-2.89,-8.39,-4.28,-3.03,-3.54,-2.32,-3.21,-2.92,-2.11,-2.76,-1.09,-5.33,-4.26,-3.76,-2.4,-1.52
1949-06-30,-0.61,-1.58,-1.66,0.06,0.73,1.17,-1.9,-2.34,-3.56,-2.47,-0.96,-0.84,-2.51,-1.34,-1.33,0.92,-0.17,-2.26,0.05,0.13,-0.52,3.36,0.1,0.66,-0.42
1949-07-31,6.21,6.19,5.57,4.08,6.89,6.91,7.62,5.18,5.75,7.33,8.27,6.44,7.95,5.06,6.4,6.39,7.88,6.22,6.63,5.06,7.63,6.51,5.92,5.84,4.01
1949-08-31,2.16,1.4,3.14,3.22,3.16,1.24,1.24,2.44,3.88,5.13,3.92,2.19,4.44,2.76,1.95,3.41,1.54,2.09,1.06,2.51,2.95,3.07,3.37,2.09,3.38
1949-09-30,5.82,2.89,1.91,3.04,3.22,5.52,5.72,3.56,3.18,6.14,5.19,3.03,3.16,3.99,6.08,6.84,5.21,3.81,3.79,3.59,7.09,3.37,2.94,2.08,3.49
1949-10-31,6.83,7.09,3.66,5.43,5.46,3.32,3.68,3.15,3.26,4.19,2.95,3.33,4.6,3.21,3.63,1.42,2.39,2.12,2.59,3.86,3.63,2.91,3.27,3.14,3.56
1949-11-30,-1.7,0.53,0.84,-1.19,-4.63,-1.33,1.13,0.51,-0.29,3.01,0.73,-0.06,1.56,1.27,3.35,0.28,1.44,1.43,2.89,2.31,1.0,-0.52,1.41,2.63,3.48
1949-12-31,9.75,6.04,8.95,6.35,7.19,7.18,7.56,6.1,8.01,6.52,8.57,10.34,5.3,6.52,7.16,10.07,6.2,4.61,6.13,6.52,4.55,4.35,3.34,6.38,5.49
1950-01-31,7.58,7.94,4.12,5.51,6.14,8.02,4.35,4.1,0.48,4.67,4.76,3.72,5.12,4.28,4.43,6.09,2.87,2.22,1.66,1.4,3.67,1.9,0.48,1.22,1.73
1950-02-28,3.23,0.08,2.11,2.98,4.52,1.47,3.21,0.31,1.52,3.03,-0.61,0.03,2.18,0.84,2.18,0.36,0.56,1.42,1.57,4.08,-0.51,0.52,1.36,2.4,2.25
1950-03-31,-2.2,-0.69,-0.87,3.05,-0.54,-2.08,-1.31,-1.92,-1.28,0.38,-2.05,-0.73,-0.33,-0.14,2.51,-1.02,1.8,-1.01,-0.09,0.44,2.34,1.85,1.02,2.61,0.75
1950-04-30,10.17,6.9,5.94,2.51,0.85,6.28,4.08,6.12,4.47,5.1,5.18,4.87,5.9,5.12,4.48,5.32,3.7,3.42,3.06,4.6,3.51,2.53,2.89,3.43,8.01
1950-05-31,3.77,-2.11,3.99,3.45,2.87,3.31,2.65,4.19,2.32,3.08,2.8,3.28,3.64,3.95,2.81,1.91,1.31,1.22,2.93,2.91,5.0,4.43,4.8,4.43,6.11
1950-06-30,-6.84,-6.31,-8.66,-9.12,-9.98,-7.05,-7.2,-8.91,-8.28,-10.12,-5.7,-7.03,-6.08,-7.87,-8.52,-6.74,-6.81,-6.92,-8.94,-8.41,-4.61,-4.72,-5.91,-5.99,-5.22
1950-07-31,7.7,5.99,10.14,10.89,10.16,5.88,4.61,8.15,8.0,5.3,3.95,7.49,5.78,6.65,0.53,6.21,2.62,-0.39,6.83,1.12,3.18,0.57,3.98,0.11,-1.18
1950-08-31,4.63,5.77,4.81,5.38,6.63,4.12,4.26,4.31,5.93,7.54,5.45,4.29,3.55,4.99,7.86,3.14,3.89,4.96,5.78,4.75,1.85,3.63,3.48,5.26,8.36
1950-09-30,5.74,3.71,4.72,2.65,3.45,7.08,5.52,6.37,6.98,3.7,6.69,6.31,3.82,6.21,6.8,6.42,6.33,5.71,6.66,7.65,5.51,4.82,3.36,4.46,5.07
1950-10-31,-2.03,-0.28,-1.66,1.93,-0.68,-1.66,0.83,1.13,-1.07,2.55,-1.32,-1.04,-1.79,0.69,-0.95,-1.87,-1.18,-0.19,-0.59,-0.87,-1.85,0.22,-0.1,0.55,1.04
1950-11-30,0.34,3.13,2.91,3.96,6.08,-0.48,0.71,3.98,3.13,6.14,1.69,2.5,5.48,2.55,2.71,1.41,2.96,3.36,5.04,6.36,-1.64,1.45,5.58,3.24,1.79
1950-12-31,10.23,11.54,11.04,11.09,18.46,6.41,7.5,9.11,11.14,9.86,4.98,5.39,5.24,8.68,10.65,4.22,6.14,8.89,8.06,11.44,1.03,4.04,6.05,7.86,4.4
1951-01-31,8.92,8.8,9.24,9.27,4.79,9.19,8.68,5.98,8.55,9.62,8.66,7.24,6.47,7.02,14.03,6.75,6.27,7.98,7.47,8.08,4.57,2.11,5.53,6.03,6.77
1951-02-28,0.56,0.16,0.19,-0.39,2.25,1.87,0.94,2.4,1.22,1.07,2.12,1.45,1.18,0.78,-0.02,3.44,1.81,0.97,-0.83,1.33,1.78,2.97,2.44,1.47,-0.75
1951-03-31,-4.38,-3.0,-2.51,-5.1,-8.34,-0.12,-3.83,-2.57,-4.41,-4.08,-2.25,-1.47,-3.83,-5.65,-5.51,-1.41,-1.77,-3.35,-5.27,-4.88,-0.69,-0.56,-2.68,-1.49,-3.3
1951-04-30,1.94,3.55,2.17,7.04,4.94,1.48,2.64,3.33,5.5,4.07,1.33,1.41,4.09,4.79,7.87,0.69,3.04,5.4,7.29,7.89,0.48,1.95,6.27,7.46,8.87
1951-05-31,-4.07,-2.45,-2.93,-3.18,-2.65,-2.84,-3.62,-1.83,-3.94,-2.2,-2.13,-1.46,-3.15,-1.17,-4.59,-1.21,-1.71,-2.19,-2.78,-2.09,-0.86,-1.08,-2.37,-2.76,-3.27
1951-06-30,-4.66,-3.93,-5.88,-7.0,-7.06,-3.95,-2.65,-4.18,-6.08,-9.09,-2.22,-3.83,-5.5,-5.89,-8.58,-2.64,-2.89,-3.78,-5.33,-6.68,-0.93,-2.04,-3.25,-2.65,1.01
1951-07-31,1.34,2.53,3.19,6.15,7.97,2.57,5.7,4.62,7.67,11.23,2.19,3.62,5.95,8.59,9.42,4.46,4.49,6.3,10.4,11.86,3.84,5.55,5.36,10.25,12.66
1951-08-31,5.11,4.14,5.81,5.7,11.45,4.53,4.14,5.73,5.4,6.64,6.11,3.2,4.08,6.01,4.55,4.07,3.5,4.47,4.57,3.27,4.53,3.62,5.99,4.76,3.24
1951-09-30,2.29,2.83,1.06,4.98,3.37,2.51,3.85,1.7,3.91,3.17,1.65,2.73,3.02,1.89,2.93,0.66,2.0,2.08,3.09,1.74,-0.13,0.73,1.07,1.84,-1.14
1951-10-31,-2.01,-2.47,-4.14,-3.21,0.56,-2.99,-0.83,-2.39,-2.1,-3.49,-3.25,-1.72,-3.44,-1.82,-2.72,-0.95,-0.78,-3.37,-3.42,-3.07,-2.44,-1.73,-2.16,-5.07,-0.53
1951-11-30,-1.02,-0.75,0.62,0.26,-0.18,-0.99,0.64,0.23,1.43,1.08,0.64,0.97,0.14,1.57,1.78,2.2,2.6,1.7,1.99,1.89,0.72,0.69,0.16,0.66,0.3
1951-12-31,0.66,-1.09,-0.34,0.37,0.94,0.31,1.71,0.89,0.97,3.12,0.54,1.22,0.71,1.39,0.63,0.99,2.34,2.56,1.15,2.87,1.81,1.37,4.79,5.3,5.12
1952-01-31,0.85,1.68,2.84,1.95,1.37,0.49,1.68,2.01,3.49,0.91,-0.48,1.57,1.15,0.84,2.59,-0.84,2.18,1.62,0.76,3.0,1.9,-0.14,0.79,1.13,3.93
1952-02-29,-2.89,-1.55,-2.26,-0.73,-1.08,-1.48,-0.69,-0.17,-3.56,-4.83,-3.22,-1.82,-1.09,-1.41,-3.44,-2.48,-0.78,-1.15,-1.33,-2.59,-3.89,-2.36,-1.65,-1.96,-3.75
1952-03-31,1.78,1.87,1.27,3.38,2.18,2.45,2.43,2.94,2.9,3.44,3.05,2.52,2.57,3.09,3.54,4.91,3.49,3.23,3.09,3.2,3.66,3.74,3.93,3.56,7.09
1952-04-30,-4.13,-4.26,-3.46,-3.84,-3.38,-4.34,-3.94,-3.84,-4.56,-6.62,-4.64,-3.27,-2.49,-3.15,-6.77,-4.99,-3.38,-5.08,-4.22,-6.58,-3.89,-4.67,-2.39,-3.61,-7.59
1952-05-31,1.21,0.78,3.44,0.78,2.37,1.72,1.24,1.57,3.65,2.94,1.87,1.94,1.84,3.27,4.25,3.4,4.63,3.44,1.89,2.39,5.34,2.57,2.88,3.68,3.64
1952-06-30,1.95,3.37,3.6,5.44,1.21,2.21,1.87,1.86,2.39,3.5,2.89,3.35,2.76,3.83,3.5,2.93,2.43,3.48,3.55,4.62,2.74,4.25,3.37,4.37,4.89
1952-07-31,0.19,1.48,2.07,0.06,2.46,-0.32,2.43,1.65,0.3,1.22,-0.62,1.73,1.04,1.24,1.66,0.85,2.07,1.75,0.57,1.07,3.45,0.7,1.36,1.64,-0.05
1952-08-31,-1.51,1.62,-0.12,-0.87,1.06,1.03,-0.23,0.37,0.61,0.83,-0.56,0.02,-0.54,0.53,0.74,0.13,-0.15,-0.31,0.68,0.06,-1.36,-0.9,-0.62,-0.46,-1.09
1952-09-30,-2.37,-1.37,-1.3,1.7,-1.95,-4.39,-1.57,0.52,-1.42,-0.49,-3.21,-1.37,-1.03,-1.65,-0.57,-2.52,-2.66,-0.91,-1.24,-1.34,-4.37,-2.65,-1.92,-1.19,-1.94
1952-10-31,-2.4,0.09,-1.11,1.1,0.7,-4.04,-1.09,-2.38,-0.67,-0.29,-2.3,-1.86,-1.27,-0.29,0.42,-1.64,-1.81,-0.47,-0.8,0.04,-2.81,-1.69,-0.49,0.02,0.26
1952-11-30,5.32,3.13,4.76,5.21,4.12,6.27,4.21,4.36,6.15,7.39,6.58,5.4,5.04,6.61,6.17,6.7,4.79,4.5,6.43,6.0,7.22,6.0,6.61,5.16,7.24
1952-12-31,0.7,0.28,1.43,2.7,2.06,1.79,3.0,2.75,5.14,2.75,1.06,0.64,2.06,3.15,2.88,2.06,1.47,4.38,3.99,2.12,1.85,2.2,2.69,3.41,4.41
1953-01-31,5.41,4.23,4.69,5.05,3.81,4.22,4.63,2.73,4.44,1.91,0.62,2.77,2.41,3.72,2.38,1.11,-0.28,1.16,2.47,1.38,-2.69,-1.61,-0.3,-0.24,-1.11
1953-02-28,2.58,2.95,4.13,2.76,3.04,2.1,0.64,2.11,1.07,1.9,-0.75,0.57,1.52,1.38,1.95,0.38,-0.61,0.65,1.4,0.77,-0.12,-0.7,-0.02,-0.53,-0.57
1953-03-31,-1.41,0.01,-0.34,-1.57,-2.39,-2.87,-1.73,-1.97,-1.93,-0.92,-1.48,-0.24,-0.81,-0.45,-2.09,-0.3,-1.21,-0.63,-1.11,-1.87,-1.83,-0.91,-0.66,-1.27,-2.06
1953-04-30,-2.62,-1.72,-2.26,-1.29,-1.77,-3.0,-1.3,-1.94,-0.7,-2.79,-5.17,-1.13,-1.41,-1.99,-1.94,-3.96,-2.82,-2.05,-1.63,-2.31,-5.24,-3.89,-1.71,-2.24,-1.65
1953-05-31,-0.2,2.81,1.17,0.24,0.77,-0.43,0.46,1.04,0.91,1.31,-0.38,-0.22,-0.05,0.26,1.97,-0.09,0.08,0.76,0.84,0.99,0.93,0.73,-0.08,1.05,0.96
1953-06-30,-5.01,-4.74,-4.22,-3.42,-4.32,-4.68,-3.63,-3.75,-3.81,-2.29,-4.16,-2.53,-3.36,-3.12,-3.51,-1.28,-3.02,-2.64,-2.24,-3.0,-0.62,-1.38,-1.72,-1.59,-1.41
1953-07-31,1.11,-0.06,3.83,1.83,2.13,0.98,0.86,1.71,2.13,0.93,1.58,2.19,1.44,1.51,2.08,0.38,1.82,2.23,1.78,0.66,3.37,3.2,2.3,2.41,3.37
1953-08-31,-7.63,-7.04,-5.08,-5.36,-4.37,-7.14,-4.9,-6.06,-2.71,-6.24,-7.4,-5.39,-4.69,-4.15,-4.75,-6.5,-5.74,-3.15,-4.8,-4.71,-5.6,-5.39,-3.61,-3.33,-3.48
1953-09-30,-5.49,-3.0,-1.71,-2.66,0.03,-2.78,-1.39,-2.18,-1.25,0.7,-2.27,-1.45,-1.12,-0.71,-0.4,-1.34,0.32,-0.58,0.58,-0.16,-1.69,-0.78,0.75,1.14,2.89
1953-10-31,2.14,4.62,2.42,0.92,2.03,1.75,4.63,2.44,2.77,5.43,3.47,3.25,5.48,4.13,4.87,4.5,3.31,3.67,4.86,5.33,4.44,4.94,5.73,4.14,4.62
1953-11-30,1.11,-0.02,2.82,5.81,1.42,3.85,1.23,0.86,2.99,2.49,-0.15,1.33,2.16,1.46,2.85,0.51,2.15,3.22,2.87,3.79,1.45,2.1,2.71,3.28,4.54
1953-12-31,-6.05,-3.45,-2.0,-1.5,0.17,-7.06,-3.03,-2.49,0.98,1.86,-6.06,-2.34,-0.39,-0.18,1.95,-4.92,-1.63,-0.44,1.45,2.17,-1.98,-1.77,0.28,1.57,0.83
1954-01-31,13.22,10.43,8.7,5.54,4.31,10.99,8.07,7.23,3.43,4.18,9.67,8.19,6.93,7.14,3.93,9.74,7.88,6.31,3.8,5.07,8.87,6.8,6.35,2.57,3.85
1954-02-28,0.7,0.13,0.5,1.55,-0.48,-1.16,2.71,1.18,1.59,4.09,0.0,2.08,1.68,2.83,1.47,-0.31,-0.45,1.49,2.08,4.46,2.31,1.03,1.13,1.88,2.38
1954-03-31,1.72,2.25,1.24,3.31,3.94,3.24,1.25,2.13,3.15,5.88,2.08,0.68,1.84,3.24,3.84,4.04,2.42,3.11,3.67,6.19,3.91,1.82,3.2,2.66,6.28
1954-04-30,-1.45,0.42,2.93,2.66,2.67,-1.61,0.8,0.56,0.86,1.72,-3.92,1.01,1.81,2.32,5.5,-2.81,-0.31,3.59,3.22,3.78,-2.76,3.16,4.19,5.36,6.41
1954-05-31,5.0,4.67,6.23,3.78,0.03,6.04,4.0,2.71,4.08,5.19,8.23,5.04,3.89,4.01,6.21,7.89,5.84,3.27,3.66,2.79,3.3,5.08,3.2,4.07,1.1
1954-06-30,0.78,1.84,2.11,-0.6,3.28,-1.32,1.2,2.13,1.67,1.38,-2.07,-0.05,2.74,2.63,2.36,0.46,-0.05,2.05,2.13,3.44,-4.73,-0.78,0.52,0.18,2.44
1954-07-31,13.04,8.61,6.5,7.34,5.14,5.71,6.92,7.07,5.86,10.44,4.58,5.18,6.9,8.18,8.2,5.84,5.49,5.37,7.08,7.6,3.95,6.61,3.99,5.97,3.45
1954-08-31,-0.06,1.66,0.73,0.13,0.15,0.69,-0.47,1.9,0.52,-1.9,-1.71,-0.96,-0.45,-2.77,-0.31,-2.67,-2.41,-1.88,-2.18,-0.62,-1.78,-2.3,-1.28,-2.18,-4.07
1954-09-30,3.44,3.46,5.63,3.86,2.52,4.83,3.5,4.02,5.53,5.21,4.53,3.13,4.04,4.98,4.42,4.19,4.85,3.84,4.98,6.48,5.83,4.66,6.08,6.72,9.74
1954-10-31,0.22,-0.41,-0.54,1.08,0.55,-2.51,-1.05,0.02,0.0,-1.99,-1.23,-0.93,0.44,0.1,0.11,-2.79,-1.59,-0.33,-1.43,2.39,-1.33,-1.78,-3.41,-1.91,-0.55
1954-11-30,8.93,6.07,8.67,7.6,8.89,11.85,7.08,6.97,10.73,9.28,8.49,9.33,9.62,10.13,11.47,9.06,9.18,7.95,10.43,11.67,7.86,6.29,8.4,11.39,10.09
1954-12-31,13.22,8.67,9.58,16.36,12.39,11.06,9.83,9.24,8.44,9.35,12.48,9.41,9.58,8.13,6.71,8.83,5.99,5.54,5.74,6.11,7.87,3.31,4.61,5.45,5.5
1955-01-31,2.17,3.07,2.53,3.08,2.64,-0.12,1.56,1.4,1.77,3.78,1.21,1.33,-0.21,1.41,3.04,-0.08,-0.8,0.99,-0.06,3.27,-0.24,1.0,-1.78,0.79,3.39
1955-02-28,7.7,4.05,4.72,8.55,5.37,3.15,3.74,4.29,5.45,6.25,1.64,3.32,3.69,6.49,5.48,1.66,2.97,3.26,4.37,5.17,4.18,2.39,3.08,2.36,3.21
1955-03-31,-0.17,0.22,0.24,-1.43,0.58,-0.36,0.54,-0.32,-1.29,1.68,-0.76,-1.65,-0.68,-0.95,2.63,-0.66,-1.31,-0.62,1.03,-0.15,-0.51,-0.14,0.66,-1.07,3.14
1955-04-30,2.11,1.82,1.76,3.66,3.57,1.36,2.0,4.91,2.14,1.01,2.12,1.6,2.25,1.22,2.31,2.84,3.45,3.01,0.68,2.32,2.53,2.0,2.75,5.4,2.63
1955-05-31,2.71,0.96,-0.57,-0.39,-0.95,0.63,0.49,-0.55,-0.56,1.93,-0.32,1.1,0.48,1.09,0.21,0.26,1.08,0.95,1.11,1.73,0.98,0.35,1.33,3.23,0.62
1955-06-30,1.13,1.08,4.38,4.93,2.95,1.22,3.11,2.37,4.31,4.73,3.31,2.43,3.03,3.38,3.41,2.24,4.64,4.76,4.81,3.4,4.14,5.66,7.38,10.11,11.86
1955-07-31,1.5,0.24,2.4,2.01,0.73,0.93,1.69,1.73,1.19,-0.37,-0.49,0.15,0.69,0.43,0.79,1.4,-0.02,0.81,-0.73,-0.56,0.42,1.94,2.48,5.22,-0.47
1955-08-31,-1.36,0.52,-1.27,0.51,2.17,-0.9,-0.18,0.24,-0.03,0.87,0.11,0.89,0.04,1.22,2.12,0.21,-0.38,2.52,0.29,2.28,-1.1,0.37,1.62,-1.24,2.36
1955-09-30,0.05,0.75,-0.35,0.92,1.76,-0.65,-0.64,-1.72,-1.55,0.07,-0.3,-1.71,-0.64,-1.3,-0.39,-1.36,-1.26,-2.79,-0.91,-2.54,-3.33,-0.53,-1.8,-0.7,3.06
1955-10-31,-1.32,-2.78,-0.12,-2.12,-1.79,-2.53,-0.65,-0.48,-0.67,-1.94,-2.91,-1.25,-0.33,-0.96,-0.1,-1.19,-1.29,-2.64,-2.04,-2.06,-1.36,-1.99,-2.22,-2.89,-3.99
1955-11-30,3.25,1.46,3.81,3.8,6.41,6.67,4.11,4.35,5.34,7.3,6.11,3.21,6.57,5.51,6.89,4.67,5.73,5.85,7.02,9.62,6.77,3.5,7.89,8.99,8.55
1955-12-31,2.34,3.2,2.75,2.54,2.79,1.99,3.23,0.8,1.36,1.5,2.63,2.07,2.59,3.04,2.0,2.86,1.46,1.33,1.42,2.63,2.22,1.78,1.65,2.85,-0.91
1956-01-31,0.89,0.13,-0.92,-1.47,-2.3,-0.89,-2.24,-2.19,-2.2,-1.81,-3.87,-1.22,-1.2,-3.11,-3.68,-4.24,-1.16,-2.75,-3.71,-4.15,-1.76,-0.44,-0.63,-3.33,-4.61
1956-02-29,2.09,4.22,2.61,2.99,4.42,3.01,2.34,3.04,2.46,3.3,2.98,2.57,3.57,1.91,5.22,4.09,2.27,3.19,2.76,6.52,2.3,2.62,3.31,5.19,4.41
1956-03-31,2.1,5.24,4.57,1.84,5.09,2.05,4.59,3.76,5.85,7.92,2.52,4.02,6.57,5.35,6.27,3.42,4.21,3.69,7.18,8.88,6.12,4.69,5.88,8.45,7.95
1956-04-30,-0.11,-1.05,-0.88,0.36,3.34,0.25,-1.58,2.47,0.92,1.26,-2.77,0.12,-1.85,1.61,2.15,-2.23,-0.73,-0.21,1.05,4.2,-1.47,-0.01,-0.94,-0.32,1.58
1956-05-31,-5.3,-3.43,-3.78,-5.21,-3.6,-4.3,-3.71,-4.11,-5.51,-4.83,-4.63,-3.47,-2.56,-3.71,-3.47,-3.24,-2.42,-1.49,-4.57,-5.31,-4.22,-1.93,-4.31,-5.8,-6.23
1956-06-30,-0.22,0.19,2.28,1.2,1.59,0.41,0.59,0.42,2.96,2.06,0.31,2.0,3.04,3.25,4.49,1.83,1.67,1.32,3.62,5.83,2.06,2.16,1.93,4.86,4.92
1956-07-31,0.41,1.51,5.96,3.83,2.99,3.64,2.33,2.78,2.52,6.66,1.9,3.27,3.99,4.83,5.14,4.58,2.97,4.0,4.82,6.12,2.6,3.94,5.41,4.8,6.65
1956-08-31,0.04,-2.09,0.73,-1.76,-3.44,-2.93,-0.38,-1.32,1.03,-1.97,-1.1,-1.24,0.0,-2.12,-2.42,-2.0,-3.3,-1.05,-3.84,-2.6,-1.53,-2.87,-1.09,-4.46,-4.57
1956-09-30,-3.97,-2.46,-1.52,-1.65,-3.45,-3.22,-2.54,-2.25,-2.59,-1.16,-3.12,-3.3,-3.68,-1.77,-4.23,-1.89,-3.44,-3.59,-4.67,-5.45,-5.24,-5.04,-2.64,-6.37,-6.87
1956-10-31,-1.01,-0.04,1.16,0.38,4.23,-2.27,-0.33,1.24,1.59,3.41,-0.68,0.43,1.06,0.81,2.12,-1.05,-0.47,0.31,1.03,3.05,1.4,-0.1,0.19,1.56,1.25
1956-11-30,-1.55,-0.59,-0.33,0.87,2.83,-1.73,0.3,0.47,2.94,0.52,1.72,-0.53,0.47,2.41,2.63,-0.57,-0.83,0.58,0.11,2.4,-4.1,0.42,-0.9,2.28,2.02
1956-12-31,0.1,-0.53,0.11,3.01,1.85,1.14,0.83,0.71,3.18,6.12,0.05,0.94,2.14,3.86,6.57,0.04,2.3,2.32,2.78,5.64,3.35,2.62,2.86,3.91,4.94
1957-01-31,4.65,2.19,4.31,2.78,1.31,4.63,2.05,1.3,-1.77,-0.1,2.0,2.02,0.06,-0.31,-3.01,1.05,-0.47,-1.37,-1.23,-2.66,-4.01,-2.25,-3.24,-3.31,-6.8
1957-02-28,-4.42,-2.07,-2.06,-2.41,-1.07,-3.51,-1.81,-2.26,-2.1,-2.35,-4.83,-1.69,-0.65,-3.39,-3.23,-2.14,-1.22,-0.43,-1.99,-3.32,-2.93,-0.32,-1.1,-2.09,-2.37
1957-03-31,1.48,0.79,3.22,1.56,2.26,1.59,4.07,2.35,1.32,0.99,1.56,2.78,2.69,3.0,2.53,2.6,1.74,1.95,3.37,1.99,1.58,2.41,3.17,1.85,2.85
1957-04-30,4.15,2.22,0.8,2.58,1.36,-0.16,2.46,0.1,3.05,2.55,1.17,1.52,1.9,0.66,6.09,2.96,2.68,1.64,3.18,4.01,3.95,6.02,4.37,3.77,6.16
1957-05-31,1.55,0.6,2.38,-1.11,-0.07,2.73,0.81,1.59,0.57,2.94,2.88,0.9,2.03,1.58,2.42,3.02,1.69,1.63,2.2,4.03,4.22,3.13,4.98,3.53,4.93
1957-06-30,-1.31,-1.78,1.27,2.56,0.39,-0.67,-0.36,0.06,-0.71,0.57,-1.83,-1.47,-1.12,-2.02,-0.87,-0.37,-1.65,-3.11,-1.74,0.57,-0.35,-1.3,-0.6,0.35,-0.59
1957-07-31,1.05,-0.4,0.01,3.84,-3.07,0.01,1.43,2.18,0.53,-2.19,-0.94,1.42,0.5,0.73,0.13,-0.29,1.5,0.33,-0.13,0.12,-1.63,2.96,0.17,1.51,0.25
1957-08-31,-6.55,-2.87,-1.49,-4.69,-2.66,-7.32,-4.31,-2.85,-3.83,-3.85,-5.89,-5.74,-4.02,-3.75,-6.95,-8.37,-4.63,-3.57,-4.23,-8.17,-6.41,-4.02,-2.7,-5.53,-5.72
1957-09-30,-7.42,-3.35,-2.95,-2.92,-4.79,-6.07,-6.46,-5.14,-3.1,-4.45,-7.11,-6.62,-4.69,-3.16,-6.41,-7.59,-4.07,-4.98,-3.68,-5.03,-6.13,-5.35,-4.56,-6.53,-6.87
1957-10-31,-11.85,-8.53,-4.97,-5.0,-7.99,-9.36,-7.21,-6.22,-5.43,-8.8,-8.94,-5.97,-5.82,-4.46,-7.3,-6.67,-4.85,-4.16,-4.86,-4.44,-6.19,-4.21,-3.33,-3.8,-2.91
1957-11-30,1.89,-2.48,-0.94,1.63,1.21,0.68,0.89,-0.49,0.29,1.99,1.8,0.66,3.37,3.9,4.58,2.43,0.02,3.37,3.71,6.58,3.42,-0.49,1.7,2.3,6.05
1957-12-31,-12.76,-5.09,-4.31,-1.67,-1.51,-11.4,-8.51,-4.66,-0.58,-3.59,-7.47,-8.64,-5.08,-3.26,-0.11,-10.55,-7.27,-2.59,0.49,0.21,-10.16,-7.24,-4.18,-1.35,-2.35
1958-01-31,22.48,15.3,15.67,9.67,7.26,17.93,15.07,8.45,5.03,7.46,14.13,11.46,12.69,9.42,7.09,12.67,11.88,10.34,6.58,4.66,6.22,5.49,4.0,3.63,2.29
1958-02-28,-5.01,-1.39,-3.02,0.33,1.17,-4.07,-1.92,-0.18,1.86,1.99,-2.73,-3.46,0.32,0.35,1.8,-4.24,-3.53,-1.59,0.89,1.79,-3.3,-2.61,-1.95,-1.7,-0.31
1958-03-31,3.63,3.3,5.14,2.83,5.61,4.49,4.26,2.67,1.82,4.71,5.59,2.54,1.3,4.24,3.84,4.47,4.09,3.21,2.73,5.68,8.39,2.21,3.58,2.08,3.42
1958-04-30,6.57,1.54,3.05,-0.13,7.14,2.06,2.75,4.08,2.35,5.49,1.09,1.28,2.48,1.9,4.31,3.34,1.04,2.6,3.53,3.6,-0.45,2.36,5.75,2.3,2.94
1958-05-31,6.0,2.77,7.12,1.72,7.4,5.7,3.75,3.3,4.01,3.57,4.99,4.47,4.36,3.24,5.49,4.19,3.0,4.53,2.58,2.49,2.25,4.4,0.94,2.2,1.06
1958-06-30,6.52,4.33,2.04,4.19,1.86,4.79,3.24,1.46,2.03,1.52,2.56,3.11,2.11,3.0,2.59,4.52,3.79,2.85,2.16,3.42,4.89,3.1,2.95,1.98,2.87
1958-07-31,7.56,5.24,3.79,6.32,5.66,7.66,5.56,5.69,2.96,4.34,12.26,6.78,6.78,3.6,1.76,9.24,8.11,6.05,3.07,1.4,11.02,3.11,6.51,1.98,1.82
1958-08-31,2.39,3.37,4.18,3.71,6.86,3.83,2.54,3.44,2.47,5.01,1.32,2.64,2.54,5.66,3.73,2.07,3.41,4.27,3.15,1.53,3.1,1.66,1.87,1.75,0.45
1958-09-30,7.73,6.41,6.85,5.49,2.64,7.51,5.76,4.24,4.37,4.95,4.43,6.72,5.4,3.27,5.59,6.09,3.83,3.3,4.31,5.7,5.01,4.96,4.55,4.25,5.62
1958-10-31,1.81,2.64,2.86,0.09,7.86,4.19,2.5,2.07,5.36,6.62,0.73,1.36,2.38,4.08,5.32,-0.44,0.48,3.52,4.0,6.73,1.03,1.61,3.22,4.45,4.01
1958-11-30,3.96,7.16,0.71,0.92,9.09,4.16,5.2,4.69,6.97,6.06,1.0,3.19,2.61,5.64,4.1,5.79,3.57,3.09,4.01,5.73,2.12,2.96,2.8,2.71,6.34
1958-12-31,3.51,3.21,5.57,5.26,4.43,6.32,2.94,1.71,4.1,4.3,3.43,3.8,2.02,3.91,2.59,3.68,4.48,4.69,3.18,5.64,3.97,7.27,6.07,5.24,7.01
1959-01-31,3.8,6.51,8.98,9.91,7.31,5.16,7.13,8.08,5.04,2.61,4.46,4.23,4.21,3.44,4.83,2.69,2.77,3.4,1.95,1.22,0.36,1.67,-0.5,0.43,-0.42
1959-02-28,2.23,2.3,1.95,5.89,3.21,2.87,2.04,2.4,1.78,5.06,3.11,0.74,2.8,4.88,4.25,3.1,0.02,1.77,2.6,7.23,-1.57,0.84,2.21,-0.52,2.36
1959-03-31,0.25,2.8,3.15,0.64,2.15,1.09,0.12,1.88,3.92,2.92,-0.07,0.14,0.76,0.8,0.75,-0.22,0.72,0.34,1.61,3.26,1.15,1.24,-0.38,-0.13,0.74
1959-04-30,0.21,-0.14,4.05,1.96,3.62,1.16,1.95,0.79,3.57,3.44,1.89,1.21,0.07,5.6,4.7,1.11,1.7,2.57,6.49,6.41,1.94,3.14,5.1,5.35,6.16
1959-05-31,1.01,0.29,0.43,2.97,-0.1,0.15,0.0,0.16,0.11,1.7,-0.43,0.77,2.77,-0.97,1.08,1.46,1.46,0.89,2.69,0.07,-0.31,3.27,0.39,6.97,0.67
1959-06-30,-1.93,0.76,0.41,-0.05,-0.8,-1.69,1.0,0.58,1.35,2.38,-1.08,0.07,-0.04,2.77,1.9,-0.58,-0.65,-0.57,1.97,3.97,-2.12,0.71,-0.48,-0.01,2.3
1959-07-31,2.68,2.35,0.95,2.92,5.17,2.98,4.07,1.78,3.38,5.2,3.12,1.59,3.9,5.17,3.14,1.86,3.12,1.81,2.38,3.32,4.35,3.73,5.02,3.66,-0.29
1959-08-31,-0.5,2.22,0.53,-1.68,-4.58,-2.16,-1.3,-0.21,-2.75,-1.9,-0.93,0.11,-1.07,-1.45,-1.72,-3.22,-0.42,-0.25,-1.54,-3.4,-2.97,1.08,-0.65,-1.45,-1.37
1959-09-30,-4.92,-4.67,-4.08,-4.96,-4.32,-5.02,-3.98,-2.83,-5.65,-3.48,-5.85,-4.25,-5.48,-3.32,-3.22,-5.12,-4.28,-4.56,-5.43,-5.14,-7.0,-3.37,-3.52,-4.46,-4.4
1959-10-31,-0.8,2.02,0.35,0.72,5.98,0.98,1.23,1.65,2.93,6.44,-0.88,1.58,1.69,2.55,4.33,-1.2,1.72,0.94,2.76,7.23,0.14,2.2,0.07,2.18,2.1
1959-11-30,-1.42,1.2,2.75,0.53,1.04,5.38,-0.57,1.45,2.95,4.45,-0.47,1.59,0.04,2.24,2.14,4.45,0.41,1.45,2.39,4.79,-0.92,1.41,1.93,1.0,5.47
1959-12-31,1.05,2.91,3.52,3.77,1.2,1.03,3.22,0.99,2.78,4.96,1.36,1.34,2.17,2.7,3.18,1.13,0.48,2.18,1.04,0.78,4.37,1.67,3.47,4.0,1.55
1960-01-31,0.02,0.31,0.11,-1.77,-2.81,-2.52,-1.38,-3.49,-4.3,-5.75,-3.79,-3.07,-0.92,-6.4,-8.31,-4.64,-3.53,-4.37,-6.85,-7.77,-6.37,-6.26,-5.44,-9.46,-6.87
1960-02-29,-0.39,0.74,-0.71,-0.32,2.01,0.8,1.26,2.18,-1.26,4.54,-3.22,-0.15,1.34,0.75,3.0,-0.88,0.89,1.0,2.94,3.09,-3.45,-1.04,3.45,1.53,2.62
1960-03-31,-4.61,-3.21,-4.31,-1.26,-0.6,-5.43,-3.04,-3.37,-1.74,-3.27,-3.68,-2.38,-0.95,-3.78,-2.95,-3.17,-1.78,-1.6,-1.44,-3.27,-2.11,-1.42,-1.07,-1.41,0.71
1960-04-30,-3.74,-3.9,-1.17,-0.47,-2.68,-6.91,-1.52,-3.82,-1.28,1.44,-5.2,-1.59,-2.48,-2.82,-1.59,-2.36,-1.69,0.3,-1.3,-0.28,-3.1,-2.67,-1.07,-1.8,0.44
1960-05-31,-1.75,-1.35,-1.19,0.97,4.51,2.52,1.4,2.37,4.68,6.06,0.25,1.29,1.79,1.96,1.95,2.42,0.4,1.65,2.61,6.14,-0.12,0.64,1.52,2.87,8.92
1960-06-30,0.99,0.66,4.43,3.28,5.08,2.27,0.48,1.47,0.13,2.91,2.88,2.83,1.12,1.33,4.39,0.55,1.31,0.59,3.94,4.02,3.41,1.23,2.79,2.31,2.93
1960-07-31,-1.81,-0.68,-1.29,-2.65,-1.37,-4.09,-1.84,-0.34,-0.8,-2.33,-1.64,-2.22,-0.57,-1.42,-2.42,0.07,-2.77,-0.73,-1.14,-2.86,-1.4,-1.48,-4.03,-3.18,-2.18
1960-08-31,7.39,5.56,5.32,2.92,7.1,1.09,3.5,2.02,5.81,3.11,2.85,3.18,3.01,4.91,6.23,4.52,2.18,2.68,3.03,2.98,0.41,2.62,2.04,3.63,3.99
1960-09-30,-9.25,-5.36,-4.86,-0.43,-5.29,-10.78,-7.54,-5.39,-6.57,-5.48,-6.68,-6.2,-4.64,-3.43,-6.57,-5.19,-5.85,-5.63,-5.25,-5.72,-6.28,-3.81,-6.25,-7.27,-6.25
1960-10-31,-4.91,-3.27,-1.7,-1.55,-1.59,-5.9,-3.42,-2.65,-1.76,-3.51,-6.06,-1.55,-1.38,-0.58,-3.24,-3.51,-2.46,-0.38,-1.19,-1.92,-0.43,-0.79,-0.31,1.88,-0.37
1960-11-30,1.64,0.69,1.23,2.9,2.72,2.94,5.07,2.44,7.57,7.48,4.05,3.84,5.09,7.31,6.34,6.01,5.23,6.53,5.54,7.73,2.65,1.58,4.64,5.53,6.71
1960-12-31,2.1,4.34,0.72,3.84,5.32,2.8,3.22,3.39,2.25,2.85,5.14,3.5,3.1,3.2,4.02,6.33,3.51,5.25,5.38,4.73,4.55,2.63,4.04,4.77,7.62
1961-01-31,13.27,8.61,5.69,8.46,8.49,13.18,8.24,7.24,8.65,7.06,11.6,12.39,8.3,6.96,4.01,8.59,10.0,7.31,6.75,6.54,8.64,6.17,6.89,4.89,5.47
1961-02-28,6.27,6.19,4.47,8.05,5.57,9.32,5.09,7.35,6.93,9.84,5.67,5.93,5.8,5.09,8.39,4.58,8.62,3.68,5.53,6.46,4.4,1.28,4.01,3.01,4.19
1961-03-31,6.37,5.7,6.94,5.49,8.5,1.82,5.01,6.04,8.5,7.4,5.85,3.41,4.31,2.98,9.46,2.4,3.75,3.25,4.53,7.19,1.28,0.94,1.9,1.3,4.94
1961-04-30,-0.77,1.76,1.89,5.51,5.13,0.81,1.79,2.48,-1.38,4.08,-1.69,-1.48,0.87,-0.53,1.67,-4.0,-3.45,-0.11,1.56,1.79,-3.38,-1.13,0.26,2.84,0.28
1961-05-31,4.62,5.48,4.19,8.54,1.62,5.84,5.14,2.5,6.57,1.43,6.94,4.76,4.02,5.47,4.85,4.8,5.78,3.42,3.09,2.19,5.71,1.42,3.28,0.95,2.36
1961-06-30,-6.2,-4.37,-0.99,-5.25,-6.91,-6.31,-4.5,-4.43,-3.79,-6.97,-6.0,-4.23,-4.33,-4.19,-3.87,-5.99,-3.38,-2.86,-3.49,-3.96,-3.54,-1.75,-2.01,-3.07,-1.88
1961-07-31,-0.55,0.53,-1.32,0.11,2.15,1.37,0.38,1.67,-0.79,0.93,0.01,1.16,2.58,0.65,1.13,1.63,2.68,1.44,2.51,0.85,1.91,3.69,3.38,4.29,2.93
1961-08-31,-0.19,1.0,0.8,3.61,3.26,1.69,0.02,0.09,0.38,3.2,-0.11,1.48,1.59,1.49,2.38,2.14,4.32,5.11,1.92,5.24,2.7,0.64,3.12,2.64,6.28
1961-09-30,-4.81,-3.14,-0.51,-2.06,-5.53,-5.57,-3.11,-1.76,-2.37,-3.0,-2.68,-2.21,-3.62,-2.31,-2.23,-4.07,-3.2,-2.35,-1.2,-3.7,-1.48,-1.75,-1.57,-1.51,-2.51
1961-10-31,1.18,1.22,3.38,3.13,6.14,-2.35,2.18,2.41,2.48,2.81,-1.13,0.74,2.96,0.74,6.48,0.93,1.52,3.11,3.06,5.09,0.37,2.43,2.93,2.98,3.71
1961-11-30,5.04,2.99,5.04,6.38,3.79,5.05,4.04,5.84,5.3,11.1,5.78,3.5,4.36,4.62,5.99,1.83,5.1,3.17,3.51,6.03,3.59,3.75,5.06,5.73,4.34
1961-12-31,0.65,-0.05,0.78,-1.15,0.96,1.62,0.21,-0.22,-0.73,-0.76,0.61,-1.36,-0.37,1.3,-2.06,2.23,1.01,-0.66,-2.96,-1.24,1.36,0.45,2.63,-0.42,-2.46
1962-01-31,2.85,4.57,2.79,-1.4,-0.71,-0.22,1.91,4.73,-0.45,-1.05,2.25,-1.31,-2.77,-2.33,-4.21,-2.0,-1.76,-1.58,-0.5,-4.32,-4.1,-3.67,-3.42,-3.82,-6.66
1962-02-28,0.62,2.74,3.59,1.59,0.78,1.5,2.8,-0.08,0.71,0.66,1.35,0.83,1.69,1.13,0.26,0.86,2.29,2.25,2.2,1.56,-0.29,1.55,4.08,2.3,1.02
1962-03-31,-2.06,-1.21,0.04,2.07,-0.4,-2.16,-1.61,0.49,1.26,1.42,-2.23,-0.21,-0.91,-0.14,-1.32,-3.89,-1.5,-0.59,0.74,-0.73,-1.07,-0.46,0.11,-0.59,0.0
1962-04-30,-8.4,-7.35,-4.29,-5.61,-7.96,-8.69,-7.71,-9.18,-4.75,-7.15,-9.63,-6.83,-4.24,-5.8,-4.41,-6.97,-8.61,-6.18,-5.36,-5.98,-9.67,-6.89,-4.73,-7.85,-4.9
1962-05-31,-12.51,-10.74,-7.04,-8.84,-11.14,-10.83,-9.67,-8.83,-8.9,-10.66,-10.97,-9.27,-9.45,-10.83,-12.33,-10.36,-9.61,-7.54,-9.1,-10.68,-8.13,-7.57,-7.61,-8.7,-7.94
1962-06-30,-11.84,-5.8,-7.79,-7.46,-5.76,-13.37,-9.68,-6.08,-5.93,-7.48,-13.29,-9.32,-7.19,-5.31,-3.98,-15.62,-10.89,-8.09,-8.11,-4.5,-12.56,-11.47,-9.69,-7.72,-5.85
1962-07-31,7.35,5.69,10.63,4.62,8.43,8.24,5.93,5.64,6.56,7.09,8.63,4.13,4.28,6.95,5.43,9.35,4.38,4.99,6.09,6.1,4.24,7.72,7.21,6.71,6.31
1962-08-31,2.17,2.41,2.92,3.63,1.35,3.53,2.5,3.73,1.64,3.33,5.16,3.61,1.74,1.83,2.55,5.56,2.94,1.83,2.24,1.81,2.21,1.08,0.98,3.86,2.67
1962-09-30,-9.05,-5.79,-6.05,-5.38,-4.65,-9.88,-7.28,-5.9,-4.1,-6.85,-9.3,-7.12,-6.77,-4.61,-2.76,-8.14,-6.47,-5.43,-2.81,-3.55,-6.96,-7.95,-4.74,-4.48,-1.97
1962-10-31,-6.46,-4.39,-4.14,-3.03,-2.45,-3.82,-3.29,-1.99,-1.24,-3.68,-3.23,-3.12,-1.62,-2.08,-0.51,-0.71,-1.4,1.66,-0.2,-3.8,0.7,-0.3,1.58,0.86,1.27
1962-11-30,24.15,15.11,12.53,11.94,9.57,21.69,15.48,16.61,11.39,12.8,20.05,16.56,11.9,9.71,8.99,17.19,12.73,14.02,10.66,10.71,16.21,14.27,10.54,8.6,8.82
1962-12-31,-6.88,-3.67,-1.1,0.76,1.12,-5.59,-3.55,-3.03,-0.07,1.28,-5.76,-2.0,-0.48,-0.84,1.96,-1.17,-0.81,0.17,2.41,2.16,-1.92,0.12,-0.28,2.65,4.24
1963-01-31,13.84,12.78,11.11,10.15,7.93,11.06,8.1,7.37,7.66,8.73,8.42,7.91,7.84,7.91,5.58,4.91,6.77,5.58,5.2,6.16,6.44,6.14,4.21,4.51,4.03
1963-02-28,-3.21,-2.42,0.5,1.33,0.29,-2.99,-1.76,-1.01,-0.01,0.84,-3.69,-2.46,-1.27,-0.1,0.79,-5.47,-2.71,-1.78,-0.49,-0.8,-2.03,-3.89,-3.36,-1.34,-2.21
1963-03-31,-0.38,0.73,2.22,1.84,2.7,0.33,1.97,1.74,2.21,3.78,-1.73,3.22,2.13,2.44,1.95,2.31,0.01,1.82,3.1,3.21,3.24,4.45,2.32,3.07,5.13
1963-04-30,2.15,1.81,2.78,2.82,3.74,4.54,4.78,3.9,3.89,3.94,2.61,3.04,3.81,3.54,3.44,4.07,5.38,3.38,5.55,4.56,7.41,4.51,4.28,4.78,4.87
1963-05-31,2.63,3.93,2.56,6.63,5.79,4.55,2.81,2.96,4.0,4.13,4.45,2.67,2.95,3.08,4.51,2.73,1.62,2.96,1.8,4.29,1.79,1.77,0.97,2.33,2.28
1963-06-30,-2.47,-0.53,-1.92,-1.11,-1.62,-1.28,-2.16,-1.74,-2.51,-0.06,-1.11,-1.39,-1.12,-2.47,-3.04,-1.91,-3.0,-1.63,-0.56,-1.52,-3.18,-1.96,-2.82,-1.51,-0.79
1963-07-31,-0.17,-1.14,1.03,-0.79,-0.58,-2.15,-1.44,-2.44,-1.43,-0.06,-2.25,-2.3,-0.85,-1.11,-2.18,-2.94,-0.91,-1.13,-1.53,-1.4,-1.39,-0.37,0.93,0.42,-0.08
1963-08-31,2.03,2.14,2.83,2.85,5.7,4.36,4.69,4.59,4.2,7.14,5.43,5.64,4.03,5.83,5.64,5.95,4.63,4.9,4.57,8.0,5.93,4.86,5.69,4.38,7.14
1963-09-30,-0.55,-1.01,-0.59,-1.0,0.52,-4.11,-0.84,-0.69,-1.62,-0.92,-3.11,-0.73,-1.3,-2.32,-3.38,-4.73,-1.62,-2.0,-2.13,-2.24,-2.28,1.51,-1.49,-1.56,-2.62
1963-10-31,-0.52,-0.14,1.47,2.56,2.68,3.69,0.32,1.74,2.37,4.42,3.68,0.45,1.42,1.13,2.99,0.0,0.27,0.7,0.42,3.78,2.56,1.6,3.1,0.94,8.51
1963-11-30,-2.17,-1.58,-1.48,-1.31,-2.43,-2.83,-0.53,-0.84,-0.99,-1.04,-1.2,-0.79,-2.0,-2.04,-1.24,1.16,-0.47,-1.18,-0.06,-0.11,-1.05,1.78,-0.97,-2.18,-0.7
1963-12-31,-3.62,-1.96,0.48,1.09,-1.26,-0.23,1.21,0.27,1.57,0.61,-2.32,1.83,1.47,2.4,0.74,-2.42,1.17,2.81,2.23,3.99,0.62,2.43,2.45,2.95,1.57
1964-01-31,5.18,3.83,3.56,5.02,2.24,-0.58,2.94,3.17,3.92,3.37,0.33,1.32,3.05,2.07,-0.9,-0.82,0.93,1.27,1.14,4.39,1.72,1.05,2.58,4.37,1.73
1964-02-29,3.29,2.01,2.06,2.22,2.02,2.26,1.08,3.32,3.96,5.08,2.49,2.25,2.94,1.13,2.42,2.57,2.2,1.75,3.02,4.94,1.72,0.83,1.82,1.58,1.74
1964-03-31,1.9,4.84,3.01,2.8,2.48,2.69,3.63,5.37,3.23,2.12,-0.42,3.72,3.43,3.75,4.32,2.32,1.15,2.45,4.33,5.52,0.09,1.73,0.46,1.15,2.15
1964-04-30,-1.69,0.79,-0.44,0.56,-0.02,-1.52,0.36,1.89,-1.57,-1.1,-0.03,-0.24,0.06,-1.81,-0.93,-0.8,-0.45,-1.63,-0.64,2.89,3.84,0.38,1.95,0.69,-0.72
1964-05-31,-0.98,0.48,-0.09,0.18,1.53,0.07,2.26,2.0,0.82,3.28,0.04,0.91,1.99,2.2,2.9,1.47,1.19,0.56,3.06,2.15,-0.96,0.31,1.3,2.07,3.04
1964-06-30,0.4,1.23,0.4,1.6,0.94,1.82,0.25,1.77,0.48,1.31,1.55,1.48,2.77,2.81,1.4,2.31,1.11,1.05,2.03,2.01,0.72,1.36,2.52,1.86,0.07
1964-07-31,2.21,3.3,4.29,3.57,3.84,2.44,1.37,3.06,2.74,3.14,2.18,3.94,2.72,2.5,1.31,-0.06,3.53,3.56,2.52,0.59,3.23,3.14,2.98,1.12,1.83
1964-08-31,-1.05,0.81,-0.29,-0.81,-0.67,-1.42,-1.52,-1.11,-0.68,-1.63,-1.69,0.2,-1.39,-0.44,-1.48,-0.56,1.27,-0.67,0.0,-0.51,1.23,-0.76,-1.87,-1.3,-1.66
1964-09-30,2.67,7.28,3.81,4.55,4.9,4.35,4.26,1.18,4.89,2.95,4.68,2.51,2.84,2.27,2.77,3.53,2.07,3.42,5.15,4.61,3.88,3.4,2.33,2.55,3.18
1964-10-31,0.68,2.38,4.24,4.41,3.71,0.09,1.22,-0.07,1.97,1.03,0.4,2.74,2.61,2.62,2.1,0.74,0.91,1.42,2.31,2.86,2.83,0.75,-0.31,1.1,0.13
1964-11-30,-1.42,1.3,0.6,0.32,0.96,-1.84,-0.79,0.26,1.04,-1.72,-0.23,1.59,1.08,0.5,-0.25,-0.82,-0.73,1.06,0.73,-0.76,-0.71,-0.01,-0.31,1.03,0.19
1964-12-31,-2.73,-1.99,-1.02,-1.02,-0.7,-0.08,0.15,-1.19,1.15,-2.8,0.07,-0.17,0.07,-1.4,-0.77,0.57,-0.07,-0.63,-0.49,-0.82,-0.14,1.52,0.48,0.58,-1.05
1965-01-31,7.97,5.32,7.93,8.77,7.09,8.05,6.59,6.21,5.95,4.97,4.85,5.19,5.78,5.75,6.15,4.81,4.96,5.54,5.77,5.24,2.27,5.28,4.86,2.42,1.09
1965-02-28,3.07,2.66,2.78,2.86,2.63,3.31,2.39,3.95,4.7,4.59,3.42,2.18,4.49,4.18,4.03,2.44,1.58,1.73,2.17,5.0,1.52,1.15,-1.07,-0.08,-1.09
1965-03-31,2.44,2.91,0.83,2.58,2.66,0.93,-0.3,-0.35,1.47,0.8,0.38,0.2,0.17,0.11,1.82,0.4,-0.78,-0.96,0.2,0.53,-1.46,-1.24,-1.22,-1.45,-1.26
1965-04-30,2.21,4.01,6.04,3.74,5.55,3.79,4.4,4.41,5.83,5.52,1.87,3.96,2.68,4.97,5.51,2.61,3.66,1.56,4.43,4.2,2.67,2.26,1.87,4.82,6.5
1965-05-31,-1.45,-0.75,-0.61,-1.23,-0.55,-1.38,-0.64,-1.13,-2.83,-0.01,-3.64,0.27,-1.59,0.4,0.36,-1.37,-1.29,-1.37,1.06,-0.05,0.55,-0.57,0.28,-1.56,-1.68
1965-06-30,-8.6,-7.87,-6.54,-9.56,-11.23,-8.68,-7.0,-6.46,-9.61,-11.32,-8.43,-6.14,-8.3,-8.07,-9.13,-6.04,-5.5,-6.18,-7.73,-10.53,-3.46,-3.37,-4.49,-6.16,-6.42
1965-07-31,0.97,3.04,2.76,3.34,4.64,0.52,1.41,3.63,3.7,7.29,1.31,3.09,1.64,4.92,5.12,1.37,3.1,1.83,2.92,6.49,0.12,0.95,0.27,2.83,8.15
1965-08-31,4.51,2.85,3.09,4.97,4.0,6.02,4.21,2.91,5.27,5.83,4.54,4.61,3.37,5.95,9.32,2.81,3.43,3.18,5.03,6.6,1.05,2.59,2.06,2.02,7.33
1965-09-30,0.88,3.85,1.51,5.0,3.19,1.89,2.25,2.86,2.45,5.75,2.54,2.3,3.72,2.39,6.46,1.79,-0.07,2.71,3.83,6.24,2.68,1.69,3.13,5.24,4.95
1965-10-31,6.25,6.22,8.06,6.58,9.33,3.35,4.62,5.15,5.63,6.91,4.76,2.42,1.9,7.06,7.41,4.71,2.86,2.79,4.18,5.33,2.36,1.94,0.86,3.08,5.62
1965-11-30,3.02,2.14,6.66,7.45,6.39,0.46,1.31,4.13,4.73,7.85,0.05,0.6,1.21,2.81,10.39,1.64,1.1,1.98,3.31,8.37,-0.39,-1.98,-2.53,1.32,3.38
1965-12-31,4.88,4.31,3.86,6.46,4.48,5.47,2.28,4.8,2.24,3.42,5.51,1.17,5.39,2.18,4.62,2.37,1.44,1.13,2.8,1.6,1.27,0.64,0.24,0.47,2.92
1966-01-31,7.83,5.58,6.66,7.9,8.83,4.75,2.66,2.4,5.68,9.37,1.49,2.95,3.18,4.64,5.68,0.24,1.02,2.51,4.64,5.86,-0.84,-1.51,0.24,1.97,6.73
1966-02-28,2.08,3.48,3.76,4.3,7.92,1.81,1.66,0.54,2.75,7.46,-0.97,-0.32,0.06,0.39,4.72,-2.76,-0.63,0.63,0.4,4.92,-2.63,-2.45,-1.79,-1.36,4.27
1966-03-31,0.01,-0.71,-0.95,-0.4,-1.01,-3.89,-3.27,-2.15,-3.07,-2.36,-3.96,-1.93,-3.01,-3.64,-0.71,-1.83,-1.99,-2.4,-1.5,-1.92,-3.13,-3.64,-0.8,-0.73,0.95
1966-04-30,1.11,3.02,4.61,7.45,8.67,-0.57,2.79,4.06,5.18,10.05,-1.43,3.07,2.46,4.55,8.99,0.52,3.7,3.43,5.17,4.63,0.92,0.32,3.72,3.41,4.69
1966-05-31,-8.95,-4.78,-8.01,-9.36,-15.07,-7.06,-6.14,-7.07,-9.95,-13.44,-5.58,-4.0,-6.83,-8.98,-11.62,-3.93,-4.23,-6.73,-7.26,-10.24,-3.49,-4.42,-3.72,-5.8,-7.66
1966-06-30,-1.6,-0.91,-1.1,-0.35,0.6,-2.08,0.59,-0.35,-0.12,1.87,-3.13,-1.37,-0.61,0.37,1.53,-1.44,-1.15,-0.91,0.1,2.25,-1.7,-2.72,-2.05,0.69,2.01
1966-07-31,-2.19,-1.34,-1.29,-0.91,-2.71,-0.66,-2.19,-1.62,-1.01,-3.04,0.2,-0.58,-0.73,-1.63,-1.18,-0.08,-0.54,-2.99,-2.41,-1.78,-0.69,-0.65,-3.14,-1.12,-0.94
1966-08-31,-12.06,-8.2,-8.28,-12.57,-13.14,-9.91,-7.95,-9.86,-10.46,-11.69,-7.42,-8.35,-9.67,-9.9,-9.7,-7.24,-7.83,-7.2,-9.95,-9.72,-5.89,-7.1,-7.9,-6.76,-8.9
1966-09-30,-2.52,-2.04,-1.53,-2.09,-1.64,-0.64,-4.44,-0.03,-0.31,-2.04,-1.27,-0.34,-0.92,-2.76,-2.14,0.07,0.12,-2.12,-2.47,-0.91,-1.36,2.0,1.06,-0.96,-4.3
1966-10-31,-4.53,-3.69,-1.96,-2.9,-5.95,-2.26,1.75,1.09,-1.16,-3.72,4.83,3.1,3.5,1.53,-3.37,7.12,6.45,2.68,1.56,-4.74,6.02,7.77,6.41,3.96,-0.4
1966-11-30,6.39,1.91,3.38,2.91,6.05,3.29,2.26,2.16,2.37,11.09,2.29,1.22,4.01,1.66,13.39,1.3,1.02,2.78,3.36,11.24,-2.56,-2.76,5.44,2.75,9.25
1966-12-31,0.94,0.25,2.91,2.48,2.95,0.16,4.45,-0.08,1.63,2.69,3.64,2.34,0.99,3.31,2.57,2.65,3.21,2.3,1.48,2.75,-0.3,-0.9,-0.87,0.77,0.11
1967-01-31,25.63,19.49,20.92,14.26,16.62,22.79,17.67,14.92,16.92,16.5,18.1,15.32,13.53,10.51,15.83,15.28,13.88,8.11,8.63,9.22,13.36,6.76,6.02,5.95,6.23
1967-02-28,4.53,3.41,5.12,5.68,8.68,0.98,4.03,1.56,3.05,4.78,2.0,1.17,1.22,1.69,4.68,-1.47,0.65,0.31,0.13,2.02,-2.05,-1.25,0.83,0.13,3.56
1967-03-31,5.28,5.39,6.86,8.78,9.59,4.39,8.05,4.44,5.85,6.85,4.82,5.17,3.13,7.97,6.74,4.37,4.73,5.78,4.96,6.62,2.83,4.48,4.09,3.96,4.23
1967-04-30,1.74,5.75,3.84,5.36,5.36,2.55,2.46,2.89,5.37,5.84,3.27,2.69,2.66,4.57,5.88,2.41,3.7,2.62,5.12,5.18,8.01,5.29,2.77,0.88,5.55
1967-05-31,-0.1,1.63,0.91,1.45,-2.19,-2.31,-0.88,-0.31,-2.42,-1.88,-2.34,-0.4,-0.86,-1.45,-1.37,-1.37,-0.5,-1.6,-1.93,-2.91,-5.64,-5.72,-3.59,-5.02,-4.08
1967-06-30,6.08,6.45,10.9,12.74,18.06,6.18,3.33,7.12,9.04,13.73,2.7,1.51,4.88,6.02,9.39,4.61,3.16,2.36,4.56,6.98,-0.36,1.13,0.49,1.73,5.55
1967-07-31,11.92,11.29,10.57,8.66,8.63,8.36,5.09,6.74,11.91,7.41,6.66,5.46,4.63,8.57,7.36,7.46,4.2,5.4,4.87,6.23,7.45,2.57,3.43,5.39,4.72
1967-08-31,1.72,1.7,1.33,-0.01,-0.95,0.95,0.87,0.64,-0.29,-0.79,1.15,0.77,2.68,-1.04,-1.9,-0.58,-0.24,0.91,-0.39,-0.49,-1.05,-0.49,-0.69,-0.28,-1.64
1967-09-30,5.26,5.48,8.44,7.89,9.49,4.4,6.19,5.64,3.89,7.41,1.98,1.27,2.5,4.56,6.72,1.94,3.04,3.09,2.93,3.22,3.53,2.69,2.1,4.3,3.48
1967-10-31,-3.29,-1.65,-3.19,-1.59,-0.26,-3.4,-2.73,-2.31,-0.58,-1.92,-4.31,-3.68,-2.18,-5.94,-1.82,-6.58,-5.61,-5.66,-3.05,-0.28,-3.4,-3.95,-4.08,2.04,0.2
1967-11-30,-1.46,-0.12,1.32,0.46,-0.56,-0.98,1.69,-1.2,1.15,1.32,-0.89,1.71,-0.4,2.58,2.53,1.43,-0.66,1.81,2.88,-0.14,1.09,-0.68,-0.65,2.47,1.83
1967-12-31,5.37,6.32,8.47,9.73,14.33,5.93,5.06,7.49,9.57,10.66,3.71,6.22,4.11,5.57,7.76,4.55,2.25,3.23,1.78,5.47,2.75,2.61,2.17,1.41,4.63
1968-01-31,6.5,5.01,4.32,6.95,3.53,-0.07,2.37,1.9,1.27,-1.59,0.42,1.92,1.44,-4.19,-4.76,-0.78,0.65,-2.51,-3.96,-6.04,-0.99,-3.93,-5.4,-7.82,-11.21
1968-02-29,-5.14,-3.33,-5.06,-5.32,-8.06,-4.12,-4.08,-3.75,-4.09,-8.14,-1.89,-2.45,-3.7,-4.57,-7.61,-3.47,-1.26,-4.56,-6.13,-7.94,-2.71,-1.9,-2.53,-2.93,-3.3
1968-03-31,-2.66,-1.28,-1.57,-1.99,-1.08,-2.24,0.05,-1.06,-1.8,-0.19,-1.36,-1.15,0.44,-0.18,0.96,-1.61,-0.97,-0.48,0.66,3.03,-0.02,-1.26,1.49,4.77,4.69
1968-04-30,12.85,12.22,12.35,14.4,19.79,13.61,11.04,11.98,14.15,16.78,11.85,8.83,11.17,12.61,17.29,10.61,9.55,10.6,11.05,16.05,6.96,6.48,7.81,10.36,14.27
1968-05-31,9.58,9.99,8.07,9.74,16.48,8.44,6.57,7.39,7.94,9.34,4.88,5.92,2.22,7.06,6.84,3.44,1.91,5.45,4.14,6.48,-0.09,0.08,3.25,1.98,3.71
1968-06-30,1.13,2.75,3.4,0.87,0.32,-0.26,2.33,2.33,0.98,-1.45,1.72,1.76,2.26,2.07,0.62,2.78,3.54,1.89,0.14,0.05,3.46,0.35,0.79,-0.03,-0.19
1968-07-31,-6.15,-3.18,-0.58,-1.44,-2.9,-3.33,-4.02,-4.11,-1.48,-3.82,-4.88,-2.14,-4.35,-3.71,-3.6,-3.07,-2.06,-2.88,-4.79,-4.13,-1.41,-2.57,1.5,-4.6,-4.64
1968-08-31,1.15,4.02,4.19,4.77,6.57,1.18,4.9,3.96,2.78,4.61,1.2,2.7,3.24,3.08,4.44,2.2,0.87,2.03,1.83,4.02,1.11,0.84,1.76,1.64,3.09
1968-09-30,5.81,8.0,5.36,5.2,8.29,8.53,5.31,5.69,8.14,6.92,7.27,5.7,4.43,5.23,9.3,10.33,4.14,4.43,4.68,9.41,5.82,3.33,3.82,1.78,5.94
1968-10-31,0.4,-0.69,2.31,1.53,-0.61,-1.45,1.48,1.59,1.4,0.49,2.41,4.76,2.73,0.99,0.38,0.11,-0.13,1.64,1.02,0.19,2.09,2.77,-0.28,-1.22,1.62
1968-11-30,7.06,6.0,8.36,5.76,8.18,7.54,9.28,9.36,7.47,9.57,8.63,8.12,8.05,7.5,8.42,7.29,8.16,7.0,6.03,7.26,7.55,3.18,4.99,5.54,10.18
1968-12-31,1.11,2.31,3.6,3.27,1.92,-1.54,0.69,1.79,-1.4,-1.21,-2.78,-0.64,-1.2,-0.76,-3.58,-4.51,-1.72,-1.53,-2.14,-5.78,-4.8,-4.73,-3.42,-4.0,-4.35
1969-01-31,-0.3,-0.77,-0.44,-0.91,-0.75,0.15,-1.21,0.05,-1.1,-0.88,-3.21,-1.43,-0.69,-1.13,-1.6,-0.79,-0.35,-0.35,-0.55,-0.62,0.17,-1.26,-0.39,-0.67,-1.28
1969-02-28,-10.07,-8.18,-8.28,-9.78,-10.47,-10.21,-6.94,-6.69,-7.68,-10.93,-7.98,-4.98,-5.81,-7.52,-8.99,-6.74,-4.83,-8.27,-7.44,-8.3,-4.9,-3.08,-4.39,-7.16,-7.08
1969-03-31,-0.68,-0.41,0.64,2.46,4.68,-1.42,0.36,0.05,2.08,5.62,-2.0,-0.45,2.47,0.5,5.4,0.32,1.91,1.38,4.09,4.39,3.54,2.01,4.96,5.92,5.37
1969-04-30,-1.36,-1.09,0.99,0.12,-0.33,-0.29,-0.4,-0.19,1.0,3.17,-0.03,-1.06,0.01,0.86,3.25,1.12,0.81,0.96,1.74,4.18,3.5,2.69,0.4,2.9,2.93
1969-05-31,-0.85,-0.27,0.49,0.32,2.79,-1.56,-1.71,0.1,-0.27,-1.76,-1.83,0.18,1.5,-1.26,0.39,-2.94,1.12,1.3,0.24,1.46,0.14,-0.93,1.05,1.54,1.83
1969-06-30,-13.89,-13.36,-11.74,-11.73,-14.39,-13.62,-10.51,-10.63,-11.4,-12.3,-11.21,-8.89,-8.82,-9.52,-11.32,-10.07,-8.87,-6.66,-7.17,-10.26,-6.67,-1.15,-5.82,-5.64,-9.66
1969-07-31,-12.91,-9.49,-10.84,-10.58,-12.2,-13.04,-8.71,-7.87,-7.66,-8.8,-12.79,-9.25,-5.97,-7.71,-8.62,-10.56,-6.89,-5.56,-5.05,-7.18,-12.0,-4.01,-4.49,-6.12,-6.99
1969-08-31,4.55,4.2,3.37,4.75,6.21,5.43,5.34,3.09,4.5,8.11,10.71,4.72,4.11,4.1,11.82,4.78,1.33,4.85,6.67,9.0,4.22,3.57,5.07,3.35,8.19
1969-09-30,-4.6,-3.6,-2.26,-2.51,-2.52,-1.1,0.0,-1.38,-1.66,1.52,-5.25,-1.86,-0.07,-1.55,1.23,-3.52,-2.43,-3.35,-1.46,-1.53,-4.12,-4.82,-4.64,-1.21,-2.74
1969-10-31,13.58,9.5,7.24,5.93,8.38,12.47,6.4,8.68,6.75,5.83,9.28,8.93,8.71,6.58,6.82,6.53,8.54,8.37,6.62,6.77,9.64,3.47,3.75,4.21,5.07
1969-11-30,-8.28,-7.32,-7.87,-4.36,-4.1,-8.15,-4.07,-5.77,-2.33,-4.82,-8.37,-4.94,-5.37,-4.13,-2.26,-6.0,-3.97,-4.61,-4.83,-0.94,-4.4,-4.81,-4.43,-3.25,-0.99
1969-12-31,-11.99,-9.74,-10.41,-5.38,-4.63,-7.33,-6.78,-3.65,-4.46,-4.72,-6.76,-4.78,-3.88,-2.05,-0.26,-7.28,-1.69,-3.63,-1.42,0.14,-4.25,-4.38,-2.9,-2.85,1.41
1970-01-31,-1.1,-1.09,-2.64,-4.16,-5.48,-8.4,-2.65,-6.14,-5.79,-9.22,-7.89,-5.68,-6.64,-6.13,-4.39,-5.6,-9.48,-6.28,-8.15,-9.44,-12.86,-13.74,-9.56,-6.77,-6.32
1970-02-28,2.86,4.26,3.69,3.52,1.91,5.26,2.61,4.33,4.29,7.01,3.15,2.52,4.03,6.04,3.98,3.18,7.16,6.85,5.91,6.43,6.84,8.27,6.34,7.74,4.42
1970-03-31,-3.5,-2.91,-3.18,-3.95,-6.22,-2.08,-3.72,-0.76,-1.01,-3.58,-1.83,0.98,1.71,-0.73,-4.19,-3.9,0.91,1.59,0.97,-3.1,-3.26,0.05,2.35,2.8,-2.2
1970-04-30,-19.19,-17.86,-13.69,-16.3,-23.59,-19.42,-17.11,-13.67,-13.21,-19.25,-16.62,-14.4,-12.97,-10.58,-17.62,-10.34,-14.0,-10.72,-12.08,-15.05,-12.2,-7.2,-8.29,-8.2,-9.58
1970-05-31,-8.57,-9.09,-10.98,-9.5,-12.0,-12.17,-9.75,-10.48,-10.5,-9.05,-11.6,-9.48,-10.42,-9.32,-9.48,-8.42,-9.29,-10.04,-8.96,-7.32,-2.12,3.01,-6.84,-5.87,-7.36
1970-06-30,-12.42,-7.34,-7.5,-4.69,-1.79,-12.01,-10.04,-8.12,-5.74,-1.79,-12.01,-8.34,-6.54,-4.03,-3.61,-12.63,-10.81,-6.36,-4.05,-1.27,-10.2,-2.17,-5.08,-6.49,-3.65
1970-07-31,5.03,4.69,4.17,6.1,4.1,7.27,7.81,7.81,7.86,6.24,7.14,9.47,7.32,7.34,4.67,12.13,12.73,10.53,6.15,6.55,12.92,10.92,10.49,6.8,4.87
1970-08-31,7.64,5.99,5.68,4.04,2.82,13.83,7.21,4.66,5.73,1.85,16.0,7.89,6.58,3.23,4.27,11.66,7.74,6.92,5.87,2.84,7.61,8.9,6.01,5.0,1.98
1970-09-30,20.63,13.96,9.91,8.64,15.13,20.89,13.47,7.54,6.58,7.13,21.66,11.21,8.96,4.86,7.49,7.79,8.74,7.26,4.96,5.89,13.39,4.51,5.73,1.76,1.49
1970-10-31,-12.19,-7.19,-2.46,-1.24,1.14,-13.6,-4.47,-1.59,-1.54,-1.43,-12.83,-5.21,-3.76,-0.22,1.05,-15.1,-4.6,-4.13,-2.34,-0.57,-10.56,-2.7,-0.61,-0.91,-0.11
1970-11-30,-3.28,-1.25,-0.78,1.33,0.73,0.3,1.51,4.22,4.0,4.13,3.86,3.28,2.87,3.36,5.15,3.52,3.9,5.38,6.24,5.29,6.28,4.71,5.57,5.27,5.95
1970-12-31,8.77,7.36,10.39,9.82,12.0,9.4,9.71,7.94,10.21,6.36,9.15,8.86,10.41,7.17,6.01,9.2,10.01,10.12,8.52,6.72,7.66,6.3,6.52,6.82,3.31
1971-01-31,19.45,18.13,12.54,10.81,10.1,13.02,10.9,7.47,10.12,9.4,12.64,11.52,7.85,9.05,6.27,11.59,9.15,8.47,7.9,3.85,9.53,6.72,3.6,3.81,2.73
1971-02-28,6.69,4.79,3.93,2.52,7.75,1.68,3.58,1.62,1.36,3.9,1.97,3.1,3.68,2.37,1.77,1.14,2.5,1.73,2.54,1.4,-0.45,1.61,-0.09,1.18,2.87
1971-03-31,5.44,5.8,7.96,6.66,8.54,4.67,5.48,5.5,4.05,4.12,9.17,7.76,2.67,3.84,5.18,7.89,4.32,4.16,5.11,6.05,7.11,6.08,3.19,2.98,3.39
1971-04-30,2.19,3.85,0.6,0.64,1.19,0.33,3.24,0.99,3.26,3.59,5.46,4.48,4.81,4.22,5.27,1.11,2.89,2.64,2.61,5.32,3.9,0.78,4.08,5.18,5.3
1971-05-31,-6.59,-6.98,-6.82,-6.54,-5.43,-5.94,-5.81,-4.38,-4.5,-4.95,-6.44,-3.6,-4.6,-3.73,-2.62,-4.38,-2.65,-3.27,-3.12,-1.95,-4.88,-2.09,-3.97,-4.22,-2.88
1971-06-30,-4.84,-3.31,-1.76,-2.46,-1.31,-4.22,-2.67,-2.42,-0.9,1.22,-0.71,-0.4,-2.97,-1.76,2.12,-0.25,0.05,0.47,-0.75,2.76,-0.49,0.75,0.11,0.42,3.11
1971-07-31,-6.09,-4.39,-5.72,-7.26,-8.58,-5.63,-4.31,-4.83,-4.75,-6.89,-4.34,-2.43,-4.24,-4.69,-5.92,-3.64,-3.37,-3.11,-4.53,-5.98,-3.95,-3.45,-2.94,-4.11,-8.39
1971-08-31,2.7,2.82,4.88,5.61,5.18,2.65,3.57,3.24,8.49,7.44,3.14,2.34,4.96,5.33,7.94,1.35,1.78,6.83,4.87,9.74,1.22,3.3,5.2,5.09,5.5
1971-09-30,-3.38,-2.09,-1.04,0.19,2.85,-2.77,-0.92,-1.66,1.02,0.12,-1.48,-2.19,-2.15,-1.93,1.67,-3.1,0.05,-0.68,0.31,1.19,-1.61,-1.38,1.61,-0.56,-1.29
1971-10-31,-6.97,-6.33,-6.19,-5.35,-7.27,-7.74,-3.53,-4.19,-4.77,-4.73,-10.89,-6.09,-3.91,-6.28,-4.73,-4.48,-3.2,-3.09,-5.12,-5.13,-4.9,-2.14,-3.62,-4.1,-5.22
1971-11-30,-4.97,-5.53,-3.03,-4.67,-4.61,-4.11,-2.29,-3.22,-1.73,-0.87,-4.07,-2.18,-3.12,-2.28,-2.04,-1.88,-0.92,-0.96,-1.37,-0.05,-1.47,0.8,0.43,0.83,1.71
1971-12-31,14.06,13.21,12.7,12.28,13.54,15.87,11.26,12.96,11.18,12.98,13.95,12.52,9.64,12.36,9.71,11.84,9.2,9.34,10.67,11.86,8.9,8.16,8.19,8.04,9.17
1972-01-31,16.61,12.74,11.88,11.3,13.09,8.77,8.25,7.33,5.65,5.73,3.4,5.47,3.93,5.52,6.58,1.74,2.53,3.73,0.72,5.6,-2.56,-0.53,3.65,1.9,2.15
1972-02-29,3.59,3.2,3.0,6.71,5.61,2.92,1.81,3.1,5.77,2.97,2.51,0.64,2.28,4.3,6.2,4.42,-0.19,-0.49,4.73,6.5,7.07,-0.64,1.97,3.84,5.06
1972-03-31,-2.3,0.32,0.12,-0.7,0.18,-0.21,0.21,-1.07,0.15,2.7,-0.18,-1.03,-0.69,0.9,2.71,-0.43,1.07,1.83,2.02,1.21,-3.84,-1.6,1.14,0.62,3.16
1972-04-30,-2.41,0.3,0.73,1.15,2.41,-0.93,0.66,0.56,1.43,4.43,1.24,-1.87,0.05,-0.38,0.65,-0.54,-1.18,0.08,0.11,0.86,0.39,-0.74,0.12,0.88,2.5
1972-05-31,-3.82,-4.11,-2.31,-1.67,-1.87,-4.48,-3.19,-2.72,-2.25,-0.55,-2.97,-2.11,-2.1,-1.5,2.93,-2.53,-1.48,-0.84,0.13,3.68,2.64,1.56,-0.08,2.19,5.0
1972-06-30,-4.11,-3.51,-3.25,-4.74,-3.42,-4.02,-2.74,-1.34,-3.37,-1.92,-6.22,-1.0,-3.04,-4.53,-2.12,-5.02,-4.59,-3.16,-2.17,-1.94,-4.22,-2.31,-1.45,-2.41,0.11
1972-07-31,-4.96,-3.64,-2.97,-2.98,-4.24,-5.77,-2.73,-2.76,-2.53,-5.05,-3.34,-3.13,-0.98,-0.93,-1.02,-1.85,-2.1,-2.92,-3.03,-1.92,-3.4,-1.52,0.4,0.89,2.01
1972-08-31,0.85,0.07,0.29,0.43,-1.28,4.85,1.3,0.68,1.32,-2.0,6.36,3.27,3.12,-0.23,0.99,4.35,4.89,3.49,3.88,0.63,10.83,8.14,7.42,1.43,0.51
1972-09-30,-5.86,-3.18,-3.49,-3.95,-4.09,-4.8,-1.02,-3.08,-3.18,-2.18,-3.54,-2.59,-1.67,-1.69,-1.34,-4.89,-0.82,-2.01,-2.18,-2.03,-2.1,-1.25,0.6,-1.2,0.63
1972-10-31,-3.04,-1.8,-2.6,-1.97,-3.6,-0.66,-0.45,-0.36,-1.92,1.13,-6.91,1.1,0.0,0.89,0.0,0.15,0.62,1.29,-0.16,-0.63,0.7,0.23,2.18,2.17,0.85
1972-11-30,5.8,5.3,4.49,5.1,3.8,4.93,7.1,2.54,5.11,6.35,13.28,7.52,7.63,3.76,2.85,10.07,9.59,7.46,5.58,5.85,8.45,8.28,8.81,4.35,1.25
1972-12-31,-5.85,-2.27,-2.16,-0.88,-0.18,-5.0,-3.16,-1.1,-1.85,1.19,-2.64,-1.45,-0.62,1.99,1.29,-3.64,-2.46,-2.0,-0.21,0.55,-2.99,-1.15,-0.44,1.96,4.32
1973-01-31,-4.74,-2.89,-3.33,-4.19,-4.06,-7.89,-3.69,-4.85,-6.04,-6.68,-9.08,-7.62,-5.64,-4.77,-5.28,-9.63,-7.36,-5.09,-6.31,-3.83,-11.86,-5.13,-4.72,0.98,-1.36
1973-02-28,-9.26,-7.69,-7.34,-6.62,-9.31,-7.91,-8.48,-5.91,-7.44,-11.12,-11.13,-7.67,-5.38,-8.25,-8.87,-8.38,-5.98,-5.03,-5.5,-5.99,-8.83,-5.1,-4.1,-2.85,-3.32
1973-03-31,-4.84,-1.76,-3.29,-1.79,0.76,-4.84,-2.76,-3.33,-3.15,-0.17,-4.52,-4.49,-2.68,-2.47,-0.32,-3.19,-1.68,-3.61,-2.67,-1.14,0.15,-3.88,-0.23,-1.65,0.92
1973-04-30,-11.18,-6.96,-5.92,-4.56,-4.06,-13.42,-7.96,-5.61,-2.28,-6.77,-11.7,-8.14,-8.02,-3.33,-4.16,-12.05,-8.92,-7.26,-4.18,-3.47,-13.52,-8.73,-4.31,-3.34,-3.78
1973-05-31,-12.4,-10.72,-8.06,-6.46,-8.09,-9.47,-10.44,-8.36,-6.58,-5.19,-10.77,-9.2,-7.78,-6.25,-4.68,-13.26,-9.1,-5.53,-3.69,-3.26,-6.99,-4.72,-2.01,-0.7,-0.38
1973-06-30,-5.99,-4.16,-1.97,-1.66,-2.76,-6.96,-3.25,-3.26,-0.51,-1.87,-6.71,-2.92,-1.61,-1.06,-3.05,-6.64,-6.35,-3.82,-2.18,-0.9,-9.11,0.88,-4.09,-0.49,0.69
1973-07-31,18.5,13.54,13.02,10.38,12.52,20.74,13.38,9.98,5.89,11.69,18.43,13.28,9.12,6.66,4.28,15.58,15.15,9.63,10.56,4.37,9.42,10.9,11.81,4.24,2.35
1973-08-31,-8.67,-5.72,-4.72,-5.97,-2.24,-10.42,-5.46,-1.24,-3.75,0.1,-5.5,-1.72,-4.71,-1.0,-0.33,-5.25,-5.11,-3.02,0.74,-1.16,-1.59,-4.8,-2.5,-2.59,-3.54
1973-09-30,10.32,8.76,9.72,7.38,8.11,12.14,13.8,9.57,9.76,11.59,11.6,13.05,11.17,10.02,8.45,13.08,13.64,13.29,8.93,9.27,12.71,12.5,10.62,0.71,4.25
1973-10-31,-2.73,-0.45,1.6,2.79,5.4,-6.02,-1.13,0.6,2.69,3.57,-5.14,-1.44,-0.89,0.29,5.17,-6.53,-3.23,0.52,-2.06,4.4,-7.52,-3.77,-5.47,0.73,1.57
1973-11-30,-23.66,-19.36,-17.89,-15.95,-17.77,-22.14,-21.14,-15.93,-15.34,-18.88,-21.89,-18.52,-17.89,-13.56,-14.24,-22.12,-20.54,-17.29,-12.81,-14.27,-24.21,-17.55,-11.93,-9.49,-8.41
1973-12-31,-10.31,-4.63,-4.02,-2.9,1.61,-7.25,-5.34,-0.1,0.8,6.7,-5.64,-4.4,0.27,0.77,10.24,-2.54,-0.41,-1.92,3.94,6.85,-2.49,-6.26,1.35,-0.18,5.14
1974-01-31,21.24,15.59,13.39,10.45,8.86,12.87,10.58,9.73,8.04,7.0,13.51,7.47,7.37,6.34,2.06,3.25,5.17,4.43,3.5,1.39,2.55,6.56,3.14,-1.26,-4.43
1974-02-28,-1.29,0.63,1.3,0.5,0.88,-0.1,2.49,0.63,0.05,-1.8,-0.96,-1.09,-0.58,1.26,1.31,0.03,1.85,-0.7,1.0,-1.05,-2.46,0.81,-1.3,-0.61,1.3
1974-03-31,2.53,1.98,1.2,2.57,-0.42,0.18,-1.67,-0.2,-1.12,-2.43,0.27,-1.18,-1.03,-1.45,-2.09,-1.0,-1.62,-3.6,-3.22,-4.25,-3.4,-2.48,-0.46,-2.45,-4.06
1974-04-30,-7.19,-5.28,-4.46,-4.35,-4.34,-7.87,-5.36,-4.58,-4.12,-6.45,-9.68,-7.09,-6.12,-4.73,-5.75,-8.65,-6.28,-7.25,-5.4,-4.34,-10.3,-3.47,-3.21,-4.04,-4.36
1974-05-31,-9.9,-7.87,-6.57,-6.11,-6.37,-9.64,-6.95,-7.81,-7.43,-7.81,-9.39,-7.81,-8.28,-6.27,-7.03,-3.61,-5.2,-5.82,-6.15,-9.23,-5.11,-0.07,-1.05,-3.85,-6.77
1974-06-30,-4.37,-3.24,-2.44,-2.5,-1.76,-5.64,-4.75,-2.7,-4.47,-1.67,-7.51,-3.81,-4.28,-2.5,-0.15,-5.48,-2.85,-4.49,-2.95,-2.27,-5.8,-1.83,-0.73,-1.92,-1.52
1974-07-31,-7.35,-5.54,-4.24,-5.05,-4.97,-6.97,-5.03,-4.7,-4.21,-3.23,-5.82,-2.26,-2.44,-4.65,-3.01,-5.1,-5.45,-4.2,-6.74,-3.21,-8.31,-9.56,-9.86,-7.59,-4.79
1974-08-31,-10.44,-8.34,-7.84,-6.47,-6.64,-9.81,-10.04,-8.65,-6.98,-6.0,-11.86,-9.25,-8.66,-8.98,-5.83,-11.26,-10.18,-12.17,-8.09,-6.62,-9.52,-8.25,-9.87,-7.66,-9.16
1974-09-30,-10.53,-7.79,-6.91,-6.63,-6.01,-12.56,-10.19,-6.0,-7.6,-9.06,-10.49,-7.87,-7.72,-6.24,-8.16,-9.98,-7.49,-8.79,-6.76,-8.57,-15.68,-14.5,-14.29,-8.82,-9.64
1974-10-31,8.39,7.3,7.07,5.96,10.45,13.33,10.12,7.46,7.84,12.53,13.42,14.06,9.83,10.29,12.85,16.66,19.33,10.51,14.29,15.48,24.12,22.04,12.44,20.42,16.84
1974-11-30,-8.49,-6.42,-5.41,-5.31,-3.13,-7.24,-5.43,-4.66,-3.79,-3.86,-3.2,-4.86,-4.7,-3.84,-0.84,-4.8,-3.71,-3.32,-0.66,-2.67,-3.65,-4.14,-4.83,-4.47,-2.73
1974-12-31,-11.33,-8.09,-8.59,-7.52,-5.96,-5.78,-7.44,-5.43,-5.7,-4.53,-5.33,-6.11,-4.77,-4.73,-5.31,-5.51,-3.91,-6.02,-1.51,-4.5,-5.88,-3.42,-2.0,-1.16,0.92
1975-01-31,43.22,37.32,31.56,24.66,21.2,33.92,32.54,26.95,24.38,18.4,27.95,27.37,25.25,19.16,17.48,28.87,22.7,21.83,20.17,13.39,22.46,13.33,10.82,6.06,10.08
1975-02-28,3.88,4.41,5.43,5.55,5.37,5.63,2.57,3.67,4.71,5.47,5.03,5.21,5.18,3.45,4.91,8.76,5.77,2.93,4.21,4.07,7.22,9.37,8.0,5.72,4.57
1975-03-31,13.12,9.16,6.48,7.18,7.43,6.96,5.1,6.12,4.84,6.28,7.07,4.22,5.48,4.66,5.55,6.87,3.94,3.1,5.84,9.03,2.27,4.05,1.33,-0.59,4.37
1975-04-30,1.1,2.16,2.72,3.56,7.02,-0.1,4.02,2.21,4.33,6.36,3.09,3.68,4.41,4.26,7.66,6.22,4.69,4.26,4.27,6.19,9.16,5.78,5.39,3.21,3.94
1975-05-31,8.39,7.04,5.76,7.47,9.54,7.88,8.53,7.16,7.79,9.0,7.46,6.4,7.2,5.26,6.45,6.33,6.75,5.96,5.85,5.03,6.18,5.16,5.88,4.52,4.33
1975-06-30,8.3,7.75,7.49,7.28,7.99,6.55,6.16,7.1,5.14,6.96,5.73,4.81,8.21,5.5,3.99,6.0,7.41,7.05,7.62,6.76,4.67,3.72,5.24,5.94,5.24
1975-07-31,0.02,0.11,-0.65,-1.21,-1.84,-1.6,-3.04,-4.11,-3.23,-3.63,-4.73,-3.2,-2.84,-4.46,-5.07,-6.21,-6.32,-7.11,-4.46,-5.75,-10.0,-6.14,-5.89,-6.42,-5.17
1975-08-31,-6.23,-4.4,-5.33,-6.77,-6.21,-5.82,-4.09,-4.52,-3.88,-5.13,-4.61,-4.33,-3.65,-2.74,-4.01,-5.95,-1.98,-4.24,-4.21,-1.92,-2.21,-1.2,-2.2,-0.74,-2.18
1975-09-30,-4.42,-2.92,-2.74,-3.65,-3.33,-3.61,-4.12,-3.8,-4.06,-4.27,-4.75,-3.62,-3.41,-4.62,-4.12,-6.01,-4.5,-2.77,-3.48,-3.49,-5.53,-3.14,-2.04,-4.73,-3.06
1975-10-31,-0.15,1.28,1.48,1.52,2.69,1.31,2.43,3.85,4.45,2.54,1.33,2.39,4.38,2.51,5.24,4.44,4.87,6.16,5.96,8.57,9.48,7.05,7.14,5.04,3.63
1975-11-30,0.66,0.8,2.88,1.81,2.69,1.68,3.37,2.22,2.95,3.28,2.35,2.19,3.15,3.36,2.7,4.81,4.14,2.21,5.86,3.67,5.22,3.33,2.39,1.48,1.18
1975-12-31,-0.63,-0.11,-1.23,-0.69,-1.57,0.58,-0.55,0.77,-2.22,-1.67,1.66,-0.2,-0.61,-0.93,-1.2,-0.7,0.34,-1.25,-1.24,-2.33,-2.83,-1.32,-2.2,0.03,0.27
1976-01-31,17.62,19.69,20.27,20.59,23.86,15.66,17.01,19.98,20.4,19.64,13.07,18.16,15.19,16.43,19.64,11.76,14.49,16.09,16.81,16.69,8.6,11.7,11.73,12.77,12.17
1976-02-29,12.52,10.06,9.37,11.48,11.66,7.94,8.03,7.96,9.53,7.33,5.71,6.28,4.86,4.67,6.06,2.73,3.53,1.87,2.21,2.82,-2.72,-1.22,-1.44,-2.05,3.17
1976-03-31,-0.44,1.24,2.92,1.75,2.61,-0.04,0.38,2.83,2.73,2.03,-0.3,0.98,2.01,2.31,1.93,0.64,1.29,2.47,3.06,1.81,4.57,3.27,4.21,1.64,-0.36
1976-04-30,-1.09,-0.57,-0.42,-1.61,-1.79,-1.09,-0.14,-0.36,-0.28,-2.58,-1.38,-0.05,-0.45,-2.02,-0.76,-2.74,-0.81,-0.11,-1.93,-1.09,-3.41,-0.54,-0.55,0.84,-1.63
1976-05-31,-0.79,-1.32,-0.6,-2.08,-4.57,-1.07,-0.31,-0.21,-2.13,-3.56,-1.14,-0.36,-0.95,-1.68,-2.76,-1.68,-1.93,-0.95,-1.23,-3.64,-0.83,-0.99,-0.55,0.21,-0.35
1976-06-30,1.64,2.86,2.13,1.74,2.77,2.68,3.34,1.91,3.2,4.71,4.03,5.7,4.49,5.96,6.81,6.01,6.44,5.1,6.17,5.11,6.31,3.18,4.66,3.49,3.02
1976-07-31,-0.92,0.3,0.73,0.84,0.07,-0.36,0.83,0.63,1.56,0.19,-0.25,0.91,-0.08,1.75,-2.13,0.21,0.95,0.36,-0.24,-2.06,-0.97,-1.84,0.86,-1.46,-1.58
1976-08-31,-2.1,-0.64,-1.44,-1.79,-1.82,-2.49,-0.88,-1.36,-1.95,-2.42,-2.57,-0.57,-0.32,-2.05,-2.51,-1.47,0.37,0.79,-0.54,-2.11,1.33,0.1,1.0,-0.35,-2.38
1976-09-30,1.0,1.42,3.3,2.5,2.17,3.56,2.73,3.58,4.04,2.53,2.66,1.62,1.93,1.88,3.91,2.2,1.91,2.41,4.21,2.05,1.47,3.02,2.52,3.27,-0.11
1976-10-31,-2.0,-1.67,-1.37,-1.91,-2.06,-3.22,-1.97,-1.78,-2.27,-1.84,-1.6,-0.82,-1.25,-2.34,-2.89,-1.2,-2.2,-1.06,-0.88,-2.78,-3.11,-2.32,-0.97,-2.12,-3.56
1976-11-30,1.83,2.87,3.23,3.35,3.66,3.51,2.94,2.97,5.06,4.92,4.29,2.88,3.88,3.84,4.16,2.1,3.49,2.48,3.39,4.72,-3.04,-0.25,0.88,0.82,2.06
1976-12-31,11.22,9.86,9.1,10.47,10.02,12.11,9.81,8.51,9.64,9.84,10.87,9.42,7.94,8.57,7.38,6.47,5.88,7.72,7.75,7.46,4.1,5.13,4.33,8.15,6.06
1977-01-31,3.25,3.21,5.23,4.67,4.58,-1.93,3.04,2.6,1.16,2.57,-2.07,-2.19,0.6,-0.66,2.37,-4.83,-3.33,-1.16,-3.33,-0.29,-8.64,-5.63,-3.15,-2.5,-2.22
1977-02-28,-1.32,-1.09,0.22,0.69,0.94,-2.38,-0.59,-0.58,-0.15,-0.67,-2.97,-1.93,-1.68,-1.51,-0.77,-2.1,-1.74,-2.05,-2.27,-0.97,-1.44,-0.85,-1.38,-2.55,-3.6
1977-03-31,-0.12,1.08,1.43,1.3,1.61,1.54,-0.32,0.84,0.24,1.18,-1.24,0.03,0.37,0.36,-0.68,-1.38,-0.62,1.28,1.02,0.78,-2.45,-1.72,-0.53,-1.54,-1.97
1977-04-30,-0.28,0.78,2.49,2.69,2.58,-0.66,2.56,1.51,2.72,3.47,-1.28,0.43,2.93,1.31,3.55,-1.87,0.94,1.02,2.05,3.24,-3.31,0.17,0.13,2.45,2.41
1977-05-31,-1.35,0.04,0.96,0.58,0.39,-0.88,-0.02,0.38,0.62,0.01,-1.24,0.16,-0.46,0.6,-0.84,0.21,-2.43,-1.17,-0.41,0.37,-3.74,-2.28,-0.23,0.32,0.5
1977-06-30,5.25,5.6,5.23,5.62,6.95,4.74,5.94,6.12,5.26,7.74,4.99,6.19,6.68,6.45,7.58,6.03,4.33,3.68,6.21,6.69,5.05,5.48,3.6,4.18,6.47
1977-07-31,0.07,1.11,1.47,1.56,1.71,-1.25,0.88,0.18,1.04,-0.3,-0.85,-1.56,0.9,-0.73,-0.48,-2.37,-1.96,-1.42,-0.77,-2.48,-2.67,-0.7,-2.24,-0.85,-1.14
1977-08-31,-1.64,0.18,-0.48,-0.04,-0.08,-1.82,0.03,-1.52,0.0,-0.74,0.91,-0.3,-1.22,-0.98,0.41,-1.21,-1.37,-2.71,-1.39,-3.53,1.87,-1.9,-2.49,-3.78,-4.31
1977-09-30,0.0,1.14,1.72,2.1,2.19,-3.44,1.26,1.03,0.22,1.63,-1.94,0.71,0.35,1.83,2.28,-0.74,0.89,0.48,0.47,1.85,-1.81,-0.26,1.8,0.85,0.38
1977-10-31,-2.73,-2.36,-1.4,-1.52,-2.43,-4.15,-2.76,-1.47,-1.2,-4.1,-1.94,-1.7,-2.33,-3.16,-3.78,-4.8,-2.73,-3.42,-3.18,-4.02,-4.7,-3.75,-4.74,-3.15,-7.0
1977-11-30,8.21,6.46,6.18,8.41,8.52,5.6,10.28,7.07,7.65,10.03,7.03,6.96,5.95,7.37,7.34,6.96,5.32,5.73,7.13,7.23,2.95,3.41,3.5,4.71,4.51
1977-12-31,1.48,1.51,2.3,2.19,3.12,0.29,-0.07,3.44,2.39,1.79,0.47,0.23,0.56,2.2,2.05,0.61,0.81,0.4,2.04,0.85,-0.56,1.4,0.0,0.02,1.16
1978-01-31,-0.06,-1.02,1.08,-1.01,-1.31,-2.37,-1.89,-0.77,-3.09,-4.39,-2.81,-4.1,-4.35,-4.01,-5.53,-4.41,-4.85,-4.68,-7.22,-6.2,-6.84,-5.86,-6.17,-5.91,-5.79
1978-02-28,1.9,3.05,3.89,4.56,3.84,0.3,1.83,1.55,1.82,1.45,0.72,1.09,1.09,1.14,1.69,-1.32,-1.48,-1.56,-0.42,-0.07,-4.99,-1.52,-0.31,-1.62,1.8
1978-03-31,7.14,6.29,6.07,7.07,7.96,4.72,7.81,5.23,6.06,7.58,6.15,5.54,5.37,6.28,5.49,4.56,6.13,4.1,5.24,4.71,2.78,3.21,-0.51,3.78,5.62
1978-04-30,9.01,7.31,6.06,8.63,8.67,5.74,5.46,7.16,7.01,9.61,6.12,6.89,4.99,7.36,11.09,8.87,7.95,6.24,6.02,9.0,11.63,9.87,5.78,6.17,10.27
1978-05-31,6.95,5.86,4.75,7.01,8.33,6.53,4.64,2.89,5.02,6.59,4.29,3.14,3.48,4.17,6.67,4.21,2.78,3.28,5.01,6.59,0.88,0.84,0.71,2.48,7.35
1978-06-30,-0.96,0.1,0.59,1.04,0.76,-2.64,-0.35,0.67,-0.19,0.24,-1.55,0.1,0.43,0.78,1.18,-1.87,-0.69,0.13,-0.04,1.22,-3.44,-1.47,-0.96,-1.14,4.3
1978-07-31,3.44,3.91,2.75,5.12,7.05,5.11,3.54,6.83,5.64,8.45,2.95,3.3,3.52,5.91,7.72,5.35,4.23,7.12,7.36,11.21,4.51,4.9,5.89,9.15,15.53
1978-08-31,6.15,8.66,7.38,7.83,10.8,7.28,7.63,7.92,7.25,9.25,4.33,4.28,6.41,6.71,12.18,3.82,3.96,5.27,4.18,10.78,4.46,2.73,2.34,2.48,4.04
1978-09-30,0.79,0.88,0.8,-0.5,-0.24,-0.42,0.75,0.56,-1.63,-3.1,-0.62,-1.52,-0.39,-1.95,-3.95,0.3,-0.69,-0.4,-2.39,-1.64,1.61,-0.72,-2.68,-1.77,-7.01
1978-10-31,-17.28,-14.14,-16.56,-20.5,-25.62,-18.03,-12.24,-15.99,-20.11,-24.12,-12.81,-12.92,-15.72,-18.39,-20.99,-10.88,-11.04,-11.91,-15.71,-21.24,-7.83,-7.61,-10.67,-11.86,-16.12
1978-11-30,1.02,4.07,3.53,5.73,8.78,2.99,1.53,5.49,6.04,10.8,4.03,2.72,2.96,4.9,8.15,1.38,1.87,1.84,4.61,9.23,2.14,2.93,2.66,4.24,10.45
1978-12-31,0.37,-0.77,1.1,2.0,2.79,1.12,1.17,1.71,2.82,3.15,0.34,0.45,1.94,2.72,3.8,0.88,-0.52,1.8,1.36,2.66,-2.88,-0.17,4.03,1.36,4.01
1979-01-31,11.19,9.94,9.59,9.32,10.48,10.94,9.16,8.18,7.47,7.87,7.59,7.22,6.32,6.19,8.92,7.14,7.67,5.48,5.78,4.52,7.13,4.13,3.56,2.74,3.53
1979-02-28,-1.75,-1.27,-2.21,-1.01,-2.35,-2.12,-2.36,-0.78,-3.0,-4.53,-2.66,-1.71,-2.38,-3.0,-3.58,-1.89,-3.16,-2.71,-4.01,-3.36,-3.7,-2.29,-2.29,-2.65,-5.78
1979-03-31,8.72,6.72,6.27,8.19,9.82,8.28,6.15,8.23,10.72,11.2,7.68,5.84,8.1,10.27,12.75,7.37,5.59,8.16,9.82,10.48,5.18,2.92,6.12,6.05,7.73
1979-04-30,2.28,2.0,2.53,2.9,3.28,2.45,1.21,2.33,2.46,3.03,-0.01,1.96,1.57,3.4,2.26,0.4,0.14,0.89,1.16,2.76,-1.64,0.98,-0.61,1.08,0.06
1979-05-31,-1.47,-0.98,0.52,-1.99,-0.49,-2.5,-0.77,-0.43,-0.98,-3.1,-1.12,-0.89,-1.9,-1.41,-1.76,-0.48,-1.01,0.82,-0.68,-2.35,-1.32,-0.14,-0.36,-3.13,-1.49
1979-06-30,4.65,5.77,3.89,5.69,6.5,7.13,4.12,4.56,7.4,6.03,3.59,6.02,4.76,4.94,5.87,10.52,6.96,5.74,5.3,6.68,4.13,2.27,4.86,3.72,7.22
1979-07-31,2.35,2.54,2.84,2.86,2.13,2.71,4.88,3.57,3.46,1.83,4.41,3.6,4.9,4.11,1.66,5.03,2.55,2.96,1.22,2.39,1.36,1.43,0.97,0.65,0.85
1979-08-31,9.04,6.82,7.14,5.84,8.69,9.26,8.26,5.97,6.75,7.57,8.89,7.08,7.15,6.85,7.8,7.28,7.54,6.7,6.97,7.84,8.27,5.56,3.98,6.17,7.61
1979-09-30,-3.19,0.31,-1.21,0.69,0.94,-1.65,-0.95,-0.58,-0.24,1.27,-3.66,0.39,-1.53,-0.35,2.49,-2.09,-0.91,-1.14,-1.29,1.01,-3.66,-2.29,-0.85,2.33,4.72
1979-10-31,-12.06,-9.44,-9.55,-10.23,-11.05,-11.35,-10.81,-11.02,-11.28,-9.77,-12.3,-9.57,-8.14,-8.93,-8.14,-10.36,-8.66,-8.57,-8.89,-7.52,-7.17,-7.21,-7.08,-5.6,-3.2
1979-11-30,3.14,4.0,7.37,7.31,13.35,3.83,4.14,6.07,10.11,12.88,3.16,4.42,6.78,10.67,12.37,3.87,6.22,5.44,8.91,14.23,3.63,1.76,5.36,9.5,10.49
1979-12-31,5.35,4.72,6.17,7.78,10.26,4.19,3.33,4.02,7.03,11.39,1.37,1.41,4.16,4.06,8.99,1.52,1.09,2.44,4.94,5.03,-0.31,1.45,2.41,1.79,4.45
1980-01-31,8.41,7.81,7.34,12.26,13.19,5.23,4.5,6.87,7.17,9.19,3.98,2.72,4.91,7.04,11.05,2.62,0.72,2.73,8.8,10.6,1.65,1.64,6.65,9.63,13.7
1980-02-29,-3.47,-2.98,-1.45,-1.78,1.72,-4.0,-3.91,-4.39,-3.72,0.41,-6.19,-4.16,-5.19,-2.24,1.5,-5.73,-6.9,-3.06,-2.54,1.41,-3.74,-5.17,-2.83,4.38,8.39
1980-03-31,-17.51,-14.34,-15.41,-18.63,-22.34,-12.44,-13.2,-14.96,-18.87,-20.58,-7.64,-12.19,-14.66,-16.96,-21.18,-5.88,-7.44,-9.81,-14.51,-18.51,-4.42,-3.45,-8.46,-12.91,-17.93
1980-04-30,5.87,6.26,4.21,6.19,6.95,7.27,5.27,5.79,6.62,8.34,7.73,5.44,5.92,7.3,8.19,10.92,7.33,4.4,4.87,6.2,5.47,4.93,1.84,2.94,5.64
1980-05-31,8.17,8.18,6.51,6.78,6.45,10.39,8.03,8.54,8.34,7.58,10.4,8.08,9.43,7.55,8.23,7.81,8.3,7.86,8.64,6.69,3.65,5.13,6.38,7.11,3.86
1980-06-30,4.54,4.15,4.73,3.33,4.72,3.78,4.72,2.98,4.38,6.43,1.58,4.69,3.04,4.02,7.31,3.4,4.01,5.49,4.31,7.97,3.69,1.3,0.88,2.99,4.74
1980-07-31,9.53,7.62,8.44,10.45,11.65,9.91,9.41,9.13,13.0,12.09,7.66,7.63,5.46,9.0,13.31,5.7,7.03,6.92,8.45,10.05,11.02,6.91,4.17,7.84,4.82
1980-08-31,6.25,4.49,7.12,8.15,11.1,3.65,3.88,2.43,6.5,9.55,5.02,2.09,2.34,3.91,7.34,1.86,0.63,-0.28,3.35,5.47,1.43,0.78,0.67,1.0,2.72
1980-09-30,2.99,3.1,1.84,3.09,5.33,1.06,1.09,3.55,3.75,6.49,-0.29,0.9,0.61,5.2,5.57,-1.87,2.07,0.44,3.83,7.67,-0.7,-1.47,0.74,3.84,7.31
1980-10-31,2.06,1.58,3.28,4.6,9.28,-1.16,-0.51,1.48,2.63,8.61,-1.92,-0.13,0.39,3.5,4.89,-1.6,-0.44,0.58,1.55,3.85,-4.51,1.25,-2.04,4.51,5.06
1980-11-30,1.43,1.43,4.55,5.95,12.25,2.74,3.57,6.11,7.09,13.15,-0.16,1.15,3.34,6.56,15.23,0.8,2.55,6.37,9.43,17.47,-0.92,3.52,12.91,16.75,22.2
1980-12-31,-3.18,-2.54,-3.07,-3.03,-5.47,-1.82,0.27,-1.78,-2.91,-4.96,-0.04,-1.65,-1.36,-2.15,-4.39,1.97,0.8,-1.85,-3.4,-4.41,3.3,1.91,-0.57,-7.07,-9.07
1981-01-31,3.09,4.05,2.43,0.49,-2.47,0.77,2.86,0.58,-0.57,-5.23,2.37,3.07,-0.24,-3.18,-3.56,-0.25,1.23,0.73,-3.75,-7.77,-0.72,1.17,-3.33,-5.5,-10.77
1981-02-28,0.48,0.84,0.2,-0.51,-1.53,1.58,2.14,2.19,1.6,0.21,2.49,2.7,2.11,2.8,0.53,1.38,2.09,2.47,4.35,1.41,4.29,1.82,2.67,1.12,1.31
1981-03-31,6.82,8.0,6.62,7.03,7.61,7.51,8.33,6.44,7.93,9.16,8.43,9.04,8.98,6.97,7.87,17.07,8.07,8.12,7.07,9.23,4.24,2.26,0.96,2.58,6.17
1981-04-30,1.89,3.39,4.33,3.07,3.53,-0.83,2.6,3.28,3.89,2.52,2.0,2.31,2.8,2.61,3.68,-1.6,0.85,-0.71,0.1,0.32,-0.63,-0.29,-3.3,-3.9,-4.9
1981-05-31,0.99,1.33,2.74,2.4,4.29,0.7,0.26,2.84,2.24,5.89,-0.1,1.69,0.67,4.01,6.29,2.84,0.06,2.41,1.88,4.91,1.41,-0.53,0.55,-0.72,2.63
1981-06-30,-0.63,1.91,0.03,-0.21,-2.11,-0.64,-0.16,-1.35,-0.5,-3.03,1.66,-0.01,-0.82,0.5,-5.11,2.62,-0.53,-0.68,-2.58,-6.6,4.34,0.7,-1.41,-2.99,-8.83
1981-07-31,-1.7,-2.09,-3.0,-2.72,-3.63,-1.92,-1.64,-0.94,-2.79,-2.47,-1.4,-1.35,-1.36,-2.58,-2.58,0.46,-0.23,-1.32,-2.13,-1.6,5.47,0.88,-2.61,-1.46,-1.36
1981-08-31,-9.49,-4.41,-6.64,-7.34,-9.53,-8.35,-6.1,-6.45,-4.39,-9.85,-4.83,-4.19,-6.63,-6.05,-8.0,-7.21,-2.6,-4.02,-6.0,-6.27,-5.32,-4.45,-5.31,-6.89,-6.07
1981-09-30,-10.19,-9.17,-7.89,-6.93,-8.29,-12.06,-6.59,-6.41,-6.88,-5.24,-9.73,-5.29,-6.0,-4.38,-6.79,-5.91,-6.1,-5.73,-5.37,-5.49,-7.74,-5.65,-4.04,-5.32,-7.21
1981-10-31,7.6,6.56,8.05,7.34,9.68,5.11,5.65,8.2,6.51,11.38,3.26,2.64,5.94,8.62,10.36,2.76,7.6,5.51,6.56,7.5,5.84,3.13,5.51,6.2,9.61
1981-11-30,0.04,2.65,3.08,3.7,3.46,2.96,1.87,5.39,5.38,3.92,3.54,2.93,4.42,3.95,1.23,6.04,6.64,4.93,5.19,3.72,5.07,7.44,4.09,3.94,2.85
1981-12-31,-4.93,-0.92,0.55,-0.01,-1.08,-4.34,-1.42,-0.94,0.61,-1.36,-3.16,-0.52,-1.19,-1.83,-3.2,-5.44,-1.74,-1.35,-1.91,-3.1,-4.63,-2.58,-2.65,-3.9,-2.2
1982-01-31,-2.54,-0.78,-0.78,-0.88,-1.62,-3.43,-3.31,-3.71,-3.04,-3.67,-5.96,-5.32,-3.08,-2.55,-3.3,-7.4,-7.04,-3.26,-1.7,-3.87,-6.09,-1.5,-1.48,0.31,0.54
1982-02-28,-7.85,-3.73,-2.92,-2.4,-2.91,-9.14,-5.16,-4.06,-2.38,-3.28,-7.03,-6.15,-4.09,-1.13,-2.13,-7.16,-6.11,-4.1,-0.95,-3.0,-10.14,-5.92,-5.68,-3.13,-2.08
1982-03-31,-2.85,-0.74,-0.05,-0.14,0.14,-4.39,-1.41,0.38,-0.36,-0.68,-0.98,-1.49,-0.04,0.26,1.03,-3.9,-2.18,-1.9,1.0,1.35,-3.03,-1.15,-1.81,0.92,1.01
1982-04-30,4.65,5.54,6.0,3.93,4.37,5.14,8.54,5.48,5.8,6.21,3.52,4.4,5.7,5.16,5.56,2.85,5.9,5.82,4.08,6.55,6.03,3.8,3.1,5.32,1.96
1982-05-31,-3.64,-2.39,-0.76,-1.4,-1.27,-6.48,-3.58,-2.86,-1.88,-1.14,-4.18,-5.34,-3.04,-1.71,-1.68,-5.66,-6.31,-3.41,-4.31,-2.56,-6.04,-1.31,-1.49,-2.88,-2.54
1982-06-30,-7.27,-2.73,-2.02,-1.72,-0.8,-7.63,-2.9,-2.11,-0.61,-1.22,-6.28,-3.28,-3.35,-1.32,0.85,-8.33,-2.49,-2.63,-2.2,0.48,-6.03,-1.23,-4.05,-0.71,0.69
1982-07-31,-4.63,-2.94,-1.14,0.39,-0.02,-4.07,-1.28,-0.93,0.18,0.4,-4.31,-3.52,-1.34,-0.23,-1.2,-5.24,-4.83,-3.48,-0.6,-0.15,-6.99,-2.98,-4.76,-1.44,1.67
1982-08-31,8.17,6.32,4.71,4.48,4.51,11.31,9.19,6.87,6.94,7.71,11.97,11.4,11.74,10.05,9.81,14.83,16.19,11.83,11.11,9.8,16.44,14.83,13.89,11.18,11.26
1982-09-30,-2.57,2.97,4.93,6.63,6.46,-1.99,3.39,5.75,5.55,6.35,-1.5,4.14,3.92,4.85,5.42,-0.32,4.54,2.12,3.77,4.13,-0.88,2.06,0.66,0.12,2.43
1982-10-31,13.95,11.54,12.49,12.57,16.12,12.28,12.64,12.25,12.92,16.67,14.45,13.1,13.95,13.0,14.7,13.94,15.01,15.03,12.76,11.25,11.88,11.43,10.99,10.67,10.41
1982-11-30,4.87,11.35,11.11,10.3,11.86,4.49,7.68,8.89,9.54,10.4,2.53,8.48,9.64,6.69,10.31,3.14,5.1,8.02,5.53,10.29,4.33,-1.22,3.23,5.68,7.38
1982-12-31,0.71,1.68,2.56,1.7,2.88,0.09,0.14,1.06,1.56,1.75,-1.65,-1.09,1.04,2.28,1.56,3.13,-1.56,2.56,3.38,1.38,4.61,0.79,0.38,-0.18,1.85
1983-01-31,12.84,9.96,7.31,7.82,11.51,8.8,7.11,5.0,6.46,7.17,7.56,4.69,3.28,4.22,5.33,5.77,7.01,2.96,1.35,0.11,4.19,6.8,2.18,1.53,3.5
1983-02-28,1.36,5.28,6.08,7.07,7.05,1.21,4.74,4.66,6.57,6.78,-0.04,5.48,5.14,3.39,7.08,-1.13,2.88,3.52,4.01,8.24,1.16,0.94,2.46,4.03,4.23
1983-03-31,3.19,4.72,4.75,5.36,5.68,2.81,5.13,5.02,5.07,5.12,2.31,4.15,3.63,5.23,4.31,1.77,3.54,2.52,6.68,4.84,3.87,4.19,1.91,2.19,3.11
1983-04-30,7.13,6.12,7.32,8.17,9.37,7.51,7.78,7.63,8.35,8.56,5.15,4.18,5.71,6.81,8.63,7.46,7.03,4.65,4.23,9.77,8.63,7.18,5.58,9.5,5.63
1983-05-31,12.84,7.36,9.14,8.71,9.97,9.04,4.64,3.25,3.85,7.4,7.63,3.92,3.5,2.85,5.24,8.42,4.76,3.2,0.8,3.59,1.35,-1.6,-1.95,-1.68,-0.55
1983-06-30,3.69,4.56,4.39,4.02,4.16,4.47,2.37,2.53,5.35,5.28,3.27,1.23,4.43,2.62,6.86,4.82,1.91,1.83,5.86,4.56,5.24,1.5,3.08,4.78,5.33
1983-07-31,-1.06,-1.56,0.95,-2.49,-3.92,-0.46,-1.53,-2.5,-1.09,-5.6,1.0,-0.93,-0.96,-2.62,-4.31,-2.39,-1.19,-3.49,-1.31,-6.42,-2.28,-3.59,-4.17,-2.84,-7.24
1983-08-31,-2.55,-2.05,-2.84,-2.96,-5.53,-0.81,-1.42,-0.86,-3.26,-4.94,0.93,-0.81,-2.71,-2.15,-4.25,3.07,1.37,1.7,-2.62,-6.06,2.87,3.91,1.92,-0.22,-3.98
1983-09-30,-2.89,1.04,1.43,0.32,0.75,-0.97,1.35,4.01,4.02,2.03,4.16,4.13,4.2,3.38,3.97,4.02,3.14,3.0,0.73,3.0,2.29,-0.34,1.52,1.91,1.37
1983-10-31,-6.71,-3.76,-6.09,-4.47,-6.85,-6.05,-3.16,-4.37,-5.24,-9.48,-0.34,-0.43,-4.76,-5.56,-8.81,-0.25,-0.73,-3.2,-4.84,-9.92,1.53,-1.94,-0.16,-2.48,-4.79
1983-11-30,1.16,4.8,4.61,3.51,3.81,5.39,3.31,5.98,5.04,5.34,5.3,3.81,4.76,5.04,5.4,5.56,5.05,5.09,4.34,4.92,1.41,2.7,1.93,0.12,3.29
1983-12-31,-4.26,-1.25,0.55,-0.92,-2.0,-2.33,-1.49,0.7,-0.53,-0.04,-1.79,-1.76,-1.2,-1.08,-3.56,0.12,-1.14,-2.2,-2.07,-2.58,-0.12,-1.02,-3.08,0.26,1.85
1984-01-31,1.09,1.07,1.36,0.09,-0.87,0.11,-2.38,-0.97,-0.42,-2.84,-1.35,-3.08,-0.51,-3.37,-6.37,-2.72,-2.81,-2.14,-3.95,-7.41,-1.52,1.2,-0.62,0.59,-3.75
1984-02-29,-6.86,-5.29,-4.56,-4.58,-6.17,-7.28,-4.89,-4.88,-3.79,-5.27,-4.15,-4.23,-4.85,-4.71,-5.64,-6.07,-6.16,-3.8,-4.48,-6.38,-3.6,-2.71,-3.37,-3.96,-2.49
1984-03-31,-0.92,0.52,1.21,1.29,1.52,-0.13,1.56,1.07,1.34,1.95,-1.14,1.2,2.03,2.21,1.8,-0.92,2.24,2.26,1.9,2.75,1.46,2.06,1.74,0.72,1.35
1984-04-30,-4.08,-1.83,0.27,-1.33,-1.14,-0.95,-1.27,0.11,0.35,1.0,-1.06,-0.7,0.94,0.53,1.17,-2.87,-3.06,-1.22,0.39,0.46,1.0,-0.19,1.49,-0.01,2.92
1984-05-31,-6.96,-5.58,-4.15,-4.31,-4.25,-5.78,-4.9,-5.35,-5.01,-4.51,-6.45,-3.61,-5.42,-4.47,-5.39,-6.12,-4.35,-3.92,-5.6,-7.42,-6.81,-4.99,-5.49,-4.28,-4.48
1984-06-30,0.56,1.53,2.17,1.41,1.96,2.93,3.7,4.03,3.64,2.89,1.8,3.19,5.88,4.22,0.93,2.1,3.4,5.01,3.44,3.85,4.42,2.31,4.91,1.06,1.12
1984-07-31,-8.56,-5.62,-2.34,-2.19,-0.94,-6.49,-5.09,-4.03,-2.19,-1.15,-5.7,-3.96,-2.64,-2.46,-1.27,-6.8,-3.84,-4.65,-1.54,-1.95,-3.4,-0.22,0.36,-1.62,-2.52
1984-08-31,11.17,10.1,9.0,7.26,6.53,16.39,12.95,13.2,8.39,7.3,15.2,15.24,12.52,10.17,10.65,14.19,13.28,12.91,11.93,10.31,17.74,12.08,12.62,10.7,7.99
1984-09-30,-2.39,-1.11,0.72,2.51,1.84,-3.03,-1.83,-1.37,1.5,2.51,-2.59,-1.68,0.3,1.13,1.88,0.93,-0.26,1.28,1.04,1.02,-3.08,-3.11,0.04,0.83,0.96
1984-10-31,-4.78,-1.75,-1.34,0.45,0.51,-4.27,-1.37,-2.18,0.44,0.77,-4.61,-1.47,-1.6,1.52,1.84,-2.98,-0.92,0.5,1.63,2.19,0.64,0.68,0.12,0.95,0.34
1984-11-30,-5.89,-2.32,-2.03,-0.55,-1.8,-4.74,-0.66,-1.77,-0.87,-1.73,-4.41,-0.29,0.97,1.24,-1.87,-1.14,-0.84,0.15,-0.48,-0.99,0.43,-0.31,-1.51,-1.58,-0.54
1984-12-31,-1.11,0.51,1.51,1.44,2.25,1.23,2.79,3.49,3.54,2.17,1.49,1.83,2.93,2.76,3.25,0.84,2.26,2.04,3.03,2.96,-0.73,3.85,1.75,2.59,2.73
1985-01-31,19.03,13.41,10.57,9.67,9.02,14.35,13.02,12.93,10.84,8.72,15.65,11.16,11.56,9.81,8.52,15.05,10.55,11.19,7.62,8.15,10.75,10.13,9.52,6.27,4.14
1985-02-28,3.05,3.77,3.6,2.18,4.19,1.61,1.87,3.04,3.97,3.14,-0.17,0.47,2.12,2.67,2.46,0.29,-1.74,1.62,1.67,2.67,-0.28,1.3,2.04,0.92,3.06
1985-03-31,-4.16,-1.45,-0.69,-0.9,0.64,-2.59,-2.92,-1.84,-0.54,-0.56,-4.02,-2.53,0.15,-0.35,-0.27,1.26,-1.66,0.51,-2.03,0.9,2.53,0.36,1.18,-0.38,-0.14
1985-04-30,-3.71,-1.04,-1.22,0.19,0.97,-2.39,-2.05,-1.57,0.58,0.8,-3.6,-2.07,-1.05,2.16,1.67,-1.94,-2.72,-0.57,-0.16,1.87,-2.72,0.92,-0.28,0.19,-0.74
1985-05-31,0.03,2.33,2.67,3.03,4.6,1.74,4.1,4.14,4.42,5.53,1.92,5.95,4.0,4.83,5.19,-1.27,6.54,6.26,6.2,6.06,1.62,4.72,5.64,8.17,7.49
1985-06-30,-2.31,0.65,2.51,2.51,2.68,-2.02,0.15,3.29,1.75,3.81,-2.36,1.59,2.31,4.27,4.1,-1.19,-0.12,1.55,3.0,4.12,2.49,1.96,0.34,2.48,2.72
1985-07-31,2.4,2.94,2.07,1.54,2.76,3.86,4.09,3.16,1.64,1.77,4.8,2.69,2.0,-0.87,0.74,4.17,1.77,0.95,-0.61,-2.37,6.63,1.45,0.92,-2.58,-2.89
1985-08-31,-1.39,-0.31,-1.2,0.27,1.21,-1.23,-0.77,0.58,0.97,0.08,-3.08,-1.04,-1.15,-0.15,-0.17,-2.2,-0.97,-0.68,0.42,0.34,-2.69,-1.92,0.04,0.86,-0.72
1985-09-30,-7.7,-4.91,-4.2,-4.28,-5.62,-8.47,-5.53,-4.24,-4.73,-4.96,-8.3,-4.74,-4.83,-4.04,-4.07,-7.33,-4.44,-4.16,-5.14,-5.08,-4.16,-2.72,-3.36,-2.61,-4.06
1985-10-31,0.1,1.83,3.27,2.24,4.9,1.2,0.84,4.68,5.4,7.08,-0.66,1.81,4.19,5.69,5.85,-0.32,3.05,4.9,5.41,8.5,0.57,4.02,4.19,5.77,5.85
1985-11-30,4.83,3.81,5.18,5.84,7.24,8.43,8.38,6.96,7.07,7.76,9.02,6.62,7.28,5.46,6.55,5.69,7.81,6.24,7.23,7.7,8.17,9.08,7.05,5.34,7.09
1985-12-31,2.96,3.7,4.49,6.21,4.16,3.73,4.47,5.02,3.58,3.78,4.89,4.15,4.06,3.34,4.49,4.02,4.53,2.52,4.67,4.33,5.3,7.72,3.81,4.07,3.75
1986-01-31,1.45,3.15,2.89,3.66,5.61,-2.14,-0.08,0.71,1.26,3.99,-1.1,0.6,2.27,1.63,3.91,-0.53,1.09,1.74,2.23,4.81,0.23,1.87,-1.23,1.0,2.46
1986-02-28,3.93,6.49,7.09,6.65,7.27,4.96,7.1,8.14,7.18,9.75,6.96,5.02,7.13,9.05,9.05,3.72,6.71,7.0,9.41,7.7,8.15,9.95,6.07,7.95,8.94
1986-03-31,3.81,4.95,4.09,5.44,5.4,2.09,5.35,5.72,7.42,4.53,3.35,5.77,5.96,5.72,5.02,1.25,4.97,5.72,6.48,6.12,-1.0,4.8,4.15,6.3,8.24
1986-04-30,0.12,2.82,1.25,2.18,1.82,0.36,0.93,1.07,0.64,2.35,1.03,1.33,1.36,0.57,1.22,-1.03,-1.31,-1.77,-0.35,-0.45,-2.36,1.37,-1.69,-1.44,-3.16
1986-05-31,2.77,2.55,3.46,3.61,5.21,2.73,3.09,1.76,3.94,5.57,5.38,2.2,4.76,4.95,6.37,3.55,4.03,4.73,5.25,6.11,7.62,2.14,4.61,5.94,8.21
1986-06-30,-1.6,-0.57,1.08,0.52,2.92,-4.77,-1.25,1.06,2.96,2.2,0.48,-1.78,2.19,2.23,2.87,-2.69,-0.52,1.22,1.56,3.49,-3.15,0.79,0.67,3.81,4.65
1986-07-31,-9.87,-7.14,-6.18,-7.51,-8.17,-12.54,-7.3,-8.34,-5.83,-8.76,-11.83,-7.44,-5.38,-7.91,-7.87,-8.52,-6.49,-4.77,-5.46,-8.41,-9.23,-4.24,-4.96,-4.52,-5.34
1986-08-31,1.05,1.91,1.87,0.65,0.45,6.52,2.93,3.58,3.45,2.72,11.04,6.19,5.45,3.66,3.59,12.84,11.88,8.1,4.68,4.34,17.61,9.25,8.07,6.36,4.46
1986-09-30,-6.17,-5.52,-5.31,-5.54,-8.1,-3.98,-5.05,-5.08,-5.94,-8.07,-3.4,-5.35,-6.04,-7.37,-8.01,-3.36,-3.71,-6.76,-9.18,-9.49,1.21,-4.97,-7.73,-10.57,-11.81
1986-10-31,0.63,2.29,2.71,2.92,2.75,1.6,3.85,3.55,3.6,6.28,0.62,2.28,3.48,2.77,5.57,4.31,6.16,5.39,5.95,5.85,3.77,0.86,6.19,7.27,6.75
1986-11-30,-0.82,0.48,0.89,-1.5,-1.27,-1.57,-0.52,0.29,0.02,-1.24,1.06,-0.61,-0.22,-0.82,-0.21,1.65,1.63,1.56,1.41,0.37,-0.71,3.3,2.86,1.66,1.8
1986-12-31,-3.71,-2.49,-1.98,-3.2,-5.08,-3.18,-2.01,-2.36,-1.54,-3.15,-2.96,-1.92,-1.94,-0.93,-3.39,-5.57,-2.48,-3.63,-2.8,-3.97,-4.59,-3.88,-1.93,-2.37,-2.22
1987-01-31,10.12,8.85,10.35,11.88,11.8,12.51,10.52,10.91,11.07,11.1,15.08,10.85,9.28,10.43,14.18,15.4,13.59,10.43,12.61,13.53,8.46,10.31,12.67,13.17,16.02
1987-02-28,8.41,7.36,7.48,6.59,7.66,8.88,5.29,8.07,6.42,8.65,7.99,8.35,6.44,6.27,5.86,6.48,6.93,4.58,4.32,7.07,8.73,5.2,6.42,1.89,2.95
1987-03-31,1.01,2.19,2.83,2.51,3.82,1.83,1.63,2.27,2.99,3.01,0.28,1.41,1.42,1.77,1.87,-2.98,0.81,1.45,1.14,1.89,5.65,-0.68,2.02,1.58,3.64
1987-04-30,-4.19,-2.06,-2.65,-2.87,-0.6,-4.18,-3.37,-2.6,-1.79,-2.3,-1.52,-3.15,-5.02,-2.48,-2.19,-5.71,-4.75,-2.23,-2.05,0.47,-0.76,1.81,-2.55,-3.18,0.42
1987-05-31,-0.25,-0.4,-1.1,-0.57,-0.1,0.28,-0.13,-0.4,-0.68,-0.84,0.75,-1.59,0.35,1.27,-1.04,1.26,0.39,0.79,0.65,1.8,5.82,0.23,-0.18,0.42,1.14
1987-06-30,0.75,2.43,2.25,2.54,1.73,2.25,4.15,3.21,4.55,3.14,4.11,4.11,5.11,2.72,1.7,4.98,3.66,4.89,4.52,2.04,4.51,6.07,4.92,4.79,4.86
1987-07-31,1.96,1.85,2.68,3.38,4.58,2.02,2.32,4.41,2.83,5.09,3.0,3.19,4.29,5.12,4.46,2.13,1.75,3.12,8.21,7.21,2.44,3.21,3.88,6.03,4.31
1987-08-31,0.73,1.53,3.22,2.24,1.19,5.05,3.56,3.55,2.66,2.97,3.35,4.52,5.0,2.4,2.3,5.53,5.27,3.65,2.46,2.62,5.87,6.07,2.92,4.59,4.34
1987-09-30,-3.11,-0.4,-0.75,-1.18,-1.17,-3.96,-2.2,-0.39,-3.19,-0.61,-2.82,-3.2,-3.83,-1.94,-0.63,-2.35,-3.33,-3.49,-2.61,2.75,-1.07,-0.4,-4.79,-2.16,-1.23
1987-10-31,-28.98,-26.63,-28.32,-29.96,-32.43,-27.63,-27.24,-29.37,-30.56,-31.82,-20.51,-23.26,-25.67,-31.43,-32.03,-12.96,-24.19,-24.2,-25.13,-29.33,-13.23,-11.68,-21.22,-20.56,-25.02
1987-11-30,-8.04,-4.17,-3.89,-3.05,-6.19,-5.83,-2.94,-3.27,-4.94,-5.05,-4.38,-5.02,-3.55,-3.88,-5.26,-5.09,-6.74,-5.18,-5.11,-3.67,-3.74,-6.89,-9.1,-9.16,-8.77
1987-12-31,0.22,4.68,3.39,5.2,6.16,4.38,8.41,6.87,7.99,11.4,4.54,5.1,6.24,9.85,15.29,2.5,5.77,8.35,10.91,13.28,5.47,5.78,6.15,6.87,7.12
1988-01-31,10.69,7.75,7.76,5.04,4.23,7.59,6.22,3.79,2.82,1.45,5.37,7.19,5.25,2.99,0.42,9.9,8.88,6.06,4.68,-1.65,7.57,10.97,6.6,4.79,0.91
1988-02-29,7.12,7.15,7.6,4.67,5.48,8.77,9.38,10.69,7.65,7.84,9.7,9.3,5.79,7.23,8.81,11.67,6.17,7.37,6.55,8.12,10.83,4.89,2.73,2.67,6.35
1988-03-31,3.04,4.93,5.26,5.51,5.3,2.55,3.98,2.11,3.83,4.76,1.67,1.16,1.09,1.14,3.38,-3.22,0.91,1.3,0.41,1.24,-3.24,-3.49,-5.77,-3.49,-2.19
1988-04-30,0.03,1.3,2.06,2.8,2.82,1.57,2.53,1.27,1.92,2.89,-0.6,0.78,-0.37,1.18,3.38,0.16,-0.09,-0.25,0.59,1.32,-1.36,1.45,-0.54,1.37,1.78
1988-05-31,-4.64,-2.01,-1.93,-1.43,-1.17,-2.61,-2.75,-2.02,-2.57,-2.1,0.85,-1.54,0.54,-1.15,-1.01,0.28,0.4,-0.58,0.28,-1.01,-0.03,2.23,-0.56,1.38,-0.24
1988-06-30,4.59,6.07,4.75,5.66,6.0,8.16,7.74,6.22,6.81,7.05,8.37,8.28,6.7,6.5,5.65,9.57,7.77,7.18,6.32,6.2,9.73,6.44,3.9,3.22,2.18
1988-07-31,-0.57,-0.45,0.18,1.06,-0.25,-0.77,-1.95,-0.67,-0.78,-0.29,-1.2,-1.81,-1.55,-2.32,-2.1,-6.25,-1.4,-0.24,-1.24,-2.32,-2.37,-1.26,0.01,0.13,-0.03
1988-08-31,-3.36,-2.12,-1.93,-1.21,-1.96,-3.41,-2.18,-1.14,-2.82,-2.87,-2.03,-1.62,-1.55,-1.69,-3.22,-1.18,-2.16,-2.54,-1.99,-2.06,-4.98,-3.7,-2.25,-2.47,-3.16
1988-09-30,0.87,1.85,2.24,2.15,2.08,0.61,2.97,3.12,3.1,3.33,1.51,1.6,3.37,2.46,3.46,0.86,5.13,2.48,3.56,3.96,5.02,5.52,5.11,2.21,4.6
1988-10-31,-2.88,-1.69,-0.91,-0.43,-0.92,-1.74,-0.85,-0.57,-0.88,-0.19,0.06,0.01,-1.54,0.49,0.68,-0.89,0.01,0.29,0.34,1.44,2.57,2.16,2.86,2.44,4.52
1988-11-30,-6.16,-3.55,-2.84,-3.22,-3.23,-3.31,-1.45,-2.41,-2.35,-3.9,-3.41,-2.08,-2.3,-2.32,-1.2,-1.88,-3.24,-3.11,-1.53,-1.27,-0.96,-1.1,-1.94,-1.21,-1.13
1988-12-31,1.25,2.56,2.29,3.43,4.16,4.26,3.28,3.06,4.01,5.21,2.79,2.47,2.46,3.43,4.7,2.27,1.62,2.12,1.67,2.28,3.68,2.04,1.86,0.87,1.29
1989-01-31,4.48,4.92,5.04,5.62,4.73,3.62,4.36,4.42,3.19,5.8,5.44,5.05,3.33,5.32,6.73,6.31,6.19,4.68,5.8,7.66,8.72,7.74,6.12,6.98,7.56
1989-02-28,0.32,0.98,1.02,0.91,0.46,1.89,1.12,-0.11,0.48,1.41,1.05,0.16,0.82,0.32,1.31,-0.26,-0.67,-1.67,0.45,-0.09,-3.42,-2.63,-3.03,-2.61,-0.23
1989-03-31,0.16,1.21,3.42,2.54,3.11,0.97,1.01,1.95,2.79,2.9,0.14,1.07,1.24,2.93,5.57,-1.72,0.83,2.14,1.51,2.52,1.73,0.88,1.14,3.93,4.43
1989-04-30,1.53,1.84,1.77,3.14,3.38,4.02,4.14,4.08,4.5,5.58,4.2,4.58,4.59,4.29,6.56,2.88,4.75,5.87,6.14,6.33,6.31,5.09,3.79,5.85,5.75
1989-05-31,1.52,3.3,2.01,3.24,3.53,4.09,2.75,3.16,3.64,4.7,3.96,5.11,5.2,4.36,4.94,5.63,3.58,4.23,4.69,3.25,5.52,1.7,4.92,3.62,5.58
1989-06-30,-2.62,-0.29,-0.84,0.58,-1.64,-3.43,-1.4,-0.51,0.0,-2.54,-4.13,1.05,-0.53,-0.26,-3.34,-1.44,0.2,-0.87,-1.25,0.78,-4.93,0.49,-0.99,-0.33,0.16
1989-07-31,0.76,2.29,3.37,2.86,5.31,0.68,4.04,4.17,3.08,7.45,-0.28,4.83,5.08,4.38,7.12,5.26,7.25,6.9,9.51,8.15,3.18,6.32,7.8,9.22,12.06
1989-08-31,0.81,1.54,2.41,2.29,2.91,1.68,3.48,4.4,2.55,4.25,2.27,3.03,2.56,3.44,4.01,5.59,3.56,2.98,2.82,3.91,3.02,3.05,3.2,0.52,0.6
1989-09-30,-1.92,-0.34,1.35,0.12,1.96,-0.25,1.38,-0.51,2.36,0.76,-2.05,-1.83,0.52,-0.11,1.5,-2.47,-3.06,-1.35,-2.04,1.41,-1.57,-2.89,-0.65,-0.13,2.44
1989-10-31,-8.07,-3.81,-6.27,-5.18,-5.48,-6.65,-5.5,-5.23,-5.32,-6.38,-8.18,-4.74,-3.17,-4.91,-5.34,-7.3,-3.24,-3.93,-4.72,-5.58,-16.52,-2.67,-2.08,-1.12,-2.23
1989-11-30,-2.85,-1.01,-1.38,1.13,0.4,-1.71,-0.31,0.95,2.88,1.33,0.72,0.25,0.99,1.36,3.21,-0.83,1.22,1.02,2.99,1.63,-2.7,-0.71,2.59,3.32,2.01
1989-12-31,-3.82,-1.33,-1.09,-0.19,-0.17,-0.33,-1.24,0.42,1.35,1.29,1.49,0.45,0.28,1.24,-0.01,-0.42,1.27,2.39,2.05,2.0,-1.88,0.89,2.41,4.24,1.12
1990-01-31,-7.3,-4.84,-5.48,-7.53,-8.32,-8.69,-6.68,-7.22,-7.51,-11.41,-15.1,-8.08,-7.5,-7.37,-9.78,-7.04,-7.76,-6.53,-7.01,-9.77,0.09,-3.58,-6.51,-6.18,-9.31
1990-02-28,1.41,0.25,0.33,3.07,3.36,4.93,1.2,3.9,2.56,5.23,4.17,3.41,2.39,0.31,3.36,4.6,0.59,1.94,1.54,2.58,4.42,3.43,1.1,0.85,1.13
1990-03-31,1.27,2.35,1.23,3.1,4.11,2.59,3.44,3.59,3.4,5.28,2.24,2.9,1.43,2.59,4.95,3.81,3.04,1.56,1.92,3.66,-2.36,2.61,0.38,1.96,3.32
1990-04-30,-4.43,-3.58,-2.93,-3.2,-0.5,-6.05,-1.88,-2.68,-3.72,-2.3,-5.88,-4.04,-4.15,-4.19,-3.07,-6.39,-5.54,-4.08,-4.43,-3.14,-6.19,-3.07,-2.02,-2.09,-1.79
1990-05-31,3.31,1.6,2.16,5.26,7.83,2.66,4.27,5.55,6.73,12.14,9.87,7.73,5.8,6.93,11.92,9.13,9.46,9.15,7.65,11.05,11.61,8.48,9.16,9.45,9.98
1990-06-30,-2.07,-0.5,2.1,1.2,2.64,2.81,-1.32,1.13,0.04,0.78,-2.79,-0.33,0.29,-0.34,-0.52,-7.39,-2.98,-0.77,0.45,0.46,-5.31,-2.17,-1.74,-1.71,1.64
1990-07-31,-6.46,-4.15,-2.84,-3.51,-3.58,-7.67,-4.75,-2.9,-1.87,-4.18,-8.73,-6.42,-2.13,-2.68,-1.28,-9.74,-4.34,-1.02,-0.97,-1.89,-9.31,-4.92,-1.43,0.03,0.73
1990-08-31,-14.74,-12.49,-10.61,-12.95,-12.74,-18.18,-11.98,-9.32,-11.52,-14.64,-12.87,-10.77,-10.58,-10.12,-12.69,-12.64,-11.0,-10.03,-9.53,-9.46,-11.6,-10.17,-9.08,-8.23,-8.41
1990-09-30,-12.55,-9.23,-7.02,-7.39,-8.28,-15.66,-9.78,-8.36,-6.22,-10.21,-14.32,-12.47,-7.6,-2.47,-7.96,-15.56,-9.33,-7.94,-4.37,-6.33,-12.02,-7.62,-2.85,-2.96,-4.67
1990-10-31,-11.53,-6.26,-5.48,-2.72,-4.14,-12.76,-7.19,-3.98,-3.86,-4.87,-11.65,-3.62,-4.22,-2.59,-4.34,-10.42,-7.38,-3.81,0.21,-1.49,-3.92,-3.52,0.84,1.09,0.18
1990-11-30,4.41,3.3,2.12,3.66,5.47,14.5,8.06,6.2,5.43,8.53,13.8,8.68,9.87,7.0,8.87,18.51,14.27,12.0,7.67,6.84,12.86,8.38,6.92,5.97,5.06
1990-12-31,-5.93,-0.9,2.38,0.02,1.86,0.55,5.87,4.78,4.44,5.67,2.83,7.97,5.68,4.97,6.14,4.11,6.02,6.26,4.6,0.64,2.08,3.8,4.87,2.88,1.8
1991-01-31,13.34,8.53,6.0,4.62,7.71,13.23,7.79,7.07,5.95,9.86,7.25,9.28,5.83,6.52,10.09,12.94,10.49,5.71,3.65,6.11,15.55,12.03,5.89,1.83,3.76
1991-02-28,19.1,11.05,10.53,9.95,13.29,16.2,11.34,11.03,8.9,10.1,16.67,10.11,10.29,7.59,9.75,16.54,10.52,8.99,7.23,8.34,15.75,5.79,6.53,5.8,7.45
1991-03-31,8.67,5.36,6.67,7.35,13.25,5.18,4.96,4.65,7.7,9.81,6.55,1.43,2.61,3.18,8.82,5.37,0.49,2.82,2.94,6.48,1.83,0.69,1.27,2.5,3.42
1991-04-30,1.14,2.32,1.95,1.6,2.68,-2.65,-1.01,1.47,1.47,-0.63,0.74,1.51,2.52,1.29,-0.04,5.78,2.14,0.2,1.7,-1.76,1.4,2.85,0.46,0.54,-1.19
1991-05-31,0.93,3.06,3.19,3.96,4.93,0.72,3.4,5.59,2.63,6.42,4.95,5.59,2.82,2.72,5.65,8.21,4.9,5.7,4.43,4.65,8.85,5.13,3.91,3.29,3.72
1991-06-30,-5.17,-2.86,-2.97,-3.31,-4.75,-2.61,-4.51,-2.2,-4.62,-6.33,-4.35,-4.49,-3.95,-2.43,-5.88,-5.5,-6.95,-4.0,-3.34,-4.62,-6.53,-5.32,-5.04,-4.42,-3.51
1991-07-31,1.23,1.83,2.97,2.88,6.08,0.4,1.47,2.83,4.62,6.36,3.35,3.62,3.36,4.91,8.4,5.79,3.5,3.55,4.8,6.26,3.39,3.04,3.37,4.08,8.05
1991-08-31,1.82,1.72,2.26,2.87,4.83,1.79,1.34,3.05,3.63,6.03,6.4,2.17,3.36,3.6,6.64,7.17,2.29,1.61,1.56,2.03,5.48,1.07,2.1,2.18,4.57
1991-09-30,-1.43,2.15,0.46,0.25,3.48,-2.48,-0.82,0.63,1.81,2.54,-3.57,-1.8,0.08,-1.45,1.87,-1.48,-1.45,-0.69,0.02,-0.7,-5.5,-1.13,-0.65,-2.68,-1.08
1991-10-31,0.54,1.3,1.77,2.71,5.85,1.61,0.59,0.88,1.57,4.54,0.43,-0.51,2.7,3.07,2.76,-1.0,1.68,1.15,2.65,3.52,-2.1,1.39,1.06,2.95,1.81
1991-11-30,-4.24,-1.07,-1.21,-3.05,-2.18,-7.26,-4.03,-3.02,-2.87,-5.02,-6.94,-4.12,-3.57,-2.49,-7.96,-5.94,-3.21,-2.05,-3.74,-4.09,-5.85,-4.18,-2.57,-1.79,-5.57
1991-12-31,-2.14,1.34,1.27,4.68,7.43,2.55,6.55,5.88,8.18,11.87,6.91,8.75,9.03,7.89,14.29,5.27,7.97,9.41,11.72,15.57,3.95,9.75,10.04,15.58,18.53
1992-01-31,19.61,12.32,11.44,11.38,15.38,8.21,9.4,5.03,7.2,8.95,5.48,4.05,5.41,7.26,4.51,1.95,2.37,1.61,1.0,2.03,0.4,0.47,-2.67,-4.2,-4.63
1992-02-29,4.4,5.93,6.16,5.93,4.58,2.88,3.87,2.74,2.32,1.51,3.99,2.86,1.79,3.3,4.35,4.03,3.06,2.89,1.7,0.16,4.36,0.93,0.23,0.91,0.99
1992-03-31,-3.13,-1.18,0.39,-0.38,-2.48,-4.96,-3.12,-1.1,-2.93,-5.5,-4.05,-2.98,-1.09,-1.12,-3.06,-1.58,-2.02,-2.85,-3.9,-2.24,-2.94,-1.58,-1.57,-1.65,-3.39
1992-04-30,-5.53,-2.09,-3.04,-3.97,-5.35,-2.31,-4.14,-4.24,-3.58,-4.43,-0.49,-0.85,0.69,-0.27,-2.28,3.78,-0.49,-0.03,1.15,-2.37,7.7,4.06,3.37,0.84,-0.38
1992-05-31,0.01,-0.39,0.05,1.43,0.35,4.12,0.29,2.28,1.35,-0.3,3.36,-0.14,-0.53,1.54,0.11,2.63,1.25,1.33,-0.6,0.37,1.79,-0.61,0.0,1.17,2.8
1992-06-30,-6.95,-4.36,-3.96,-4.48,-4.34,-6.57,-5.39,-3.39,-1.75,-4.14,-1.79,-2.22,-1.47,-1.73,-4.49,-4.9,-2.36,-0.79,-1.9,-1.46,-2.99,-0.65,-0.45,-1.76,-5.17
1992-07-31,0.22,1.36,1.74,3.05,3.72,1.94,4.54,2.52,3.91,3.68,3.02,2.24,4.32,5.72,5.57,4.55,3.85,3.22,4.6,4.76,5.32,3.19,4.72,4.36,3.77
1992-08-31,-3.77,-2.75,-0.98,-1.74,-3.53,-2.98,-1.54,-1.91,-0.77,-3.52,-2.3,-3.16,-2.1,-1.64,-4.54,-1.35,-1.58,-0.86,-2.11,-3.92,-2.57,-0.84,-1.15,-3.46,-2.72
1992-09-30,-0.33,-0.09,2.08,1.59,1.61,0.94,0.21,3.2,1.89,4.44,3.01,0.36,2.31,1.66,4.0,-1.98,1.54,1.04,1.75,2.1,-0.29,1.38,1.54,0.63,3.19
1992-10-31,1.06,0.85,3.48,2.25,3.85,3.32,2.47,2.97,2.77,3.92,2.84,3.29,2.48,3.34,3.85,4.09,1.17,2.76,2.81,4.46,0.42,-1.2,0.23,0.12,3.15
1992-11-30,9.83,6.74,6.48,7.13,9.13,11.28,6.46,5.94,6.17,7.94,6.05,6.96,6.42,4.26,7.96,8.15,4.52,3.57,4.2,5.62,0.93,3.73,2.33,4.41,4.62
1992-12-31,1.25,2.89,3.26,4.37,6.49,-1.04,2.31,3.87,4.8,5.58,2.11,1.7,2.54,5.47,5.4,1.42,0.97,1.92,3.28,4.97,-5.25,0.99,2.14,1.37,2.44
1993-01-31,4.15,6.01,6.62,6.42,8.11,0.74,1.76,1.86,4.49,4.64,-1.63,-0.66,2.54,3.8,2.87,-0.38,2.0,0.81,2.91,3.52,-4.23,-1.23,0.38,1.78,6.95
1993-02-28,-4.99,-2.63,-1.71,0.6,-0.65,-6.84,-4.17,-0.61,0.06,-1.33,-4.11,-1.56,-0.99,-0.18,-1.53,-2.58,0.09,-0.12,1.05,0.49,-0.02,-3.53,2.39,1.63,2.2
1993-03-31,0.17,2.58,3.04,4.71,4.92,0.68,0.16,1.94,3.5,4.65,-0.89,1.09,3.89,2.58,7.18,3.35,3.82,3.4,3.08,6.25,-0.48,0.52,2.85,2.18,3.73
1993-04-30,-3.86,-2.08,-3.04,-1.19,-2.26,-4.84,-2.77,-1.64,-1.75,-2.8,-4.23,-1.94,-2.65,-2.96,-3.99,-2.05,-2.05,-3.32,-1.22,-2.69,0.92,-4.7,-2.0,-2.74,-4.05
1993-05-31,5.22,3.02,2.98,3.9,2.94,6.79,5.21,4.03,4.53,4.34,6.34,3.74,3.37,3.09,4.28,4.52,4.05,3.02,1.17,6.18,3.51,2.47,1.08,3.09,6.0
1993-06-30,-2.18,0.24,1.41,1.72,2.01,-1.89,1.08,-0.21,0.64,1.86,-2.98,-1.52,-0.17,2.73,2.41,-1.79,-0.09,1.0,2.05,2.51,-4.17,-2.05,0.22,3.37,3.92
1993-07-31,-0.5,1.56,1.48,2.7,2.26,-0.33,-0.11,1.81,2.35,2.04,-0.79,-1.0,1.42,1.62,0.7,-3.24,0.96,0.4,-0.42,0.88,-3.62,-1.25,-0.23,1.27,1.09
1993-08-31,2.99,2.99,3.85,3.84,5.78,3.31,3.14,3.39,2.99,7.02,2.84,2.44,2.95,4.22,7.5,3.59,3.65,3.06,4.16,7.9,4.3,3.19,3.13,3.37,5.23
1993-09-30,1.21,1.51,3.17,3.38,4.03,0.68,2.64,1.4,3.32,5.43,-1.19,0.52,0.92,2.99,4.41,-2.37,-0.75,-1.29,1.43,2.69,-2.4,-1.65,0.31,-0.09,1.86
1993-10-31,5.3,5.11,3.43,4.16,5.04,4.41,1.98,1.79,3.16,3.2,4.47,1.58,0.51,0.67,0.09,4.98,0.89,-0.26,0.51,-1.1,6.15,2.22,-1.0,0.72,0.91
1993-11-30,-2.13,-2.87,-2.21,-2.52,-3.99,-0.76,-1.78,-2.64,-2.9,-4.57,1.83,0.52,-3.01,-2.83,-6.76,1.59,-1.33,-3.52,-2.97,-4.23,4.34,-0.35,-2.57,-2.64,-4.14
1993-12-31,-1.59,1.06,0.92,2.35,1.5,1.92,2.49,4.27,2.42,4.89,2.91,4.97,3.74,4.41,5.88,1.35,4.22,3.17,4.54,5.58,-1.34,1.13,2.29,1.6,1.27
1994-01-31,4.62,3.44,4.54,3.93,5.43,2.22,2.91,1.54,3.23,2.76,4.91,3.12,2.07,1.06,2.93,6.23,3.25,1.76,2.48,0.73,4.65,1.44,2.85,3.62,5.11
1994-02-28,-0.75,-0.63,-0.13,-0.31,-0.9,-0.95,0.14,0.09,0.58,-2.52,-1.06,-0.72,-0.15,-0.82,0.87,0.65,-1.35,-3.06,-0.92,-1.15,-2.22,-3.91,-2.34,-3.2,-2.92
1994-03-31,-4.49,-3.5,-4.79,-4.13,-5.48,-4.64,-4.84,-4.75,-5.94,-7.38,-4.04,-3.52,-4.48,-5.12,-6.09,-4.64,-2.97,-5.06,-5.23,-4.8,-4.27,-3.63,-3.93,-4.89,-4.97
1994-04-30,-4.53,-1.34,-0.67,0.36,-0.01,-0.1,-0.86,-0.17,0.33,0.54,-0.76,0.32,0.47,-0.86,0.38,0.36,1.54,1.04,1.83,1.35,0.47,2.33,1.98,0.68,-1.13
1994-05-31,-0.1,0.54,0.34,0.35,-0.99,0.13,0.72,0.41,-2.67,-3.32,1.65,0.09,-0.28,-2.07,-2.33,0.19,-1.2,-0.84,1.17,-1.61,2.26,2.13,1.43,1.67,0.54
1994-06-30,-4.38,-2.94,-0.74,-2.61,-2.7,-4.6,-1.79,-0.84,-2.15,-4.31,-1.92,0.02,-0.69,-2.5,-6.06,-2.74,-2.86,-2.98,-2.2,-3.63,-1.52,-1.86,-3.43,-1.66,-5.14
1994-07-31,-0.42,-0.09,0.41,1.4,1.72,1.36,2.83,1.51,1.89,2.53,1.73,2.55,2.36,2.6,3.63,4.99,3.96,2.84,3.63,1.83,4.43,2.68,4.16,2.88,2.14
1994-08-31,3.89,3.05,3.56,3.53,3.9,7.26,4.95,4.3,6.71,6.02,7.06,4.44,5.69,5.47,8.31,5.78,4.52,5.02,4.16,6.41,4.21,2.41,2.71,4.96,6.87
1994-09-30,1.09,0.22,1.11,1.47,2.06,-0.7,-0.45,-0.57,0.05,1.22,-3.26,-2.2,-2.03,-0.14,0.94,-2.98,-2.62,-2.24,-2.74,0.58,-2.01,-2.99,-1.79,-2.74,-2.22
1994-10-31,-1.49,-0.85,-0.47,0.71,2.37,-1.07,-1.65,-1.02,-1.5,2.09,1.29,-0.89,-0.48,1.06,2.03,0.7,2.51,-0.24,-0.47,0.81,2.19,2.59,2.93,1.13,2.96
1994-11-30,-4.94,-3.89,-3.99,-3.3,-3.09,-4.16,-3.41,-3.84,-3.61,-3.49,-5.55,-4.43,-3.25,-3.79,-4.3,-3.3,-3.24,-4.92,-4.94,-5.64,-1.86,-2.91,-4.08,-2.56,-4.78
1994-12-31,-5.62,-1.22,-0.61,0.38,1.2,-2.25,1.44,3.5,3.01,4.8,0.8,1.49,2.27,2.23,4.43,-0.14,0.48,0.68,1.85,1.58,-1.06,0.14,2.55,0.84,1.75
1995-01-31,4.08,3.04,1.58,2.19,1.56,-0.57,-0.07,-1.97,0.23,-1.02,0.43,-0.1,-0.41,0.18,-4.0,2.77,3.31,2.73,0.85,-0.28,2.06,4.2,2.78,3.92,0.55
1995-02-28,2.8,3.35,3.01,3.25,3.31,2.97,3.76,3.61,3.28,3.89,5.14,5.66,4.36,3.75,6.22,4.22,5.6,4.11,4.59,5.95,5.89,5.08,3.88,3.35,2.84
1995-03-31,0.15,1.77,1.59,2.13,2.94,3.84,1.99,1.43,2.1,3.42,-1.56,5.27,0.38,0.55,4.71,4.64,2.14,3.1,2.0,3.58,3.63,3.44,2.1,2.69,2.82
1995-04-30,2.1,1.96,2.81,2.94,3.71,3.37,1.26,3.37,3.45,2.59,0.25,3.81,0.6,0.04,0.89,3.13,-0.03,2.84,0.51,2.23,-0.43,0.25,2.42,3.23,4.23
1995-05-31,1.75,1.85,1.51,3.0,2.88,1.6,1.64,1.53,2.17,1.8,2.56,3.25,3.38,0.05,0.49,2.22,3.75,3.79,2.11,0.38,6.1,4.4,3.88,4.27,3.46
1995-06-30,4.22,5.65,4.49,5.07,8.69,4.37,2.9,3.01,4.02,8.88,3.98,1.08,2.7,3.16,8.34,5.64,2.42,2.54,2.08,8.72,2.15,2.67,0.75,1.47,4.82
1995-07-31,5.2,4.8,4.76,6.18,7.24,4.66,2.68,5.93,5.25,10.11,4.1,3.29,3.29,6.46,9.4,4.63,3.18,3.53,4.52,9.69,5.33,2.87,3.44,2.35,4.43
1995-08-31,3.26,3.8,4.67,4.96,5.44,0.44,2.46,2.46,3.16,2.15,1.3,2.29,3.94,1.22,1.36,0.36,1.38,1.92,1.13,1.76,-2.25,2.39,0.61,0.43,0.2
1995-09-30,0.87,1.79,2.55,2.19,4.34,-0.77,1.61,2.04,1.73,2.76,-2.0,1.42,2.41,1.67,3.16,-1.59,1.34,3.03,3.17,3.37,4.54,4.66,3.49,4.82,4.83
1995-10-31,-9.08,-3.13,-1.17,-4.3,-4.03,-9.74,-5.4,-4.5,-4.3,-5.5,-5.45,-4.6,-2.73,-1.99,-2.41,-6.31,-3.3,-1.27,-1.4,-1.49,-6.45,-3.32,-0.63,0.88,1.27
1995-11-30,-0.52,1.8,2.24,2.24,2.32,2.96,2.86,5.72,3.52,4.97,6.44,4.3,2.85,6.21,5.09,6.75,5.31,5.66,4.49,2.44,11.92,5.91,4.64,4.82,2.36
1995-12-31,-2.16,1.04,1.85,3.06,3.14,-0.94,2.19,4.08,4.21,4.0,1.82,1.29,3.31,2.82,0.81,-1.78,1.33,2.13,0.72,-0.61,-1.66,1.68,2.54,1.99,1.01
1996-01-31,1.9,0.47,1.85,1.57,0.45,0.75,2.45,0.77,-0.41,-0.16,-2.4,0.22,-0.34,-0.52,0.42,3.21,3.09,2.19,1.41,0.7,1.43,0.64,1.5,4.23,4.53
1996-02-29,2.76,3.04,1.81,3.24,3.8,4.54,3.98,2.83,2.59,4.01,4.87,2.91,2.2,1.07,4.86,2.55,2.02,1.17,1.83,3.29,1.56,0.61,1.24,0.39,3.05
1996-03-31,3.27,2.68,2.41,2.47,2.67,3.4,0.92,0.99,3.96,1.93,1.9,1.84,1.42,2.43,3.04,1.41,2.31,1.2,1.81,2.8,5.81,3.13,0.93,0.95,-0.73
1996-04-30,8.3,5.18,4.22,5.51,10.46,7.12,4.85,4.22,3.97,8.49,7.56,2.13,1.11,3.6,8.98,5.38,3.83,2.17,0.4,5.7,4.1,4.46,0.28,1.13,0.81
1996-05-31,7.25,5.78,5.49,5.56,9.14,4.58,2.5,3.12,4.46,7.39,2.69,1.56,0.82,3.78,3.31,-1.7,0.76,1.53,1.63,4.26,1.21,3.7,1.46,3.1,2.76
1996-06-30,-6.64,-3.17,-2.58,-3.15,-5.89,-3.46,-1.91,-2.95,-3.01,-4.5,-5.23,-1.32,-0.65,-0.81,-5.07,-5.26,0.23,-2.1,-0.76,-4.56,-2.93,0.15,-0.48,2.03,-1.14
1996-07-31,-8.95,-4.74,-5.62,-5.58,-11.41,-9.45,-7.46,-8.29,-7.55,-11.97,-8.13,-5.57,-6.67,-6.87,-10.37,-9.44,-5.24,-3.99,-6.56,-6.61,-9.28,-3.64,-4.46,-3.39,-5.52
1996-08-31,3.28,3.89,2.79,4.44,5.73,4.13,5.6,5.04,5.65,7.81,5.94,6.06,4.76,5.19,8.04,6.66,4.27,5.43,4.75,4.97,3.16,3.32,2.86,1.9,1.46
1996-09-30,1.0,2.09,2.1,3.23,3.65,3.45,2.88,4.91,3.76,6.17,2.65,3.23,3.27,2.89,7.24,5.08,5.36,4.28,3.38,6.49,4.6,4.57,3.72,5.84,7.43
1996-10-31,-5.23,-0.39,-0.65,1.09,-1.42,-3.42,-0.82,-0.19,-1.19,-1.69,-4.49,0.02,1.35,-0.63,-4.09,-3.93,0.26,1.88,-0.48,0.64,-6.79,2.08,3.51,3.8,2.78
1996-11-30,2.4,3.02,2.33,3.39,1.97,6.34,3.22,4.17,2.94,1.39,7.96,3.12,5.54,6.74,1.31,10.65,4.56,6.54,6.11,3.62,13.13,6.96,6.7,8.3,6.17
1996-12-31,-3.26,2.24,2.37,2.67,2.91,-0.18,3.56,3.85,3.96,2.6,0.44,1.82,2.2,1.74,2.32,-1.67,-0.92,0.03,0.77,-0.87,1.2,-0.18,-1.11,-3.17,-2.51
1997-01-31,6.87,6.35,4.8,4.06,4.84,3.34,1.09,2.37,1.33,2.44,4.51,3.8,1.56,0.81,1.64,2.03,2.05,3.42,3.27,4.39,0.32,4.16,3.86,7.53,8.9
1997-02-28,-4.01,0.04,0.88,0.23,-2.34,-3.38,0.07,-0.05,-0.32,-6.8,-2.06,-0.24,-0.25,1.52,-5.71,0.49,0.61,0.95,0.38,-5.03,0.0,1.45,1.29,1.97,-3.97
1997-03-31,-7.73,-3.81,-3.0,-3.41,-4.7,-8.41,-3.19,-4.26,-3.48,-4.95,-6.39,-3.24,-4.23,-4.65,-5.71,-4.48,-4.67,-3.86,-5.02,-2.98,-4.5,-4.85,-2.31,-4.14,-6.11
1997-04-30,-5.82,-4.13,-1.92,-2.22,-2.36,-2.92,-2.13,1.65,-0.76,-0.53,-0.2,2.51,0.67,-0.28,1.71,-2.41,0.8,2.84,2.72,3.57,4.36,0.86,3.04,7.8,9.25
1997-05-31,13.02,8.73,8.44,9.82,8.34,20.73,13.94,8.95,11.68,13.5,17.33,9.85,8.36,9.27,9.87,10.79,7.37,6.45,6.0,7.43,13.72,7.77,6.01,6.36,4.85
1997-06-30,1.01,5.92,7.24,8.13,8.03,5.03,6.18,6.38,6.45,9.06,4.89,3.93,3.53,5.47,5.85,3.08,3.25,2.64,4.26,4.45,-2.36,4.92,3.15,3.91,5.28
1997-07-31,4.56,5.58,5.59,5.36,7.71,3.95,4.97,3.5,4.06,8.46,2.13,5.48,5.66,7.44,7.94,4.22,5.68,6.25,6.8,11.04,5.46,7.55,7.03,6.32,11.09
1997-08-31,4.5,3.37,3.0,5.26,5.01,3.42,4.48,1.66,2.66,3.98,2.72,1.37,1.8,0.53,2.0,2.95,-0.9,-1.15,-1.38,1.37,-1.37,-3.66,-3.94,-6.68,-6.53
1997-09-30,8.98,8.8,9.61,8.87,10.26,8.03,7.0,7.93,9.09,10.19,5.6,6.26,6.95,7.38,9.19,2.44,4.59,4.31,6.06,8.06,5.95,4.24,5.95,4.6,6.06
1997-10-31,-4.65,-1.91,-1.39,-0.15,-2.25,-5.82,-2.06,-2.46,-1.14,-5.14,-3.4,-5.29,-4.35,-2.67,-7.64,-5.42,-4.41,-4.5,-3.68,-3.94,-5.97,-1.22,-2.45,-2.87,-4.51
1997-11-30,-5.5,-1.21,-0.63,0.36,-0.84,-2.35,-0.97,-0.6,0.01,-0.9,-3.83,0.86,0.68,-0.15,-1.82,2.14,3.41,2.39,2.41,-0.71,3.15,6.62,4.65,4.9,2.62
1997-12-31,-9.07,-2.56,-0.05,2.12,0.64,-2.89,0.13,3.12,2.6,2.04,-3.38,1.6,1.28,5.63,1.02,-2.74,2.56,2.42,3.9,3.39,1.44,2.54,1.2,4.13,0.51
1998-01-31,1.43,-0.09,-2.07,-2.04,-0.36,-0.17,-1.63,-2.06,-0.61,-1.87,0.36,-1.48,-1.72,-1.42,-2.45,-1.67,-0.33,-0.89,-0.29,-1.7,-0.22,-1.08,0.37,1.11,2.94
1998-02-28,7.47,6.42,5.26,5.41,5.77,9.53,7.36,9.0,7.0,7.63,8.85,8.28,8.13,8.12,8.32,9.19,8.82,7.99,6.66,8.7,8.43,7.86,8.04,5.51,7.26
1998-03-31,3.35,3.64,5.23,5.18,5.71,4.48,2.9,5.78,4.91,5.94,3.19,5.15,5.09,3.4,5.67,1.25,5.47,4.28,4.28,5.02,4.02,3.72,5.4,5.92,6.05
1998-04-30,2.75,2.47,2.08,2.4,3.48,1.96,2.4,-0.01,1.93,1.15,1.09,0.77,0.17,0.13,1.4,2.46,-0.66,0.36,0.42,0.57,0.18,0.34,0.4,1.04,2.88
1998-05-31,-7.26,-3.75,-4.08,-3.77,-4.86,-7.58,-5.23,-3.86,-3.27,-5.4,-6.96,-5.75,-4.87,-5.55,-7.42,-5.94,-3.46,-3.75,-3.19,-4.28,-5.19,-2.18,-1.45,-2.19,-0.19
1998-06-30,-6.54,-4.21,-3.21,-1.38,-0.87,-5.48,-2.72,-0.43,0.59,4.79,-5.03,-3.11,0.3,1.98,4.53,-4.7,-4.28,0.66,2.37,6.26,0.43,2.51,2.01,6.38,8.22
1998-07-31,-9.37,-6.89,-5.3,-4.79,-4.07,-11.52,-8.89,-6.52,-6.14,-5.84,-9.92,-7.33,-9.34,-5.71,-6.9,-8.04,-5.98,-6.16,-5.92,-2.62,-3.11,0.73,-3.56,-0.27,1.7
1998-08-31,-24.85,-19.68,-18.11,-17.57,-22.1,-25.73,-19.62,-17.5,-16.15,-21.51,-23.28,-21.09,-14.89,-16.92,-21.22,-23.62,-17.57,-16.05,-14.91,-19.3,-16.25,-11.52,-16.96,-13.72,-14.66
1998-09-30,5.06,3.92,3.96,2.34,6.69,5.3,7.11,3.51,6.83,12.66,10.27,3.59,5.05,5.3,8.92,10.91,5.67,5.34,5.99,9.16,12.77,11.33,7.02,5.01,6.33
1998-10-31,5.56,2.6,2.25,0.78,1.81,10.94,3.47,4.8,3.09,1.54,12.06,6.57,4.3,1.5,3.94,17.15,11.68,6.04,7.61,1.58,11.64,9.5,8.63,9.52,6.07
1998-11-30,9.39,8.24,6.69,5.1,8.78,4.36,7.65,4.16,6.81,7.29,0.76,6.47,5.96,5.69,7.46,-1.73,5.2,5.03,5.11,5.63,6.2,9.81,6.71,5.43,6.57
1998-12-31,-1.86,0.59,1.96,3.39,6.1,1.16,3.94,5.92,5.37,9.27,2.84,3.96,6.09,6.08,10.91,0.27,1.94,3.51,5.27,11.24,-1.81,-5.43,1.04,4.01,10.02
1999-01-31,8.76,5.86,3.71,3.0,7.08,2.32,-1.09,0.03,-3.72,1.47,2.21,-2.61,-4.19,-2.87,5.01,-3.44,-3.77,-3.03,-1.36,4.53,0.69,-0.81,1.92,1.93,6.09
1999-02-28,-7.81,-6.05,-2.87,-4.6,-4.89,-9.18,-7.57,-7.84,-8.92,-7.22,-7.32,-8.14,-8.85,-7.25,-7.73,-2.22,-1.18,-3.75,-5.35,-6.06,-6.13,-1.16,-0.65,-1.74,-4.64
1999-03-31,-1.43,-5.4,-4.08,-4.45,-2.14,4.14,-2.95,-3.1,-1.86,-0.43,10.95,-1.49,-1.05,-0.06,3.03,10.0,0.52,-1.4,-0.36,5.55,3.07,7.11,1.83,3.13,4.8
1999-04-30,13.67,8.39,6.74,7.37,12.01,14.66,11.8,7.45,4.59,11.57,16.78,8.71,6.62,5.86,3.15,17.19,15.39,12.28,7.73,4.7,11.0,13.68,11.0,9.15,0.3
1999-05-31,4.6,3.95,2.71,3.17,2.09,8.16,3.9,3.21,2.65,2.9,5.51,3.92,3.35,2.12,2.53,6.21,-0.02,0.22,0.9,0.14,3.21,2.37,-0.82,-1.33,-3.55
1999-06-30,0.71,3.61,4.99,5.62,4.59,6.01,5.3,5.44,7.39,13.93,6.14,5.75,4.92,5.53,9.84,-0.54,3.33,1.76,3.63,7.45,4.77,-1.51,-0.93,1.53,7.19
1999-07-31,0.6,1.95,1.68,3.11,2.31,-4.2,-1.3,-2.07,0.91,-0.9,-5.13,-3.38,-1.28,-0.89,-0.94,-5.2,-0.78,-3.11,-1.56,0.08,-10.2,-4.33,-3.56,-4.92,-2.14
1999-08-31,-4.41,-2.96,-2.32,-2.49,-1.58,-6.45,-4.55,-4.18,-2.26,-2.13,-8.64,-3.93,-3.72,-4.14,-1.52,-5.38,-6.3,-4.54,-4.26,0.11,-2.6,-1.5,-0.86,-0.34,-0.17
1999-09-30,-3.73,-1.59,-2.5,-2.41,1.93,-3.83,-0.58,0.06,-1.99,1.53,-2.8,-2.55,-2.48,-1.27,3.52,-5.96,-5.73,-4.23,-0.05,0.1,-6.29,-10.12,-5.48,-0.77,-0.93
1999-10-31,-5.69,-2.39,-1.41,-1.19,1.12,-5.26,-3.25,0.72,-1.9,2.69,-1.66,-1.32,-0.71,0.35,3.82,-0.48,1.63,3.73,1.06,7.95,2.28,4.44,8.2,7.81,7.03
1999-11-30,8.92,3.93,4.74,8.12,18.07,4.27,4.76,1.85,6.68,13.39,8.62,1.98,-0.53,4.79,10.06,2.66,-1.09,-0.82,1.03,9.64,3.91,-2.1,-2.02,0.02,6.55
1999-12-31,6.76,2.63,5.06,5.88,20.11,6.95,0.78,4.84,9.31,17.81,9.73,4.3,0.67,1.65,18.54,2.6,0.91,0.27,7.18,15.72,-3.1,-5.81,-3.37,-1.18,15.21
2000-01-31,9.32,3.71,4.43,5.25,12.41,-1.43,-6.06,-3.99,-2.51,3.49,-6.48,-7.45,-3.18,-5.17,0.75,-6.01,-3.79,-5.89,-6.16,-2.34,-4.19,-4.7,-0.88,-2.43,-6.43
2000-02-29,8.63,5.02,4.82,16.42,31.38,8.55,3.27,4.82,9.33,28.99,-0.5,-0.2,0.19,1.88,25.79,-3.85,-7.12,-5.09,-3.24,24.42,-9.57,-8.95,-9.1,-5.13,8.69
2000-03-31,-1.49,-2.38,-0.67,-0.11,1.03,0.77,0.54,0.84,0.42,-3.05,12.46,12.51,6.37,8.53,-2.8,11.92,13.78,14.53,12.64,-6.72,15.09,11.59,11.16,9.1,5.77
2000-04-30,-11.91,-4.02,-3.35,-3.84,-17.51,-4.49,2.16,1.49,-2.18,-16.41,-2.2,-1.62,0.38,-0.12,-14.45,-1.17,0.57,2.32,-2.08,-6.88,0.75,3.78,-2.52,-6.34,-7.35
2000-05-31,-9.39,-5.68,-3.23,-4.17,-11.18,-2.58,-4.0,-1.51,-1.13,-10.77,1.14,1.98,-0.49,-1.05,-7.5,1.85,4.11,1.17,0.9,-5.64,6.42,5.72,0.82,-0.81,-8.72
2000-06-30,1.37,2.57,1.46,4.92,18.84,4.97,3.06,2.9,5.83,30.07,-0.69,0.37,1.01,0.46,16.89,-6.16,-6.22,-3.83,-2.28,12.46,-9.15,-4.23,2.63,-0.27,8.69
2000-07-31,-0.89,-0.61,-0.6,1.35,-4.14,0.17,0.34,1.72,0.72,-7.73,0.29,3.68,0.68,4.95,-8.91,-3.42,1.08,1.07,3.48,-6.78,-0.48,-4.43,-2.87,0.18,-1.38
2000-08-31,5.37,3.79,3.79,3.82,11.15,5.23,4.54,4.75,5.83,12.69,4.37,2.75,4.21,8.42,13.97,10.4,6.53,4.95,5.51,13.16,8.42,3.38,4.08,3.46,10.53
2000-09-30,-8.97,-2.33,-0.55,-0.27,-3.53,-10.41,-2.8,0.2,-0.38,-2.52,-6.48,-3.27,0.56,-4.5,-3.64,-9.63,-2.83,2.35,1.07,-6.92,-1.28,-2.48,-1.98,1.92,-8.95
2000-10-31,-8.75,-4.11,-4.77,-6.9,-9.55,-11.75,-2.54,-0.19,-3.12,-7.58,-9.3,-1.45,1.64,-1.67,-7.16,-1.96,5.62,1.13,-1.53,-2.97,6.64,5.9,0.9,0.04,-5.96
2000-11-30,-19.47,-7.17,-4.89,-7.39,-14.83,-17.48,-5.05,-4.91,-7.99,-16.06,-18.36,-5.17,-0.8,-5.33,-13.83,-12.01,-2.26,-1.18,-5.04,-17.13,-12.31,-4.32,-4.38,-5.39,-19.56
2000-12-31,-7.68,1.32,1.73,-2.17,-1.95,-0.32,5.39,7.89,7.23,8.17,3.03,8.36,8.59,10.85,11.05,3.32,6.4,6.93,7.91,11.93,-6.17,2.52,3.33,-1.69,3.0
2001-01-31,48.42,16.12,10.92,12.68,14.01,28.12,13.49,7.25,7.35,3.87,28.64,10.92,6.55,-2.77,-2.5,23.89,7.41,3.73,-0.89,-6.96,29.75,10.05,0.75,-2.3,-7.07
2001-02-28,-14.76,-1.09,-0.17,-1.36,-2.78,-19.33,-4.55,-1.42,-3.0,-6.58,-18.58,-7.63,-3.1,-4.16,-5.18,-21.19,-9.17,-3.28,-1.74,-4.3,-18.7,-12.44,-9.8,-2.51,-4.3
2001-03-31,-11.99,0.51,0.31,0.03,3.23,-11.74,-2.87,-2.3,-2.16,-1.81,-15.63,-5.49,-3.28,-2.91,-2.55,-21.19,-9.12,-3.66,-2.73,-4.86,-12.79,-7.39,-5.15,-4.72,-2.03
2001-04-30,7.22,4.61,4.46,2.64,7.65,13.8,9.2,6.58,5.07,10.94,25.25,10.08,7.7,3.7,5.96,25.59,10.13,8.77,7.67,7.16,15.78,8.84,4.59,3.2,4.0
2001-05-31,8.19,9.55,10.37,11.28,12.13,4.67,5.03,5.04,4.0,5.42,1.59,3.88,2.98,2.63,1.82,-3.18,3.94,3.92,4.65,1.83,-4.24,0.8,1.65,3.43,2.2
2001-06-30,1.19,4.14,4.75,3.76,3.88,8.09,8.29,7.86,7.17,4.97,0.63,1.57,-0.16,2.1,4.07,-0.74,-0.54,-0.1,-1.73,0.43,-1.26,-3.95,-0.71,-3.42,-2.57
2001-07-31,-7.43,-0.98,1.43,2.24,1.48,-10.85,-6.32,-2.78,-1.42,-2.9,-13.96,-4.81,-1.45,0.93,-1.82,-9.13,-3.1,-0.4,2.62,2.16,-4.55,-0.89,-1.0,1.88,-1.57
2001-08-31,-7.7,-0.45,-0.22,-1.78,0.17,-9.37,-1.59,-0.22,-1.37,-4.29,-12.67,-2.75,-0.51,-1.67,-3.23,-12.13,-5.42,-1.58,-0.74,-5.02,-10.93,-6.78,-4.09,-2.07,-3.49
2001-09-30,-20.35,-13.12,-9.55,-7.41,-8.21,-25.21,-17.16,-12.68,-12.78,-9.44,-25.25,-15.81,-10.48,-9.57,-8.05,-23.93,-16.35,-10.09,-9.44,-8.89,-17.44,-6.88,-2.73,-3.72,-3.86
2001-10-31,14.22,7.23,5.03,3.48,6.49,19.54,5.36,4.85,3.87,5.74,18.79,6.37,5.85,2.55,4.59,21.76,5.33,1.21,1.66,-0.2,5.83,1.29,0.1,-1.69,-0.12
2001-11-30,14.65,4.06,7.17,6.84,5.07,15.97,11.74,6.15,5.72,6.0,17.02,8.33,7.49,7.13,4.92,15.66,10.27,7.59,5.34,2.61,15.99,7.31,3.95,4.49,6.05
2001-12-31,12.02,8.8,7.2,5.24,5.84,10.9,5.91,6.71,6.63,6.85,7.1,7.5,6.83,5.85,4.5,3.14,5.77,5.89,3.99,4.28,-1.8,0.39,2.5,1.63,2.67
2002-01-31,-2.75,0.48,1.92,3.06,3.06,-7.14,-0.42,-1.62,0.64,1.28,-9.37,-3.36,-0.25,-0.48,0.09,-5.49,-0.59,1.11,-0.71,1.05,-0.23,-2.76,-0.3,0.56,-2.7
2002-02-28,-11.41,-2.91,-0.93,-1.88,-1.97,-12.94,-1.22,-1.51,-0.97,-2.42,-9.37,0.09,-0.03,0.04,-0.39,-13.15,-0.19,-0.04,1.04,2.45,-8.79,-0.49,-1.05,1.42,-1.83
2002-03-31,11.65,7.88,6.9,7.79,9.95,11.01,10.73,8.33,9.1,9.19,14.43,7.39,8.1,5.36,5.77,9.83,6.93,7.89,6.08,4.17,2.58,3.53,4.12,3.1,5.27
2002-04-30,-5.08,0.44,3.71,3.03,2.45,-7.26,-1.28,4.2,2.8,0.63,-8.6,-2.14,-1.28,1.78,2.1,-9.11,-0.85,-2.16,0.94,0.65,-11.42,-8.13,-4.09,-1.22,-2.76
2002-05-31,-10.24,-3.73,-1.43,-0.86,0.9,-9.2,-4.85,-3.84,-3.23,-4.52,-10.54,-3.03,-3.43,-1.77,-4.25,-4.14,-0.74,-0.45,-0.28,-1.05,-1.85,-0.75,-0.58,-0.58,1.78
2002-06-30,-12.84,-5.34,-1.44,0.88,-0.61,-12.75,-5.55,-1.15,-2.39,-0.73,-13.65,-8.04,-6.05,-5.73,-5.97,-19.45,-6.3,-7.29,-6.03,-4.23,-9.18,-5.4,-8.48,-4.59,-2.03
2002-07-31,-19.41,-14.54,-13.55,-10.44,-11.44,-21.04,-15.22,-14.38,-11.61,-14.6,-11.54,-13.34,-10.05,-7.96,-11.12,-15.09,-10.8,-8.25,-7.42,-8.64,-6.64,-8.1,-6.87,-5.59,-6.67
2002-08-31,-3.5,-1.11,-0.54,0.34,-0.36,-1.7,-0.23,0.51,1.7,1.14,0.38,0.75,2.49,2.63,0.89,-0.19,-0.15,-0.51,0.28,1.5,-1.12,1.35,1.47,1.74,2.56
2002-09-30,-13.95,-7.53,-6.99,-4.81,-5.39,-14.86,-9.62,-6.61,-3.76,-4.4,-17.61,-9.27,-5.21,-4.24,-5.21,-20.4,-12.7,-7.11,-6.5,-5.6,-15.75,-12.75,-8.68,-7.86,-3.26
2002-10-31,6.98,3.09,1.26,3.38,4.13,8.88,3.54,1.49,3.56,3.57,12.29,2.5,2.87,2.24,6.11,7.47,6.78,4.15,3.92,4.55,14.43,11.16,4.06,5.0,5.53
2002-11-30,28.21,13.61,7.55,5.99,6.37,23.99,10.75,3.77,4.91,3.11,26.0,8.91,5.47,3.04,3.37,26.28,11.42,6.47,4.09,-0.29,11.43,6.39,1.52,1.19,-4.1
2002-12-31,-11.17,-5.69,-2.2,-1.2,-0.32,-13.62,-5.02,-2.05,-1.97,-1.04,-11.84,-7.02,-2.67,-1.19,-3.5,-13.56,-5.68,-4.33,-0.66,-1.67,-13.11,-8.3,-2.05,-2.65,0.28
2003-01-31,-1.0,-1.04,-2.16,0.01,0.23,-3.99,-5.34,-4.1,-3.04,-0.44,-4.52,-3.01,-2.16,-0.78,-3.14,-1.45,-3.48,-1.2,-2.63,-2.36,-2.23,-2.57,-3.64,-2.62,-0.4
2003-02-28,-5.11,-2.73,-3.9,-1.05,-0.84,-3.39,-5.16,-3.97,-0.99,-2.88,-3.96,-5.0,-2.57,-2.05,-2.29,-0.04,-3.64,-3.11,-1.81,0.08,-0.18,-2.35,-0.83,-2.93,-0.53
2003-03-31,0.32,0.73,0.68,0.79,3.16,2.58,-1.48,0.61,1.26,1.97,1.5,0.14,-0.57,1.49,2.63,-0.22,-0.53,2.15,0.07,2.17,0.61,0.69,2.02,0.99,1.64
2003-04-30,17.29,11.7,6.84,7.33,7.41,18.34,13.7,9.1,6.9,7.5,20.57,9.54,9.69,8.39,6.42,16.17,9.03,8.12,5.6,5.99,16.99,13.64,6.03,6.14,4.38
2003-05-31,26.81,13.28,10.44,9.53,7.41,20.35,12.03,9.3,8.81,9.6,16.55,11.58,9.44,5.63,7.24,20.48,11.44,7.82,8.36,6.76,11.34,11.64,4.62,2.5,5.52
2003-06-30,7.37,4.3,6.64,5.96,3.54,2.97,3.45,2.73,-0.28,3.45,2.98,2.15,0.98,0.89,1.85,1.04,1.13,1.72,0.45,1.68,5.17,1.68,0.74,1.19,1.35
2003-07-31,8.31,8.26,8.89,6.85,8.6,8.46,6.59,4.36,6.32,8.93,3.93,4.92,4.96,3.55,4.65,3.44,5.65,5.75,1.9,2.82,3.82,3.06,0.25,2.05,1.8
2003-08-31,5.1,5.27,3.86,5.55,4.26,6.38,4.97,3.59,4.4,5.28,6.94,5.23,4.49,4.48,6.27,4.42,3.76,4.33,6.36,4.67,3.52,1.58,2.2,0.5,1.78
2003-09-30,1.58,0.57,0.32,1.36,4.01,-1.65,-1.27,-0.28,-2.57,-2.93,-2.87,-2.08,-1.2,-1.41,-3.07,-1.17,-0.52,-0.61,-2.29,-1.2,-0.8,-0.57,-1.0,-2.38,-1.66
2003-10-31,7.43,7.47,6.52,9.75,10.04,7.75,6.38,7.49,9.17,12.14,5.85,7.18,6.21,10.24,8.94,6.49,5.27,6.79,7.95,11.04,4.14,4.91,2.41,7.23,10.16
2003-11-30,3.66,3.57,4.32,4.96,4.78,2.6,3.11,4.38,3.9,3.26,2.63,3.85,3.3,2.44,4.11,1.89,2.47,2.57,2.57,3.68,1.13,0.72,0.37,-0.15,3.56
2003-12-31,6.15,2.66,3.05,2.75,2.31,5.82,5.59,2.22,1.44,0.6,7.16,5.68,1.81,1.42,-0.91,8.05,4.05,2.83,2.11,-0.09,7.62,5.8,4.29,2.83,0.53
2004-01-31,5.74,4.6,4.93,6.75,9.19,1.26,0.95,3.74,3.92,8.17,2.17,3.48,3.2,1.93,4.84,2.88,3.01,1.97,3.03,3.42,1.2,2.18,1.31,1.64,2.15
2004-02-29,1.37,1.05,1.61,1.11,-0.75,0.23,0.8,0.26,1.66,-0.65,3.23,2.6,3.75,3.13,-0.63,2.51,3.43,2.78,0.41,0.59,1.58,1.6,2.11,1.54,-0.54
2004-03-31,-0.1,1.21,1.39,-1.06,-1.22,0.79,1.21,0.27,1.69,-1.06,-0.08,1.88,0.17,1.08,0.82,-1.06,-0.19,0.45,-0.06,0.19,-2.79,-0.92,-1.45,-1.33,-0.32
2004-04-30,-1.84,-1.19,-2.76,-4.53,-5.74,-2.95,-1.89,-4.23,-3.96,-9.56,-1.47,-1.76,-1.55,-4.45,-4.8,-0.16,-1.5,-2.27,-3.35,-6.99,1.27,-0.15,-2.47,-4.98,-3.39
2004-05-31,-2.54,-1.25,0.84,-0.47,-0.18,0.46,1.77,-0.13,2.3,3.0,0.21,1.21,1.67,1.9,3.21,1.78,2.49,2.09,1.85,3.91,0.17,2.04,0.23,2.81,1.66
2004-06-30,3.33,3.69,6.17,3.7,2.9,2.79,5.61,5.17,4.69,6.56,0.16,2.47,3.5,4.68,4.22,0.78,2.34,1.06,3.05,3.3,1.66,1.05,0.51,4.59,3.18
2004-07-31,-9.41,-7.24,-5.14,-7.28,-9.63,-7.71,-5.89,-4.58,-6.47,-7.33,-6.89,-5.08,-3.99,-5.7,-6.3,-6.2,-5.22,-4.31,-4.32,-6.2,-2.49,-2.35,-2.0,-5.8,-8.45
2004-08-31,-1.21,-1.77,-0.64,-0.97,-2.39,-1.23,-0.84,1.09,-2.76,-2.96,-1.23,1.04,-0.5,-0.99,-3.14,0.18,0.24,0.83,-1.13,-2.05,1.23,0.42,0.36,-0.16,-0.14
2004-09-30,3.38,3.62,4.02,5.0,6.49,2.42,5.47,5.36,7.78,7.28,0.41,2.74,3.54,3.63,7.42,2.07,3.22,3.88,2.34,7.42,-0.76,-0.37,-0.1,4.34,7.43
2004-10-31,1.65,1.16,2.39,2.55,1.59,3.95,2.56,3.59,2.29,0.76,4.38,1.09,2.99,2.07,-1.47,3.36,2.67,1.69,2.88,1.88,3.36,0.95,0.08,0.14,3.76
2004-11-30,9.19,8.09,8.08,9.01,11.79,8.47,8.9,8.38,9.45,9.47,7.65,5.81,6.37,6.6,10.04,5.77,5.0,6.13,6.13,7.25,0.37,4.43,3.64,5.35,7.9
2004-12-31,7.01,3.14,4.15,3.41,5.23,6.32,2.27,2.33,2.0,3.38,5.59,4.34,2.49,1.93,2.56,4.25,4.57,4.64,4.17,4.01,4.23,4.82,3.39,2.61,0.17
2005-01-31,-7.31,-3.69,-2.55,-2.14,-2.79,-8.57,-2.8,-3.58,-3.27,-1.48,-6.68,-3.41,-2.63,-2.27,-0.94,-5.62,-3.23,-1.52,-1.29,-0.61,-3.58,-2.4,-0.97,-1.23,-4.56
2005-02-28,-1.68,0.36,0.21,0.82,3.8,1.61,1.35,2.13,2.04,3.74,0.92,-1.65,2.1,2.24,5.32,1.71,1.77,2.38,3.39,4.97,2.76,-0.62,0.31,8.41,2.97
2005-03-31,-4.7,-2.34,-2.43,-2.58,-3.55,-4.07,-1.22,-2.87,-0.68,-4.06,-1.58,-2.06,-1.51,-1.11,-4.47,-1.83,0.17,-0.6,-0.99,-1.66,-2.98,-2.2,-0.47,-2.12,0.3
2005-04-30,-8.43,-4.99,-5.07,-5.02,-6.12,-8.51,-5.37,-5.5,-4.4,-6.97,-6.47,-4.38,-3.51,-4.15,-6.47,-4.83,-3.88,-2.27,-3.27,-4.65,0.26,-2.32,-0.6,-1.03,-5.59
2005-05-31,7.16,4.74,3.94,5.71,6.0,8.84,4.97,7.67,6.0,7.88,6.65,5.69,5.39,5.76,7.42,5.53,4.03,4.69,4.8,7.5,5.26,1.83,3.86,2.58,2.32
2005-06-30,3.98,4.61,3.38,4.81,4.99,4.11,3.15,4.44,5.21,3.57,0.94,2.18,2.64,2.13,4.1,0.8,1.37,1.73,2.96,4.57,-0.68,-0.44,-1.28,0.31,3.65
2005-07-31,8.43,5.97,6.03,6.75,7.15,7.76,6.06,6.27,6.04,7.86,5.95,5.88,5.05,4.75,5.56,6.39,5.3,4.44,4.86,6.1,4.05,3.43,3.11,2.99,5.46
2005-08-31,-1.59,-0.86,-1.99,-1.4,-0.25,-1.51,-3.12,-2.02,-0.78,-1.29,-2.18,-0.71,-2.36,-0.12,-0.48,-1.78,-1.03,-0.94,-0.52,-0.51,-3.49,-0.47,-1.5,0.15,2.54
2005-09-30,-0.36,-0.72,0.67,-0.03,2.08,-0.84,-0.77,0.75,-0.02,2.46,-1.79,-0.17,1.1,0.44,3.1,-0.46,0.76,0.39,2.07,1.48,-1.01,-0.55,2.23,1.61,4.61
2005-10-31,-3.72,-1.92,-3.09,-2.13,-3.28,-4.42,-1.83,-1.33,-3.38,-3.48,-3.29,-0.36,-3.22,-2.46,-3.86,-3.52,-1.62,-1.85,-2.0,-6.45,0.75,-0.16,-1.21,-4.14,-2.76
2005-11-30,4.32,3.71,3.98,3.39,5.62,6.48,4.28,3.47,4.51,5.03,6.65,4.34,6.41,4.82,5.29,5.86,4.3,5.1,5.19,2.82,3.06,4.0,3.46,4.43,2.88
2005-12-31,0.48,-0.66,0.66,0.52,0.79,-0.24,-1.37,-0.17,-0.02,-0.03,0.54,-0.53,-0.26,0.39,-0.36,-0.25,0.41,0.65,0.91,2.45,1.06,-1.08,-0.39,0.18,1.67
2006-01-31,8.94,7.82,6.69,7.6,11.86,7.47,7.68,5.84,8.4,13.49,6.8,5.72,4.22,6.71,9.5,3.02,3.0,3.03,3.66,7.98,4.68,-0.63,1.74,2.36,6.89
2006-02-28,-0.08,0.1,1.04,2.2,-0.82,-1.4,0.44,1.76,0.54,-2.17,-0.52,1.11,0.29,-0.95,-1.25,0.9,0.72,0.47,1.18,-2.38,0.41,0.91,0.81,0.87,-3.53
2006-03-31,3.86,3.99,4.96,5.37,5.79,4.13,2.27,4.52,5.31,5.7,2.35,1.76,2.25,4.23,6.4,1.91,1.75,1.45,2.68,4.77,1.46,1.61,0.36,0.76,2.32
2006-04-30,0.14,-0.74,-0.68,-0.4,-0.02,-1.16,0.54,-1.12,1.92,0.31,0.59,0.23,0.8,-0.07,1.32,-0.19,1.59,-0.14,2.39,2.04,0.43,1.55,1.63,0.75,0.94
2006-05-31,-4.88,-4.0,-3.66,-4.85,-8.15,-3.05,-4.13,-4.01,-5.15,-7.14,-3.52,-2.52,-2.77,-4.21,-8.02,-1.77,-3.34,-2.76,-2.92,-7.28,-1.22,-1.39,-3.14,-4.24,-5.86
2006-06-30,-1.9,-0.65,0.52,0.33,-1.72,-3.65,-1.45,0.54,0.08,-1.23,-2.01,-0.32,-0.08,-0.06,1.92,-1.95,-1.44,0.44,-0.01,0.13,-0.17,-0.1,0.42,0.58,0.71
2006-07-31,-5.23,-2.69,-1.3,-2.32,-4.46,-3.5,-1.93,-2.3,-4.06,-5.99,-3.77,-1.73,-2.7,-2.31,-6.74,-5.6,-1.11,-1.86,-2.72,-6.23,1.88,-0.74,2.89,0.61,-3.48
2006-08-31,4.42,2.03,2.33,3.12,1.9,5.62,4.38,1.89,2.25,1.81,5.0,3.27,2.39,1.9,0.07,4.79,4.08,2.28,2.17,-0.81,3.56,4.11,2.81,1.51,-0.54
2006-09-30,0.95,1.3,0.65,1.64,0.18,2.52,1.59,0.51,0.46,0.54,2.26,1.02,0.79,-0.1,0.84,3.37,2.56,1.89,0.88,2.32,1.9,3.47,2.61,1.88,2.65
2006-10-31,6.48,5.56,5.08,5.67,6.18,6.08,7.05,6.0,4.46,4.72,6.29,5.67,3.76,3.05,6.49,3.38,3.64,3.17,3.1,4.13,4.77,3.54,3.26,2.81,3.28
2006-11-30,2.63,1.86,1.75,1.8,2.4,4.44,4.83,1.7,3.04,1.23,5.81,3.82,2.42,3.39,2.2,7.34,4.07,2.4,2.74,3.42,2.17,1.43,0.76,1.98,2.64
2006-12-31,0.72,0.85,1.6,1.66,2.32,-0.3,0.49,0.14,1.15,-0.38,-0.07,-0.01,0.26,0.79,0.46,-1.01,0.2,0.63,0.1,0.68,-0.63,1.84,2.94,0.94,1.15
2007-01-31,0.86,0.7,1.78,1.25,1.48,1.4,2.26,1.38,0.36,2.76,5.63,1.7,3.29,2.41,3.86,2.91,3.26,1.98,4.01,2.33,2.48,0.05,1.83,1.98,1.89
2007-02-28,0.57,-0.64,-0.38,-0.78,-1.37,-0.5,-0.8,0.45,-0.78,-1.47,0.01,0.66,-0.32,0.52,1.28,0.97,0.03,-0.09,0.63,0.34,0.83,-1.36,-1.97,-2.72,-3.08
2007-03-31,-0.97,0.12,0.78,0.24,2.29,0.35,1.41,1.83,1.7,0.91,0.09,0.3,1.1,2.47,3.75,-2.03,0.75,2.24,2.22,2.78,-0.88,0.34,-0.27,1.95,3.48
2007-04-30,1.15,0.53,0.24,1.1,2.18,3.25,1.74,2.16,2.52,3.47,3.17,2.73,3.08,2.75,3.98,5.42,4.68,4.43,3.86,3.64,4.98,4.38,4.95,3.73,3.13
2007-05-31,3.21,2.71,2.42,3.17,2.22,4.27,4.38,3.44,2.61,2.6,5.39,6.06,6.24,3.98,3.99,4.65,4.15,3.63,3.87,3.86,3.02,3.36,3.2,3.65,3.93
2007-06-30,-0.64,-0.35,-0.61,-0.25,-0.93,-3.47,-1.08,-1.91,-0.28,-1.27,-2.25,-1.0,-0.31,-0.19,0.18,-3.01,-0.81,-1.3,-2.71,-1.76,-3.22,-1.03,-1.72,-1.46,-1.9
2007-07-31,-7.86,-7.2,-6.54,-4.95,-5.85,-8.15,-5.86,-5.26,-3.98,-6.3,-6.82,-5.11,-4.4,-3.9,-3.99,-6.19,-6.35,-3.63,-4.0,-3.4,-2.59,-4.0,-2.75,-2.52,-1.15
2007-08-31,0.11,0.06,0.31,-0.68,-0.37,2.39,3.01,2.25,0.86,3.13,-0.64,-1.08,1.2,0.12,0.42,-0.81,0.15,0.51,0.75,-0.41,2.62,1.75,0.83,2.18,3.43
2007-09-30,-1.11,-0.43,-0.01,1.03,4.8,-0.14,0.08,1.18,1.62,5.19,-0.13,0.47,1.58,1.36,4.97,0.76,1.93,2.48,1.75,3.92,2.57,1.61,3.35,5.83,7.09
2007-10-31,-2.48,0.21,0.77,3.22,5.01,-0.73,0.34,2.99,4.0,2.23,-3.6,2.99,2.14,2.38,5.64,-3.18,1.44,1.52,3.44,4.67,-0.09,-1.4,3.06,3.69,3.94
2007-11-30,-10.16,-7.8,-7.16,-9.35,-9.35,-8.84,-5.95,-5.35,-7.65,-8.43,-8.17,-3.48,-6.88,-6.42,-5.94,-13.37,-4.78,-4.41,-3.43,-5.36,-9.09,-3.85,-3.75,-2.71,-5.27
2007-12-31,-1.92,-1.95,-0.95,0.48,2.26,-2.64,-1.97,0.01,0.55,1.47,-4.68,-2.57,-2.14,-0.25,1.2,-7.22,-2.81,-1.1,0.98,1.12,-10.53,-5.83,-1.75,1.43,2.42
2008-01-31,-2.65,-5.54,-6.2,-8.83,-13.16,-1.88,-4.87,-5.41,-8.59,-12.61,2.14,-3.58,-3.4,-6.97,-9.36,1.84,-1.51,-5.77,-6.07,-9.71,-0.31,-0.5,-3.04,-6.8,-10.99
2008-02-29,-6.27,-4.44,-1.83,-0.76,-2.35,-7.82,-4.9,-3.17,-1.51,-1.92,-11.56,-3.67,-2.62,-1.0,-1.47,-10.16,-5.96,-3.37,0.41,2.8,-9.02,-9.2,-1.86,-3.53,0.42
2008-03-31,-2.04,-0.68,1.2,0.39,-2.59,-4.56,0.59,2.65,0.75,-0.88,-4.24,-1.72,-1.56,0.27,-0.01,-10.22,0.65,-0.41,-3.26,-1.65,-9.19,-3.0,-2.37,1.9,-0.31
2008-04-30,2.04,1.44,2.03,0.77,1.95,4.35,3.56,1.36,2.36,4.82,2.81,7.74,4.73,6.52,5.93,5.42,4.4,4.33,5.6,9.34,12.12,5.39,2.48,2.59,7.19
2008-05-31,3.27,2.95,4.13,2.92,4.31,4.82,4.66,4.83,3.45,6.26,2.54,5.2,2.9,4.08,6.59,4.73,3.73,4.6,3.94,7.71,-5.66,-2.17,0.09,1.99,2.73
2008-06-30,-14.98,-11.99,-10.11,-7.39,-4.4,-18.08,-11.92,-9.69,-8.3,-3.83,-15.48,-13.84,-9.63,-9.36,-0.42,-18.43,-13.9,-9.66,-6.66,-1.53,-21.78,-14.66,-9.91,-8.18,-3.47
2008-07-31,4.66,6.83,4.83,6.18,2.77,7.54,4.32,4.06,4.48,2.37,1.51,-0.8,3.94,2.96,-1.44,-1.67,-1.69,2.97,-1.63,-6.68,-1.41,7.46,2.81,-0.32,-6.29
2008-08-31,4.04,3.46,3.04,2.92,1.74,10.41,7.75,5.38,4.33,-0.55,13.81,4.24,4.46,3.14,-0.54,-0.28,6.1,3.73,1.86,-2.44,-2.57,3.19,2.42,1.57,-0.43
2008-09-30,-10.7,-6.42,-7.37,-6.43,-11.12,-10.54,-5.79,-5.63,-5.24,-11.22,-10.32,-10.5,-8.55,-7.84,-14.96,-22.5,-13.63,-9.24,-9.77,-16.49,-24.91,-7.86,-6.04,-4.32,-13.05
2008-10-31,-26.81,-23.64,-20.24,-17.94,-18.63,-27.59,-23.9,-20.16,-17.02,-21.89,-20.91,-23.09,-22.01,-17.57,-20.06,-25.81,-21.78,-20.3,-19.34,-21.45,-25.45,-20.6,-14.47,-13.9,-13.42
2008-11-30,-19.42,-17.94,-14.51,-12.36,-12.41,-15.42,-14.73,-11.96,-12.8,-8.83,-16.34,-12.21,-13.2,-9.47,-7.89,-18.35,-10.21,-8.72,-2.82,-11.66,-19.47,-8.08,-7.74,-2.0,-7.84
2008-12-31,4.59,6.38,2.67,3.65,3.75,11.17,10.49,4.62,5.3,4.2,6.78,6.03,6.92,3.59,2.82,14.5,6.56,5.96,2.76,1.07,3.62,2.85,1.0,0.25,0.3
2009-01-31,-4.85,-10.75,-11.01,-8.44,-11.23,-9.17,-10.6,-7.87,-10.55,-12.86,-2.7,-6.38,-8.21,-9.3,-11.13,-10.02,-6.63,-8.07,-7.09,-5.65,-10.83,-7.4,-10.55,-6.79,-7.87
2009-02-28,-17.98,-14.45,-13.11,-8.71,-12.85,-17.64,-10.95,-11.49,-10.95,-12.04,-17.46,-8.48,-11.21,-12.01,-11.04,-20.92,-11.19,-6.48,-10.06,-8.05,-18.94,-15.8,-8.64,-9.45,-9.38
2009-03-31,22.51,9.8,8.58,6.81,7.47,22.01,14.33,13.56,9.85,7.31,18.13,13.06,12.67,7.74,5.6,11.92,13.84,10.52,10.08,5.33,31.77,13.23,11.47,9.18,4.43
2009-04-30,47.24,27.94,17.2,12.59,8.38,57.99,34.56,19.07,16.62,8.99,42.86,27.57,23.25,16.37,6.77,49.75,27.99,17.12,10.64,1.63,30.79,23.76,17.3,6.47,1.21
2009-05-31,20.81,8.81,5.97,7.94,7.78,17.39,4.14,3.85,1.18,-0.31,16.95,8.28,3.22,1.02,-0.13,21.0,10.66,5.39,1.35,-0.53,17.11,11.37,8.87,3.55,2.05
2009-06-30,4.54,5.27,3.1,4.75,5.83,-5.5,2.2,1.78,4.68,2.57,-2.78,-2.94,1.09,2.12,1.56,-3.34,-2.19,-1.23,1.7,2.45,-3.7,-4.9,0.76,1.16,2.25
2009-07-31,12.35,13.37,9.61,7.66,7.93,18.35,11.44,11.2,7.49,7.22,14.78,13.84,8.84,9.22,7.61,11.41,10.04,10.85,6.88,5.75,11.83,10.48,7.74,6.37,6.24
2009-08-31,17.82,5.19,3.65,-0.72,-0.01,16.38,4.16,3.13,0.39,0.03,16.44,5.09,3.17,1.8,0.93,13.14,5.94,4.2,2.2,2.13,10.72,4.77,3.15,2.38,1.66
2009-09-30,11.54,6.66,6.46,5.2,4.1,13.37,7.69,4.19,5.23,5.64,12.03,7.92,6.79,5.36,4.6,13.45,7.73,4.27,4.52,4.72,7.15,4.12,4.51,2.44,3.4
2009-10-31,-9.33,-6.38,-6.67,-5.82,-10.07,-7.79,-6.02,-6.87,-5.01,-8.46,-11.13,-3.81,-3.82,-6.74,-7.77,-9.59,-2.78,-2.99,-3.8,-4.69,-9.27,-1.65,-0.98,-0.78,-0.33
2009-11-30,-0.23,0.49,2.26,1.58,2.79,2.96,2.14,2.57,1.0,4.01,2.58,3.41,3.72,5.33,5.43,5.73,5.01,4.11,3.23,5.1,7.37,6.16,5.62,5.47,6.79
2009-12-31,8.34,7.1,6.69,8.39,7.99,7.17,9.38,7.76,10.13,10.74,9.22,5.92,7.14,7.91,8.27,5.3,3.83,5.45,6.19,8.56,-2.75,1.91,3.41,3.27,3.4
2010-01-31,-0.92,-4.04,-1.04,-2.69,-3.61,0.93,-3.4,-2.71,-3.49,-4.64,-1.49,-1.6,-3.49,-4.81,-5.07,-0.36,-1.96,-2.06,-4.61,-5.33,-0.62,-0.9,-3.29,-5.9,-8.71
2010-02-28,2.35,3.77,3.29,5.31,8.03,2.76,3.68,4.77,3.71,6.09,3.45,3.13,4.85,5.09,7.59,2.23,3.59,6.06,5.37,8.98,1.19,1.37,3.59,4.69,5.88
2010-03-31,7.95,7.19,10.18,7.4,9.2,9.01,6.81,7.84,8.83,10.5,9.04,7.41,7.26,7.74,8.83,6.55,4.64,8.09,7.39,8.69,4.02,4.49,4.74,10.64,9.81
2010-04-30,7.82,7.52,6.4,7.38,12.41,5.48,4.28,5.24,6.15,8.46,3.76,4.11,4.12,7.2,4.7,3.37,3.79,4.17,4.58,5.42,-0.46,0.48,0.84,4.27,2.82
2010-05-31,-9.17,-6.35,-7.94,-8.24,-8.95,-8.08,-6.77,-5.4,-7.84,-7.37,-7.76,-7.26,-7.17,-6.71,-9.96,-7.37,-7.42,-5.77,-8.06,-8.0,-7.78,-6.74,-8.82,-8.34,-7.85
2010-06-30,-7.39,-5.98,-6.39,-9.28,-10.22,-8.52,-6.27,-6.81,-7.67,-10.76,-5.39,-6.66,-6.17,-7.33,-10.56,-6.24,-5.91,-4.67,-7.11,-8.44,-4.31,-3.07,-7.32,-6.83,-6.39
2010-07-31,5.81,6.42,6.57,5.66,6.99,5.93,6.73,5.72,6.72,10.08,4.71,7.03,7.44,6.6,8.98,5.88,5.95,6.68,8.66,9.39,7.58,6.34,5.74,9.01,7.68
2010-08-31,-8.61,-8.67,-8.74,-8.17,-9.8,-8.58,-5.9,-8.17,-6.48,-5.76,-7.86,-6.05,-5.35,-5.86,-7.46,-4.84,-6.27,-4.25,-3.41,-5.45,-3.16,-5.21,-4.05,-3.46,-5.4
2010-09-30,11.79,11.3,11.59,12.71,14.34,13.62,13.88,12.29,12.22,12.55,13.42,13.04,11.89,12.09,14.73,11.96,11.08,10.6,10.22,11.65,7.86,8.42,8.0,9.21,12.93
2010-10-31,4.53,4.74,3.73,7.43,5.39,3.63,3.95,2.42,4.56,3.79,1.67,3.49,4.32,4.02,3.56,2.27,1.63,3.63,4.26,4.18,2.99,4.32,4.11,2.53,5.78
2010-11-30,0.82,3.88,4.02,4.27,5.32,1.87,4.14,0.82,4.48,4.61,0.51,2.56,3.88,1.85,6.65,0.89,1.66,3.12,2.72,3.61,-0.75,-1.18,-0.21,0.34,2.37
2010-12-31,11.11,7.98,7.73,9.6,8.41,11.62,9.2,8.62,8.69,7.03,14.22,7.58,8.17,6.14,5.83,8.91,9.69,7.26,5.88,5.71,8.96,6.41,5.8,5.87,4.64
2011-01-31,-1.86,-0.35,-1.67,-1.62,0.32,0.06,-0.14,-0.41,-0.45,0.54,1.62,2.39,0.88,1.72,1.75,4.34,3.35,2.25,1.05,2.12,3.62,2.42,1.75,0.92,1.89
2011-02-28,4.62,4.9,3.09,5.94,5.0,2.27,5.23,5.13,6.12,6.45,5.04,5.3,4.11,6.75,6.88,4.02,4.28,2.69,4.33,6.09,0.12,3.39,4.88,4.77,2.0
2011-03-31,-0.75,2.65,3.21,3.32,3.77,0.46,1.04,1.91,3.34,5.8,-1.6,1.86,2.67,2.98,4.87,3.65,1.25,2.78,2.69,2.99,-2.11,-0.59,0.73,0.22,0.54
2011-04-30,1.86,1.59,3.26,-0.44,0.76,0.68,1.61,1.63,2.72,2.45,1.75,2.29,4.04,4.33,3.7,3.04,3.64,2.38,4.02,2.91,3.28,1.97,3.78,3.38,1.85
2011-05-31,-2.98,-3.12,-1.48,-1.76,-0.87,-2.61,-1.56,0.14,-1.92,-3.27,-2.31,-0.21,-1.56,-1.64,-1.42,-0.42,0.57,-0.05,0.01,-2.08,-1.91,-0.63,-1.02,-1.5,-2.11
2011-06-30,-4.58,-1.63,-1.93,-1.75,-1.72,-3.47,-1.93,-1.02,-1.57,-1.53,-4.31,-2.31,-1.16,-1.91,-1.53,-4.76,-3.03,-2.83,-1.0,0.13,-2.23,-2.12,-1.46,-1.52,-0.55
2011-07-31,-2.78,-1.91,-1.81,-2.55,-3.35,-3.77,-4.98,-5.29,-3.55,-2.79,-6.12,-3.33,-5.04,-4.52,-2.96,-4.67,-5.37,-3.07,-2.36,-3.25,-1.81,-1.67,-0.93,-3.52,-0.14
2011-08-31,-11.66,-8.67,-7.76,-10.43,-11.99,-12.23,-7.24,-7.06,-9.36,-9.29,-11.75,-6.31,-6.48,-8.95,-9.39,-10.99,-7.08,-6.68,-5.01,-10.09,-9.09,-3.48,-3.37,-5.66,-6.7
2011-09-30,-11.49,-9.11,-10.14,-10.17,-14.57,-11.25,-9.67,-11.36,-11.15,-13.26,-11.27,-9.43,-9.6,-10.13,-14.84,-10.08,-9.99,-8.55,-10.33,-13.15,-8.4,-4.97,-6.19,-6.53,-8.37
2011-10-31,12.63,13.64,14.37,14.37,16.9,15.34,15.96,16.5,15.94,18.42,15.85,16.09,15.8,16.62,16.36,14.23,13.1,12.98,12.82,12.78,17.82,12.08,9.2,9.26,10.31
2011-11-30,-5.76,-1.92,0.66,0.2,0.8,-2.93,-0.23,-0.63,0.94,0.6,-1.01,-1.78,0.89,0.88,-1.48,-2.45,-1.15,0.49,1.21,0.3,-6.82,-1.51,0.89,0.74,0.18
2011-12-31,-0.61,2.11,1.73,2.17,0.98,-1.41,0.25,1.83,0.19,0.07,-0.46,1.74,-0.84,1.31,-1.24,-1.24,0.74,-0.03,-0.1,-1.17,-3.18,0.09,1.76,0.82,1.45
2012-01-31,12.93,9.25,7.31,6.83,5.57,13.1,10.24,6.88,6.64,5.64,9.4,8.97,6.98,3.82,5.54,12.65,11.04,6.31,5.38,4.46,15.04,8.45,5.41,2.18,2.58
2012-02-29,2.72,0.41,1.58,0.22,2.23,3.82,3.26,1.55,3.52,3.54,5.05,5.41,5.0,3.55,4.36,8.51,3.87,4.19,4.5,3.31,5.51,4.29,4.56,3.07,6.25
2012-03-31,1.99,3.26,3.84,5.17,5.63,2.46,0.9,3.16,3.02,2.06,-0.97,0.49,2.19,2.89,1.73,0.92,0.82,1.68,2.55,2.36,4.25,2.48,2.53,2.89,5.03
2012-04-30,-4.89,-2.37,-1.4,-1.97,0.29,-4.61,-0.89,-2.71,-1.38,0.01,-2.41,-1.56,-1.41,-0.45,0.37,-6.16,-2.34,-1.34,0.66,0.84,-7.39,-2.0,-0.98,-0.09,0.24
2012-05-31,-10.57,-6.85,-5.92,-4.99,-4.35,-10.34,-7.5,-5.81,-5.48,-6.77,-13.42,-9.17,-6.89,-5.06,-4.51,-12.97,-9.9,-7.62,-4.98,-5.33,-13.78,-10.47,-6.4,-3.71,-4.84
2012-06-30,6.67,5.6,5.36,5.87,6.31,7.39,6.22,4.44,5.53,4.04,2.15,3.33,3.66,2.4,4.46,4.27,2.56,2.69,3.5,2.32,1.29,4.94,4.27,5.08,2.95
2012-07-31,-3.69,-2.73,-1.16,-0.88,0.18,-3.73,-3.71,-0.78,0.31,0.06,-3.92,-1.4,-0.4,0.1,-0.74,-4.47,-0.77,1.15,-1.38,1.05,-0.77,0.93,0.47,0.92,2.35
2012-08-31,4.04,2.97,2.69,0.57,3.39,4.75,3.24,1.81,3.81,2.14,6.59,5.3,3.3,3.0,4.87,5.0,3.74,4.09,4.33,3.29,4.26,4.12,4.15,1.47,1.05
2012-09-30,6.0,4.33,3.85,4.03,4.7,3.72,3.35,3.47,3.87,4.42,2.16,4.1,1.47,1.82,1.33,2.77,2.77,3.72,1.78,1.2,4.96,4.26,0.74,3.1,2.74
2012-10-31,-5.93,-4.22,-2.02,-2.15,-1.37,-4.16,-2.1,-3.42,-1.31,-0.73,-2.05,0.73,-0.27,-1.84,-1.02,1.02,-1.08,0.11,-0.35,0.29,-1.12,-0.75,-1.3,-2.4,-4.74
2012-11-30,0.8,0.07,0.47,0.01,0.24,0.37,1.57,0.94,-0.58,1.86,3.76,2.76,1.17,1.95,0.8,-0.7,3.2,2.23,1.37,2.44,-1.24,0.13,-0.07,1.03,0.98
2012-12-31,4.77,4.14,4.06,2.55,1.81,4.36,4.33,3.53,3.99,2.6,6.93,2.33,3.01,2.63,2.63,5.12,3.12,1.88,1.81,0.7,3.63,2.15,0.42,0.24,0.07
2013-01-31,5.59,4.85,5.05,6.84,6.1,5.96,7.16,5.39,5.97,6.91,6.81,5.91,5.27,6.19,9.18,8.51,8.09,8.35,6.31,7.27,8.79,5.6,6.33,5.44,0.17
2013-02-28,-0.53,1.97,0.08,1.38,0.9,-0.14,1.38,1.85,1.05,1.72,-0.12,1.17,1.79,2.0,1.16,-2.39,1.59,1.47,1.82,1.96,-0.24,0.47,1.72,1.52,1.95
2013-03-31,3.29,3.86,3.89,5.27,7.38,3.53,3.89,4.12,6.53,6.22,5.55,4.91,4.94,5.23,4.86,3.69,3.95,5.02,5.05,5.45,2.56,3.75,4.22,3.29,5.34
2013-04-30,0.24,-0.74,-0.56,-0.02,2.21,-0.2,-2.32,-1.09,-0.52,-1.37,-0.83,0.73,-0.89,0.75,-0.62,0.81,1.06,1.55,-0.61,-0.1,3.05,0.78,2.47,2.25,1.33
2013-05-31,7.7,4.28,4.79,5.2,3.55,7.52,6.17,5.08,5.11,5.85,6.18,5.45,3.64,3.89,4.08,3.37,3.46,3.95,1.45,4.66,3.07,2.48,2.66,1.9,2.63
2013-06-30,0.54,0.68,1.36,2.53,0.08,-1.16,0.03,-0.22,0.57,1.62,-2.08,0.27,0.19,-0.01,-0.97,-1.57,-1.51,-1.13,-1.28,-4.6,-5.1,-0.05,-1.31,0.43,-4.14
2013-07-31,9.12,7.85,7.73,7.09,9.0,7.09,5.84,6.9,6.35,8.36,7.5,7.55,7.78,7.15,8.66,7.68,5.33,6.56,6.85,7.87,5.76,3.61,5.6,4.57,9.07
2013-08-31,-2.6,-3.76,-3.17,-2.85,-2.88,-3.42,-2.87,-2.7,-3.26,-1.6,-1.94,-3.2,-2.42,-2.49,-2.67,-1.62,-2.73,-2.21,-2.69,-2.75,-1.4,-3.24,-2.66,-3.44,-3.08
2013-09-30,6.26,5.09,6.19,5.63,7.22,5.23,4.61,6.05,7.37,7.86,5.41,3.96,5.77,6.53,7.7,4.19,4.51,5.34,5.55,6.59,1.01,2.82,3.78,4.45,5.62
2013-10-31,2.64,2.37,2.69,3.84,-0.15,0.53,2.69,3.35,4.25,1.12,2.59,3.64,3.13,3.72,3.47,1.3,3.52,3.29,3.7,3.63,3.96,5.48,4.86,4.03,3.47
2013-11-30,5.39,6.8,5.4,7.37,7.02,5.04,4.51,5.53,6.19,3.57,2.79,2.4,3.75,4.15,3.32,0.4,1.64,2.57,0.91,2.44,2.57,3.14,3.7,2.67,3.61
2013-12-31,2.51,2.62,0.89,2.15,2.84,2.77,1.34,1.68,1.8,3.35,3.86,3.38,2.15,1.07,2.72,2.78,2.97,2.41,4.22,3.27,3.5,1.34,2.19,3.04,3.75
2014-01-31,-1.06,-2.58,-1.33,-2.76,-0.97,-4.1,-1.99,-5.31,-2.54,-2.29,-3.0,-3.62,-2.61,-3.8,-3.06,-2.67,-2.26,-3.2,-3.11,-0.29,-5.0,-4.22,-3.45,-3.7,0.05
2014-02-28,3.92,1.72,5.95,4.04,4.86,4.26,3.59,3.36,5.55,4.71,5.98,4.98,4.64,5.87,5.95,3.97,4.78,5.92,5.89,7.67,3.58,3.75,3.9,4.64,7.29
2014-03-31,-0.04,0.93,2.3,0.37,-0.73,0.18,1.8,1.41,1.73,-2.31,-0.18,1.35,1.11,0.69,-4.43,1.19,-0.31,1.12,-0.2,-4.09,2.71,1.87,2.56,0.69,-4.44
2014-04-30,-5.26,-4.06,-4.33,-4.13,-6.49,-1.48,-2.29,-4.04,-3.27,-5.26,-0.64,-0.28,-2.1,-3.18,-4.76,2.98,-0.28,-1.66,-1.61,-5.33,3.2,2.72,0.96,-1.72,-1.2
2014-05-31,-1.41,1.44,0.01,0.89,-1.29,0.02,1.26,0.57,0.3,-0.59,0.69,1.36,0.68,1.15,0.34,0.39,2.05,2.07,2.02,2.37,0.03,1.15,2.65,3.05,5.25
2014-06-30,5.78,3.23,3.96,3.71,5.72,5.61,5.63,6.77,4.54,5.99,6.23,5.09,4.54,4.74,8.46,4.41,3.57,4.58,3.52,4.2,0.63,1.44,1.97,1.93,3.12
2014-07-31,-6.47,-4.62,-4.35,-5.17,-7.86,-7.56,-5.69,-5.24,-4.95,-4.39,-4.8,-5.01,-5.77,-5.82,-6.56,-2.2,-2.41,-3.07,-3.93,-4.56,2.64,-1.31,-1.97,-2.02,0.19
2014-08-31,2.73,3.25,4.67,5.35,5.99,4.83,3.38,5.92,4.26,5.86,5.06,3.53,5.7,3.53,6.13,5.59,4.85,5.27,5.56,6.48,4.17,4.22,3.57,3.95,4.1
2014-09-30,-7.85,-5.47,-6.34,-4.18,-4.98,-7.76,-4.98,-4.43,-5.51,-4.63,-5.0,-6.1,-3.61,-6.31,-6.97,-3.16,-3.28,-3.98,-3.91,-4.03,-1.52,-0.65,-1.49,-0.93,-1.47
2014-10-31,3.89,7.57,6.85,3.72,2.81,5.65,8.18,7.61,7.81,4.9,2.68,6.82,5.73,4.84,2.9,2.59,3.22,3.33,4.44,0.59,1.22,-0.3,2.96,3.19,1.88
2014-11-30,-2.67,-0.54,0.14,-1.6,-1.04,-0.18,-0.88,-0.62,-1.98,0.65,-0.8,1.91,0.34,1.18,2.48,-0.08,2.14,2.62,2.04,1.95,9.31,3.09,1.51,3.18,4.06
2014-12-31,4.16,5.67,4.92,6.55,3.0,0.88,3.2,4.36,2.47,3.31,-2.04,1.0,1.48,1.43,1.32,3.6,-0.46,0.74,0.68,0.25,-4.8,-0.67,0.34,0.47,-1.33
2015-01-31,-7.71,-5.29,-4.32,-4.2,-4.48,-8.26,-6.05,-3.29,-3.34,-0.89,-6.38,-5.83,-3.37,-2.8,-0.41,-5.84,-5.11,-3.12,-0.85,0.8,-2.72,-3.82,-5.07,-3.98,-1.33
2015-02-28,8.81,4.82,4.6,4.55,4.14,9.94,7.01,7.82,5.87,6.84,11.06,8.44,7.01,7.82,5.67,10.38,7.78,6.93,6.67,5.47,7.84,7.44,6.66,4.64,5.54
2015-03-31,-2.52,1.69,2.23,3.72,2.5,-1.32,3.09,2.11,2.44,1.04,-2.57,-0.44,1.34,2.27,3.89,-4.21,-0.48,0.91,0.62,1.4,-2.09,-2.22,-2.13,-1.32,-1.25
2015-04-30,2.64,-1.46,-0.86,-2.02,-4.3,4.61,-1.53,-3.07,-3.53,-4.75,5.72,0.24,-1.11,-3.74,-4.12,8.75,2.71,-0.22,-1.23,-2.88,8.04,4.32,2.33,0.46,-1.43
2015-05-31,-2.27,0.09,-0.1,2.92,3.96,-2.2,0.96,0.46,1.13,5.3,-4.48,2.03,4.06,1.36,5.66,-6.23,-1.18,1.99,2.63,4.56,-4.54,-0.45,0.8,2.45,3.19
2015-06-30,-0.35,2.5,2.93,2.69,0.83,-1.94,0.39,1.03,2.3,2.9,-5.86,0.2,0.2,-0.22,1.89,-4.6,-1.54,-1.52,-1.02,-0.55,-3.42,-3.37,-1.98,-1.44,-0.55
2015-07-31,-10.59,-4.32,-2.88,-1.15,-2.49,-10.43,-2.03,-1.54,0.63,-0.05,-13.34,-3.13,-1.53,0.26,3.2,-11.14,-1.2,2.32,1.84,3.08,-11.13,0.19,1.66,3.72,3.45
2015-08-31,-4.02,-6.19,-2.91,-2.45,-4.87,-3.85,-5.83,-4.19,-4.09,-7.57,-4.0,-3.72,-5.31,-6.21,-7.33,-3.77,-5.64,-6.23,-4.59,-7.71,-6.35,-4.76,-6.49,-6.88,-5.94
2015-09-30,-12.69,-7.37,-3.02,-0.77,-7.64,-14.87,-5.13,-5.3,-1.86,-6.59,-13.42,-6.33,-4.02,-2.93,-3.64,-12.18,-5.98,-3.23,-2.87,-4.29,-7.26,-3.47,-1.13,-2.74,-1.78
2015-10-31,6.89,6.63,6.35,4.75,5.13,10.94,8.57,4.85,4.74,4.35,6.5,7.72,5.08,3.64,5.35,8.46,7.19,6.49,5.5,4.33,13.08,7.42,8.71,8.23,7.43
2015-11-30,2.3,4.48,3.65,4.1,5.13,5.23,3.01,4.83,6.07,3.86,-1.62,1.13,1.78,2.98,3.41,-1.57,0.3,1.11,2.34,0.51,-1.56,-1.41,0.63,0.36,0.83
2015-12-31,-7.93,-6.58,-2.0,-2.83,-4.66,-6.11,-4.12,-4.23,-4.84,-4.68,-7.17,-6.84,-3.69,-6.58,-4.6,-3.63,-4.81,-4.08,-2.68,-3.03,-6.6,-2.65,-2.97,-0.25,0.04
2016-01-31,-15.05,-10.92,-9.93,-5.37,-9.9,-12.31,-11.38,-8.66,-8.01,-10.89,-12.87,-7.79,-7.08,-6.89,-10.89,-9.34,-8.83,-8.06,-7.09,-6.57,-2.12,-4.64,-5.42,-6.18,-4.08
2016-02-29,1.35,1.52,-0.66,-0.19,-1.82,2.29,4.05,2.56,-2.37,-2.16,4.21,3.75,2.48,-1.06,-0.67,4.81,3.69,2.71,0.01,-0.39,1.64,2.58,1.35,-0.75,-2.55
2016-03-31,14.3,6.28,7.51,6.72,3.45,15.0,11.19,7.97,5.8,6.7,14.46,10.78,6.91,7.7,6.55,11.17,10.45,8.56,6.67,5.89,9.64,8.15,7.4,5.96,5.94
2016-04-30,9.28,3.09,3.83,3.93,2.92,8.18,4.09,1.97,0.79,2.09,10.03,2.62,1.88,1.27,-0.72,8.8,2.28,1.93,0.45,-0.42,10.91,6.0,0.4,1.02,-1.18
2016-05-31,-1.96,0.28,0.62,0.42,-0.52,0.61,2.49,2.84,1.76,3.7,-0.55,-1.24,1.8,3.27,1.85,-0.44,0.14,1.84,3.11,3.27,0.22,1.66,2.13,0.96,2.45
2016-06-30,-2.09,-2.16,0.55,-0.06,-0.16,-2.16,-1.67,-0.39,-0.34,1.36,-3.97,-4.3,-2.04,-0.05,2.13,-1.74,-2.67,-2.28,-0.96,2.0,-1.47,-4.0,-1.63,1.79,2.36
2016-07-31,6.42,5.67,6.37,3.42,5.63,10.38,5.73,5.7,5.95,4.47,10.66,5.97,5.58,4.81,4.26,9.51,5.17,4.96,3.45,2.35,8.46,6.35,4.09,2.21,3.71
2016-08-31,4.58,2.11,3.59,3.36,0.93,4.74,1.1,2.52,0.09,0.59,2.11,2.41,3.0,1.12,0.08,2.31,2.02,1.3,1.68,-0.54,4.09,1.97,1.27,-0.46,-1.77
2016-09-30,6.63,1.91,2.27,1.62,4.77,3.61,0.7,1.61,1.14,1.56,1.83,-0.61,-0.25,1.54,1.35,-1.06,0.27,-0.78,0.2,0.62,3.66,-0.77,-0.2,0.36,0.39
2016-10-31,-8.53,-5.4,-3.34,-1.95,-7.21,-9.1,-4.82,-3.88,-3.07,-5.64,-5.93,-3.88,-2.85,-4.88,-4.47,-2.9,-1.07,-1.92,-3.51,-3.02,-3.37,0.75,-0.92,-2.62,-3.2
2016-11-30,10.27,12.99,12.55,13.03,11.68,11.39,14.0,12.19,12.75,11.77,11.24,9.9,11.61,10.65,7.86,7.34,7.56,6.91,5.25,7.46,9.06,5.89,4.23,1.11,0.94
2016-12-31,3.32,4.87,6.44,5.37,2.75,0.88,3.52,3.14,4.43,0.48,-0.2,3.31,2.21,1.03,0.62,1.73,0.43,-0.48,0.94,-0.26,0.41,2.41,2.35,2.45,0.28
2017-01-31,-0.66,-1.35,-1.98,-2.16,0.05,2.25,1.28,0.73,-1.66,2.07,2.98,2.07,0.06,0.25,2.04,4.25,3.39,1.61,1.61,2.34,3.28,1.97,1.88,1.28,3.44
2017-02-28,2.04,1.01,2.3,0.96,-0.31,1.85,1.69,0.2,1.58,1.71,3.93,3.21,2.13,1.57,-0.31,2.7,3.43,3.3,3.1,3.93,4.35,3.68,4.7,3.87,-1.53
2017-03-31,2.09,0.61,0.37,1.51,1.44,-0.27,0.68,1.25,-0.51,-0.55,-0.29,1.91,1.14,0.38,-2.25,-0.77,1.14,0.06,0.53,-0.56,-0.72,0.49,1.1,-0.54,-1.07
2017-04-30,-1.43,5.57,1.68,2.15,0.4,1.2,0.98,2.21,2.01,1.03,-0.07,2.14,1.13,0.74,0.34,0.01,1.39,0.88,0.41,0.61,0.19,2.39,0.88,1.22,0.63
2017-05-31,-5.3,-2.36,-1.65,-1.53,-2.96,-2.88,0.87,-1.68,-5.05,-1.98,0.35,-1.45,-0.39,-2.83,-1.11,-4.81,0.39,0.67,-0.19,1.68,-2.06,0.74,2.34,1.98,2.93
2017-06-30,7.31,5.37,6.15,4.8,4.4,2.29,4.22,3.38,4.65,4.54,3.82,3.11,2.3,2.46,4.0,3.78,1.77,1.49,1.36,0.34,0.5,0.57,1.08,0.58,-1.48
2017-07-31,-1.89,-1.52,-0.96,-0.18,-0.28,-0.02,1.06,1.27,0.17,1.69,0.93,1.15,-0.06,-0.88,3.78,-1.14,1.8,0.87,1.43,3.36,1.97,1.16,0.95,2.38,4.01
2017-08-31,-3.34,-1.8,-2.04,-1.72,1.32,-4.32,-2.59,-1.65,-1.19,-1.53,-1.81,-0.89,0.12,-1.27,-1.58,-5.91,-0.94,1.32,-0.38,1.35,-2.41,-0.01,0.12,1.24,1.81
2017-09-30,11.27,8.84,10.0,8.72,7.57,8.15,6.85,7.73,7.16,7.77,2.37,7.13,5.01,4.94,5.93,4.96,4.27,3.25,2.96,3.35,3.11,3.12,2.29,1.09,1.51
2017-10-31,-3.57,1.46,0.26,1.29,0.54,-3.82,0.68,0.6,1.48,1.38,-3.09,0.04,1.92,2.33,1.44,-1.26,0.02,0.61,3.57,4.55,-5.67,-1.22,3.04,2.51,5.45
2017-11-30,5.33,3.26,2.11,2.73,3.05,0.75,5.3,5.07,3.54,0.7,4.16,2.03,3.72,3.74,3.59,6.9,4.41,3.65,4.37,4.47,4.59,3.79,2.87,2.86,2.39
2017-12-31,1.98,-0.95,-2.6,-1.22,0.6,2.1,-0.97,-1.93,-0.36,1.74,1.79,0.49,-0.58,1.08,-0.6,5.84,2.84,2.01,-0.69,-0.44,3.16,2.72,1.9,1.0,-0.16
2018-01-31,1.31,2.11,2.15,3.2,2.84,4.18,3.08,0.73,2.0,5.22,-2.19,1.88,3.25,2.55,5.08,1.84,4.44,4.55,3.77,7.15,1.76,3.41,4.4,6.96,9.13
2018-02-28,-4.5,-3.63,-3.57,-3.39,-3.09,-4.83,-3.67,-0.54,-3.83,-3.96,-6.6,-4.37,-4.14,-2.92,-2.97,-5.03,-5.05,-3.29,-3.24,-3.62,-8.7,-7.15,-5.23,-2.38,-0.42
2018-03-31,1.32,1.84,4.86,1.54,2.24,-0.74,0.97,2.18,1.59,0.72,0.48,0.57,0.48,-0.38,-0.3,0.08,-1.1,0.12,-0.32,0.7,-2.36,-0.81,-2.0,-3.63,-3.39
2018-04-30,1.78,3.27,1.33,-1.31,1.6,3.51,2.65,0.42,0.35,-0.47,0.99,-0.51,-0.66,0.13,3.55,4.21,0.4,0.39,0.3,-2.22,-0.32,-1.02,1.3,-0.42,1.56
2018-05-31,7.64,6.04,5.01,7.42,9.75,6.01,4.6,5.55,4.1,10.89,5.41,2.87,3.07,4.24,9.72,-1.05,1.06,1.64,2.13,6.42,-2.84,0.43,2.42,2.08,5.05
2018-06-30,0.2,0.74,2.49,0.83,2.15,3.05,3.21,-0.05,0.21,2.14,1.47,1.13,0.0,-1.22,0.6,6.45,2.49,0.41,-0.39,-1.39,4.16,0.57,0.17,0.36,-0.42
2018-07-31,-0.83,-0.66,1.74,-0.34,-0.78,2.81,1.62,3.01,2.38,2.26,1.7,1.86,1.8,1.48,2.04,1.4,3.24,3.48,3.11,0.44,3.44,5.55,5.17,2.62,2.58
2018-08-31,2.87,2.72,3.67,3.38,7.19,3.27,3.49,3.58,2.87,8.15,2.99,2.87,3.13,3.03,7.2,-0.48,0.12,2.01,3.78,9.5,0.76,0.33,2.52,4.54,7.32
2018-09-30,-2.34,-1.72,-3.03,-3.59,-4.29,-1.3,-2.53,-3.89,-2.47,-1.71,-2.8,-1.46,-3.08,-2.19,-4.15,-1.41,0.39,-1.31,-0.57,1.31,0.78,1.14,0.0,0.27,1.32
2018-10-31,-14.11,-9.29,-8.78,-9.3,-11.06,-12.58,-10.28,-8.6,-11.18,-13.16,-10.07,-9.55,-8.29,-10.21,-11.86,-9.96,-8.49,-8.89,-7.81,-11.58,-5.33,-5.57,-4.59,-6.41,-10.06
2018-11-30,-1.8,-0.18,-0.03,0.73,-3.53,3.68,1.73,0.98,1.28,0.44,5.45,3.14,2.22,2.05,-1.93,4.7,3.3,2.23,3.69,0.32,-3.11,2.58,4.56,-0.63,1.95
2018-12-31,-17.63,-12.52,-10.27,-10.86,-12.93,-13.55,-12.61,-12.57,-9.6,-11.91,-14.0,-13.64,-10.71,-11.01,-11.81,-13.47,-12.06,-9.42,-11.3,-9.2,-9.96,-8.98,-9.92,-8.28,-8.46
2019-01-31,18.93,11.59,7.24,7.27,9.97,19.92,12.68,10.61,8.74,9.24,19.87,14.73,11.49,8.15,10.03,16.08,12.2,11.81,9.12,9.82,19.02,12.38,7.4,6.14,7.58
2019-02-28,7.91,6.1,5.21,5.3,5.41,4.21,7.14,6.21,5.41,4.23,4.66,4.81,4.12,5.24,5.12,6.32,3.77,3.25,5.28,5.47,-0.04,2.64,2.81,2.65,5.07
2019-03-31,-3.34,-3.8,-4.05,-3.39,-1.19,-3.39,-3.11,-3.31,-2.51,-1.45,-2.65,-2.71,-2.92,-1.05,-0.54,-0.25,-2.18,0.09,1.38,0.28,0.81,-0.48,2.15,2.57,1.92
2019-04-30,1.86,3.58,2.81,1.17,0.08,3.51,5.36,3.56,3.32,1.79,5.58,5.41,4.74,3.66,1.47,6.07,5.14,5.08,3.13,3.29,5.35,4.96,6.95,3.08,2.87
2019-05-31,-13.96,-6.8,-7.18,-7.11,-5.64,-14.98,-9.96,-8.66,-7.35,-4.67,-15.92,-10.35,-9.84,-6.91,-4.97,-13.66,-11.62,-7.58,-6.21,-3.06,-14.14,-10.92,-7.13,-6.69,-3.8
2019-06-30,6.78,6.54,5.81,4.96,6.02,7.83,8.7,6.41,7.54,7.85,7.77,9.05,8.13,7.7,6.8,12.05,10.4,7.87,6.21,7.87,12.85,6.36,7.66,6.82,6.47
2019-07-31,-4.78,-2.0,-1.55,1.43,-0.23,-3.87,1.22,0.74,0.95,0.53,-4.07,0.22,2.76,1.22,3.05,-1.04,3.11,0.93,1.1,1.9,3.84,-0.07,2.48,1.39,1.21
2019-08-31,-9.22,-7.16,-6.83,-5.27,-3.44,-6.89,-9.08,-4.62,-0.96,-4.45,-12.54,-7.36,-5.5,-2.8,-2.77,-15.08,-11.2,-3.76,-1.8,-1.81,-8.4,-5.76,-5.01,-1.15,0.9
2019-09-30,7.16,3.7,4.32,2.6,-3.06,4.74,5.22,5.28,1.19,-4.79,6.51,4.71,3.47,2.96,-2.62,5.35,6.29,3.9,2.67,-3.75,4.64,5.38,1.81,3.07,-0.41
2019-10-31,-1.94,0.34,1.07,2.99,2.77,-1.81,2.86,2.68,4.17,2.73,2.27,2.15,3.35,2.27,2.55,-3.81,1.56,3.33,1.1,1.05,7.69,5.5,4.56,1.75,0.37
2019-11-30,6.67,2.61,4.38,4.79,6.26,4.24,4.28,6.03,2.25,5.15,4.35,5.12,3.18,2.36,5.68,6.41,5.92,4.84,2.72,6.01,5.82,6.69,4.19,3.34,2.52
2019-12-31,12.99,3.53,3.81,4.64,3.99,5.96,3.16,4.51,1.42,5.96,9.55,2.53,2.97,1.88,1.14,7.34,4.42,2.04,1.41,0.28,3.12,3.48,2.31,2.65,3.48
2020-01-31,-7.3,-4.81,-5.86,-5.48,-1.75,-8.57,-5.48,-4.44,-4.41,-1.81,-6.96,-6.38,-0.67,-2.54,-0.99,-6.02,-4.01,-1.99,0.97,0.7,-12.37,-2.65,1.51,-0.87,4.03
2020-02-29,-7.98,-6.9,-8.34,-7.69,-6.12,-10.37,-9.69,-8.81,-8.82,-8.31,-9.83,-9.32,-11.1,-8.76,-5.95,-13.42,-9.44,-10.27,-9.37,-7.09,-3.72,-7.24,-8.04,-8.36,-7.45
2020-03-31,-29.11,-22.89,-23.23,-23.76,-23.34,-25.93,-25.01,-21.57,-23.23,-25.7,-27.11,-25.05,-22.41,-22.34,-19.16,-38.45,-24.47,-21.63,-17.91,-16.09,-31.65,-15.35,-12.44,-10.45,-10.36
2020-04-30,32.02,15.52,10.87,12.18,20.24,28.33,14.0,13.5,16.06,20.1,30.83,21.3,13.36,12.95,18.69,27.65,17.42,15.35,12.16,14.55,22.48,13.12,11.2,13.44,13.09
2020-05-31,9.09,5.84,4.12,1.79,9.19,11.84,7.53,3.03,3.99,11.5,5.79,6.97,5.96,6.79,8.94,2.62,6.67,6.16,6.78,10.11,3.81,4.6,4.77,5.17,5.2
2020-06-30,9.28,6.03,3.22,2.23,9.67,5.06,3.66,3.33,1.91,6.97,8.9,2.87,1.85,3.38,4.37,12.16,2.94,0.17,0.81,1.84,12.52,-0.93,-1.12,-1.72,4.49
2020-07-31,2.51,-1.53,1.49,5.12,3.53,-2.34,0.52,3.7,3.98,4.86,-0.85,1.07,3.67,4.55,4.27,-0.82,3.03,5.41,5.99,8.03,-10.39,-2.18,4.34,5.31,7.61
2020-08-31,8.28,5.74,6.42,4.9,3.42,8.31,8.99,5.58,6.12,1.85,6.95,4.39,3.54,3.11,6.31,7.11,5.84,4.53,5.51,2.36,3.95,3.29,5.28,5.94,10.31
2020-09-30,-6.42,-2.44,-3.9,-2.2,-0.09,-7.22,-5.82,-5.95,-1.53,-3.8,-7.72,-6.72,-3.31,-3.41,-2.11,-6.01,-2.54,-2.55,-2.51,0.66,-7.14,-5.32,-1.23,-1.21,-5.81
2020-10-31,1.02,4.4,0.99,3.93,-2.26,7.44,3.9,1.84,4.97,1.83,4.54,6.49,3.77,3.07,0.26,4.97,1.58,1.05,-0.47,1.41,-5.98,0.87,-2.7,-3.41,-2.86
2020-11-30,31.73,19.11,16.47,21.19,18.49,27.4,17.18,15.65,17.48,18.48,31.97,17.04,15.66,14.97,15.61,28.64,20.88,14.06,11.32,13.68,30.44,18.73,14.43,10.69,9.62
2020-12-31,11.98,8.0,4.97,7.45,9.34,13.78,9.6,7.19,10.42,9.56,9.99,8.01,6.94,8.06,10.64,9.5,7.74,4.51,3.65,6.77,4.88,6.82,3.52,3.96,3.79
2021-01-31,14.95,6.76,5.02,9.01,20.48,5.97,2.5,5.77,4.73,20.35,1.08,-0.48,2.0,1.97,8.55,2.31,-0.03,0.54,-2.2,3.41,0.08,-0.3,-2.34,-3.8,0.68
2021-02-28,13.52,10.97,11.27,8.75,8.47,14.4,10.03,8.51,10.29,7.52,14.48,10.11,9.16,8.86,2.84,9.81,9.18,6.61,5.79,1.83,11.69,6.46,2.62,2.6,-1.63
2021-03-31,3.63,5.07,3.52,5.84,-0.96,3.31,4.71,3.98,5.16,-0.78,5.48,5.16,3.58,2.57,-2.02,6.79,5.8,5.74,3.91,-1.41,7.02,6.16,6.73,3.34,-1.57
2021-04-30,-1.76,1.29,1.19,1.23,-0.54,0.87,1.01,3.49,1.36,3.3,0.53,3.16,2.79,3.16,2.36,4.7,4.93,5.31,4.89,3.77,2.44,6.83,6.41,4.04,6.26
2021-05-31,0.04,3.19,3.95,4.94,2.45,0.93,1.94,1.63,-0.86,3.2,-2.8,0.29,0.6,1.49,-0.09,0.52,-0.67,1.61,0.74,-1.22,1.01,-0.19,0.37,2.97,-3.21
2021-06-30,1.72,0.64,-0.77,-0.07,5.72,3.28,0.01,-0.94,1.2,5.34,2.15,0.43,-0.46,-0.96,5.76,2.16,1.15,-0.49,1.05,2.11,1.02,3.94,3.1,0.69,7.42
2021-07-31,-6.69,-1.78,-3.08,-3.99,-7.86,-4.78,-2.79,-2.72,-2.15,-7.95,-1.33,-0.45,-0.17,-2.83,-4.49,1.01,2.9,-0.44,-2.17,-5.14,1.45,3.57,2.33,-0.4,1.85
2021-08-31,5.31,2.36,2.73,1.15,3.35,0.27,2.15,2.26,2.33,3.59,0.14,1.82,0.84,2.47,2.4,0.23,1.6,2.54,4.69,6.06,1.42,3.53,2.6,5.04,3.07
2021-09-30,-2.77,-4.68,-2.03,-0.97,-2.21,-2.47,-2.98,-2.56,-1.23,-2.66,-2.05,-1.73,-3.15,-2.27,-2.55,-5.03,-3.43,-4.71,-2.56,-2.1,-4.7,-5.56,-3.78,-4.71,-3.15
2021-10-31,-1.96,2.05,2.96,2.32,3.54,1.89,1.93,4.07,2.64,4.92,1.83,3.97,3.41,3.16,6.7,3.81,6.28,4.76,6.41,7.04,3.43,6.41,7.1,13.45,4.83
2021-11-30,-9.53,-4.43,-4.43,-2.87,-6.95,-6.27,-2.76,-2.3,-2.84,-3.38,-8.36,-4.01,-4.13,-3.9,-4.38,-5.89,-4.12,-1.76,-3.37,-1.87,-2.01,1.46,-2.54,-1.19,-2.04
2021-12-31,-2.71,0.87,2.4,2.87,1.09,1.5,4.66,5.48,5.77,-0.43,2.25,4.78,4.01,3.07,-0.49,3.18,5.82,4.86,4.24,-0.06,7.13,4.84,4.93,3.69,-2.01
2022-01-31,-13.55,-5.71,-4.02,-4.74,-9.61,-10.91,-7.71,-5.38,-4.52,-10.87,-10.2,-6.94,-5.6,-7.38,-11.44,-5.88,-6.48,-5.5,-7.62,-8.92,-1.59,-3.76,-4.95,-6.77,-7.95
2022-02-28,-3.61,2.53,0.91,-2.02,4.13,0.48,2.48,0.82,0.7,4.25,-1.22,0.43,2.55,2.48,1.25,-0.91,0.13,0.45,-0.1,3.52,-4.6,-2.34,-4.65,-2.54,-1.42
2022-03-31,0.52,0.67,0.57,1.78,-0.84,0.28,-0.12,1.12,-1.15,3.85,3.37,0.68,0.11,1.99,3.16,-3.81,0.6,0.23,2.55,3.81,-0.31,1.36,2.66,4.11,5.12
2022-04-30,-17.95,-7.53,-6.62,-6.68,-4.67,-17.09,-8.75,-7.96,-8.46,-8.58,-13.68,-7.78,-7.23,-6.62,-7.47,-14.09,-5.9,-5.87,-7.26,-7.86,-15.89,-7.44,-8.25,-6.26,-11.25
2022-05-31,-6.19,-1.11,0.93,1.42,0.8,-3.31,0.34,1.42,1.82,-0.95,-3.85,0.22,1.82,0.22,3.42,-2.78,-0.23,0.35,1.36,-0.11,-4.49,4.61,-0.25,-1.26,-0.18
2022-06-30,-7.07,-7.12,-6.39,-3.18,-8.52,-7.04,-8.23,-4.93,-6.43,-12.2,-11.99,-8.42,-7.46,-6.94,-9.99,-11.63,-9.28,-9.06,-7.62,-12.1,-12.09,-11.56,-7.87,-7.34,-6.88
2022-07-31,10.58,6.42,8.15,4.73,10.35,12.3,11.07,10.83,9.54,10.22,12.79,9.33,10.6,9.11,9.38,11.71,12.9,9.3,8.35,8.86,11.11,14.53,8.86,10.51,4.87
2022-08-31,1.82,-1.02,0.89,-1.49,2.27,-1.96,-2.11,-1.35,-3.37,1.23,-4.91,-4.38,-3.82,-3.13,1.43,-3.22,-5.33,-1.2,-1.56,0.34,-0.98,-5.89,-5.58,-3.43,-1.18
2022-09-30,-13.3,-10.39,-9.04,-4.15,-8.64,-10.33,-11.07,-9.3,-7.04,-9.74,-11.8,-12.2,-9.3,-6.62,-8.91,-11.95,-12.01,-9.28,-7.69,-8.42,-12.28,-11.58,-8.83,-9.09,-5.37
2022-10-31,5.31,7.63,9.61,7.18,9.4,6.97,11.29,12.66,12.78,14.23,5.3,11.86,9.68,12.02,11.91,2.25,6.88,8.4,10.99,10.16,3.58,4.97,7.9,7.33,13.28
2022-11-30,-4.79,2.74,0.66,2.12,-0.2,-1.66,1.62,3.06,1.13,1.59,4.0,7.07,5.05,4.35,1.16,3.83,7.86,8.03,4.6,3.22,10.86,4.58,7.24,4.29,3.09
2022-12-31,-8.74,-3.52,-3.39,-1.33,-1.65,-10.19,-5.71,-0.82,-6.27,-3.45,-7.73,-5.7,-5.81,-6.43,-6.98,-7.52,-4.27,-5.68,-4.17,-5.92,-13.8,-6.67,-6.65,-3.06,-3.39
2023-01-31,22.85,12.88,8.9,4.14,4.23,21.79,13.75,9.43,7.27,5.16,18.02,16.32,10.0,5.6,5.69,19.26,12.82,9.05,7.46,3.44,23.18,9.11,6.36,1.69,0.01
2023-02-28,-8.17,-2.69,-1.42,-0.2,-1.87,-4.45,-2.54,-0.14,-2.07,-2.15,-5.69,-1.66,-1.04,-0.56,0.64,-3.55,-4.48,-2.67,-1.79,-1.97,1.82,-1.61,-2.61,-3.32,-4.12
2023-03-31,-12.0,-9.08,-5.56,-9.43,-3.57,-4.24,-3.51,-5.52,-4.88,-5.33,-5.23,-5.37,-4.36,-1.71,-2.21,-2.15,-4.35,0.0,-1.74,-1.26,9.6,6.08,1.88,1.96,1.35
2023-04-30,-3.67,-4.93,-4.21,-1.72,-2.59,-3.86,-2.81,-3.87,-2.18,-1.01,-2.2,-1.93,-2.19,-0.54,0.97,-5.71,-1.7,-0.15,0.32,-1.35,-2.76,2.82,1.0,1.99,2.49
2023-05-31,1.45,1.51,-0.52,-1.73,-0.08,-2.03,0.44,-2.61,-0.35,3.37,-1.72,-4.41,-2.08,-2.69,-0.92,3.65,-1.94,-5.15,-3.48,-0.85,11.53,1.89,0.03,-0.07,3.07
2023-06-30,7.78,7.76,4.87,4.5,5.57,10.94,6.83,9.17,7.58,5.33,10.5,10.04,7.21,8.38,7.93,10.56,7.4,8.29,7.69,9.34,17.98,5.58,4.24,6.76,7.68
2023-07-31,10.46,6.8,3.76,5.32,0.49,10.42,6.46,8.61,4.14,4.14,11.62,7.65,3.16,3.61,4.99,11.99,6.16,4.65,2.61,1.66,3.25,4.56,4.04,3.57,2.33
2023-08-31,-11.71,-4.99,-4.43,-9.2,-6.19,-8.97,-6.0,-4.63,-3.4,-4.46,-5.31,-8.36,-4.24,-3.49,-3.2,-3.35,-2.71,-1.96,-2.91,-2.73,-8.99,-3.9,-1.25,-1.56,1.36
2023-09-30,-8.74,-6.25,-3.18,-7.81,-6.17,-8.91,-5.05,-3.9,-6.68,-7.35,-7.56,-5.54,-3.84,-5.11,-7.22,-6.05,-4.55,-5.07,-5.52,-6.14,-5.52,-2.91,-3.49,-4.81,-6.76
2023-10-31,-12.44,-2.77,-5.6,-6.47,-9.04,-8.19,-6.64,-6.43,-6.87,-6.2,-6.21,-6.25,-4.05,-6.14,-7.2,-9.77,-5.53,-4.27,-6.05,-7.19,-4.94,-3.39,-1.33,-0.88,-3.15
2023-11-30,9.67,8.33,6.09,9.15,9.32,10.05,8.54,8.25,9.32,12.43,8.37,7.55,11.8,9.03,12.68,10.45,7.13,8.06,10.28,11.93,8.52,6.25,6.85,9.24,12.16
2023-12-31,18.87,15.14,12.66,7.49,14.39,17.39,12.85,12.53,11.96,10.43,16.27,12.36,9.75,10.15,11.5,18.63,10.49,7.62,6.43,9.09,7.71,6.45,4.94,3.57,3.59
2024-01-31,-6.36,-4.18,-4.05,-0.8,-3.66,-7.0,-6.24,-5.6,-2.59,-1.67,-9.26,-2.6,-3.87,-4.05,-3.36,-5.09,-2.21,-1.23,-1.45,1.59,-3.58,-0.28,0.99,3.2,2.98
2024-02-29,8.66,2.72,5.02,4.55,4.21,4.27,2.31,3.4,6.26,10.47,-0.1,0.57,4.18,4.66,8.67,2.41,4.09,3.63,5.8,11.03,0.19,2.1,2.95,3.83,8.34
2024-03-31,1.17,4.33,0.56,3.3,4.11,1.44,4.06,2.74,3.36,2.0,4.03,4.36,2.81,3.49,3.82,3.31,5.04,4.29,4.52,4.69,5.38,3.23,4.18,1.64,3.78
2024-04-30,-10.4,-6.1,-8.25,-9.62,-10.3,-8.72,-6.67,-5.3,-6.44,-7.64,-5.84,-6.48,-8.13,-4.82,-6.26,-5.99,-4.69,-6.34,-5.76,-7.26,-3.29,-1.06,-2.96,-3.41,-5.5
2024-05-31,7.55,5.02,5.2,6.51,2.57,6.8,3.21,5.48,5.72,4.24,3.67,4.02,2.71,4.78,6.8,1.17,2.05,2.87,2.66,4.63,4.13,4.07,2.8,4.42,8.12
2024-06-30,-4.26,-3.2,-1.2,0.6,-6.11,-1.73,-0.57,0.02,-1.63,-3.48,-1.03,-1.78,-1.24,-0.61,-2.15,-0.52,-0.79,-2.4,0.54,-1.67,0.4,4.07,2.44,3.54,7.72
2024-07-31,10.86,13.98,13.17,13.11,14.07,10.08,10.55,12.51,11.57,9.0,2.76,7.66,8.23,11.29,8.97,5.66,6.93,6.64,5.29,3.93,7.52,4.0,4.16,0.19,-3.83
2024-08-31,-6.04,-1.86,-1.75,-1.05,-1.77,-6.13,-2.09,0.43,0.69,1.86,-2.95,-0.82,-0.86,-0.45,1.58,0.17,2.23,0.36,1.62,1.72,-1.79,1.42,2.85,3.97,1.92
2024-09-30,1.92,-1.39,0.21,0.24,-2.13,-0.63,0.46,-0.54,-0.03,0.11,3.71,0.75,1.67,1.03,2.38,1.52,2.24,2.09,1.66,3.77,7.73,0.43,1.99,2.23,2.06
2024-10-31,-0.6,-1.34,3.65,0.66,0.14,-2.14,-2.81,-0.34,-0.04,0.95,-2.84,-1.95,-0.92,-0.68,-1.66,-0.93,-0.46,-3.24,2.8,-0.44,-2.54,-1.77,-1.86,-0.88,2.08
2024-11-30,8.77,9.15,8.51,13.02,14.72,13.03,11.38,10.36,13.64,8.81,9.44,8.69,9.73,11.16,14.28,7.79,5.11,6.52,7.4,12.87,6.52,5.9,6.63,6.77,6.24
2024-12-31,-4.98,-4.73,-4.53,-4.88,-8.06,-5.57,-6.12,-7.99,-7.5,-9.07,-6.68,-7.09,-6.41,-8.98,-10.94,-3.07,-6.18,-5.76,-7.59,-8.19,-7.93,-2.65,-2.2,-1.78,-1.17
2025-01-31,1.51,0.1,0.25,0.49,-0.09,1.93,2.8,2.06,4.99,1.74,3.7,2.17,2.97,5.28,2.95,2.03,4.04,3.71,4.6,6.98,2.42,3.24,1.6,4.73,3.51
2025-02-28,-8.97,-5.3,-4.09,-3.29,-6.71,-9.24,-7.78,-3.35,-2.98,-6.39,-8.73,-5.07,-3.24,-2.52,-5.98,-3.29,-4.11,-1.79,-2.16,-6.14,0.86,-0.66,1.92,-2.95,-5.0
2025-03-31,-11.01,-7.7,-6.31,-5.7,-9.78,-8.88,-6.03,-7.18,-6.19,-11.4,-5.54,-4.71,-4.73,-5.05,-6.82,-5.24,-3.92,-4.53,-5.41,-9.01,-3.66,-2.65,-1.98,-7.24,-9.92
2025-04-30,-0.24,-3.99,-2.74,0.24,0.67,-5.45,-5.67,-3.25,-2.32,-1.1,-4.81,-5.96,-2.49,-1.51,0.25,-3.82,-2.97,-3.44,-0.93,1.02,-6.2,-3.5,-1.53,0.08,1.38
2025-05-31,6.0,5.43,5.78,2.78,6.99,2.66,5.87,4.1,2.37,11.39,5.21,7.79,6.43,3.74,5.42,5.36,4.05,4.5,5.55,5.29,2.33,5.71,6.22,9.75,5.37
2025-06-30,7.57,5.85,3.03,6.55,2.9,5.91,5.05,4.81,5.52,7.24,3.92,5.94,3.64,3.31,6.1,8.31,3.97,3.41,2.86,3.56,14.52,5.06,7.54,5.49,2.4
