Date,SMALL LoBM,ME1 BM2,ME1 BM3,ME1 BM4,SMALL HiBM,ME2 BM1,ME2 BM2,ME2 BM3,ME2 BM4,ME2 BM5,ME3 BM1,ME3 BM2,ME3 BM3,ME3 BM4,ME3 BM5,ME4 BM1,ME4 BM2,ME4 BM3,ME4 BM4,ME4 BM5,BIG LoBM,ME5 BM2,ME5 BM3,ME5 BM4,BIG HiBM
1927-01-31,1.0954,-8.1351,-4.8279,3.0498,2.021,3.0069,-4.2859,0.2067,-0.0538,11.0569,-0.6381,-0.222,-0.6424,2.3344,2.5976,2.3758,1.4755,-0.506,0.2308,7.3063,-0.7785,0.3287,-0.4351,0.553,4.2141
1927-02-28,2.8671,-0.4921,8.5077,5.2579,9.9279,1.509,10.2366,7.87,3.6064,7.5866,6.1528,5.5348,4.3743,6.5731,13.3006,5.2957,4.2687,2.347,6.7817,11.4692,3.4579,5.1109,3.4244,5.1397,6.273
1927-03-31,5.8224,-0.0729,-5.8768,-3.9185,-3.5776,-2.4636,-2.8409,-2.0166,-0.7001,-0.6648,-0.9633,-3.5707,-0.6786,-1.9556,-5.9027,-2.2014,0.1653,-1.3741,-1.3764,3.911,0.5893,2.0004,-0.1196,0.4786,-3.8448
1927-04-30,7.8273,4.7879,4.3995,3.3904,6.4234,-2.9653,-4.1613,-0.3033,-0.4134,4.5992,-0.8524,1.4032,-0.5039,2.0663,1.8717,-0.2725,1.8582,-1.1457,0.0691,5.753,2.6945,0.8937,-0.3006,-0.4252,-3.5345
1927-05-31,10.0337,7.2563,2.5786,14.6799,10.9636,7.3146,2.1944,5.4369,9.0003,13.453,3.0284,6.6717,6.1431,7.0944,12.8655,4.8347,6.1917,3.6611,7.1862,7.7198,5.6952,4.6865,5.5468,5.4253,4.7761
1927-06-30,-3.366,10.5898,-3.0587,-4.321,-5.2461,3.3013,2.2496,4.5775,-0.944,-6.4111,-0.7235,-3.6525,-0.8103,0.1059,1.7359,1.0368,-3.2438,-3.7451,-2.298,1.9886,-0.0566,-3.1629,-2.7629,-3.0662,-5.376
1927-07-31,24.4088,10.7355,4.6663,2.6884,5.4721,5.6662,6.9858,4.0999,7.0469,4.0386,2.7364,5.837,6.1353,2.7817,8.845,6.7533,7.6313,7.0783,7.5294,1.4323,11.3377,5.7991,6.6701,8.597,13.4463
1927-08-31,11.7732,1.7144,0.7827,-1.0902,0.4598,0.977,-2.4946,-1.7741,1.0052,5.1791,0.3859,2.0235,3.1137,-2.4152,-5.4265,4.8608,2.8607,1.0615,-2.63,-6.3109,5.6799,1.2221,0.4868,0.8693,3.9099
1927-09-30,-4.9477,-6.7692,0.5118,0.1151,0.7803,2.8017,7.8487,3.345,0.8709,-1.0304,3.4347,0.1226,1.9898,1.4024,9.2306,4.1893,3.1353,4.8659,4.2517,9.8708,5.9378,4.0847,5.5908,3.9949,5.5923
1927-10-31,-8.8937,-8.6898,-2.2256,-3.6986,-10.1607,2.3069,-1.0027,0.1247,-4.2447,-4.9171,-0.6615,-1.6228,0.3232,-4.0573,-10.0353,0.5153,-2.0353,-2.6713,-4.7123,-11.781,-5.0131,-2.2333,-4.1558,-6.455,-14.5456
1927-11-30,4.3842,11.4327,16.5278,10.1868,11.9645,14.2013,15.2073,8.1785,9.0574,9.0667,6.3799,8.6412,7.863,7.0512,9.8731,7.6701,8.5808,7.6631,7.7876,8.1009,6.875,6.5099,6.0045,7.0426,8.0776
1927-12-31,-3.9894,7.3888,3.8196,4.5378,6.9511,4.8119,3.7386,2.3815,3.0095,-0.3422,4.5741,4.6368,5.0609,3.4771,11.3298,0.0582,5.5717,4.3645,1.6743,-2.3196,2.8698,1.31,1.2708,2.4474,10.3769
1928-01-31,-8.2763,7.466,5.0289,1.7808,9.9833,1.2739,3.8999,0.3138,5.0185,2.2785,4.8654,2.8129,4.0929,2.2307,-5.8498,1.7774,1.0841,0.4667,2.2131,0.3207,-1.2715,-0.2543,-0.6323,-1.6469,-5.0648
1928-02-29,0.6463,-4.8226,5.7779,3.015,-4.8247,-5.7779,-2.0635,-2.5777,-2.1401,-5.6042,-2.5475,-1.9375,-2.8542,-2.5331,-6.0539,-4.7599,-1.3008,-2.5401,-3.0078,-8.5239,-0.1456,-0.6269,-0.4908,-2.1211,-1.3891
1928-03-31,40.0537,0.3278,2.1025,-2.7415,8.9593,4.7345,11.8262,6.871,7.6034,14.3913,6.2161,11.5116,10.0992,3.1272,10.3356,16.3865,9.0617,5.8283,7.769,7.908,15.8214,5.242,6.663,5.6627,16.7278
1928-04-30,-12.881,14.7798,17.1058,2.9666,15.5921,0.3554,23.695,3.698,4.9326,10.4198,7.9353,4.7382,7.364,4.5822,6.9519,5.2341,4.7964,2.3849,4.539,3.7146,1.4264,6.8062,6.6231,2.7776,3.3096
1928-05-31,17.7179,-3.0154,4.3668,14.07,5.9296,2.0846,2.7487,5.5439,6.1727,3.2916,2.7634,6.8538,1.2893,-1.3378,-3.1254,5.3999,-0.2297,1.1089,1.1633,2.1586,2.0855,2.131,-0.5468,1.2094,-3.8807
1928-06-30,-19.2709,-8.9595,-13.2422,-8.5749,-9.4591,-7.9698,-9.3158,-9.3793,-7.7645,-5.979,-6.412,-4.6583,-7.1768,-7.292,-7.0888,-7.1312,-5.5104,-3.4274,-5.7357,-5.8891,-3.104,-3.6349,-3.5185,-4.8694,-9.112
1928-07-31,-2.0217,3.5684,5.3844,1.2272,-0.3158,1.0913,-3.786,-1.1693,0.8002,-2.6183,-0.0413,-0.3134,-0.6747,0.3433,1.293,0.8128,-0.6047,1.3311,1.569,0.8679,1.586,0.236,0.1686,0.3016,0.7708
1928-08-31,7.5257,0.5454,4.1219,2.8015,3.5137,6.8055,3.8261,3.7556,3.2647,4.5088,6.4746,9.0327,8.4499,4.1817,8.1984,9.9165,8.1691,6.4621,7.7904,7.7461,8.7102,6.5941,5.2835,4.4407,4.9839
1928-09-30,3.7128,3.1613,1.9897,-0.2091,13.4699,3.1136,2.6532,5.7491,5.0118,13.4818,5.8082,4.738,5.4907,6.4423,3.0627,5.3989,6.4761,2.9627,3.0373,5.9184,2.7789,1.0264,2.2595,0.5869,6.9794
1928-10-31,-3.9425,-3.8778,4.3795,3.7425,6.4494,5.0072,3.0888,2.2822,1.3848,2.2084,3.9513,4.9578,2.62,0.2257,-2.5025,1.1071,-1.0247,-1.7483,4.733,-3.6579,1.4639,2.9037,1.3474,-0.3614,4.7456
1928-11-30,3.8603,30.2107,7.7078,16.7378,12.7121,6.694,7.8822,10.2999,13.4954,8.2554,9.6832,11.3619,18.7164,13.7625,15.6689,10.9223,11.8125,9.7613,7.7165,14.2763,11.5603,10.4534,16.0832,9.1276,17.8915
1928-12-31,-5.4316,-7.6129,-5.4498,-2.4302,-2.0332,-3.3339,-2.6891,-0.944,-4.0896,0.3737,3.1147,-0.0951,1.1249,1.206,0.5792,3.4404,3.7343,0.3514,1.7525,-3.3413,0.5873,1.1556,-1.0312,1.297,0.3726
1929-01-31,2.9249,8.2436,-3.8686,5.9936,5.192,4.0845,1.4254,1.4491,-0.2671,-0.5393,1.6877,4.7525,-4.7458,4.3288,2.4857,4.6239,4.8917,3.7165,1.5502,1.1437,6.5748,10.2571,2.3122,4.9802,0.0248
1929-02-28,0.9617,-7.9992,-2.8183,0.0022,-1.7637,-3.2488,1.8521,3.7686,0.6565,5.2965,1.3547,0.1969,0.5902,4.1228,0.2401,-1.4402,1.4217,2.3577,0.4267,1.9539,-0.7818,0.9801,0.4463,0.7347,3.4624
1929-03-31,-14.5269,-0.6032,-2.1337,-4.6768,-2.9964,-4.0739,-5.8814,-5.0893,-2.364,-4.164,-7.2089,-4.9265,-2.8055,-3.1814,-5.7807,-4.4902,-5.1526,1.3651,-1.2185,-1.1297,-0.1755,0.8493,3.5263,0.0438,0.7492
1929-04-30,-4.4228,-8.8404,-0.9604,7.4638,-1.6192,0.0187,0.7853,4.7932,-2.2915,6.1626,1.751,0.6826,3.7295,-0.2433,-0.2536,2.7159,0.2676,-0.4999,1.2809,4.5724,2.2448,2.8698,0.8815,0.8057,2.8579
1929-05-31,-21.8773,-6.4153,-17.6682,-15.6066,-13.0788,-11.2805,-11.7704,-8.2901,-13.3545,-13.8979,-6.6427,-10.5278,-8.5769,-9.3912,-9.2183,-7.171,-10.5102,-3.2514,-4.793,0.8989,-5.806,-5.9205,-3.095,-2.6705,-1.6713
1929-06-30,15.9956,4.0665,3.9194,7.3318,6.9371,3.673,7.3261,11.0917,4.252,6.7068,7.2505,10.898,10.7548,7.9539,8.5869,13.3921,10.7634,11.0748,9.1304,3.5945,11.9153,13.6849,7.9175,7.7938,4.7244
1929-07-31,1.1742,-5.2126,-1.8996,-8.9964,2.3089,-2.316,2.4317,-2.0221,0.3756,6.2303,1.1478,3.7007,0.856,0.3847,10.7093,2.4293,2.7453,1.972,2.441,4.4398,3.0181,6.5555,5.9969,8.4835,5.1453
1929-08-31,-4.1262,-4.7118,-8.9336,4.7021,-4.8611,-1.2892,-0.4058,0.7785,0.8424,-0.5221,1.0571,0.6644,5.6009,1.7702,-0.2876,4.9927,-0.1128,4.2345,5.379,7.7956,6.6194,12.9692,13.2823,13.4379,6.8384
1929-09-30,-10.3133,-1.9791,-9.7644,-5.9052,-9.7142,-7.5759,-2.0322,-4.7108,-5.7178,-2.0971,-8.8968,0.0146,-1.483,-4.072,-0.6225,0.8272,1.2245,-4.6493,-4.1104,-7.2368,-5.9327,-3.75,-4.0234,-7.2099,-6.872
1929-10-31,-26.3743,-23.6799,-17.9997,-23.7402,-19.6194,-19.7024,-19.1757,-23.876,-17.3908,-19.2431,-27.0998,-21.3748,-12.5222,-16.4013,-20.7672,-31.4036,-23.7457,-16.4924,-13.4418,-17.0656,-23.958,-21.3645,-13.1763,-10.6114,-7.4875
1929-11-30,-1.3562,-18.3961,-4.8762,-15.8612,-11.9401,-19.3908,-14.8812,-8.4293,-8.5944,-13.2392,-13.715,-12.9251,-7.7971,-7.4828,-10.3006,-14.7241,-13.368,-7.8161,-8.7895,-11.3982,-13.208,-15.8353,-10.09,-9.6503,-6.3362
1929-12-31,-0.4171,-15.6075,-10.7756,-8.0243,-3.4177,-4.8964,-6.1556,-7.798,0.5151,-2.2674,-0.9029,-0.9142,1.9947,-1.9636,5.3172,3.1174,-6.0358,-2.5305,0.5811,10.9565,3.7245,3.5575,0.455,0.6355,0.8745
1930-01-31,-2.6766,9.0038,21.8183,11.802,11.0291,7.8737,12.1248,9.5002,4.6441,14.5389,8.7998,11.2873,4.0865,6.3549,4.1285,7.4774,8.4258,5.6022,3.4815,3.9516,6.9396,7.6149,0.6753,4.9955,-0.4104
1930-02-28,16.9722,14.4117,-1.8758,-1.4176,2.7575,-1.9116,2.3225,4.1616,1.6175,5.6336,1.6698,3.3231,2.8828,2.6608,2.8421,0.4977,7.8405,-1.2983,0.2763,0.9861,3.1844,4.561,1.1643,1.4892,4.974
1930-03-31,22.8186,-0.721,8.9827,16.6854,12.0504,6.2626,4.6931,14.0651,8.248,5.3696,9.8448,8.923,6.3234,9.6128,14.1619,6.6888,5.4523,7.1468,12.1871,10.9417,6.6642,6.1562,11.5196,4.4962,2.1451
1930-04-30,-6.9729,-5.8901,-5.1454,-7.739,-5.4133,-8.8214,-4.8629,-3.1383,-3.7915,-5.1834,-3.0843,-4.6108,-5.0217,-3.2204,-2.4801,-2.7373,-5.0588,-5.2782,-5.1292,-4.4592,-0.8153,-3.3383,0.0229,-6.1919,-7.3589
1930-05-31,-2.4084,-13.1099,1.7043,-5.1405,-6.1347,-5.8345,-1.4959,-5.2688,-4.3118,-2.7294,-3.2163,-0.8849,-4.146,-3.0559,0.3853,-3.4829,-4.0539,-3.4873,-0.13,-4.8212,0.8782,0.0728,-2.0379,-1.512,-0.8006
1930-06-30,-13.4474,-20.157,-18.4027,-15.2508,-21.1726,-23.7982,-18.4338,-17.411,-17.4979,-18.7951,-12.9371,-18.6569,-13.0577,-13.5781,-18.1799,-21.9011,-18.0824,-15.8507,-14.2265,-18.565,-17.4912,-16.8085,-13.4094,-9.5512,-9.7101
1930-07-31,2.6405,3.9919,12.9011,3.2517,1.2264,7.8419,6.3357,4.9775,2.8807,0.8178,6.268,5.7382,3.1382,4.8157,2.8599,5.7348,4.5565,4.0677,2.302,-0.4418,5.1598,3.8733,3.4092,2.378,10.4629
1930-08-31,-9.3289,-8.5397,-3.2925,-6.3293,-2.8689,-3.814,0.3943,-0.8874,-2.6634,-0.9431,-2.6558,-1.3079,-1.8147,-1.2087,-1.0955,1.4152,-0.5799,-1.4964,-2.5728,4.9078,1.3808,-0.4436,0.4442,-1.5445,-24.0437
1930-09-30,-30.8036,-33.7274,-29.979,-19.3383,-20.0107,-14.5236,-14.4284,-14.4732,-15.7131,-20.5654,-12.8024,-14.6976,-12.0934,-15.5805,-21.7124,-12.9759,-14.5609,-13.1446,-12.4766,-22.1913,-13.0241,-11.7232,-9.41,-14.71,-28.0575
1930-10-31,-31.8634,-9.4101,-6.8098,-14.7578,-9.2795,-7.5198,-11.4959,-10.4209,-9.8536,-7.348,-13.846,-8.92,-5.9437,-11.449,-18.7547,-11.5222,-9.3061,-8.2121,-11.074,-12.5794,-9.8632,-6.9303,-6.8776,-8.8018,-20.0
1930-11-30,19.7776,-15.4882,-4.4971,-2.3014,-3.4216,-5.4428,2.3189,-3.9009,-2.3523,-4.3807,-0.9739,-0.4973,-2.4571,2.0966,-5.4576,-0.7649,0.574,-2.2147,-5.3994,2.0773,-2.3973,-1.4632,-4.9575,-7.3197,-12.5
1930-12-31,-18.3651,-25.1567,-24.3864,-13.5696,-17.3075,-14.1276,-11.7279,-12.8476,-16.8043,-18.6093,-5.4561,-9.0864,-7.653,-11.6194,-19.11,-7.9492,-8.9371,-11.7235,-11.8143,-16.3862,-5.4468,-8.2007,-7.3178,-10.8763,-30.0
1931-01-31,-26.5566,22.1097,15.7747,16.8528,19.3083,13.2407,11.2375,13.2522,14.8843,15.9307,10.9678,8.7517,9.5193,8.9544,21.0717,7.6441,6.7711,5.1209,10.6268,11.8036,4.3651,4.6803,7.6781,17.1219,34.6938
1931-02-28,21.4578,20.6778,48.6609,24.0135,23.2662,9.7237,11.0438,10.3389,11.5621,15.52,15.3064,14.5441,12.7907,9.9332,12.5978,13.12,11.6887,8.4288,6.8824,17.0764,13.9631,9.1415,5.038,7.1,42.4242
1931-03-31,-7.7441,0.752,-1.78,-4.8963,-8.5804,-1.5545,-8.4858,4.3094,-5.6666,1.2711,-1.3051,-7.4091,-4.0222,-5.3846,-12.6797,-6.86,-6.5008,-8.5758,-10.4492,-0.3328,-3.8087,-8.4205,-9.6717,-11.0897,-19.6808
1931-04-30,-15.2608,-25.6784,-21.6919,-14.5998,-16.4347,-16.6607,-17.4123,-11.858,-14.6293,-21.0112,-11.3644,-13.9537,-13.0329,-17.8359,-17.6792,-13.5885,-10.7979,-15.7011,-14.0477,-4.2043,-8.9463,-8.2,-10.7437,-10.7183,-23.841
1931-05-31,-8.4408,1.2585,-17.6386,-11.6451,-15.4409,-7.7029,-8.2117,-5.7689,-11.1259,-11.9866,-16.6876,-12.9578,-9.4384,-13.0784,-16.5278,-10.8396,-12.2572,-16.4486,-25.5837,-25.9812,-11.6598,-11.3512,-17.8715,-18.0597,-22.6086
1931-06-30,19.834,6.8787,14.0651,15.2671,17.5951,9.8903,8.3778,2.0694,12.3648,21.1092,13.8684,11.3995,7.7627,18.6549,32.7998,14.9559,15.0213,19.0548,33.1058,25.4751,12.8073,14.0287,15.3728,22.2094,40.4494
1931-07-31,-6.3445,-11.4002,-9.6938,-7.0331,-5.3212,-5.267,-5.2616,-7.5668,-6.1315,-7.3422,-6.4813,-7.6121,-9.9416,-8.4691,-12.8309,-5.3303,-4.9131,-8.2849,-9.077,-13.5492,-5.3381,-6.9531,-11.3182,-12.8161,0.0
1931-08-31,-13.2199,-0.2851,-5.0247,-5.213,-5.0501,4.7198,-0.5345,3.1214,-1.5241,-4.7861,1.0671,-0.7132,-1.3037,-3.2907,-4.6481,-1.0405,-1.9302,1.7397,3.7982,6.6548,0.5716,1.8447,-1.3046,-3.2547,8.4337
1931-09-30,-49.4729,-30.7146,-28.4076,-34.9782,-32.3373,-26.8659,-28.9426,-35.196,-31.4326,-37.9539,-27.4764,-32.7129,-31.509,-35.0475,-34.0268,-29.7962,-25.2319,-30.7526,-33.8622,-41.4556,-28.4528,-25.2044,-32.1838,-33.4277,-45.5555
1931-10-31,12.6792,-3.0004,0.5496,11.4644,7.0921,7.0717,4.0997,8.818,8.5119,14.4195,-0.9381,15.9577,11.057,11.6956,6.66,7.8956,6.2562,13.113,11.1792,13.1309,9.3777,7.0291,1.3418,3.9465,20.4081
1931-11-30,-23.9803,-21.2925,-9.5796,-10.3972,-11.6119,-12.8175,-7.0964,-7.842,-5.0246,-11.0029,-1.7784,-9.5351,-5.1554,-11.0221,-10.6534,-5.9431,-3.8149,-11.5206,-15.8993,-11.4838,-5.8822,-11.1868,-20.0411,-21.6372,-6.7796
1931-12-31,-25.3044,-3.7171,-19.4245,-27.1775,-25.0083,-8.9486,-12.8012,-14.4233,-21.481,-24.0914,-14.4504,-18.2054,-17.5802,-14.9249,-15.7171,-10.9834,-14.2392,-11.628,-19.027,-25.7754,-10.5996,-16.6594,-21.7943,-23.053,-30.909
1932-01-31,5.5527,-6.0722,8.3063,14.1746,7.5376,-0.2843,-1.0825,5.4796,17.797,18.3229,-1.5632,3.2629,2.7489,-1.706,5.5139,-3.4216,-0.5132,-0.6075,4.8289,1.9409,-3.7002,-1.3425,2.5113,10.919,7.8947
1932-02-29,-12.7895,-0.0153,5.8809,-1.9977,4.2459,-4.4521,2.9972,-2.338,-3.1375,-1.1256,-0.9171,3.2183,2.3819,0.2284,-1.4858,3.3567,5.2981,-1.5117,0.3144,3.76,7.2666,5.5879,3.3369,-3.3169,14.6341
1932-03-31,-23.0215,-5.6045,-3.2484,-11.5348,-11.5906,-5.9005,-14.2788,-11.4642,-4.1811,-13.3107,-7.4966,-11.8346,-11.5882,-13.4254,-11.6459,-10.6325,-10.1896,-12.3105,-12.1285,-10.1478,-11.066,-10.5581,-13.8547,-23.298,2.1276
1932-04-30,-40.762,-16.8292,-26.8746,-17.9559,-20.4167,-20.0301,-8.6236,-14.5173,-18.7355,-14.3492,-18.2197,-9.3448,-15.4337,-16.4057,-19.1792,-15.4699,-15.5936,-19.1358,-14.5879,-9.6255,-18.1953,-20.7651,-18.15,-22.1641,-22.9166
1932-05-31,-12.864,-35.2371,-5.8921,-4.3113,-9.7153,-11.9877,-18.5892,-22.0395,-18.971,-21.7071,-26.3211,-24.713,-26.7056,-24.0855,-27.1979,-19.7338,-20.1827,-20.2453,-18.9666,-27.9405,-20.513,-17.1267,-31.172,-36.7136,-10.8108
1932-06-30,35.7938,-16.9947,5.3017,-6.324,-0.798,-8.6009,-5.0062,-5.4346,12.4075,8.5754,6.8534,7.1774,7.2506,5.2153,-0.1517,1.8343,3.2763,-1.9315,9.3432,0.4791,-3.2168,-0.3613,5.0053,9.0102,21.2121
1932-07-31,147.8401,14.3231,41.7269,38.2866,54.0512,37.5774,27.6658,41.5667,54.4173,69.5152,27.6134,30.3967,39.6769,53.7116,68.8203,30.8899,33.7841,36.0064,68.9267,80.0358,26.5879,37.2518,50.2782,52.5902,98.0392
1932-08-31,49.3739,94.6241,82.8824,83.8393,99.5173,34.3848,67.0166,56.4573,64.7279,89.9723,54.6426,39.8383,46.8715,69.9311,71.3004,29.2599,45.6137,64.2951,63.5623,86.6039,30.9847,35.234,47.4756,52.9168,65.3465
1932-09-30,-27.119,-11.0602,-16.3192,-4.5548,-17.2165,-0.7084,-6.3691,-5.4913,-9.764,-12.5966,-5.2031,-7.8037,-2.8455,-11.5335,-9.2885,0.6432,-5.1214,-7.7159,-6.8902,-8.9044,0.5204,-6.49,-8.4945,-3.099,15.5688
1932-10-31,-9.1645,-13.1779,-26.4345,-20.361,-19.669,-12.4438,-21.9807,-17.3273,-25.0178,-23.264,-14.8172,-15.8842,-21.2869,-23.4619,-25.7489,-11.1205,-18.0684,-18.9983,-20.3513,-25.6916,-11.3352,-9.7963,-15.3351,-19.8956,-30.0518
1932-11-30,-26.5599,-13.2958,-8.2867,-10.9135,-12.1659,-3.9727,-7.5772,-8.4977,-7.8002,-16.6167,-3.9519,0.1265,-8.5869,-10.9617,-15.5084,2.4446,-5.2823,-9.3461,-15.3016,-19.9829,-3.3006,-1.7949,-10.3905,-8.8806,-31.1111
1932-12-31,7.0206,-11.8895,-2.5648,-12.9037,-11.2882,-18.8256,-16.2821,-2.7538,-10.8863,-7.5907,-2.0736,1.8454,1.1431,-6.6332,-4.9894,3.9882,-0.1411,1.8894,2.0321,-9.9337,7.2401,7.2274,1.593,-7.8298,15.0537
1933-01-31,57.2754,-0.9456,1.5203,-7.1322,3.5518,7.544,6.0149,3.5922,4.8019,7.6263,1.5256,7.5514,1.9285,4.2384,12.8206,2.3869,3.6694,4.2317,4.2352,16.5314,-0.3194,-0.445,4.746,4.15,14.9532
1933-02-28,-44.6775,-18.8319,-17.9897,-14.7703,-15.7558,-26.774,-26.8315,-20.5994,-20.8395,-21.0749,-16.5486,-18.0882,-17.8574,-19.3388,-19.8147,-13.4068,-16.34,-13.5734,-12.4653,-22.9726,-14.7378,-17.2619,-15.3216,-18.4676,-24.3902
1933-03-31,-16.516,7.1789,-4.8469,5.9564,18.421,14.2511,10.6773,3.2117,12.1802,20.3516,-0.0281,9.3412,5.7158,16.3357,6.6347,10.371,12.6111,14.7957,9.4065,7.991,-0.152,5.2996,6.4809,9.318,7.5268
1933-04-30,7.0262,50.5315,78.5247,48.4432,50.7006,28.2345,45.9693,62.4373,64.52,53.2493,47.3477,41.0813,61.247,59.3832,56.3988,35.4697,56.969,50.0832,45.3539,74.4518,32.4293,39.398,46.9863,62.4421,52.0
1933-05-31,73.2095,126.0468,68.5279,104.8597,94.1835,76.4962,78.1388,75.5124,80.107,57.1492,56.9621,40.7126,42.1526,60.3852,48.9916,22.6543,30.9384,36.279,40.0547,62.8422,17.2849,14.4158,21.2497,32.3678,25.0
1933-06-30,73.2388,60.3142,42.6852,25.8837,24.6393,23.5273,15.3904,22.2313,20.5226,18.9797,29.0607,13.4839,15.1996,14.8988,38.873,12.493,11.654,14.8608,17.7536,14.8336,11.17,13.2195,14.8233,20.3924,4.7368
1933-07-31,-3.2258,-13.7308,-8.1092,-2.9878,-5.4094,-9.7689,-15.2893,-9.6437,-11.6556,1.2016,-9.4413,-14.5358,-13.7127,-16.7059,-18.0048,-10.2016,-9.8695,-14.4785,-11.7376,-6.5446,-8.4328,-11.503,-12.1276,-10.1513,-7.5876
1933-08-31,0.0,9.6011,4.7988,6.6748,1.7697,6.1014,8.7169,10.0746,7.7909,6.4515,12.5601,20.4237,14.5541,12.6686,16.4394,14.8172,17.0477,14.0045,17.47,21.3286,8.8302,16.436,15.7636,13.7013,23.655
1933-09-30,-16.6666,-13.0863,-19.889,-17.2691,-16.7163,-3.1248,-12.408,-17.1963,-13.1489,-26.1685,-13.5819,-9.4118,-13.7739,-15.4658,-25.7289,-6.4976,-11.4527,-17.6547,-9.9298,-22.0871,-9.9608,-7.1138,-11.5554,-17.3735,-27.2595
1933-10-31,-12.0,-15.556,-6.0882,-10.1811,-16.4023,-12.3773,-7.8651,-13.515,-13.1221,-8.9748,-7.1825,-9.5015,-12.7306,-15.052,-14.6648,-6.8819,-7.9161,-10.0113,-14.5924,-19.1997,-6.8367,-4.6917,-10.7908,-17.429,-19.1523
1933-11-30,0.0,3.1602,-1.453,12.6137,7.7635,2.7984,7.0199,3.9664,7.6369,-0.1905,6.9365,5.0158,7.9329,5.2123,10.0793,5.4476,11.6318,7.0677,9.1372,10.9693,10.1097,10.071,14.2423,15.3304,9.1553
1933-12-31,-36.3636,-2.9947,-7.0272,-1.7814,2.6627,11.4327,8.5587,7.5061,-2.1142,-3.6739,-0.684,5.9438,7.0181,2.7876,5.3274,0.2705,2.465,7.1483,-1.2237,7.6461,1.8769,1.8581,0.635,5.4488,7.9203
1934-01-31,100.0,44.9905,43.0444,41.932,41.6174,24.6542,22.0663,31.826,31.9632,54.1782,45.6973,20.6344,25.6601,25.2987,32.2779,11.9278,15.015,24.6582,20.3428,28.8641,9.7584,9.4727,16.0663,17.204,37.913
1934-02-28,-14.2857,12.0774,3.8285,9.7796,6.1424,2.5097,0.5598,3.0523,-1.2104,9.3432,0.2824,1.9802,4.373,3.5813,0.3843,-3.3762,-1.5869,-2.7066,0.8041,0.4373,-2.4286,-2.5431,-4.5321,-5.5368,-5.3838
1934-03-31,8.3333,-0.8892,1.7647,3.9274,-2.1761,2.4156,1.6825,0.9836,1.2156,3.0666,6.1342,3.3498,1.2128,-1.2754,-4.4692,1.853,1.2654,0.6727,-0.8099,0.1177,-0.048,0.0526,-1.3287,-0.8675,0.5379
1934-04-30,0.0,2.4036,5.6626,5.5709,0.2466,7.574,2.9418,-3.5275,1.0807,-7.0055,-3.5273,-0.144,-2.7159,-0.8467,-3.1955,-0.5214,0.4568,-0.6758,-5.6921,-6.6942,-2.0365,-1.1653,-2.0178,-5.7526,-5.76
1934-05-31,-11.5384,-9.1744,-13.0676,-13.0519,-16.3854,-9.0772,-8.6789,-10.8667,-12.3285,-6.3262,-7.0368,-9.3899,-10.293,-8.527,-14.5021,-5.9702,-7.0101,-11.6429,-8.4325,-15.1981,-6.4148,-6.9357,-6.3842,-13.3485,-18.7982
1934-06-30,-21.7391,-3.143,2.6837,-0.8867,0.3452,3.9591,2.0899,-2.3863,-0.6749,-11.0248,3.2325,3.8027,0.2262,2.0839,0.0176,4.0232,3.2306,2.288,6.0136,-0.8835,2.1907,2.9108,3.046,3.207,4.8716
1934-07-31,-20.3722,-30.1093,-26.1186,-23.9489,-24.5376,-20.152,-17.0149,-23.6391,-26.588,-23.8974,-16.5513,-16.6888,-16.6102,-20.0497,-24.2527,-12.3563,-10.0991,-14.0442,-19.3282,-34.9981,-7.0686,-8.2398,-14.6307,-18.3053,-30.8429
1934-08-31,15.123,18.6338,6.0136,12.1777,13.7409,14.7216,7.3227,9.5339,13.5476,10.643,7.8688,9.2649,8.5292,12.5352,8.8727,6.0568,6.6354,5.06,10.5493,11.0094,5.5854,5.2073,4.7096,2.377,8.5383
1934-09-30,-1.8044,-10.0535,-4.8454,-0.16,-2.685,-1.9481,-0.2922,-2.6806,-1.7671,-4.3732,-2.0777,1.6596,-0.2531,-2.5429,-0.7029,-1.1182,0.5352,-0.7492,-1.0916,2.069,0.0824,-0.2529,-0.6569,-1.1605,2.3731
1934-10-31,2.8463,0.1706,-4.2055,-8.446,-1.4933,-6.0012,1.3719,-1.4583,-1.3555,-4.9708,1.2928,-0.4064,1.2598,-4.2358,-6.7204,0.1743,0.5696,1.7915,-10.164,-10.0785,0.6213,-1.8346,-5.695,-6.1477,-7.2439
1934-11-30,7.2058,12.379,28.6762,17.1554,15.981,24.9802,20.6614,18.9684,13.7438,3.8809,13.8529,12.723,13.1249,17.7377,5.214,13.4963,12.8691,12.2394,12.0713,6.7108,10.4632,4.4669,6.1575,11.7915,3.6747
1934-12-31,6.1476,-3.1815,0.7192,0.7981,-2.45,5.3581,2.4577,3.0417,3.6458,0.5663,3.7532,2.9971,3.7892,4.1834,-2.9969,3.0403,3.9459,3.9094,1.6698,-5.5192,0.7986,0.1981,-1.2763,-0.2728,-4.2897
1935-01-31,-3.9713,-10.8182,-9.9907,2.8107,-4.8193,-8.9719,-0.8315,-3.1326,-3.8543,-3.2031,-4.4903,-4.6336,-2.7785,-1.5874,-0.9967,-4.3474,-2.639,-3.4701,-5.8918,-14.5338,-1.9572,-3.8559,-2.5289,-8.663,-14.0339
1935-02-28,-15.2535,-14.3711,-7.4853,-7.8639,-11.6327,-1.7326,-4.4273,-4.9325,-3.9395,-11.3575,0.1143,-3.6105,0.5871,-6.8556,-13.3563,0.2896,0.9236,0.2552,-10.2534,-21.8869,0.2319,-1.8544,-4.2419,-9.2257,-13.7847
1935-03-31,-5.4647,-14.6058,-10.5629,-16.8184,-8.6908,-11.1053,-7.4963,-7.8515,-7.1877,-14.0889,-1.5193,-8.6404,-4.7959,-10.3279,-11.7378,-4.0166,-5.7327,-6.0624,-5.904,-10.4601,-3.6975,-1.925,-1.227,-8.8943,-7.1089
1935-04-30,37.0072,0.7345,10.2864,12.2328,12.2042,9.6309,10.9289,12.4322,6.0014,11.5809,4.6313,11.4543,6.2166,11.5241,10.8219,5.867,7.4853,5.7031,7.9842,11.4652,7.2717,10.7049,10.9383,13.7142,15.1017
1935-05-31,-18.3238,-2.294,7.747,1.488,1.022,-0.7795,0.0309,5.6391,4.8433,0.604,3.9746,-1.3536,1.1973,-2.2698,3.8944,0.1579,1.4871,-0.4359,4.936,2.0698,2.7111,5.4459,4.9073,2.5007,7.3971
1935-06-30,1.6083,-1.044,-2.3989,4.8273,0.9059,6.6387,8.0796,6.9143,4.0413,-2.5525,4.5638,10.893,7.1501,3.7822,5.0845,5.4044,8.6198,6.4217,3.5808,1.8524,6.7076,5.5324,4.4667,7.6356,17.133
1935-07-31,10.225,21.4926,22.8512,15.5349,11.7307,12.0978,15.1036,15.5884,13.8066,15.9241,6.7989,7.2236,12.2919,8.0832,13.4033,7.0586,10.4016,6.4061,6.1646,18.6275,7.3126,6.1698,5.0105,12.7286,10.7091
1935-08-31,6.8846,-0.2775,16.2444,14.1726,19.8916,8.631,6.1459,4.5461,11.2007,13.1679,0.239,1.3683,5.8043,5.9715,14.8785,0.7569,0.3147,3.4344,3.5486,5.7013,2.743,0.9842,2.0053,3.6184,5.3069
1935-09-30,-9.1331,19.8741,1.5672,8.1213,-5.5026,10.6086,5.1093,2.9866,2.9929,1.5572,1.0199,7.4594,5.5841,6.3383,-7.0694,3.1618,2.5964,1.8211,2.9382,-0.1847,5.4295,-0.956,1.4988,0.4651,0.6884
1935-10-31,11.8246,-1.9136,10.688,13.3695,4.5247,9.2727,13.5305,9.3565,9.2106,8.1213,8.8822,9.3516,10.0328,10.1331,7.8136,6.6878,7.1084,5.0573,12.0762,6.67,6.4577,8.5761,7.0777,7.8804,6.2252
1935-11-30,34.6433,7.2245,34.517,19.9069,44.1349,5.9585,6.0592,8.9452,12.7498,25.4268,13.5142,8.9403,7.5769,6.6705,14.2082,4.111,3.4348,5.8301,8.4523,13.045,2.5737,5.4155,5.6458,6.4361,19.9586
1935-12-31,9.3129,-1.2476,0.6269,4.6822,0.7393,8.7505,9.236,16.0818,5.6708,0.5784,4.4415,5.9578,9.3248,9.9734,11.6463,8.6295,2.3798,9.297,13.5079,7.1148,2.4067,4.5886,5.76,5.8157,8.582
1936-01-31,24.7376,36.2743,13.6009,19.294,35.6084,16.5357,12.713,8.0142,13.8702,29.1948,4.1156,9.5257,9.237,11.3,11.6422,4.1816,6.7836,8.7404,9.8779,7.6354,3.2751,5.9314,8.4904,13.6839,18.4138
1936-02-29,11.756,-4.923,16.411,10.315,7.0872,1.7916,6.4101,6.0568,7.0693,4.0174,0.1477,2.4858,5.1682,7.908,3.5904,2.8528,3.6345,6.0379,3.558,10.2904,1.9181,1.0356,3.9649,3.328,2.9828
1936-03-31,9.5233,-2.0397,4.2536,3.4276,-0.0454,-0.4437,0.9454,4.1667,-1.1807,0.645,7.1258,3.5015,3.4962,3.9645,-0.6171,-1.848,0.2665,1.9889,2.6001,-4.5656,3.5353,1.3236,-2.2369,2.0742,-3.3726
1936-04-30,-28.4614,-25.441,-13.071,-13.9016,-22.3004,-19.395,-13.9539,-16.3972,-15.1578,-19.1817,-9.586,-10.1223,-12.4372,-12.5127,-9.4612,-8.4329,-9.0504,-11.8012,-10.3302,-14.4093,-6.8271,-8.1641,-6.917,-10.6713,-8.5598
1936-05-31,1.9807,-2.7593,3.1939,8.3325,6.461,5.076,4.973,6.6827,5.6635,6.6995,2.7908,4.7403,6.7199,4.0135,11.7177,5.1879,1.51,3.5194,5.294,7.8424,5.4555,4.9588,4.822,6.0936,6.8514
1936-06-30,-0.2876,2.3125,-2.1201,-2.3464,-1.6636,-2.2085,1.2689,-4.0902,-2.4533,-0.1168,-1.3944,0.7772,1.1605,3.4848,-2.7639,0.8523,-0.854,-0.0996,1.6146,-1.7938,4.1335,1.8831,2.7118,1.9759,2.1522
1936-07-31,-0.5767,-1.9997,14.8857,9.0084,8.1677,10.734,14.3229,9.5039,6.6973,3.5765,7.6682,9.6964,7.5783,8.0075,15.2312,8.1516,3.4557,7.9083,11.1559,13.7509,5.9388,6.1448,5.5417,10.9042,9.7827
1936-08-31,-3.5566,-4.1484,5.9365,4.0506,1.8897,-1.2681,3.5706,2.1037,3.3105,4.5579,1.341,0.8918,4.3639,2.9727,6.6021,0.8208,1.3349,3.8221,3.1854,5.3355,-0.003,1.0756,0.4141,2.9491,3.7326
1936-09-30,-1.1114,8.8068,2.1445,6.9191,5.7802,4.3541,3.1442,2.5849,5.4609,2.4062,3.4695,0.8207,3.6591,6.0046,1.364,1.6033,3.4966,2.8307,0.963,2.34,0.5189,0.8495,0.7522,1.3808,-0.5962
1936-10-31,13.502,7.9182,5.9284,9.3403,8.0162,1.6249,5.709,9.5203,8.0449,7.2078,4.4732,2.1486,8.4026,6.1925,6.0732,3.2685,4.8571,8.9514,15.6652,3.5459,6.8803,4.823,9.6577,10.4852,5.3526
1936-11-30,9.8463,19.1822,9.3001,13.4337,12.6113,13.0809,9.7704,8.6249,11.9199,12.3101,8.8129,8.675,8.9258,11.0656,8.0733,4.8458,2.8291,8.7608,7.9664,4.2352,3.0693,3.3482,2.3225,0.3288,-3.4023
1936-12-31,-3.8593,1.0881,4.241,-0.9717,3.596,2.8371,2.625,0.95,7.2151,9.229,1.6338,2.6287,3.9058,1.7932,6.0198,0.7855,1.9354,1.5017,3.8767,2.2752,-2.4393,-0.6815,1.7056,4.804,-0.2582
1937-01-31,14.962,4.3301,20.623,9.9321,11.3146,11.2591,7.2973,4.8548,7.6297,9.3662,5.5287,3.9368,7.6297,9.0234,6.8645,4.2897,5.3215,3.9201,2.8348,9.6572,3.7202,3.0552,-0.2778,3.1379,11.0569
1937-02-28,-10.4532,25.6433,-9.1184,9.2291,10.3283,-2.2165,3.2645,0.987,0.6468,3.9484,3.3533,2.2929,0.7659,1.5358,7.1826,1.4985,2.052,2.2365,2.1118,10.6234,-0.4051,0.0092,0.7625,2.6022,9.9671
1937-03-31,-9.9226,-16.8656,6.7667,-0.9632,4.0977,-2.7158,-3.2098,-0.1446,2.5448,6.4379,-2.7148,-1.4567,0.85,-2.0871,5.5724,-2.4672,0.7244,1.3941,-0.3977,12.5104,-1.9858,-2.1959,0.2047,3.372,7.4548
1937-04-30,-19.5676,-20.1977,-18.4175,-13.2557,-18.0108,-9.2103,-10.8865,-11.5109,-14.9985,-13.9659,-8.0222,-9.2611,-6.693,-8.5404,-9.7174,-6.6379,-8.307,-9.8682,-14.0659,-11.4533,-6.9711,-4.9233,-6.239,-7.4444,-10.1009
1937-05-31,-5.4126,-13.8195,-1.999,-0.5683,-3.7867,-0.6747,-0.7803,-2.9294,-2.7952,-7.7319,-1.0027,-2.1395,-3.2192,-0.4866,-3.1071,-0.6037,-1.1874,-2.5242,-2.6905,-1.5131,0.671,-2.476,0.3843,-2.6739,-2.7566
1937-06-30,-12.3896,-6.5963,-15.385,-9.7305,-13.8843,-9.7548,-7.5686,-5.3843,-7.7758,-15.0458,-5.8738,-6.7361,-5.7578,-7.3439,-8.5314,-3.801,-6.0999,-5.1475,-6.509,-11.0859,-4.4649,-1.816,-2.1979,-4.4909,-7.708
1937-07-31,13.7978,11.6344,13.5343,11.6375,11.0993,12.0455,11.7975,9.0243,9.3869,9.3107,8.7973,11.9029,6.6694,7.4964,10.148,7.5642,9.0949,7.3726,10.1653,8.0451,8.6965,10.7638,6.9926,10.6777,11.1866
1937-08-31,-4.8165,-9.3756,-10.2611,-5.126,-6.4604,-7.6675,-5.4965,-3.6732,-5.5913,-3.413,-3.1503,-5.7165,-5.2758,-3.6789,-7.0549,-4.2056,-3.4588,-3.9307,-5.6736,-7.8427,-3.0279,-6.7028,-5.0774,-6.0733,-8.1095
1937-09-30,-22.7981,-28.9738,-22.6758,-22.0781,-23.2469,-24.0349,-20.7363,-20.9908,-21.0118,-24.065,-20.795,-20.0386,-19.971,-17.2773,-25.4757,-17.3747,-17.4224,-14.9868,-19.3498,-22.2667,-11.3048,-14.9407,-9.3971,-15.7536,-20.2338
1937-10-31,-7.5181,-8.4667,-9.6937,-8.4934,-8.0172,-10.8655,-10.0966,-8.1213,-12.0517,-12.8593,-12.6252,-9.7541,-11.7802,-8.5398,-12.1799,-6.8481,-10.4383,-8.8779,-9.6407,-12.1063,-10.3541,-9.0596,-6.6046,-10.0012,-17.6606
1937-11-30,-1.5011,-12.4625,-14.5538,-13.4743,-16.4833,-10.9143,-13.5239,-12.0366,-10.5869,-10.1101,-9.8496,-12.5113,-7.6582,-9.4858,-11.0593,-7.9926,-9.6308,-11.3518,-13.0907,-8.7582,-8.8722,-8.7526,-7.1295,-5.7366,-8.6893
1937-12-31,-19.0501,-20.1642,-20.0694,-11.2761,-12.6548,-14.4226,-14.7666,-11.1234,-10.5045,-15.5631,-12.3737,-12.8511,-10.6587,-7.4765,-16.1912,-0.4347,-6.661,-10.0486,-10.3404,-11.8348,-3.7339,-4.186,-1.3647,-5.4092,-4.9867
1938-01-31,8.6565,6.6294,14.4855,6.0578,5.4248,4.1596,7.3497,2.369,5.4752,5.4819,2.906,7.421,6.221,4.5597,0.3633,2.4235,0.97,4.9957,3.8984,-0.3843,1.5059,0.0186,-1.3979,-0.1406,-2.1416
1938-02-28,4.097,2.112,3.2049,4.3679,0.0174,11.7148,7.2493,5.6015,4.7086,7.2753,8.4768,6.3936,6.5341,3.998,7.1881,4.4483,7.3075,6.2392,5.2573,4.8595,6.15,7.54,4.4234,6.5802,6.0846
1938-03-31,-25.4107,-33.1334,-33.5205,-33.4567,-31.5562,-30.8211,-32.177,-26.6225,-28.011,-30.5767,-28.9251,-28.6153,-26.3452,-22.2498,-35.8615,-23.0741,-24.8217,-23.3266,-30.162,-36.0362,-23.2782,-23.7271,-21.7063,-25.5248,-32.6531
1938-04-30,21.5189,28.6753,22.7422,23.7923,20.5399,20.6782,21.2861,18.3721,20.4476,20.7683,22.1243,19.5311,18.0934,11.8891,25.9789,18.3841,15.1115,15.9576,21.2187,17.0661,12.8891,14.9361,14.091,17.361,11.2413
1938-05-31,-11.3308,-13.7358,-9.1647,-6.3436,-5.7677,-11.5069,-7.4234,-6.4139,-5.9243,-8.7077,-9.0785,-4.5179,-6.4502,-4.7433,-4.5775,-4.5818,-3.5579,-3.4992,-8.6829,-10.975,-3.281,-5.7586,-2.0053,-6.3273,-4.304
1938-06-30,30.8848,39.6314,37.0905,31.7531,26.4705,35.1501,28.5227,29.9122,26.663,29.9553,34.5621,29.8191,28.7812,21.6224,33.331,21.8077,25.9764,25.3651,27.6953,37.7563,25.7197,27.1014,18.1651,23.5878,33.0815
1938-07-31,22.3467,3.5011,27.3537,15.2111,16.0891,9.4138,16.0703,16.4034,14.2569,13.6415,14.9999,12.8561,9.2845,10.2821,14.5119,9.0903,12.9624,14.4218,11.9236,15.8008,7.8359,4.7089,5.5052,5.3945,11.2485
1938-08-31,-9.1333,-16.6124,-1.6278,-7.5066,-12.9165,-2.1989,-4.3566,-6.3736,-5.5513,-10.2764,-3.9121,-4.37,-3.5523,-6.0147,-10.3428,-3.9073,-2.5524,-5.1516,-6.4522,-7.1342,0.3784,-3.7648,-5.7036,-3.9988,-7.4558
1938-09-30,-6.5881,0.8413,-6.7375,-2.9113,-3.5736,1.4002,-4.4608,-2.0558,-1.6694,-1.9817,-1.3713,-0.8175,-2.6126,-1.5901,-3.0472,-0.2907,-0.1405,-1.7002,-1.9751,-3.6547,1.3393,1.759,0.7331,1.0997,-2.3082
1938-10-31,10.069,3.8137,19.2538,16.6569,14.4969,14.1883,20.4643,11.9029,15.1873,21.6454,12.6047,14.3715,10.5,13.2572,22.2931,12.4917,11.0851,9.4269,13.9576,21.2297,6.7534,4.9023,5.8632,12.8503,17.5364
1938-11-30,-6.9134,-6.8884,-10.7269,-0.8808,-6.7059,-6.6895,-6.9499,-2.528,-4.197,-6.1535,-2.5043,-0.834,0.0588,-4.0545,-8.226,0.574,-0.8273,-3.7081,-3.007,-2.6973,-1.6733,-0.3738,-3.1439,-2.8097,-2.7115
1938-12-31,4.7145,3.4526,-2.0038,-1.6662,-3.0554,12.0658,4.8025,5.563,0.1545,3.9572,3.4704,8.8146,3.6959,5.0836,4.8979,4.9176,2.2992,7.2085,2.6134,12.3522,3.3155,4.0898,3.0087,4.752,12.805
1939-01-31,-9.2646,-0.2981,-9.0825,-8.2206,-8.098,-3.5947,-9.8167,-8.7105,-7.9099,-13.1598,-8.4038,-8.7537,-8.952,-7.9049,-10.2876,-7.3777,-7.9659,-9.2318,-3.5447,-12.4439,-5.9143,-4.298,-4.3257,-8.7689,-13.0242
1939-02-28,1.3476,-0.6873,3.8076,1.3332,6.4705,-0.1983,3.3701,4.3682,4.2398,6.999,3.3178,8.2826,5.0106,5.8557,8.2846,4.9566,4.8714,2.4726,3.5285,4.6672,2.8326,3.0668,3.7962,6.7992,8.3546
1939-03-31,-29.5809,-22.4798,-22.1008,-20.421,-20.8076,-20.3733,-19.2986,-16.5446,-19.1936,-25.829,-18.0894,-17.2903,-16.6693,-18.083,-24.2334,-11.4772,-17.6102,-20.721,-16.5403,-28.5365,-10.8599,-7.962,-11.468,-18.5193,-24.5217
1939-04-30,4.5451,-2.6784,2.1867,0.1911,3.7153,-1.4234,-0.8515,1.5461,1.3873,3.5578,1.5333,0.2457,-2.4216,-2.1143,3.5789,-1.0473,0.1447,0.2103,0.428,1.6088,-0.4707,0.4669,-0.1158,-2.4731,-3.7456
1939-05-31,6.1703,3.869,8.0665,7.5497,7.2853,7.0641,11.5149,8.0873,9.163,11.0943,10.4021,11.1305,11.043,8.7753,11.572,8.1204,7.877,10.1291,10.3185,9.8822,6.9599,5.9157,4.08,6.661,10.2163
1939-06-30,-10.2746,-14.5929,-12.8235,-11.2217,-12.6901,-9.85,-7.8338,-7.1808,-7.5354,-13.0047,-9.5398,-4.6677,-8.0753,-7.7476,-9.9007,-4.1247,-7.5393,-9.6379,-5.7666,-15.2125,-4.2708,-5.3061,-4.1164,-9.1718,-13.9624
1939-07-31,11.2619,23.9556,21.0642,13.8415,12.0443,16.7808,18.1314,13.8664,12.9217,16.3197,16.1307,18.1326,13.6976,10.6003,15.9064,14.2763,13.4402,14.0248,11.9299,22.8004,10.9909,8.0004,7.7357,9.6411,16.5255
1939-08-31,-13.3531,-19.2645,-15.6375,-14.9697,-11.6585,-15.0539,-12.3838,-13.5704,-11.8242,-13.9675,-10.5804,-12.0503,-10.2736,-9.0229,-13.8593,-10.6085,-11.5173,-10.5472,-7.7288,-15.2912,-5.6058,-4.9626,-6.1093,-6.8636,-13.9619
1939-09-30,113.447,40.5309,67.2074,50.3649,85.9972,40.6874,38.8661,42.4886,39.0471,57.6212,27.5661,25.6862,36.8262,27.2173,73.7848,15.4522,21.2295,21.4103,30.0551,36.9825,12.6682,11.3441,14.2023,32.2749,53.945
1939-10-31,-8.0286,-6.9595,-4.0928,-5.9566,-9.3563,-2.1882,-0.7337,-3.6895,2.023,-7.8844,2.1031,3.9167,-2.8351,0.7242,-5.6645,2.4159,2.2197,-0.2596,-3.76,-4.056,-0.1442,-0.2446,0.145,-3.6124,-4.6446
1939-11-30,-19.077,-10.5213,-12.9416,-10.7779,-18.0458,-6.2031,-8.3447,-12.3187,-8.5794,-15.6147,-5.6218,-8.6466,-7.0653,-6.7086,-15.9344,-6.0271,-5.246,-5.0056,-5.3216,-12.4394,-2.0805,-1.8767,-3.0979,-7.9705,-11.9047
1939-12-31,13.7133,-4.3304,0.8491,1.7493,-2.1002,5.5255,3.8472,1.2769,0.7671,2.2116,6.2498,4.8486,5.8762,-0.2474,4.1905,4.0547,2.9048,-3.7292,1.2984,-0.4829,3.6196,2.4561,3.9443,0.7999,1.8857
1940-01-31,-0.9736,-8.5061,-7.3641,-4.3765,-3.5059,-3.2877,-3.8758,-3.4303,-2.5246,-3.1019,-3.5921,-1.7824,-1.557,-1.0236,-6.4076,-1.367,-1.7077,-2.8003,-3.7629,-5.3213,-2.1536,-1.7774,-2.0244,-5.0858,-7.185
1940-02-29,1.197,0.4296,12.2577,3.2055,8.7644,1.4929,6.0513,4.3603,4.6176,-0.8295,4.1461,4.7267,2.9132,2.472,4.212,2.3619,2.3724,3.7128,3.6343,-0.0256,0.8092,1.6199,0.1238,1.7246,1.785
1940-03-31,7.6517,4.8965,-5.9475,0.5271,3.4926,2.9283,5.0158,2.1196,1.9917,1.1618,6.369,3.2002,1.3688,2.6529,0.8741,3.9978,2.126,1.7071,2.4123,-0.4784,2.4948,0.7684,2.1564,2.2855,2.8062
1940-04-30,20.5066,-1.0936,3.0001,4.5016,8.01,1.7964,4.5225,1.2193,4.8446,3.8714,4.1781,0.6133,5.161,1.1824,4.4329,-1.6349,-0.3947,-0.627,2.5017,-1.1177,0.0764,-0.3385,0.7349,0.0697,-1.8316
1940-05-31,-48.8896,-27.781,-34.3265,-28.6978,-33.1102,-22.9006,-26.1495,-25.7498,-27.6578,-33.8048,-26.8526,-26.9167,-28.1566,-26.2405,-29.0423,-26.281,-27.0854,-26.7942,-23.7629,-32.841,-21.5426,-19.3893,-21.8553,-21.685,-26.2301
1940-06-30,9.2476,2.3281,4.6651,2.579,7.3034,1.1939,5.7568,3.7411,7.4955,7.535,3.8851,7.2478,6.0807,5.3832,7.0995,8.9507,5.1268,8.0664,3.9497,14.0656,4.5628,7.448,11.327,5.7597,18.3486
1940-07-31,3.7612,2.3823,0.0311,1.2221,3.6809,3.9106,5.8298,4.2159,4.3628,1.3748,7.3775,6.8237,5.1474,5.4362,3.8741,3.6417,4.1259,3.1286,4.7257,4.9516,3.8928,1.9243,3.301,3.1656,2.0654
1940-08-31,-1.1255,-1.4979,5.2281,4.1193,-1.164,3.588,2.0324,4.4862,1.9503,4.3141,1.8216,3.0956,2.5045,0.9182,-0.3,0.8607,2.4876,4.5939,1.8511,2.2434,3.0782,0.9636,0.5599,2.8927,3.8893
1940-09-30,2.9042,3.5314,7.5688,3.8371,4.4563,7.4152,6.2793,3.8149,4.3631,5.1381,6.1425,5.8125,4.3591,5.4747,0.3487,3.0629,5.2832,2.5702,1.792,0.6168,3.4791,2.1558,-0.4457,-0.236,3.485
1940-10-31,7.1184,5.6723,7.0149,6.3174,5.4485,6.7258,3.2221,5.5851,8.0676,8.1749,3.2894,4.0802,5.9477,5.4147,5.452,4.0713,6.3046,5.2951,11.1255,10.8679,0.1112,2.665,6.2378,8.5476,9.5839
1940-11-30,8.3531,-1.4243,4.1911,-1.1601,0.1548,0.8407,2.1775,0.4732,-0.7036,-0.6882,-0.3578,1.557,1.1098,2.2063,-1.4449,-1.8537,-0.3454,-0.0948,1.116,-1.4341,-2.6988,-0.9695,-1.356,-0.036,-7.2134
1940-12-31,-1.1722,-5.4769,-7.4743,-1.966,-4.1522,-2.3302,-3.419,-0.9458,1.0333,-2.2638,0.0982,-0.9655,-0.7735,-0.3876,-1.4362,0.9584,-1.1797,-0.0867,0.1655,-0.7255,0.1967,1.6432,0.5019,1.1022,2.3814
1941-01-31,-8.6222,-5.7031,-3.0482,0.0371,0.5809,-4.5196,-2.7423,-3.2037,-1.6821,0.0741,-6.5182,-5.5029,-4.1757,-3.2731,1.2983,-5.4583,-4.5522,-2.5822,-4.7008,-0.4241,-5.7931,-3.7763,-2.8249,-2.9824,-0.6331
1941-02-28,-7.6357,-3.0079,-0.0432,-4.3932,-2.7516,0.3991,-3.1684,-1.7591,-2.806,-2.204,-3.8919,-0.7418,-1.7368,-2.0616,-2.3303,-2.5068,-2.2439,-0.2416,-1.2688,-2.1789,-1.4378,-1.6773,-1.3616,-1.4546,0.9816
1941-03-31,-1.5493,-3.1952,-1.0402,2.1063,4.1715,-0.2271,1.8314,2.6384,0.457,5.1965,0.2514,0.345,1.3819,1.5973,3.9199,0.9276,-1.4638,1.1833,2.1567,4.0462,0.4858,0.9138,1.8397,1.3909,4.0789
1941-04-30,-15.6336,-12.9474,-6.8331,-4.9726,-4.2453,-7.4322,-7.3846,-6.0107,-4.6584,-5.7055,-5.0053,-7.121,-4.2706,-5.3532,-1.3567,-7.4814,-6.4431,-5.6712,-3.6472,-4.7337,-6.4071,-6.2935,-3.4802,-3.3122,-0.4959
1941-05-31,-0.6824,3.5569,-0.3989,1.4766,-1.2599,3.7179,1.6419,0.7505,1.7286,3.9796,-1.7269,1.1233,2.4793,2.8205,0.0396,3.6102,1.8298,-0.6838,-0.4729,2.9212,1.0345,1.2132,3.2677,3.4205,-0.356
1941-06-30,3.2547,-0.7541,9.046,8.0823,14.0005,2.1106,5.7914,6.4786,9.753,7.4278,4.5103,6.8463,6.1525,6.4102,9.5033,4.7296,7.8786,5.1912,5.2658,4.6632,6.6448,5.0182,6.4856,3.9703,1.9459
1941-07-31,17.1193,25.1746,27.8332,17.6384,25.1609,10.0367,9.2413,6.4217,13.6942,21.4497,8.5867,7.9742,7.0048,13.3362,18.9306,7.8835,6.8937,9.6466,12.6622,24.6297,4.1482,3.1433,8.2527,8.4784,11.2156
1941-08-31,2.4989,-0.4325,-7.5288,-3.0216,0.7956,-0.8104,-0.8282,-1.1419,-0.8671,0.0323,-2.0077,-2.1559,0.1182,-1.9397,-2.3984,0.827,-0.0185,1.7712,-0.2811,0.6366,0.8902,0.2237,-2.0257,-1.2405,-5.1218
1941-09-30,-11.798,-3.6548,-4.2792,-2.796,-5.0931,-1.5868,-1.5728,-3.8777,0.7721,-3.5705,-2.8138,-1.353,-1.1854,-2.922,0.5262,0.089,-1.7513,-2.6337,0.1783,-1.4324,0.2453,-0.9214,-2.6361,-1.6995,-2.7127
1941-10-31,-8.6967,-0.3133,-7.9773,-7.2948,-7.9547,-6.7796,-4.879,-5.5606,-5.6223,-7.3401,-6.023,-6.3499,-5.0,-6.4644,-10.3383,-5.0469,-5.5697,-6.1038,-4.3634,-4.9468,-6.7696,-4.7228,-2.1304,-1.7113,-1.8395
1941-11-30,-10.3848,-5.7381,-8.1209,-4.3603,-4.294,-1.6123,-1.4979,-5.162,-1.7756,-3.2586,-1.1077,-2.1765,-3.2743,-0.1944,-5.874,-0.8597,-2.0563,-1.8973,-0.9825,-3.1785,-1.9173,-2.7219,0.7237,-1.8956,-2.6879
1941-12-31,-18.538,-19.5784,-8.6899,-14.5641,-14.6055,-7.0576,-5.2864,-7.9379,-9.0978,-15.3463,-7.7475,-3.7771,-4.4825,-6.74,-8.3746,-3.5256,-5.4418,-6.5759,-6.0821,-9.1923,-3.3729,-4.991,-4.3318,-9.455,-6.8725
1942-01-31,34.5807,12.9912,16.2199,20.5825,25.6369,8.6228,7.0257,10.0491,11.4862,16.823,3.992,3.1435,5.0038,7.2257,13.7137,-2.3297,4.2708,6.2893,6.4378,9.018,-2.999,0.0927,-0.3912,6.8181,13.9124
1942-02-28,-6.7697,-8.6166,-2.0243,0.3041,-2.5388,1.1737,-1.2337,-1.5375,-1.6796,-1.5634,-0.5062,-1.4848,-1.0943,-1.4889,-2.8428,-1.9552,-1.7619,-2.9037,-2.1354,0.3505,-2.5961,-2.0407,-3.4128,-2.4636,-1.0913
1942-03-31,-7.7132,-7.1347,-6.6407,-0.8914,-6.5364,-5.1317,1.4455,-2.8808,-5.6702,-5.6929,-2.5456,-1.8181,-6.3226,-4.7376,-7.4553,-5.2866,-5.9645,-6.2366,-4.2482,-4.9374,-5.581,-7.2735,-8.3788,-6.3302,-7.186
1942-04-30,-5.1223,-3.9775,-3.9659,-4.1745,-4.7639,-7.0903,-5.735,-4.6445,-2.4884,-4.7723,-5.4624,-4.7194,-4.5035,-5.304,-4.1167,-7.0527,-5.8661,-4.599,-5.6212,-3.7675,-3.3411,-6.4899,-3.5619,-3.1789,-0.1793
1942-05-31,-5.9652,0.5332,1.6144,-3.5825,0.3074,0.7051,0.594,0.826,3.7071,-0.5942,0.6753,2.2471,2.3129,4.3927,-0.7144,4.3246,4.6093,4.572,1.7936,4.2776,8.2857,6.2672,5.4165,2.1891,-4.6483
1942-06-30,3.1542,0.9272,-1.3862,4.5687,3.5495,1.3625,3.9207,0.2278,1.7357,0.8409,2.6322,1.7187,0.7384,1.9315,1.3717,3.8302,2.7195,1.986,1.8017,-0.5917,4.4736,0.8325,2.0531,3.0269,5.7074
1942-07-31,6.0766,6.2309,7.9002,2.3307,7.7685,3.4138,3.0605,4.0945,2.4712,6.9845,4.1535,4.5696,3.074,4.591,3.7452,4.1293,3.3622,5.0204,4.9323,9.3486,1.964,4.3708,3.0068,5.8868,7.8578
1942-08-31,1.0916,5.7238,1.8401,1.9308,1.154,-1.1139,2.9483,3.7862,3.1429,2.3614,5.8661,2.8687,0.7989,1.9369,3.9946,2.9465,1.441,2.2383,1.4532,2.757,1.1852,1.9758,1.1484,4.0009,5.5316
1942-09-30,6.8462,8.0872,1.6427,8.1752,9.0729,6.5352,1.9196,4.7624,4.466,3.282,1.2227,1.9664,1.5656,3.8353,3.7826,2.5426,3.2774,3.0912,2.6247,6.9836,2.9858,2.7059,1.4812,2.2385,5.669
1942-10-31,1.4652,11.5659,16.1033,9.1272,12.0147,12.2154,7.863,6.6325,10.318,19.5692,11.0864,5.9875,9.4419,9.0701,14.2237,7.2395,7.345,6.4308,9.8307,14.0186,4.9795,5.3726,9.8726,10.6335,13.386
1942-11-30,8.6364,0.3334,-7.231,-1.1375,-5.9874,0.2004,-2.0296,-0.794,-3.7796,-5.9928,-1.695,-1.4654,-1.2855,-0.012,-2.3822,0.2861,-0.3652,-0.8643,-2.2172,-1.3621,1.04,1.9565,0.442,-4.1558,-6.6454
1942-12-31,-4.6984,-3.4369,3.1967,-0.8888,-1.0452,2.4661,5.7394,3.0397,1.9891,5.1321,3.5516,2.403,3.0808,5.0973,3.4817,6.6409,4.7245,5.1413,5.024,6.344,5.895,3.8926,6.4031,6.8419,3.8408
1943-01-31,32.1428,23.3288,21.4595,20.6378,32.6081,14.7956,12.0711,12.8712,18.7559,24.5325,6.9489,9.5841,13.6493,12.6318,21.2945,4.8221,8.6449,8.7897,12.1465,12.1195,5.6107,5.4844,8.3031,7.72,11.8148
1943-02-28,17.1043,17.6739,12.0941,17.7885,26.8748,17.4131,9.4683,7.0974,12.5115,15.3116,6.4144,7.3596,9.503,10.2309,19.4925,4.9119,6.761,7.1321,9.7325,11.6481,3.5778,6.2014,8.3277,9.8567,12.4627
1943-03-31,20.8898,0.7946,16.3511,15.8881,15.1756,13.95,11.9202,15.5235,13.3203,19.3714,9.3934,7.5805,9.8808,12.3267,14.4447,8.9072,7.391,8.5663,11.8887,15.194,3.6376,4.7388,7.549,7.8217,10.6916
1943-04-30,5.7136,2.195,0.9979,4.7945,11.7759,-0.632,2.2845,0.7793,7.0497,8.3556,0.2024,-0.6248,2.9555,3.7209,8.3474,0.8608,-0.4473,0.5844,3.6692,14.6274,-0.7378,1.182,1.1376,-0.1442,3.9681
1943-05-31,5.7948,8.1712,13.0017,10.639,14.953,17.3168,10.585,9.2927,8.2362,14.8452,5.2613,4.8861,8.1707,6.4855,12.9248,3.1607,7.041,5.5858,8.4031,10.0142,5.3916,4.543,7.016,6.115,5.1044
1943-06-30,0.9552,0.7397,-0.6934,2.8362,-1.9009,-2.0134,1.7674,0.3143,1.0174,1.7018,2.9694,1.3222,0.8385,3.3807,-2.4284,1.8127,2.3788,0.7561,2.4397,-3.948,2.0173,3.098,0.2874,0.4014,0.7489
1943-07-31,-16.4896,0.1867,-8.0345,-5.9559,-7.8338,-3.4903,-5.2755,-5.5857,-8.8629,-11.7714,-4.6268,-6.1911,-5.5574,-6.4521,-9.4223,-5.2767,-3.9728,-6.4299,-9.0364,-10.3416,-5.4815,-3.4627,-1.8806,-4.5154,-4.3879
1943-08-31,-6.6784,-4.1773,-0.5296,-1.2564,-0.8569,0.5289,-0.6042,-0.808,0.7853,2.338,2.3403,0.5104,0.3409,2.4391,0.1893,2.3607,1.4061,0.2964,0.9838,-1.3805,1.4111,1.491,1.6998,0.2988,1.195
1943-09-30,8.4694,2.0449,2.7893,3.2335,5.9794,5.4559,2.9838,2.8698,3.9657,8.1772,1.3881,2.5416,3.7696,1.2812,6.6279,0.8694,3.3774,4.7662,3.5608,2.4998,2.5004,1.7722,2.2771,3.045,3.2422
1943-10-31,-2.1409,-0.8784,0.5017,2.3947,-1.714,-3.2286,0.7872,1.5134,3.9897,-2.7617,-0.8278,-0.518,-0.2457,0.993,-1.6496,-2.0784,-1.4478,-1.4601,1.5799,2.4573,-1.7459,-1.1327,-1.0808,0.545,-0.8614
1943-11-30,-14.1132,-5.3507,-7.1949,-10.1173,-13.4515,-7.5226,-7.9065,-5.7384,-4.707,-14.9126,-7.0863,-6.9034,-8.3451,-7.8096,-12.8803,-6.9462,-5.667,-8.181,-9.1832,-14.2059,-4.8151,-4.2885,-6.5097,-7.9341,-12.8814
1943-12-31,10.129,5.4315,10.822,13.5384,11.7626,7.0757,6.7672,13.0193,11.8807,12.5829,8.0137,9.0362,8.3485,8.7161,15.8543,7.2776,8.1159,9.0615,9.8773,12.1941,5.3773,5.8503,6.4058,6.2265,7.8385
1944-01-31,6.5688,6.4655,5.0742,3.0458,8.333,4.235,5.3844,3.6367,5.4514,7.6691,3.9155,3.6404,3.1287,3.42,5.9873,2.0577,1.5274,2.6766,2.9309,5.3432,0.6069,0.8686,2.1317,2.0864,9.132
1944-02-29,4.1822,1.6911,2.2453,2.944,4.2983,2.3867,0.3209,1.564,-4.6951,3.8751,2.7988,0.8656,-0.0677,0.7552,4.9079,1.0331,1.3723,0.8175,-1.2306,6.0029,0.1022,-0.1087,0.6208,1.4631,4.7015
1944-03-31,8.2516,12.1372,5.2935,5.0823,7.6364,1.6218,2.5967,3.0921,4.2128,14.1625,2.8804,3.598,4.2594,4.7357,4.3321,1.0474,2.8548,2.924,5.0437,2.7438,2.6778,1.6939,1.7431,3.0036,5.0738
1944-04-30,-5.449,0.3892,-2.9184,-1.9955,-3.6972,-1.5315,-1.8508,-2.937,-3.7865,-5.6197,-3.0163,-3.0489,-3.4797,-2.3006,-1.3599,-2.664,-2.0722,-3.6274,-2.9203,-5.2439,-1.2434,-1.4341,-1.5862,-1.0425,-1.2181
1944-05-31,7.5138,3.1413,11.8401,6.3425,8.8601,4.8179,6.1874,5.7271,5.3853,8.0988,6.0615,7.1244,7.0413,5.9605,8.9286,4.7422,5.7146,6.1351,8.7504,7.736,4.4384,4.6579,4.5819,4.4786,7.0071
1944-06-30,25.5976,14.4868,11.1259,14.9118,16.5867,12.1279,12.4264,5.1505,8.1721,9.1455,5.5611,8.6695,8.9721,9.4538,10.1037,6.5746,8.041,8.3906,13.8368,10.1988,5.5222,3.6879,3.3434,5.8913,5.2523
1944-07-31,-4.2233,-2.3568,-0.7932,0.9285,-3.9255,-0.0476,0.0051,-2.3525,-2.4831,-1.0669,-0.3025,-0.688,-0.6046,-1.406,-1.1912,0.0786,-1.3893,-1.1749,-2.6846,-0.4585,-1.9732,-1.5397,-1.1822,-1.1159,-0.5269
1944-08-31,7.9501,2.7194,2.0052,2.8518,3.2762,2.9174,4.2922,4.5269,4.6696,-1.1398,2.7929,4.439,3.8428,3.5006,2.2064,0.6848,3.1759,2.7238,3.785,1.1094,1.7382,0.219,2.0225,1.0886,0.0978
1944-09-30,-2.3058,2.5285,2.9662,-0.0624,-0.4266,2.9494,-0.315,-1.4755,0.0497,1.3004,0.6987,0.9111,-1.1528,2.1047,0.3032,-0.1799,-0.9461,-0.1448,1.7168,-0.6069,0.487,-0.3429,0.1536,-0.356,0.1581
1944-10-31,-0.2407,1.3283,1.1234,0.347,0.617,-0.7889,0.5946,0.8179,0.6478,-0.9419,-1.3722,1.2784,0.0212,-0.9327,-0.4783,-0.1951,-1.2561,-0.6319,0.444,-1.0976,-0.2989,0.9763,1.2975,-0.3345,0.8204
1944-11-30,2.5127,-0.8211,2.9322,4.9243,1.6744,2.3689,1.4715,3.4391,3.279,4.0685,0.4983,2.6056,1.3295,1.7221,3.7084,1.6311,2.3599,2.4945,4.7691,1.564,1.0739,1.6717,2.0999,2.5264,3.8893
1944-12-31,2.6414,4.0186,6.5661,7.2829,15.2621,6.8354,5.4049,7.6115,6.9333,14.0395,5.3572,7.9905,5.907,5.426,10.89,3.3637,5.1362,5.5872,6.5744,12.2393,2.1854,3.1485,4.854,4.7381,11.8331
1945-01-31,12.2977,4.8533,6.0912,4.7689,3.8312,4.8687,3.7372,5.1217,6.772,3.4336,4.0921,4.3166,3.8496,3.3436,4.6493,2.8471,3.1551,2.949,1.6217,3.4829,0.9976,0.7513,3.0179,5.998,1.1559
1945-02-28,6.6348,4.9644,9.4874,7.7907,11.4182,7.4139,7.4468,10.5954,8.0611,12.0541,6.6769,5.7643,9.2334,9.1025,10.501,6.7683,6.8516,7.027,10.7896,14.3547,5.2516,5.1524,5.1454,7.5877,8.8502
1945-03-31,-8.0209,-8.0863,-9.1856,-8.2521,-11.8275,-5.0251,-5.3947,-6.9933,-4.3804,-1.5298,-4.2518,-5.823,-5.3557,-6.0317,-7.463,-3.992,-4.2919,-3.4869,-5.0282,-4.9306,-3.849,-2.7064,-3.7439,-5.6508,-3.6764
1945-04-30,3.2238,9.0146,9.6647,8.6497,8.5091,6.7073,7.1452,9.9368,8.3962,15.4437,8.9943,10.2253,6.8617,8.3834,12.0567,6.9154,9.3366,7.7951,7.7697,12.7895,7.6019,6.0618,7.7877,8.624,11.0384
1945-05-31,2.308,9.2927,3.7262,2.832,6.1667,4.4324,2.2645,1.0945,2.4685,7.612,0.3596,0.9308,3.1951,4.6489,2.0895,2.4335,0.5905,3.3402,1.0349,3.2657,1.6526,2.0826,0.7884,-0.2615,1.5419
1945-06-30,16.5883,2.7365,4.8216,6.2505,15.0874,9.433,0.0921,0.7836,1.3959,7.0654,1.6771,2.0109,0.5635,2.6599,4.9976,-0.7001,0.2297,1.1532,3.2904,11.4132,-2.0849,0.2249,0.8722,1.4776,2.075
1945-07-31,-2.9134,-3.7433,-4.3494,-3.899,-4.212,-1.5252,-4.0577,-4.0316,-3.2961,-5.9044,-4.225,-2.5861,-3.678,-3.9722,-6.6828,-1.0166,-4.3862,-1.5409,-3.8143,-6.1706,-1.382,0.0438,-3.0602,-2.0285,-4.5327
1945-08-31,-1.4726,11.6538,7.9797,5.0945,4.8977,5.3134,8.0342,7.1788,6.3505,5.0761,10.1022,6.531,8.4924,7.3066,2.7309,6.4567,9.2426,9.3429,6.2919,0.8718,8.931,5.0911,4.126,2.4669,2.6277
1945-09-30,14.1235,8.2943,3.2056,7.1683,7.6846,3.9156,7.8,7.0038,6.9597,8.1629,6.5668,6.6077,6.3304,7.5671,5.0723,4.4619,7.0108,5.8105,5.8946,10.456,5.0606,2.3749,3.9484,5.0483,5.7815
1945-10-31,16.0256,10.1274,11.0303,12.5975,9.7256,5.9758,6.1408,5.9351,5.9682,5.7259,5.1309,3.4192,6.3418,5.4744,5.4999,4.545,3.1111,6.0319,5.8203,6.348,2.0866,3.1127,5.5079,7.1776,4.325
1945-11-30,8.7699,9.1105,13.9496,13.4295,11.9104,13.6064,8.5252,7.3016,13.0175,9.6632,7.233,11.4108,6.2766,9.375,8.868,7.5051,10.5503,8.6932,10.7963,17.1955,2.1216,3.4639,5.2022,5.4989,9.1531
1945-12-31,6.2424,2.8011,4.9163,3.3152,3.014,5.076,5.8226,3.154,3.4033,3.1392,2.3098,-0.0248,1.9465,4.8284,-0.7454,2.1946,2.5015,2.4518,2.8255,-0.2939,1.7645,0.8186,1.435,-0.887,-1.0365
1946-01-31,34.0108,9.3652,11.6477,11.6471,16.7395,7.431,8.3655,7.7537,8.2617,12.5847,5.7144,9.5946,6.6301,5.3719,15.5299,5.0626,8.3896,9.1739,7.4661,9.8441,6.145,4.4364,4.0432,6.4844,7.8369
1946-02-28,-5.0542,-10.1231,-6.413,-6.9825,-6.255,-5.0491,-6.3736,-7.1998,-6.1376,-7.6357,-6.5981,-6.1097,-5.8962,-8.4967,-9.5432,-5.1291,-6.1472,-5.3356,-6.8233,-7.3586,-5.8772,-4.3699,-4.9421,-6.7446,-7.637
1946-03-31,-4.3296,3.7241,4.9845,4.4973,4.0456,3.6997,7.694,5.4737,8.0035,4.1606,6.9855,8.4857,8.6189,8.4128,5.7569,9.1836,8.4536,8.2929,6.3502,4.4967,4.5982,4.5005,8.3347,7.5423,3.8262
1946-04-30,2.8649,6.2584,15.8161,7.0214,6.7147,4.2555,8.8875,7.5996,6.6192,7.6424,3.907,5.4133,5.5239,6.6858,3.78,6.3648,3.7631,7.7944,2.7746,1.1159,3.4078,3.965,5.5075,5.7401,1.8983
1946-05-31,9.083,7.5393,4.7079,1.8391,6.4597,6.1967,4.0111,6.0704,4.1679,8.8903,5.2591,8.4286,7.5522,5.7527,4.4729,5.1431,4.2832,5.1288,7.1787,11.3291,2.5617,4.021,1.8909,5.7223,5.7257
1946-06-30,-6.0323,-3.8834,-5.802,-4.1781,-6.0803,-4.1699,-5.6062,-5.2941,-5.5726,-5.9304,-5.4143,-5.6642,-4.6565,-6.3447,-4.7645,-5.4386,-6.2436,-5.4823,-6.1203,-5.39,-4.3085,-2.5137,-0.9666,-5.6232,-2.7746
1946-07-31,-6.6807,-6.7543,-0.1054,-3.2959,-6.5249,-4.171,-5.0913,-3.6122,-3.9152,-4.7176,-5.5513,-2.3864,-4.7555,-3.4536,-4.5923,-3.7715,-2.366,-4.0806,-3.7856,-6.2641,-2.1114,-4.2228,-1.6575,-1.218,-2.511
1946-08-31,-9.5652,-8.7332,-10.4876,-7.7067,-9.1425,-6.8786,-8.026,-8.3352,-8.5285,-7.9592,-9.0849,-8.0578,-7.1929,-6.4817,-8.4587,-6.7562,-6.2782,-6.6415,-5.4675,-9.205,-5.9921,-6.6849,-6.6605,-5.0463,-6.7525
1946-09-30,-16.0231,-18.315,-15.1268,-15.149,-18.3039,-14.006,-13.5561,-13.7474,-13.0177,-16.3692,-13.8491,-11.8464,-13.1732,-11.9792,-14.8009,-11.1987,-10.8013,-14.4388,-8.5019,-16.337,-9.8105,-8.6419,-6.4042,-8.3553,-13.0887
1946-10-31,-4.0701,-3.6252,1.584,-1.5393,0.2541,-4.6606,-2.5872,-1.1022,-0.6646,-0.7241,-0.9219,-2.5109,-2.1339,-0.4683,0.8587,-3.6438,-0.4553,-2.1094,-0.9588,2.9369,-2.3743,-2.7363,-3.409,0.1557,0.9836
1946-11-30,-2.87,0.9933,-2.7121,-1.9176,0.3515,-4.4598,0.0902,-0.3168,-0.74,1.9406,-0.5375,0.5487,1.0863,-0.771,2.2337,2.0501,0.313,1.3295,-0.7904,0.8362,-0.2484,-0.1679,0.2919,0.8825,-0.7145
1946-12-31,1.6814,8.459,3.4622,3.246,3.1067,4.556,6.9336,4.0272,4.7507,4.1911,5.9204,4.5187,6.726,7.0546,3.1989,7.3988,5.393,7.9897,2.6342,4.3101,5.3035,6.3222,4.0363,4.4417,3.6567
1947-01-31,5.8836,5.8197,3.0514,5.0178,5.1362,6.4059,2.4402,3.0751,2.3686,4.4307,1.5883,2.7626,2.0568,0.2118,4.5386,-1.7611,0.7619,1.7238,3.3572,1.8998,2.3781,-0.1532,1.325,-0.5478,1.3858
1947-02-28,1.0627,-2.0282,-0.9667,0.9608,0.2818,-2.3233,-0.0556,1.6222,-1.4642,0.9855,-1.1892,-1.4645,-1.3749,-0.7028,0.8039,-2.1402,-0.8832,-2.0516,-1.844,0.1674,0.6777,-0.4905,-1.554,-1.6149,-2.5121
1947-03-31,-5.2754,-4.4748,-5.0603,-4.6283,-1.7308,-4.3219,-4.2793,-3.5065,-2.5023,-3.0239,-2.6789,-2.7427,-2.566,-1.3083,-2.4601,-0.4349,-1.6221,-2.7637,-0.7299,-2.6737,-1.7329,-2.0519,-2.0721,0.6469,-2.1637
1947-04-30,-11.2715,-9.7145,-9.8552,-9.2389,-9.3386,-9.1412,-6.3368,-8.1043,-9.4806,-8.9606,-9.4149,-8.5596,-7.4317,-6.5754,-6.5664,-6.6668,-6.3857,-7.5659,-8.565,-8.0767,-4.7293,-5.3519,-2.3966,-2.7513,-3.8971
1947-05-31,-6.2296,-7.0306,-7.2624,-5.1199,-5.6552,-7.1085,-4.2828,-4.3185,-3.3772,-1.8839,-4.4791,-3.0158,-4.2153,-2.5112,-3.785,-3.1221,-3.4698,-1.3722,-4.4409,-2.5742,-0.8384,-0.0515,-1.2164,1.8972,-2.1185
1947-06-30,7.0711,3.2152,7.7834,2.8726,6.3056,4.8163,5.2876,5.5001,5.9915,4.4943,3.5198,5.5668,5.4327,6.1161,5.5213,7.0629,5.7786,5.4901,5.0873,6.0818,6.1408,7.4805,0.7469,6.0574,4.3783
1947-07-31,10.172,7.9085,7.9092,5.1595,8.9761,4.7034,6.7841,5.6373,6.3607,8.1313,6.3166,4.0216,8.2586,6.7174,7.3633,3.8591,3.9546,7.7393,4.749,9.9718,3.384,3.7422,2.6239,3.5858,7.2515
1947-08-31,-2.5053,-3.8743,-3.4238,-1.3384,-2.1534,-2.3928,-1.1933,-1.8317,-0.6388,-1.7273,0.3392,-1.3526,-1.8019,-1.5283,-0.9214,-1.434,-1.2191,-3.0148,-1.8871,-1.9299,-1.7625,-1.7881,-1.4383,-1.0352,-2.9781
1947-09-30,1.1655,0.7685,-0.704,-0.1653,2.8832,-0.7765,1.9691,0.9669,0.8365,3.1947,0.838,-1.4798,0.6907,1.4724,1.9485,-0.7857,-0.7927,2.5309,2.2629,0.8866,-0.5743,-0.7998,-1.3858,-0.3003,-0.5707
1947-10-31,2.4823,5.4229,7.8998,4.2629,2.4223,3.1578,3.4995,2.8325,4.3898,3.2861,5.136,3.1077,3.6742,4.6513,0.6255,3.4622,2.7021,4.1766,1.6128,-0.0848,1.7818,4.258,2.4457,2.5066,3.5971
1947-11-30,-4.77,-6.4146,-3.7809,-2.073,-1.7576,-5.1603,-3.2315,-2.52,-3.9707,-3.206,-2.5715,-3.8256,-2.8956,-3.143,-1.6766,-2.9005,-2.5284,-1.9127,-1.8849,-3.974,-1.7353,-1.7017,-1.3573,-2.3649,-1.4914
1947-12-31,-3.4891,3.6486,-1.752,0.053,4.8499,-1.2221,1.5406,1.5926,-0.5545,6.5822,1.9733,4.0877,0.3106,2.4192,3.0699,4.5323,3.0135,1.1408,0.5895,3.5147,1.67,3.6628,3.6833,4.7987,7.5039
1948-01-31,2.4184,-0.6446,-2.4237,-1.1961,1.3849,-3.2778,-2.2057,-3.2083,-1.1893,-0.1045,-3.9168,-3.4772,-2.2235,-3.8636,-0.0743,-3.184,-3.7928,-3.3748,0.6246,0.2598,-4.8981,-4.3531,-4.314,-3.2963,-4.2245
1948-02-29,-8.752,-6.8018,-7.8777,-6.9402,-6.4979,-7.1368,-6.19,-7.111,-5.5453,-7.2529,-4.875,-7.5266,-6.3108,-6.7605,-4.9581,-5.3814,-5.4955,-2.9018,-6.7285,-6.6594,-4.6257,-4.7824,-2.8205,-4.0392,-3.8219
1948-03-31,14.4287,7.848,10.123,10.002,10.9966,5.4053,6.723,9.0054,10.1809,12.9934,6.6855,6.9913,11.2658,11.271,11.8625,9.0662,8.2637,8.3468,10.8785,13.2458,7.3579,10.6296,6.2752,8.6644,10.585
1948-04-30,-0.3882,7.1407,1.5462,5.1532,5.552,4.4817,1.3777,1.2662,5.3201,5.4009,2.3742,2.2824,2.2033,2.8114,3.8987,5.1132,3.7119,6.9708,1.5052,7.0991,1.9807,2.9224,4.8116,3.9447,7.8191
1948-05-31,13.1693,10.8332,13.5055,5.9871,8.2342,8.3547,9.3958,10.448,8.1612,7.826,8.0258,8.3607,10.1743,10.3465,7.1173,5.7429,7.9772,8.4007,6.9707,8.6209,8.7079,9.4429,5.1795,5.849,7.696
1948-06-30,-4.63,1.0642,-2.2023,-0.2573,0.5392,-4.1956,-1.9266,-2.0617,-1.6719,4.1115,-1.1235,-1.0151,-4.141,-2.2935,0.0197,-1.2632,-0.3184,-1.9134,-3.0473,-0.4654,-0.4536,-0.7977,1.3724,0.1517,2.8708
1948-07-31,-7.2727,-5.158,-7.6206,-5.8685,-4.8155,-5.8359,-3.9743,-4.3579,-4.7842,-3.6826,-4.2133,-4.9223,-5.4673,-6.177,-6.3926,-5.9074,-4.7039,-4.971,-5.4216,-2.6449,-5.152,-6.2734,-3.729,-4.7552,-5.3513
1948-08-31,-5.2558,-2.2893,-0.9047,-2.0228,-0.7975,-0.9234,-0.8982,-0.0413,-0.4762,-0.1327,-0.9565,1.6084,0.7087,-0.0,0.7072,-0.0439,-0.1802,1.2792,0.6907,-0.5547,1.1066,-0.3487,-0.1018,-0.6725,1.3167
1948-09-30,-3.7396,-6.1853,-3.3994,-5.7796,-5.7799,-1.0826,-2.6747,-3.9565,-3.9041,-5.7173,-3.5126,-4.9687,-4.1597,-3.7651,-5.6199,-4.3703,-2.7455,-3.9258,-5.1958,-5.5849,-2.4567,-3.5829,-0.9077,-4.0124,-2.8469
1948-10-31,2.4149,3.5594,5.6773,5.0419,5.4047,2.5349,4.3027,5.3655,4.3887,7.5225,3.8708,5.5385,5.4535,3.9791,4.3546,5.2638,5.1866,6.1788,6.5534,6.2631,6.419,8.3943,4.2219,6.0933,6.5002
1948-11-30,-13.5533,-10.6195,-12.6654,-12.0255,-11.8748,-9.1629,-9.4441,-9.6888,-11.3003,-13.0446,-9.6425,-9.0215,-7.6898,-10.5109,-14.101,-8.8462,-8.3711,-9.1,-12.2506,-14.7887,-8.3494,-9.7212,-6.9203,-12.3887,-14.1377
1948-12-31,6.0008,-3.9956,-2.2641,-3.0349,0.7801,0.6076,0.8293,-0.3563,0.1611,0.413,3.0852,2.8479,1.1484,0.4217,1.9644,4.1037,2.8592,0.5636,2.8248,1.6293,5.2902,3.5939,3.0007,2.4791,2.2719
1949-01-31,-1.2355,5.3954,5.3275,2.847,4.3414,1.5979,1.0226,1.4808,2.7693,2.4592,0.9167,-0.6536,0.7647,0.5786,0.1491,1.2613,1.4788,3.5449,-0.1229,2.3646,0.7639,-1.9082,-1.5392,1.1269,1.7609
1949-02-28,-6.4024,-3.777,-4.6799,-5.6353,-3.5671,-7.9531,-3.8958,-4.6607,-4.8412,-6.5361,-2.4168,-4.6991,-2.3931,-2.9775,-6.1166,-1.1103,-2.2769,-2.3062,-3.7328,-3.2687,-2.6004,-3.711,-1.8738,-1.7914,-5.6567
1949-03-31,8.1837,7.2167,8.0467,5.8007,6.7477,5.9661,7.6334,5.3669,5.3337,7.5983,5.8473,5.2071,4.9459,7.7064,7.6454,4.1906,4.1229,3.6244,4.6699,7.747,4.3414,3.5864,2.6084,5.7325,4.0591
1949-04-30,-2.0211,-3.1607,-1.6221,-3.2195,-2.984,-3.6168,-2.2731,-3.5901,-3.5953,-3.4493,-2.0552,-2.4227,-3.6828,-5.0697,-4.3064,-2.2625,-2.4116,-2.4418,-4.5223,-4.3352,-1.9573,-0.4026,-0.8603,-0.3669,-2.0942
1949-05-31,-11.5317,-6.9236,-7.2638,-6.4851,-5.9578,-3.3126,-4.8569,-2.2567,-4.2243,-6.7197,-3.4406,-2.5287,-1.9685,-3.7483,-6.4119,-1.7619,-2.3933,-1.2636,-3.1151,-4.6771,-1.9361,-3.1053,-2.3865,-5.6512,-5.8624
1949-06-30,-1.682,-3.0559,-1.503,-0.1755,-0.4156,-2.972,-2.08,-0.3399,0.1518,-1.8434,1.4068,-2.6679,-1.8763,-0.8682,-3.9077,0.6194,-0.3404,0.4921,-1.0084,-1.3955,1.1328,0.1597,0.8396,-0.0503,-3.183
1949-07-31,11.6854,5.5436,5.6197,5.7502,5.1124,4.4446,6.9764,6.94,7.9995,4.9914,7.1691,7.162,6.3978,7.1817,6.1444,6.6768,5.6629,7.3849,4.3079,6.6844,5.5996,4.7661,5.1623,5.9566,7.2033
1949-08-31,3.3537,3.4992,1.9313,3.0861,1.8232,1.0798,3.3958,2.8719,2.4082,1.1789,3.951,1.4443,4.0895,1.3499,3.1553,2.042,2.5014,2.5531,0.206,4.6929,2.8909,2.6902,3.5745,2.6135,1.9839
1949-09-30,9.8788,0.9081,5.1467,3.5237,3.4857,4.4938,4.1492,4.3324,5.467,5.3601,4.6868,4.9901,3.4687,4.2203,4.1669,4.1806,4.4134,3.1164,4.0217,6.1666,2.839,2.1577,3.9747,3.7766,4.2398
1949-10-31,8.6956,3.5074,6.5627,6.738,4.634,6.1582,4.7281,2.3846,4.5674,2.2059,3.4177,4.0685,2.1375,3.8674,5.379,2.8726,2.1107,4.1388,0.4447,1.9251,3.6584,3.0261,2.6521,3.3588,2.0448
1949-11-30,-8.9027,1.5771,-2.9582,-0.2627,-0.0203,-2.181,1.2483,1.1269,0.1973,1.0217,2.2828,2.395,1.263,0.257,0.5457,1.2181,1.9625,2.3194,0.4624,3.5896,3.3804,1.0417,-0.1486,0.8086,2.1144
1949-12-31,6.9579,8.5891,7.2971,7.4157,8.6125,5.1126,6.4647,7.1187,6.9075,8.722,6.8461,7.1922,6.1009,8.1954,12.6544,5.4137,5.344,6.8672,6.6872,7.8367,5.893,3.2879,2.8615,4.8185,7.3591
1950-01-31,13.2025,3.4638,6.9472,4.4255,6.479,10.2882,5.2163,4.2347,2.3548,4.7876,3.7651,5.6227,3.4708,2.2185,5.8561,0.6468,2.1895,2.7574,2.7849,8.4415,0.8838,0.7521,2.3292,1.4475,5.6449
1950-02-28,3.7113,5.8812,3.7092,3.8143,0.4039,2.8156,1.5244,2.8267,2.4869,0.5664,1.6351,1.2551,1.1766,0.9765,-0.2943,1.3795,2.265,1.7494,0.5781,2.2912,1.9782,0.7731,1.2733,1.1924,1.3865
1950-03-31,-1.9889,0.0642,3.7871,-1.9579,0.1767,-0.9972,1.539,-0.962,-1.0845,-1.4018,1.0697,1.2675,-0.0964,-2.2415,-1.8777,2.4193,0.7441,-0.2985,-1.3462,-1.1631,1.9732,1.6177,1.5705,1.7275,-0.2686
1950-04-30,10.5076,3.315,8.0555,5.3199,7.4031,8.0903,5.8467,5.7715,4.6332,7.4412,3.5909,4.1069,5.6376,6.5105,9.9395,3.617,1.6034,4.4628,4.5266,3.6202,5.3459,2.3921,3.1926,3.7251,4.3029
1950-05-31,-2.1133,2.6818,-0.627,3.4097,3.2502,1.5985,1.7575,3.6556,3.6899,2.8455,1.4871,1.3955,3.2666,4.7731,1.9171,4.5315,2.4057,4.0739,3.1416,1.9089,4.9197,5.2346,5.0487,5.5402,2.1537
1950-06-30,-14.2631,-10.1201,-10.7946,-8.6557,-10.3354,-6.8223,-6.5897,-7.2853,-9.3963,-9.6112,-6.5819,-8.1097,-5.802,-7.832,-8.3509,-7.1603,-8.3399,-7.6646,-5.6245,-8.4905,-5.5368,-4.9535,-6.0124,-3.5443,-7.2237
1950-07-31,5.6315,2.3724,5.7999,8.735,12.7469,0.6714,1.6373,4.5788,6.2681,14.338,-1.866,-2.3315,2.327,7.3612,17.7763,-1.6562,0.4861,5.3773,8.2946,15.6295,-3.9039,-0.6765,6.6088,12.5679,12.8352
1950-08-31,0.1924,6.2809,4.5511,3.1851,5.776,5.7621,3.8811,5.7523,5.9671,2.1098,5.065,5.0855,5.7979,5.9997,4.35,4.7413,4.3722,4.2628,3.4943,4.0267,6.6767,3.7233,4.9221,2.4713,2.8462
1950-09-30,5.6457,5.772,2.8005,4.3141,3.2939,5.8188,5.8195,4.5754,6.0424,6.2363,5.6587,6.3345,6.7461,5.1757,5.6581,6.3231,6.5064,5.7884,4.337,9.0788,5.3179,4.2464,4.3313,4.0047,3.1612
1950-10-31,-4.217,-3.1521,1.3869,-1.0881,-0.2167,2.5949,0.0582,-0.004,-1.0665,1.1375,0.2036,-1.4728,-0.6008,0.0313,0.2268,-1.2108,-0.9725,-1.9366,0.5814,-3.2306,0.1294,-0.2511,-0.8446,-0.8059,4.6091
1950-11-30,-1.0524,2.1534,1.3371,1.8471,5.2773,0.1354,0.7346,2.0218,2.6261,8.3388,0.9683,1.5903,2.3489,2.9247,8.5056,2.901,3.2497,2.9019,5.5916,7.7221,2.6264,1.8073,4.0934,4.5971,2.4504
1950-12-31,8.4945,7.6946,11.4658,12.7311,14.5443,9.4279,6.0052,10.516,8.6044,14.4941,3.0783,3.6319,6.1526,8.3447,15.1116,4.7617,3.8839,8.9719,10.742,12.9278,3.1198,5.0644,5.8967,9.4055,10.4279
1951-01-31,8.8155,9.078,8.7126,6.8038,11.3216,5.1692,8.6369,5.8889,8.3908,9.8196,6.9758,6.9518,6.8126,9.6292,9.1685,6.5243,7.5663,6.7409,6.0771,9.4083,4.7282,3.9111,7.1015,5.4008,10.2397
1951-02-28,1.1487,0.2168,-0.5498,0.9247,0.1236,1.7748,0.3073,2.2783,-0.104,0.8097,1.9634,2.2525,2.4046,-0.6926,-0.6749,1.3198,0.9636,2.7305,1.425,1.7088,2.5191,1.7519,2.2476,-0.0069,-2.7632
1951-03-31,1.3225,-4.8074,-4.627,-4.9229,-6.7551,-1.9876,-1.0641,-3.3028,-5.6011,-5.1677,-1.5496,-0.968,-4.7552,-4.7589,-6.0535,-1.5993,-1.8546,-3.8661,-6.2028,-5.566,-0.529,-1.3306,-2.9798,-3.4811,-4.895
1951-04-30,1.7789,3.225,5.0832,3.9107,5.0705,3.1938,3.2615,3.6623,5.7716,5.0899,0.6692,3.6588,3.8309,5.6371,7.6127,4.6442,4.7811,3.8767,5.3693,5.1287,4.659,2.9397,8.8547,6.5003,7.8204
1951-05-31,-4.4765,-2.6322,-3.7072,-4.3732,-3.9464,-2.2808,-2.5003,-1.8885,-3.0157,-4.6755,-2.3616,-2.0751,-2.4708,-2.8998,-0.9716,-1.9807,-1.8923,-1.4451,-2.7186,-3.953,-2.2679,-1.7177,-2.2634,-2.0008,-4.791
1951-06-30,-3.9466,-7.3008,-6.8667,-4.6285,-7.212,-4.2738,-4.2237,-5.6674,-5.8278,-7.3051,-4.4491,-4.0827,-4.2305,-6.3851,-10.7812,-2.7969,-2.7422,-4.4937,-5.1727,-8.0965,-2.0112,-2.0022,2.039,-3.7783,-6.6823
1951-07-31,2.7433,3.3705,3.3988,4.3659,4.2876,5.2513,6.0634,5.696,7.0039,7.3612,4.0476,6.7368,5.0511,7.2363,6.7843,8.5136,5.9287,6.3034,8.3386,10.8979,7.0286,5.6804,6.7241,9.3385,10.846
1951-08-31,10.2627,13.2263,4.2955,6.0736,5.1665,4.0404,5.466,3.6247,6.6445,3.8069,4.6098,5.9753,5.1464,4.25,4.9286,3.2957,4.589,4.2415,4.2429,1.6658,3.739,5.7132,4.5505,5.0872,4.7727
1951-09-30,3.2795,2.2511,3.0143,2.2391,1.9469,2.92,3.7458,2.9058,1.8245,4.4819,0.4452,1.9139,1.7142,2.7737,3.6614,1.1172,2.1668,2.7296,3.3942,4.0547,0.47,0.5837,-0.3895,0.1088,1.8579
1951-10-31,-3.5123,0.3929,-3.1265,-3.0295,-1.664,-2.4009,-2.6417,-2.1173,-2.9001,-4.3295,-1.4864,-1.6023,-1.8169,-2.3636,-4.2545,-2.8684,-2.2785,-2.7713,-1.2777,-4.374,-4.2676,-2.5728,0.518,-0.2346,-3.4341
1951-11-30,-0.2918,-1.1955,-0.5439,-0.2275,-1.22,0.3965,-0.6933,0.5931,0.3005,1.3233,1.0135,1.9704,1.6099,1.0782,0.3929,0.6788,2.6513,1.834,1.64,1.4124,0.7308,1.2077,0.0136,-0.1573,1.6531
1951-12-31,-0.6531,-0.3302,1.1402,0.8243,0.2234,2.6437,-0.1408,1.6753,1.0058,0.7465,1.1775,0.6306,1.4197,-0.2284,0.5915,2.7252,2.8434,1.7052,1.1986,1.5337,4.9984,2.9271,4.2052,2.6198,1.4753
1952-01-31,1.3112,2.7395,1.193,1.3729,2.0909,2.0337,1.9938,1.2702,2.5026,1.1032,2.0812,1.8772,0.8363,1.2125,2.0917,1.9185,1.5902,1.3145,2.2425,1.3726,-0.229,2.0105,2.9082,4.5759,3.5186
1952-02-29,-3.8411,-3.3243,-2.4036,-2.9615,-2.855,-1.617,-2.1335,-2.9345,-1.681,-1.9078,-1.5985,-0.7281,-2.3554,-2.6545,-1.7044,-0.8897,-1.1476,-3.4096,-2.1322,-1.6423,-2.324,-2.5878,-3.1851,-3.1747,-3.5029
1952-03-31,1.3001,1.5038,1.6044,2.4237,2.3904,0.9438,1.8378,2.0036,2.746,4.8916,3.357,1.8117,2.5172,2.3697,4.3178,2.6565,2.4109,3.1038,5.4576,7.3812,4.83,5.2421,4.3276,6.8013,7.3267
1952-04-30,-5.8472,-7.0025,-4.3108,-3.8151,-4.9811,-4.9275,-4.9637,-4.2642,-5.4963,-3.9524,-3.9439,-5.503,-3.7755,-4.5302,-3.0593,-5.7586,-4.2298,-4.2747,-6.2639,-2.7829,-4.7196,-4.3054,-4.5717,-7.0916,-5.8777
1952-05-31,-5.7438,1.0672,2.804,2.0819,1.4566,2.1308,2.3019,2.9477,1.9646,3.1104,2.6204,2.9168,1.4384,2.5008,4.0165,3.3527,2.2933,3.382,1.9192,3.1756,4.1374,3.0305,2.7077,3.8126,3.4389
1952-06-30,2.3068,6.1368,2.0095,2.4021,3.3778,2.9585,1.7948,2.0595,2.702,4.074,0.8496,3.0095,2.8965,4.085,3.631,3.296,4.0586,2.7738,3.5987,3.8075,4.0702,4.2618,4.3186,3.3229,7.0475
1952-07-31,1.1811,2.0696,2.5414,0.8343,0.4549,1.8523,-0.0894,1.5614,1.3321,-0.3329,1.5688,1.0094,1.593,1.5258,0.0848,0.8923,1.312,1.6349,1.0958,1.7307,1.3084,1.0821,0.0841,1.4463,1.392
1952-08-31,-4.8072,0.2576,0.6815,0.2026,-0.1541,-0.0353,-0.2424,0.8467,1.6948,0.0861,0.0447,1.24,1.8931,-0.4278,-1.7122,-0.0059,1.0011,-0.4818,-0.11,-0.0156,-0.7708,-1.3824,0.2622,-1.8122,-1.315
1952-09-30,-2.5447,0.2051,-1.2484,-1.7025,-1.1162,-1.6841,-2.0779,0.0509,-2.1009,-1.7333,0.112,-1.1906,-0.7175,-2.8915,-2.5983,-2.2381,-0.4897,-1.3715,-1.1327,-2.4166,-1.5504,-2.189,-1.5605,-4.5134,-2.0766
1952-10-31,-1.5117,-2.7403,0.2071,-1.2099,-1.285,-2.3499,-0.9397,-2.2154,-0.9544,-2.4743,-0.4404,-0.136,-1.8058,-1.2941,-0.8482,-0.1674,-1.3877,-1.6662,-1.7769,1.3141,-0.9161,0.2364,-0.2686,0.1704,-0.3352
1952-11-30,0.1102,8.4143,2.6982,4.3634,4.6737,6.5397,3.6474,5.3629,6.5889,5.8593,5.2666,6.4845,6.0557,6.0999,6.2635,4.3954,5.9082,5.8285,6.1198,7.2,7.3396,5.0276,4.3687,7.0484,8.3554
1952-12-31,1.3514,-1.6774,0.3257,0.5831,1.778,2.0404,2.8798,4.0808,2.591,2.5201,1.9669,2.1634,1.8764,1.3294,2.7057,2.2107,2.0174,1.7747,2.7068,4.3728,3.2174,3.3548,2.6887,4.294,4.7943
1953-01-31,5.1546,5.7551,3.32,4.3515,4.0143,4.0718,3.0607,2.7974,3.7368,3.9368,2.3405,1.0125,3.2934,3.3266,1.6332,0.2636,0.7356,3.7543,2.174,1.9051,-0.9896,-1.2145,-0.0552,-1.0333,1.2325
1953-02-28,7.0319,3.9152,4.4165,2.6235,2.2775,1.8487,0.0564,1.9002,1.5746,1.643,1.6427,1.5323,0.739,1.4153,0.1698,1.41,0.4951,0.0171,1.8247,-0.8485,-0.6267,0.0076,-0.3769,-0.3782,-1.2238
1953-03-31,-10.5707,-3.6868,-1.7723,-1.046,-1.5211,-2.7128,-0.592,-1.5627,-1.7762,-2.0321,0.5014,-0.5869,-1.6434,-1.2226,-1.9277,-1.078,-0.8185,-2.2226,-2.525,-0.8935,-1.3104,-1.4482,-0.777,-1.0668,-2.9203
1953-04-30,-1.1404,-4.8773,-1.0159,-1.9176,-1.7482,-3.1021,-3.2881,-1.5468,-0.659,-1.7793,-3.7049,-1.498,-2.2404,-1.6771,-1.6361,-2.0822,-3.3891,-1.5659,-1.9149,-2.2839,-2.7523,-3.3836,-2.4814,-2.5674,-1.6836
1953-05-31,3.5977,-1.1586,2.3189,-0.2492,1.4908,0.0994,1.2898,1.7063,-0.1972,0.6421,0.1623,-0.3519,0.7063,0.7632,1.1336,-0.222,0.0391,0.5014,1.136,4.221,0.8157,0.6316,0.394,1.0601,1.9497
1953-06-30,-6.6522,-5.6763,-5.3745,-3.3082,-4.6478,-3.1293,-3.9819,-2.4665,-3.2393,-4.9608,-2.4932,-3.2446,-2.6205,-4.151,-2.9896,-2.4542,-3.381,-2.5646,-4.2573,-1.4265,-1.733,-1.2315,-0.205,-1.8064,-1.2421
1953-07-31,-0.2171,-0.0291,2.1738,1.3367,2.4746,-0.5866,1.4079,1.5849,1.4388,1.1058,1.3582,1.5293,1.604,2.4118,2.0612,1.5805,1.7392,1.8341,0.4916,0.9853,2.8246,3.3919,1.8183,1.6808,1.5344
1953-08-31,-8.8272,-7.0503,-7.4339,-5.8358,-5.2902,-3.3858,-3.6959,-5.251,-6.3853,-6.3717,-3.614,-2.1788,-5.6666,-6.3329,-8.3327,-3.9978,-4.045,-4.1103,-6.4905,-9.2172,-3.5851,-4.0631,-4.5403,-6.3609,-9.6234
1953-09-30,-1.9179,-3.8665,-1.126,-1.7722,-3.3027,2.462,-0.9669,-0.9685,-0.7162,-2.3086,1.0483,-0.9141,-0.8231,-2.0299,-3.1489,-0.1891,0.7383,-0.3776,-0.9967,-2.7833,1.2321,0.803,-0.7553,-1.3005,-1.646
1953-10-31,-0.419,2.4924,3.4797,1.361,2.5892,0.7389,3.5181,3.5974,2.9443,3.682,4.1576,4.0099,3.893,5.9579,3.5103,4.3948,4.4567,5.3648,3.3996,3.3953,5.2976,4.1844,5.1451,5.7789,3.559
1953-11-30,0.1467,4.4651,2.0039,0.9555,1.9846,1.9034,2.602,2.7179,0.6391,1.5708,2.7948,1.7933,1.4256,1.7265,1.9012,2.6091,2.842,3.2551,3.5888,3.8016,3.9,2.336,1.5979,2.9129,2.4348
1953-12-31,-4.313,-2.8911,-1.97,-1.5469,-3.6826,-1.0323,-0.9234,-0.6227,-1.9373,-4.2911,0.6991,-0.5947,-1.74,-1.2359,-2.6815,0.5234,-0.064,0.1754,-1.91,-4.4419,0.6822,0.7219,0.5478,-0.8348,-4.8847
1954-01-31,11.0762,8.1303,4.5389,7.652,8.8143,4.3828,5.2483,6.351,6.782,9.5672,6.1173,7.1511,6.5971,6.9782,8.1178,5.0875,5.5314,6.615,6.543,8.2068,3.4449,5.431,7.3896,8.8077,7.9763
1954-02-28,0.0699,2.2133,-0.055,0.3839,0.0844,2.4744,-0.3378,3.062,2.6241,-0.3083,1.3557,2.396,1.9852,2.3542,0.8511,2.2474,1.929,2.9121,1.5064,0.606,1.7581,1.8167,1.8796,-0.1678,2.3609
1954-03-31,3.067,3.1961,3.1247,3.1106,2.2731,2.8448,2.7246,3.5596,2.4946,2.3102,4.1337,1.8008,3.9415,3.0958,0.4652,4.6397,3.0802,5.0678,3.2184,2.1398,4.4773,3.7938,2.8571,2.2411,0.7129
1954-04-30,-5.2562,2.7683,3.1515,1.2815,-0.4157,-1.4716,-0.1866,2.6544,0.0835,0.3862,2.4552,1.9232,2.8747,2.4856,-0.6106,1.4489,3.5223,2.5899,-1.1368,0.533,5.586,4.5659,5.2799,5.7179,1.3735
1954-05-31,0.241,6.7877,4.6893,4.5569,4.5545,2.6778,3.9653,4.5356,4.7413,3.8481,2.805,3.3722,2.8515,4.3964,6.7437,3.8128,3.0083,4.4358,6.2991,6.9546,2.8067,2.1782,2.3304,6.9248,7.4527
1954-06-30,-4.2574,0.3917,0.932,0.8312,2.2287,1.1842,-0.6296,2.9098,1.2044,2.604,1.3368,1.5328,2.0918,2.2274,1.5249,0.9691,2.6148,3.313,0.9373,-0.1605,3.1737,-1.1298,-1.7153,0.9265,-0.7479
1954-07-31,2.6167,7.4849,4.1046,9.4346,14.6002,3.5606,6.7858,7.088,7.133,8.3039,5.4672,6.8971,6.6538,7.1243,6.5293,5.6815,6.6708,7.4176,5.1142,8.5532,3.7826,4.961,4.8908,7.2466,8.7903
1954-08-31,3.1558,-2.5189,-0.2444,-0.2776,0.0885,-1.8721,1.5532,1.2306,0.7383,-0.9144,0.2228,-1.6437,-1.3988,-1.5268,-1.4198,-1.7956,-1.7413,-0.9384,-0.8935,-3.1228,-3.463,-1.1085,-1.4439,-4.6012,-5.0736
1954-09-30,0.6616,4.9797,2.9712,4.3945,3.6738,4.6122,3.9995,4.5785,4.6603,4.8824,1.6066,2.5688,6.6891,4.1021,5.1602,4.0359,4.6307,6.413,6.1927,4.1065,7.492,6.1517,9.3877,7.2231,3.5102
1954-10-31,-0.465,-2.836,-0.0764,0.3026,0.5009,-3.6816,-0.2494,-0.1117,-0.5171,-2.9548,1.9332,-0.1657,-0.5199,-0.2332,-2.0666,-1.1448,-0.8193,1.5064,-1.4593,1.3188,-2.4221,-1.7,-1.9263,0.2769,0.4586
1954-11-30,3.6793,9.8554,8.9057,7.4494,7.5054,9.2374,5.2943,7.3369,10.4844,9.2204,7.4682,9.6277,9.4311,13.2186,10.5573,7.2027,8.9095,11.9653,12.0828,13.3919,10.3681,7.2824,8.6997,13.6642,15.5884
1954-12-31,13.5927,10.0228,8.3837,12.8278,12.7888,7.7743,11.0221,9.6518,8.5573,11.2862,4.239,7.1761,8.1671,10.9826,12.8354,4.5368,4.4049,5.3808,8.7329,14.1686,3.9403,4.3865,7.9725,9.7108,15.5933
1955-01-31,-5.0949,4.6307,2.4776,3.7154,4.6829,-2.4464,1.5783,0.9075,1.3473,1.4065,3.0375,1.4682,3.5088,1.6604,2.5432,-0.1205,1.187,1.1074,0.1584,0.3773,-0.1703,1.5554,-1.5306,2.8182,1.8369
1955-02-28,2.4106,9.1478,5.0445,5.3657,5.8972,3.4022,3.8544,3.6331,3.6695,5.0623,5.1234,5.2148,5.1594,5.8552,4.3715,3.524,3.1649,4.1911,4.0056,3.2257,2.8795,2.5964,2.8881,2.4801,5.1919
1955-03-31,-0.1046,-0.9847,-0.2815,-0.8196,-0.3454,-0.0786,0.2663,-0.7719,0.1803,2.0491,-3.2137,-0.9784,-0.5046,0.8763,5.514,-0.3445,-1.4315,-1.7952,-1.5387,1.6826,-0.0613,-0.3247,0.1463,1.5103,0.7081
1955-04-30,3.7138,-1.3012,2.4274,2.9027,1.2695,0.4123,1.3977,1.5076,2.5635,2.9034,3.1635,3.2919,2.1254,1.7072,0.1735,3.7309,1.3504,2.6298,1.1376,1.0974,4.6929,1.936,2.1313,5.539,4.6866
1955-05-31,-1.5309,1.3871,-0.1064,0.7767,0.8034,-1.1409,2.0929,-0.2592,-0.6533,0.4994,1.6335,-0.5404,0.9024,0.525,0.8144,1.2389,1.4633,0.6711,2.4868,0.3324,2.4866,-0.0886,0.5143,-0.8596,1.4294
1955-06-30,5.2902,3.7152,1.8131,4.826,4.4021,1.9261,1.3919,3.4043,4.0408,2.1573,2.6898,1.3738,3.2816,4.2612,1.3544,3.4087,5.6012,5.434,5.5891,0.8637,7.478,6.016,11.1096,11.6472,5.0393
1955-07-31,9.3525,3.3223,0.3958,1.6183,0.7267,-4.3465,0.0447,1.8706,1.074,1.9609,0.9613,0.0502,-0.5744,0.4961,1.0002,-0.3356,0.6997,0.1495,0.5402,1.5823,2.3393,4.2979,1.6406,-0.5919,0.2045
1955-08-31,1.9667,-1.8527,1.1129,-0.5968,-0.4036,1.7311,1.3836,-0.0705,-1.5493,0.7932,3.1485,0.774,1.0617,1.0638,0.5074,1.5073,0.9938,0.3193,-0.0541,-0.4723,0.7455,-0.8361,-0.7569,3.0189,2.0852
1955-09-30,1.9215,-0.381,1.8353,-0.8215,1.6621,-2.3163,-1.271,-0.5101,-1.4583,-0.2918,-1.4281,-1.7281,-0.6415,0.6255,-1.306,-1.5612,-1.5687,-0.8423,-2.1306,-1.3642,0.016,0.2068,0.5477,0.1332,-3.6838
1955-10-31,-4.768,-3.6503,-3.5704,-1.0187,-0.4595,-3.4335,-1.6199,-1.2117,-1.0575,-0.2929,-1.1999,-2.3853,-1.6004,1.3923,-2.3014,-1.8308,-1.3688,-1.7843,-2.1998,-4.3366,-3.5508,-1.4027,-1.2345,-3.7947,-3.8423
1955-11-30,-2.207,7.4921,3.1968,3.7908,3.4547,5.8509,7.0027,5.2072,3.4425,5.5975,6.8577,6.1599,5.8577,4.5912,7.5156,6.9807,6.6327,5.6035,6.2481,6.9567,8.347,7.8852,3.7757,7.8855,11.5674
1955-12-31,2.2967,3.0311,0.1054,3.9826,2.0678,0.4945,1.4255,2.441,2.1056,2.0754,5.8605,2.3402,3.9306,1.064,1.742,2.0583,2.4277,2.3085,1.2112,-0.5123,1.6756,1.997,2.1783,-0.3773,-2.1178
1956-01-31,3.2489,-0.4626,0.1072,-0.9409,-1.3936,-2.3221,-2.2723,-1.4087,-2.6215,-1.4269,-5.1162,-2.4916,-3.8928,-0.7581,-3.6616,-2.8598,-2.9615,-3.0025,-3.8543,-4.3157,-4.4583,-1.1852,-0.5206,-1.5756,-2.9256
1956-02-29,7.1961,1.2599,1.3772,3.1997,3.5754,2.6799,3.1501,5.173,3.0467,2.261,3.7359,2.5377,4.2151,3.3383,2.6195,3.4756,4.229,3.1827,3.9694,3.7679,5.4319,3.0541,2.2873,3.8793,3.3154
1956-03-31,0.6216,3.0163,1.3524,7.9229,4.8799,0.1189,4.8389,4.7894,3.7309,5.8402,7.5597,4.1773,5.7481,5.8416,3.6419,5.9239,6.143,6.5168,4.645,2.4517,6.991,9.9622,5.2121,5.8107,8.8403
1956-04-30,0.8226,-0.4484,-0.8637,0.4246,0.8246,1.2505,1.8325,-0.613,-0.0218,0.3151,-2.3139,0.6951,1.1079,1.8733,0.0193,1.1215,0.1811,0.8187,1.0987,0.7886,-0.8026,1.7352,2.1388,1.2042,0.6519
1956-05-31,-1.3675,-5.9374,-2.4188,-3.887,-4.0307,-4.328,-5.6866,-3.9699,-4.4615,-4.3269,-1.2074,-3.8268,-2.2771,-4.6173,-5.0726,-2.8265,-3.3787,-4.8457,-4.6394,-5.6338,-4.9289,-6.0001,-4.6853,-6.552,-8.642
1956-06-30,-4.6902,0.387,2.6509,0.8333,0.0927,0.2318,2.7095,1.9672,1.5951,1.6281,4.4159,2.6944,3.8796,3.6933,1.6028,3.6412,2.9151,2.2054,1.6433,0.8743,5.3896,1.5598,3.5888,3.3559,1.8695
1956-07-31,0.0881,2.837,0.1003,3.7517,3.1547,1.6279,4.387,2.4129,3.8935,3.8626,3.7429,4.0695,4.7032,3.9818,3.5257,4.436,5.4208,3.9078,5.096,3.0656,4.5917,7.7716,5.3692,4.883,3.0366
1956-08-31,-4.7496,-2.6287,1.8057,-1.5152,-0.9852,-1.5778,-0.2437,-1.6806,-1.2962,-2.1501,0.7677,-0.9987,-1.7227,-1.4253,-3.5591,-3.043,-2.6601,-2.4296,-2.0523,-2.8966,-3.1588,-5.0607,-1.9063,-2.974,-4.659
1956-09-30,-2.6572,-7.8103,-2.3581,-2.4729,-1.3048,-4.3278,-1.4228,-3.3612,-1.4562,-2.1746,-4.8283,-4.8724,-3.273,-2.6721,-1.9031,-4.5327,-4.2618,-3.7733,-3.3253,-2.8013,-6.2455,-4.7449,-2.9992,-5.5326,-2.98
1956-10-31,-4.8011,1.5496,-0.4671,0.5893,0.9236,-0.4463,1.8047,1.0328,0.2567,0.2133,0.5269,0.5947,-0.1057,1.8687,0.8238,0.2525,0.7956,1.2426,1.3883,0.6419,0.7404,0.775,0.6532,0.9561,1.7175
1956-11-30,-5.5375,2.139,-0.7192,-0.1278,1.2014,0.3572,-2.4049,0.0917,2.5739,2.6559,-1.1675,1.8224,1.0079,0.204,2.1457,1.2272,0.6579,-0.4174,1.7151,-0.723,-0.5194,0.2862,2.4728,5.6065,-2.4898
1956-12-31,6.0663,-2.2951,1.0966,1.1315,0.9394,2.7555,4.8484,1.9728,2.2373,3.6031,4.308,3.1229,3.6619,1.2436,0.2718,2.7239,2.5438,2.6804,4.2773,3.7512,3.4926,4.7752,3.7688,1.6954,1.9927
1957-01-31,0.0197,0.7544,1.7573,2.5844,3.2236,2.0206,-0.7069,1.7816,0.0894,2.3229,0.089,-0.6411,-0.995,-0.2562,1.7367,-1.1302,-1.0159,-0.9185,-2.1744,-1.3246,-4.9083,-4.4238,-2.1186,-4.2307,-0.6817
1957-02-28,3.1479,-2.1257,-2.9164,-2.47,-1.636,-5.4944,-2.0041,-3.4302,-3.3382,-1.6564,-2.6546,-3.1218,-2.4419,-2.5571,-3.5925,-0.7782,-1.1281,-2.0203,-4.1098,-2.5403,-1.6427,-1.1366,-1.7287,-4.0972,-4.0446
1957-03-31,-2.5436,0.5621,3.0073,2.7194,0.8686,2.528,1.3604,1.8068,2.2027,3.2144,1.5851,3.4336,3.0397,1.8767,1.7265,2.9364,1.5378,2.8411,3.2723,1.6843,2.6362,2.1699,2.2151,1.1433,2.2269
1957-04-30,0.3026,-0.5865,3.1464,2.1336,3.1932,2.4497,-0.7819,4.0298,1.058,4.3102,3.1435,1.634,3.5854,1.6889,1.0661,3.9834,2.1176,2.6305,4.0443,0.3307,5.673,5.621,3.1969,4.7525,1.9016
1957-05-31,6.8888,1.1336,-1.4184,0.7244,0.2427,3.5635,4.3772,0.5702,0.8804,3.2404,3.0552,1.4625,3.3589,1.7615,2.1528,2.8826,2.208,0.5869,1.6297,3.7631,5.1026,3.3075,3.1609,1.8449,2.829
1957-06-30,-2.6946,1.0527,0.1335,1.0551,1.1104,-0.1249,-0.497,-0.3863,-1.9698,2.2093,1.3816,-1.6062,-1.9109,-0.3547,-0.9761,-1.1312,-2.5432,-1.7808,-2.8214,0.1829,0.3541,-1.7011,-0.5862,-1.7906,0.313
1957-07-31,11.123,-2.9746,0.4934,0.1678,0.0045,-1.5469,0.6524,0.5585,1.1353,1.2707,1.0853,-0.4163,-0.0928,1.4653,0.8192,-0.1202,0.3793,0.1257,1.2187,1.3468,1.5357,1.1224,0.0983,1.0896,1.1986
1957-08-31,-3.5041,-2.764,-3.8904,-4.6897,-3.9483,-4.518,-3.5749,-3.9135,-5.2026,-6.0241,-6.0236,-4.2728,-4.9427,-5.6537,-5.9406,-7.414,-5.5379,-4.027,-5.7328,-5.5713,-5.4341,-4.7351,-2.2783,-5.2293,-4.9836
1957-09-30,-7.8498,-2.1352,-4.3986,-4.0138,-4.8282,-6.6316,-4.4062,-3.3876,-4.2286,-6.4798,-5.755,-7.4888,-4.3387,-4.9561,-4.182,-5.0061,-4.968,-3.3646,-6.7372,-8.4931,-6.8718,-5.0402,-4.0218,-5.3891,-8.4277
1957-10-31,-8.9039,-9.7888,-5.7304,-6.5011,-9.3718,-6.5949,-6.2025,-5.1911,-6.1831,-8.9393,-7.2374,-5.1936,-5.2952,-5.6651,-7.9811,-6.0758,-2.1726,-3.0198,-7.1642,-10.3779,-3.6557,-3.3693,-3.3478,-5.5073,-7.5323
1957-11-30,2.5721,-2.2175,0.8298,1.0525,1.3205,1.7433,2.487,1.4026,-1.345,0.3738,4.2774,3.3381,2.4124,2.2787,3.8215,4.1488,3.7035,1.8066,1.7384,-0.6191,2.8588,3.09,1.7814,2.0376,-4.1459
1957-12-31,-10.5443,-4.9753,-4.7181,-5.7806,-5.1962,-5.7096,-2.6963,-1.4616,-7.1478,-6.7782,-4.2925,-2.5512,-4.88,-6.5934,-4.2831,-3.5548,-2.563,-0.749,-7.0191,-5.6805,-3.686,-4.1618,-1.5202,-7.1492,-6.7649
1958-01-31,22.9359,9.7605,10.0512,11.7014,15.0307,12.4917,11.1556,8.4938,11.2316,12.5528,8.2847,8.7644,10.2715,12.6156,11.3753,7.251,8.2567,7.5633,13.4156,13.8502,2.931,3.7061,5.2946,7.2105,11.8596
1958-02-28,-7.9772,0.703,-1.9839,-1.4262,-0.8991,0.6717,0.1786,-0.4713,-0.0408,0.1955,-0.7108,-0.2366,-0.4777,-0.2253,0.2979,-1.4266,-0.2974,0.893,-2.008,-2.4979,-2.0324,-1.157,-0.7207,-3.1697,-3.3065
1958-03-31,0.1022,5.95,3.9469,4.8075,3.0869,8.2153,2.4012,3.3041,2.8648,3.7328,3.0778,4.6617,3.1331,3.2683,4.2143,5.7429,2.9558,3.2094,1.9904,3.1799,3.1918,3.2578,3.8122,3.0003,1.3388
1958-04-30,4.0672,5.7791,1.9688,3.2504,3.8812,4.9601,4.0601,2.7418,2.3135,4.8392,2.8508,0.873,1.8698,0.9224,4.6716,3.778,2.8487,2.1083,3.2184,6.1621,3.0303,3.4884,3.2125,2.6465,6.2872
1958-05-31,8.1277,4.8729,4.1815,4.2089,4.0405,4.3767,3.1579,3.242,3.6762,5.7491,6.6781,4.623,3.9514,4.8539,4.6003,2.7396,2.1921,2.8347,3.346,2.2234,1.8446,2.7542,1.907,3.5048,4.076
1958-06-30,2.8976,1.8434,1.4345,3.3606,2.9251,0.2439,4.964,2.8141,3.2605,3.1874,3.3656,2.4471,2.8862,1.3765,3.6021,3.2846,2.0749,2.8463,3.2996,4.7939,2.9599,3.2459,2.9758,2.781,3.2275
1958-07-31,1.1712,7.1839,7.3804,6.1803,5.7312,1.9699,2.7745,5.5581,5.3654,7.0925,2.5334,5.7718,6.8852,7.2209,10.1413,3.6583,4.0705,5.5423,5.4374,9.3553,5.1272,2.1286,3.8114,5.5898,7.8232
1958-08-31,3.299,-0.4205,3.2192,2.8599,4.4976,3.9611,3.4696,1.9808,2.1209,4.6049,3.8307,3.4552,3.369,4.1574,1.8423,3.4354,1.952,3.304,1.8473,3.8981,1.7986,0.746,2.3787,1.4051,2.0705
1958-09-30,2.9731,9.5417,5.1422,3.9149,7.4029,2.1529,4.185,4.4439,7.6207,8.9475,3.8497,2.1375,4.0488,6.0312,9.289,3.8602,3.5782,5.0513,6.5272,11.7161,4.8373,4.5671,4.7683,4.1164,8.627
1958-10-31,7.5936,6.3023,2.0742,1.9581,2.6184,11.3396,4.9734,2.0691,4.434,4.5649,0.8758,5.3881,2.6469,3.8752,5.1774,3.1834,3.4668,2.9281,2.331,4.6207,2.3462,3.1076,2.7077,2.3967,3.5475
1958-11-30,12.0672,11.9907,9.1045,3.9136,3.197,4.9429,7.8361,4.1459,4.8123,5.433,6.5031,1.622,2.7363,3.7988,3.0208,4.7752,3.8425,5.7449,4.604,5.0585,3.309,2.676,1.3648,2.6553,3.2582
1958-12-31,4.0173,-0.7044,3.0726,4.2612,3.4757,6.3092,6.2621,2.719,4.2358,3.5562,0.742,3.0554,2.2951,3.7328,4.2757,3.4243,5.1187,5.4428,3.8431,1.9897,5.2702,4.7977,9.5083,2.6829,4.8422
1959-01-31,8.3594,1.7031,14.9487,5.7325,6.5445,3.4682,2.8235,3.6902,7.3377,5.7324,3.6132,1.4947,5.3183,4.9803,4.0451,0.462,2.051,2.6716,5.72,2.2074,-1.1123,1.1342,2.7413,2.3851,5.3631
1959-02-28,2.0047,4.5013,2.6023,4.1739,3.0702,6.3361,2.6022,3.4487,2.2701,3.096,1.9891,4.3771,3.9152,6.0452,-0.7492,3.564,2.7876,3.057,2.6062,1.2142,0.7499,-0.4833,0.8584,1.0262,2.1373
1959-03-31,1.6045,-2.5369,0.0518,1.6607,3.3803,3.5297,1.6932,1.6551,1.8684,3.1415,0.7877,2.1629,2.0572,-1.2685,0.7423,0.6789,-0.1192,3.2607,0.9016,-1.1342,0.6884,0.9626,-1.499,1.7431,-0.3467
1959-04-30,-1.3214,6.3907,-0.976,1.7832,4.4388,3.6928,6.0524,2.7867,2.9992,1.3058,2.4699,4.9625,2.6574,5.5145,2.7006,3.9313,2.8466,3.2189,4.5004,3.9462,5.836,0.8792,2.8322,2.9158,3.335
1959-05-31,-0.6906,0.4959,3.2294,2.248,1.8284,-1.2068,-0.6436,0.4779,-2.5319,1.2968,0.015,0.3231,-0.6636,2.5769,4.0249,-0.3602,1.2192,1.8505,1.8057,1.4011,3.4166,0.34,1.5871,0.8467,4.7256
1959-06-30,-1.8151,1.1832,-0.9156,1.003,1.2243,-0.3719,1.5584,0.4981,1.0971,0.3462,2.5985,0.7591,1.0174,0.5052,4.3169,1.2651,1.0993,2.3612,-0.0474,2.1842,-0.4895,0.1684,-0.3286,-0.5137,2.6201
1959-07-31,3.5788,-0.7031,4.2509,1.3856,3.5166,5.2422,1.7567,3.5625,3.4568,4.438,2.2783,2.0484,4.1762,4.0505,4.1117,2.6007,2.1526,2.0107,4.1361,3.1087,4.2778,3.6074,1.8011,3.3202,0.7899
1959-08-31,1.3809,5.2642,-1.4017,-0.0058,-1.6911,-2.8165,-1.7302,-0.4179,-2.738,-1.2684,-1.425,0.7415,-0.6574,-1.2453,-2.696,-2.4307,-0.5864,-2.7836,-2.6881,-1.6648,-1.3722,-1.4255,0.3197,-2.9309,2.5871
1959-09-30,-9.3107,-3.0788,-5.3243,-1.5922,-5.9407,-5.0502,-4.9494,-2.7062,-5.3334,-3.9434,-4.5655,-2.3712,-5.1274,-5.489,-2.7201,-5.9051,-4.7547,-4.7084,-3.8222,-3.8633,-4.6282,-4.9624,-2.4331,-6.3665,-5.6265
1959-10-31,1.5381,7.9136,0.6244,1.5588,1.0244,2.3758,2.6103,2.9558,2.2617,1.6033,4.7266,5.3576,2.149,2.2401,-0.791,3.4819,3.8311,2.3323,3.0072,-0.488,1.1069,1.5968,1.4471,-0.0258,-0.763
1959-11-30,-1.6512,1.5128,-1.0245,1.6076,0.4504,7.1664,-2.0712,1.7682,2.7999,1.9593,2.9681,0.388,0.7247,2.4057,-1.1511,3.6879,2.7256,3.1712,-0.7084,0.9119,4.1691,-0.4193,-0.7428,-1.9332,0.0174
1959-12-31,4.9949,5.6722,2.0618,2.9386,2.2294,0.8756,5.2106,1.4697,4.2615,0.963,3.1148,0.9922,2.3597,2.0317,2.243,1.0045,1.0383,0.4022,3.2305,2.1748,3.1481,3.2128,2.8527,3.9974,6.289
1960-01-31,-5.7311,-5.9149,-1.0521,-1.8112,-0.7447,-4.4467,-6.0006,-2.4999,-3.4674,-4.1392,-6.6182,-4.3566,-6.155,-3.9264,-5.1005,-5.7654,-4.2205,-5.9456,-7.4515,-2.6133,-9.115,-6.9822,-1.6829,-5.8367,-7.5513
1960-02-29,-2.1137,3.9528,-0.7592,-0.9373,1.1544,1.7178,2.1689,1.6031,2.7654,0.8304,1.7908,0.319,0.0189,0.8324,-0.6751,2.1012,1.7484,1.8111,0.7331,1.6199,2.3159,-1.446,4.9601,-2.6944,-3.9617
1960-03-31,-2.5215,-5.1835,-3.5807,-1.6955,-2.6026,-3.8771,-2.6159,-3.1728,-1.9141,-4.7045,-1.6315,0.2293,-2.937,-3.6963,-6.7433,-0.4087,-0.3366,-4.0914,-3.7341,-6.8144,-0.4014,-1.7662,-0.5966,-3.2452,-7.1742
1960-04-30,-4.9511,1.013,-2.4361,-2.7619,-2.4719,1.0238,-4.6126,-1.6955,-1.4089,-3.0982,0.8657,-1.8045,-2.556,-2.5741,-5.6135,0.002,-0.488,-2.1811,-2.7912,-2.3546,-1.0732,-2.717,-1.4885,-2.1734,-3.7298
1960-05-31,-4.8661,-1.3715,-1.4995,2.1057,1.7782,2.965,6.2321,1.7623,2.6387,6.2658,7.1086,1.2702,4.068,2.4113,0.0739,4.1567,1.8089,0.3057,2.8191,0.4867,5.0457,2.5483,1.5758,-2.0365,-0.938
1960-06-30,3.6376,-3.3236,5.8544,3.3847,1.9523,3.9574,2.7417,1.5342,2.0435,0.3296,4.4771,1.1801,2.1384,3.8373,1.4058,2.5769,2.1414,2.996,1.3966,2.8816,2.4094,2.5827,1.2876,3.2461,2.6943
1960-07-31,-5.4142,-3.9298,1.0275,-1.2118,-1.7963,-3.4588,-1.9549,-1.8322,-2.3759,-1.8943,-1.6934,-1.9629,-1.9675,-1.1835,-1.8326,-3.4869,-0.82,-0.4298,0.363,-5.5297,-4.0861,-1.8222,0.3982,-0.9167,-0.0662
1960-08-31,22.9883,9.1182,2.3802,4.6704,4.3608,0.1312,1.6211,2.4425,4.901,4.261,4.7257,5.972,3.7469,3.9934,1.3344,1.638,3.6511,3.7435,4.4043,0.6442,2.6642,2.8838,4.4778,4.1534,2.5054
1960-09-30,-15.6938,-7.3166,-3.5665,-4.6357,-7.2488,-7.5854,-5.5432,-6.8196,-5.8329,-7.677,-7.2962,-5.4835,-4.5507,-6.1547,-5.5662,-5.9373,-4.5635,-5.3878,-5.1059,-8.7407,-7.1051,-5.6178,-3.9809,-4.9856,-3.7555
1960-10-31,-8.7853,-3.4217,-2.9395,-1.2589,-3.1462,-7.2253,-3.0011,-2.4483,-3.8607,-0.9987,-3.3198,-2.5927,-2.7492,-2.3765,-3.6534,-2.0345,-2.1555,-1.5162,1.2115,-3.7099,-0.6664,0.4136,0.2956,0.0613,2.2188
1960-11-30,-2.8618,-0.044,-0.7857,2.3339,1.6759,7.0134,8.3645,4.6571,4.3209,1.9847,7.2655,5.1906,6.6247,5.9326,4.0618,8.6752,4.5913,4.7717,4.9134,3.2176,5.278,5.3201,3.0107,4.0722,4.5763
1960-12-31,7.8067,3.3094,2.8403,2.9268,1.1672,4.3219,2.5166,3.3311,3.7506,2.5764,3.0299,4.317,4.2547,3.2065,1.8308,5.9746,4.5688,5.4903,3.763,2.5685,3.3228,4.7451,9.0093,3.589,3.3519
1961-01-31,10.4794,9.2594,8.4889,8.0486,9.1245,10.6119,5.8097,6.9719,9.3369,9.2387,5.9849,6.6127,8.2575,9.8693,12.8894,6.657,8.1209,7.6699,9.1916,13.1821,4.2225,6.6731,7.8876,7.8489,9.9266
1961-02-28,5.4696,7.7713,5.8802,6.1488,5.5623,9.1599,9.1071,5.4951,9.2771,8.1265,6.0369,7.0024,4.8649,5.9528,5.0514,6.0745,6.1354,5.1976,4.5231,3.9978,3.7137,4.5546,0.9053,3.7147,2.3167
1961-03-31,12.4151,4.674,7.4426,5.4311,5.528,11.3102,9.4548,4.4944,5.6902,7.0408,5.7423,4.6259,4.1781,4.1838,5.6853,5.9888,2.5984,4.1857,6.3437,3.8972,1.8966,2.6774,4.1973,-0.5202,1.5527
1961-04-30,1.2501,3.2682,1.3865,2.2736,1.087,1.2284,0.0541,0.7096,3.3539,4.3975,-0.7929,1.4913,-2.2154,0.6505,1.3473,-0.7181,0.8048,1.7017,-0.2243,-6.3781,-0.6453,-0.1566,2.2472,0.6992,4.9735
1961-05-31,-0.684,4.3615,2.2187,3.4191,5.0815,1.3493,1.2558,7.4056,2.8474,6.0126,4.1832,4.1031,3.705,7.1324,3.0394,3.5322,3.7986,3.1854,4.4203,6.9214,3.2489,3.0922,0.0647,2.5308,1.4339
1961-06-30,-6.0798,-5.5043,-4.4066,-5.7014,-4.75,-7.5365,-2.8358,-4.1728,-4.97,-5.8963,-5.5372,-4.9243,-2.966,-5.461,-4.3278,-4.7533,-3.6458,-2.9605,-0.7657,-2.7284,-1.4323,-4.0283,-3.1228,-4.1123,-2.9845
1961-07-31,2.4795,0.0159,-2.9374,2.4263,-0.6221,-0.1539,-1.2171,0.7242,0.5262,2.1011,-0.3481,1.2739,2.1012,1.0764,1.8466,0.5729,2.7993,2.7882,1.0982,-0.0865,1.9371,5.0636,4.0157,1.0847,2.9109
1961-08-31,2.7397,1.0327,0.0868,-0.5741,1.8057,3.5346,0.4266,1.5303,0.5449,1.7395,-0.147,1.4889,-0.2997,2.4386,-0.1362,4.9318,4.2322,3.9974,0.6273,2.861,4.0833,2.1033,0.5856,1.6762,3.6973
1961-09-30,-4.5571,-6.0244,-2.8324,-2.6615,-4.2482,-5.0118,-5.2111,-3.1571,-3.6514,-1.4104,-3.78,-0.0322,-2.6664,-2.3218,-4.9378,-1.89,-2.6284,-2.6905,-3.9482,-3.7231,-0.7111,-1.8632,-3.5984,-4.7702,-0.2767
1961-10-31,3.2559,6.5984,3.2896,1.9975,1.1562,-1.4868,1.884,3.2524,1.0226,1.0276,2.5687,3.6146,1.7763,1.8709,-0.1761,2.9073,3.4023,4.7799,-1.6381,2.5217,3.4741,1.4023,3.83,5.7808,0.7684
1961-11-30,6.213,5.1244,6.5342,6.3227,4.7908,2.9215,8.2215,5.5005,5.7519,5.9438,8.0765,5.0938,4.1969,4.3933,2.1041,4.4988,2.3205,5.4696,3.8533,3.6976,3.2638,6.8042,4.0059,3.2626,4.0597
1961-12-31,-3.1887,4.0619,-1.4659,1.3342,0.3709,-4.5414,0.1175,-0.2181,1.9905,-1.3768,-1.5655,-1.7264,0.5932,1.1561,1.8569,-3.6675,-1.7244,-0.117,1.5137,-1.2528,-1.4004,1.0517,2.6605,2.702,0.0339
1962-01-31,4.0449,-3.4595,1.5502,1.7377,3.1729,-3.376,-0.551,-0.6168,0.7778,2.6938,-4.6921,-1.095,-2.2749,-2.5373,1.5675,-5.3758,-1.9835,-2.7361,1.7842,3.6408,-5.8983,-3.8848,-1.1047,-0.327,0.06
1962-02-28,-0.3872,-1.1509,1.9115,1.7564,1.9079,1.5259,1.0527,-0.173,2.4454,1.4712,3.5675,-0.6679,0.9282,1.5411,1.6039,1.3729,1.3487,2.6458,0.7872,0.9645,1.7444,2.0937,2.988,3.1395,1.7622
1962-03-31,-0.2224,1.8139,1.7271,1.086,-0.0504,-0.1003,1.0888,-1.2539,-1.2198,-0.9603,0.3483,1.0179,-0.5858,-2.1375,-0.6413,-1.5271,-0.9039,-0.5767,-0.3706,-2.449,0.3219,-0.85,-0.4208,-1.0992,-3.6408
1962-04-30,-7.2747,-7.72,-7.1729,-7.7742,-6.7767,-8.2778,-6.8753,-8.3174,-6.4706,-6.2054,-5.1916,-4.0898,-7.1587,-6.0738,-7.3714,-6.8046,-6.4011,-6.9757,-7.833,-5.5877,-7.9105,-5.0753,-5.4429,-5.627,-5.5094
1962-05-31,-11.9195,-11.1442,-10.4303,-7.7103,-11.1687,-12.2911,-10.8954,-9.2621,-9.4266,-10.9024,-13.035,-9.9071,-11.1629,-9.6163,-9.3229,-13.0904,-9.0839,-8.2746,-5.0519,-7.2215,-10.3012,-7.2176,-5.0492,-5.6993,-5.9592
1962-06-30,2.1094,-6.8179,-7.6641,-7.4441,-7.3741,-12.7779,-8.4495,-6.8843,-5.7996,-7.4257,-8.2183,-7.3097,-9.3823,-5.5671,-7.599,-10.6119,-8.8207,-6.7105,-8.6546,-7.5717,-10.4822,-7.2735,-6.3929,-5.4381,-6.937
1962-07-31,9.6254,9.4236,8.633,5.9702,7.332,6.831,6.6281,7.5457,5.04,7.9319,10.1795,3.7421,4.3475,3.7465,7.3755,7.3001,5.6019,5.2768,5.1356,4.0623,8.6744,6.4709,4.7498,1.9884,2.8083
1962-08-31,9.561,2.5343,4.1901,0.8458,2.9995,7.6966,1.7509,4.4902,2.7105,1.9536,3.1883,3.3416,3.789,2.0828,1.4073,3.1944,2.8142,1.666,2.8961,1.6311,2.8095,2.1625,1.1787,1.1265,3.1781
1962-09-30,-8.6006,-8.6873,-9.8677,-5.2274,-6.3543,-8.2324,-5.7336,-7.5798,-6.3279,-7.5491,-9.5539,-5.8572,-4.658,-6.5345,-5.5442,-5.7585,-4.1677,-4.59,-6.3558,-5.6359,-5.2374,-4.5566,-4.0853,-4.6343,-4.0324
1962-10-31,-10.3724,-7.3862,-3.4846,-5.3359,-2.3451,-4.7856,-5.2983,-4.5998,-1.3105,-0.7788,-4.5233,-1.5626,0.0367,-1.5608,-1.4125,-3.0135,-0.6523,-0.3602,-1.9156,0.4605,1.2994,0.8603,0.4899,0.5081,0.8149
1962-11-30,14.6953,16.7654,12.1728,14.8977,13.7187,14.9725,15.7382,11.1657,14.7095,16.4591,16.0186,11.9042,12.4399,14.0349,12.9329,14.342,11.6522,11.9827,11.8359,17.4961,10.9371,9.259,11.1831,11.4082,14.5897
1962-12-31,-3.3594,-4.8503,-0.6372,-2.3004,-2.1874,-2.9216,-0.8782,-0.9711,-2.1044,-3.6347,-3.3499,1.3576,-1.2305,-2.0678,-1.5062,0.3442,1.7616,0.8644,-0.6774,1.8439,1.4224,2.3991,2.5012,-0.3409,0.6624
1963-01-31,13.0151,11.4404,10.1911,10.7539,11.0196,7.6241,5.7244,7.3923,8.3103,11.0697,6.1894,5.8483,4.7159,8.8927,9.3784,5.0457,5.2511,5.9579,9.7425,6.315,5.219,4.1916,3.351,6.5635,6.4034
1963-02-28,-3.2371,-3.5023,-0.827,-0.6905,2.5377,-4.0231,-1.8351,-2.3277,-1.6746,-0.2663,-3.6105,-1.5012,-0.7424,-2.5465,0.9647,-3.0538,-1.4046,-0.9891,-1.0263,-0.59,-3.2331,-1.7329,-2.0125,-1.3809,-0.9535
1963-03-31,4.9785,-1.4704,-0.6196,1.3176,2.5546,-0.1524,1.1248,1.252,3.0453,1.6457,-0.1764,1.637,1.1934,3.5785,1.5536,2.1434,1.8114,2.6367,3.6973,3.7314,3.67,3.0132,4.4215,4.7314,5.6324
1963-04-30,4.7964,1.5002,2.1736,3.251,2.8403,2.3339,5.219,1.0604,4.333,6.2808,3.7704,3.7297,2.8223,3.2619,4.969,3.9346,3.325,5.1712,7.3274,4.4495,4.8687,4.1318,5.9963,4.0817,8.0042
1963-05-31,3.3889,1.6901,3.1863,3.7436,7.4757,2.0932,2.8257,0.7458,5.0012,4.9003,2.339,2.1326,2.497,5.171,5.8997,1.6207,1.7291,1.7452,4.2812,3.6912,3.1937,-0.3576,1.9061,2.318,4.3217
1963-06-30,3.7772,-1.1789,-1.5049,-2.5419,-0.873,-0.016,-1.6655,-1.8726,-1.9465,-2.0695,-1.2152,-0.7882,-2.1967,-2.9016,-0.9334,-1.3807,-1.3463,-2.5732,-2.8211,1.2614,-3.2081,-0.9898,-0.6741,-2.0553,0.3622
1963-07-31,1.1286,-0.3632,0.7222,-0.0412,-1.2446,-1.8076,0.1929,-1.0148,-1.9748,-1.1879,-2.3526,-1.3246,-0.7383,-2.1329,-1.7526,-0.9114,-1.7732,-1.9167,-1.5744,-1.8574,0.1391,0.4838,1.136,-0.4285,-1.1044
1963-08-31,4.2395,1.373,1.4916,2.5068,4.6643,5.5703,4.5219,4.445,4.4661,8.2451,5.0879,5.3055,5.383,4.8412,5.1562,5.5754,4.7468,6.2516,7.6941,5.3456,5.7823,4.2633,4.6341,8.1703,6.3984
1963-09-30,-1.7342,0.6204,-1.0006,-1.5215,-0.3584,-4.0525,-1.5071,-0.8637,-1.4935,-2.9242,-4.3314,-1.7989,-0.3302,-0.9741,-1.8326,-2.6644,-2.1463,-1.7881,-3.964,-2.0002,-1.3751,-0.808,-0.8496,-0.1911,-3.5033
1963-10-31,0.3778,-0.7328,1.3065,0.1903,2.371,1.1925,4.241,2.3526,2.3058,3.9313,2.395,0.4229,2.746,2.5239,1.0695,-0.2415,0.6989,2.5213,4.8524,0.6138,5.326,1.7419,-0.3354,2.4175,0.4701
1963-11-30,-3.3318,-3.8436,-1.7893,-1.0534,-1.1077,-4.2596,-1.7484,-0.7844,-0.0553,-0.115,-2.9956,-1.378,-1.0491,-0.8065,-1.2163,-0.9082,-0.6311,-0.7516,1.3596,3.5406,-1.2669,1.008,-1.6914,-2.1315,1.3495
1963-12-31,-2.3434,-0.9564,-0.9365,-1.6555,-0.9996,-0.8693,-0.7582,1.0284,0.8358,0.113,0.2946,1.6992,1.3412,1.5965,0.4637,-0.1561,1.2207,1.7398,3.2888,6.168,2.6567,2.3222,2.1885,2.5147,2.1354
1964-01-31,3.8924,2.8728,4.222,4.0492,4.9503,-2.029,-0.4914,3.6368,1.5615,4.1812,0.0992,0.5506,2.7313,3.8647,3.2166,-0.4314,1.8531,1.2447,3.6021,3.3329,3.0631,3.196,1.6724,2.0134,1.6235
1964-02-29,2.8826,2.8189,2.3023,0.3336,4.4744,1.6197,1.7294,2.6131,2.1452,6.1043,0.1235,3.026,1.6321,3.753,4.014,2.5942,1.5619,2.8443,7.2046,4.6121,1.827,0.5232,1.0194,3.9989,3.7567
1964-03-31,0.4753,1.4861,2.0711,3.7017,2.5227,2.3518,3.2064,3.3567,5.6605,6.1621,-0.8108,2.9837,4.344,5.5647,6.7719,1.775,2.9766,5.2497,7.1287,0.7247,1.1575,0.7635,3.6237,3.8382,0.149
1964-04-30,-1.5766,2.6117,-0.4566,-0.9185,-0.7529,-0.9121,-3.8846,0.757,-1.6686,-0.6575,-2.0804,-1.2452,0.2873,-0.7634,-1.0247,-2.7045,0.3434,1.9784,-2.6384,-2.2804,0.2271,1.4745,0.8081,-0.9053,2.4146
1964-05-31,-1.2389,-1.2253,0.425,0.4818,1.3579,3.1443,0.4095,2.9789,1.8461,3.7408,-0.4706,1.6949,-0.254,1.9709,2.4942,1.1914,2.2991,1.3558,1.3281,4.099,2.0598,0.3303,1.1776,4.2859,3.3967
1964-06-30,1.9443,0.4277,1.2083,0.8024,1.1335,0.885,1.6658,1.8666,1.1353,2.2155,0.8905,2.1594,2.2361,2.576,1.2486,1.0926,1.4771,1.1034,2.4965,3.1119,0.9743,2.8644,0.4436,1.3681,2.4216
1964-07-31,1.1367,3.6022,4.1155,2.5984,4.731,0.8708,2.063,3.9801,2.8794,2.4534,2.8096,2.6282,3.099,3.1913,1.2372,1.5586,3.3061,1.62,1.7744,3.5825,2.5597,0.6933,3.8954,1.8782,0.9931
1964-08-31,1.6972,-2.5517,-1.7484,-0.8049,-0.483,-1.8159,-2.2378,-1.2322,0.3431,-1.866,-2.785,-0.4249,0.1867,-0.1131,-2.2608,-1.0822,0.1082,0.9632,-0.0139,-1.1735,-1.2738,-1.5604,-0.0792,-0.8964,-2.9029
1964-09-30,5.4362,2.9791,6.2309,2.7679,3.9216,3.3507,2.7651,2.2302,2.1862,4.7087,1.7621,2.0532,3.431,3.076,3.7501,3.13,3.3262,4.1421,4.6635,4.2656,3.0865,1.3469,4.283,4.5121,6.8538
1964-10-31,1.8991,0.0904,5.1491,1.9335,3.3329,-1.3435,1.2099,2.6036,1.2235,1.3573,3.2118,3.4889,1.9459,1.158,2.7148,0.9304,1.2954,1.2825,3.2658,3.7565,0.322,1.0901,0.5698,0.5296,3.2921
1964-11-30,-0.3006,-0.1509,0.8917,0.6822,0.5297,-0.9669,0.1674,-0.1973,-0.6529,-1.767,1.6125,0.6029,0.1005,0.4017,-0.0585,0.6552,1.6437,-1.0151,-0.8372,-4.7187,1.0216,-0.3672,1.6421,-1.2859,-4.6842
1964-12-31,-1.4725,-1.2378,-3.125,-2.6798,-1.7927,1.4488,-0.1486,1.1892,-2.4864,-0.9463,0.1159,0.5879,-0.2674,-1.6848,-0.6796,1.4114,0.0101,-1.5026,-0.955,-1.3265,0.799,1.4209,-0.9508,-1.0687,-1.3383
1965-01-31,8.4565,6.3573,6.8733,6.6761,8.7567,7.8749,5.4662,5.9235,5.7123,6.1784,5.2073,6.2045,5.1133,5.9608,7.056,5.5262,4.2866,5.1408,5.1165,6.8218,4.7202,1.2521,2.8229,3.5353,3.6
1965-02-28,1.8637,0.5098,2.5254,3.1922,3.6524,3.3794,4.2288,3.7382,3.4098,3.5903,3.899,4.4372,4.7924,3.2175,3.201,1.3901,3.4227,3.9336,3.2034,1.6802,0.1857,-0.0448,-0.126,-0.5376,-1.1934
1965-03-31,1.6576,2.3232,1.2665,2.5785,3.1914,2.096,-1.9294,1.3979,1.8886,0.5793,-0.2906,-0.056,-0.321,1.3299,0.6377,-0.7985,-0.3232,-0.2909,0.4348,1.8183,-1.3235,-1.5799,-1.8043,-0.7165,0.3403
1965-04-30,4.0672,4.4128,4.7889,4.444,4.5886,0.1559,5.0304,3.9248,4.7085,5.0311,2.805,3.1203,3.8598,3.7242,6.8019,2.6191,3.1942,4.6284,4.3921,2.1566,4.5862,1.8737,2.1667,2.2064,4.4499
1965-05-31,-0.4545,-2.5956,-1.2927,-0.7797,-1.2123,1.0536,-0.7392,-1.1563,0.084,-2.1204,-0.5779,0.2503,-1.0292,-0.8671,-0.5872,-0.965,0.033,-1.1089,-0.3676,-3.3714,-0.7544,0.8302,-0.0848,-0.3611,-3.5709
1965-06-30,-12.5886,-10.4413,-9.3608,-7.9296,-9.5699,-10.3566,-8.613,-8.9827,-8.3896,-8.2995,-6.6323,-9.2209,-8.5171,-8.5307,-8.4333,-6.3568,-6.9768,-7.9385,-8.6779,-8.4348,-4.4305,-3.6673,-4.9365,-3.8055,-5.4787
1965-07-31,2.4078,3.4728,3.6532,2.2033,4.1972,3.7755,1.6586,2.9236,3.4788,4.5069,1.5259,4.6267,2.5895,4.36,4.6865,2.6035,3.1713,3.8986,2.6543,6.2499,1.5235,-0.002,1.9196,4.088,4.8277
1965-08-31,2.5035,5.4354,5.1564,3.9578,4.0133,7.2991,4.2359,4.9246,4.9206,3.9429,8.1068,4.5657,7.7512,3.2518,6.5498,3.8079,4.1756,5.3024,2.9982,4.8752,3.2645,1.295,3.4395,1.1266,2.1811
1965-09-30,3.471,5.9271,1.2744,3.9987,3.3711,5.8317,3.7914,2.8879,4.6112,2.6159,2.4531,3.1662,3.3161,5.2049,4.5035,3.2993,4.1014,1.5628,2.9003,3.8489,3.9289,2.3018,2.3766,3.5268,3.2282
1965-10-31,6.1583,8.9537,6.0562,5.6596,9.0633,4.0941,7.8655,3.7584,5.8202,5.2134,4.4,4.247,5.5875,5.7328,5.0437,4.058,3.3683,2.877,4.4819,8.0786,3.1388,0.2139,3.0547,4.4226,5.2215
1965-11-30,4.1545,6.7398,2.709,7.8663,6.4658,1.4154,5.0931,4.3201,5.2165,4.0522,3.3546,3.113,5.6965,2.5192,3.0572,3.6904,2.6666,3.6478,1.046,5.4682,-0.3169,-1.8293,1.2499,-1.2898,-2.321
1965-12-31,7.2363,6.7426,2.1384,3.8599,5.0484,3.7619,3.7744,3.2259,3.3893,7.3519,2.6401,0.9087,3.9505,1.9291,5.3729,1.2725,1.2498,1.5534,4.3269,5.3091,1.0117,-0.2234,1.3303,2.7993,2.7167
1966-01-31,5.5887,6.5773,8.123,9.8046,9.6395,6.4439,6.4342,4.723,5.1275,5.7735,4.446,2.402,2.8989,4.7854,4.9564,0.9005,1.8775,5.2213,4.2516,6.1452,-0.3731,-0.571,1.6999,3.0533,3.1424
1966-02-28,6.9167,5.802,1.8119,4.6709,6.3803,5.4915,4.6383,1.6487,0.0123,3.1869,-0.3911,1.4679,4.6323,1.8808,4.6062,1.281,-0.7462,0.4431,0.6103,2.5331,-1.3336,-2.3106,-1.7111,-1.9865,-1.7275
1966-03-31,1.8008,-1.5118,-2.5016,-0.7032,-1.4687,0.1861,-2.0139,-2.1463,-3.7718,-2.0337,-1.6296,-4.7628,-2.4127,-3.4279,-3.7946,0.2575,-1.4313,-3.5288,-2.3919,-3.3843,-1.4716,-3.4561,-1.0578,-2.1434,-5.0627
1966-04-30,10.9553,4.5919,5.4275,6.6303,4.5804,2.3984,4.7767,4.0094,7.4753,8.793,3.6961,3.7712,3.524,4.4856,2.5789,3.9267,2.7197,3.5747,4.8263,0.7505,2.1104,1.9994,1.1744,2.4065,1.7924
1966-05-31,-12.2066,-13.2138,-10.3359,-10.7227,-11.9298,-9.9575,-9.8088,-8.6523,-10.1298,-8.7554,-5.9452,-6.7019,-8.2072,-10.1366,-9.8208,-5.0461,-5.1201,-7.0224,-8.8191,-10.2388,-4.1961,-3.9492,-4.867,-5.5203,-5.4763
1966-06-30,-0.787,-0.0993,1.3039,1.4032,0.3527,1.6747,0.0857,-0.0701,-0.6894,0.251,0.226,-0.1732,2.5696,-0.5368,-0.4405,-0.7918,-0.3272,-0.1244,3.3373,1.0482,-2.0006,-1.4865,-0.6161,0.8536,-1.1968
1966-07-31,-2.1032,-1.7997,-2.3088,-0.0201,-0.9453,-3.1673,-1.846,-0.9279,-1.7067,-1.4297,-0.9746,-2.0338,-0.8141,-0.6898,-1.3432,-0.661,-1.6476,-2.0212,-2.6306,-2.2451,-1.702,-1.4411,-0.7536,0.9109,-1.3269
1966-08-31,-12.2103,-10.397,-9.6701,-10.849,-10.4568,-12.7777,-10.5327,-9.7588,-9.6476,-10.9355,-10.7381,-8.48,-7.996,-10.1105,-8.6739,-9.8002,-7.5371,-8.1145,-7.3003,-9.2325,-7.2449,-8.7254,-5.6384,-6.2229,-7.9876
1966-09-30,-1.9817,-2.062,-1.8683,-1.7764,-1.1656,-1.8287,1.2029,-1.7185,-1.5879,-2.1096,-2.2965,-4.4915,0.2583,-0.3268,-1.2485,-1.1203,0.0381,-0.7889,-3.2196,-0.6263,-1.2528,0.8891,0.4628,0.2685,-1.6183
1966-10-31,-7.8591,-4.8369,-4.2384,-1.4752,-1.4921,-5.3645,-0.6717,-0.7818,0.0677,-0.2628,-1.6118,1.106,3.5968,4.9868,1.7226,0.5499,4.782,4.1657,2.9451,1.748,3.1154,5.1754,9.1682,6.277,6.5122
1966-11-30,8.1459,4.1885,4.5571,2.5215,3.5415,7.5077,2.9799,7.2767,1.6877,2.5242,9.2014,6.0432,1.6711,4.4247,-0.037,8.5827,1.6945,0.7782,3.0085,0.7817,3.5383,2.1824,-2.4324,-1.4548,-1.089
1966-12-31,3.8378,2.7888,2.1335,1.3138,0.2147,4.7509,3.1411,1.4103,2.0927,0.7712,2.7632,3.147,0.9473,3.12,0.2617,3.1386,2.4944,1.1869,3.6508,1.8842,-0.8372,-0.0126,1.4665,-0.1388,-0.1215
1967-01-31,20.8249,19.2939,18.5971,21.4892,17.3461,16.9774,16.4841,17.1379,17.6438,20.055,16.819,14.2409,12.1173,13.2387,14.365,9.9035,6.6747,9.8469,12.2908,13.7014,7.6996,7.183,4.9613,7.8576,13.7838
1967-02-28,6.8538,5.8676,5.5448,3.9323,5.8735,3.2421,3.0709,1.0596,3.4255,1.6576,2.1038,2.3083,1.698,0.7522,0.7706,2.8367,-0.3784,-0.4311,1.6176,0.1531,2.2355,0.8055,-0.7754,-0.8887,-1.3391
1967-03-31,7.265,6.1797,5.0638,7.6195,5.1614,6.8693,6.1938,7.2285,6.6283,6.0732,5.3751,5.3473,4.6425,7.9994,4.214,6.1016,3.9292,5.1387,5.081,6.4951,4.2397,3.1186,3.2691,4.6736,5.3115
1967-04-30,6.4364,3.6856,3.3575,4.4354,3.7042,3.1703,3.8445,5.5054,3.5668,3.5234,5.6638,3.5233,2.8113,5.5692,3.0237,6.7886,2.8576,4.0141,3.9253,2.8709,6.8023,2.993,0.1892,3.5482,1.7641
1967-05-31,-0.1496,0.7664,-0.4995,-0.8513,-0.8518,-1.2104,0.5427,-0.7791,-2.3289,-3.5351,-2.9685,-1.0963,-1.5065,-0.901,-1.9711,-2.1855,-0.4056,-2.7891,-0.1972,-0.771,-5.631,-4.2969,-4.1857,-3.7381,-3.6835
1967-06-30,15.5456,10.9117,13.3081,12.4209,9.216,10.2446,6.8396,6.5128,8.2947,6.5575,5.3621,8.2708,4.1988,5.3784,3.4944,3.2187,2.2592,2.7571,7.4532,6.0649,1.3881,0.475,1.7209,2.9024,3.0948
1967-07-31,9.3808,9.3717,10.3913,7.6923,12.1451,7.1838,6.2895,9.2175,9.4177,8.2516,5.4487,4.7686,6.0696,7.4703,11.7093,4.8367,4.5373,5.2667,6.5876,8.7651,4.4318,5.7582,2.0438,5.8683,6.4509
1967-08-31,-0.9104,0.6062,0.6068,0.1402,2.0578,-0.9827,-1.2145,0.6272,0.4075,1.0332,-2.8562,0.9501,1.3767,1.2802,-0.634,-0.8282,-0.9223,-1.3017,1.784,3.7924,-0.583,-1.1237,-1.3598,0.4515,1.3365
1967-09-30,11.3373,9.817,8.4226,7.5571,4.8272,4.9973,5.8017,7.5341,5.485,2.983,5.6493,2.0685,2.7547,4.5244,2.7421,3.7252,1.4564,2.6983,4.0772,0.4004,3.8179,3.1331,3.288,1.6304,0.2424
1967-10-31,1.7814,-4.1816,-1.4726,-1.4358,-2.5533,-1.5183,-1.9304,0.7153,-3.0214,-4.7523,-3.3172,-1.2367,-3.1166,-3.0659,-2.6936,-4.2879,-5.786,-5.7035,-2.5669,-5.3032,-0.3476,-3.9726,-2.7249,-5.9242,-6.515
1967-11-30,-0.8693,3.8602,-0.8174,-1.5787,-1.1932,0.971,0.5039,2.5793,-0.0193,0.3137,3.2374,-0.3063,0.7198,-0.3168,-0.823,3.3358,0.5698,0.0569,0.5743,-0.687,1.3039,0.454,0.026,-0.5442,0.0531
1967-12-31,13.7257,10.5224,8.0018,9.3692,10.1846,11.9377,6.5234,9.552,6.9777,9.437,7.6562,5.6436,5.4209,5.1848,6.6195,1.3954,2.7665,4.1619,4.6703,3.7198,1.956,3.1176,2.1769,5.6073,2.7903
1968-01-31,2.6006,2.1568,3.2585,3.2325,6.3781,-4.1794,-2.7015,0.067,1.2241,2.2682,-6.6526,-0.6311,-0.5652,-0.5233,3.1685,-7.9505,0.0825,-2.8779,0.041,-0.4315,-6.3532,-5.7054,0.5894,-2.2885,-3.8571
1968-02-29,-10.1568,-6.9764,-5.6827,-6.8966,-5.9946,-7.0792,-5.7251,-8.866,-3.2871,-5.5055,-6.7741,-4.0591,-3.0055,-2.1197,-4.6982,-5.2312,-3.67,-2.7788,-5.2581,-3.8336,-2.9985,-2.3535,-2.0087,-3.264,-1.8562
1968-03-31,-1.4133,-0.0091,-0.4171,-2.0248,-0.1751,-0.8726,-1.5145,0.3367,-1.2748,-0.3787,1.9182,-0.9007,-1.9978,0.7392,-0.6144,0.5503,-0.2964,-1.5175,-0.2758,-0.2845,3.0748,-1.2892,-0.2775,-1.7889,2.0391
1968-04-30,21.1597,17.6666,16.8767,16.2133,15.6856,18.7902,13.1618,17.0564,11.9945,12.8906,15.834,11.5381,8.3971,10.3159,17.7512,12.7223,7.0681,8.874,12.3358,11.662,10.787,7.2501,3.3895,9.4116,10.5191
1968-05-31,10.6841,12.4938,10.4181,11.7349,11.7849,11.5476,7.876,8.1793,7.0047,6.5957,8.6403,4.1532,5.3535,5.1004,7.2106,4.5703,4.6613,2.744,2.6432,6.2118,2.2843,1.1089,-0.6814,-0.9918,4.6643
1968-06-30,-1.1391,0.2008,1.3293,2.2391,0.1514,-0.5909,1.5365,-1.701,1.4239,0.7736,-1.9658,2.9703,3.2718,1.6484,1.1136,0.0296,3.5036,3.6105,2.9723,-2.5734,-0.0804,0.8771,4.0258,3.18,-1.5962
1968-07-31,-4.6784,-4.6179,-3.853,-0.7399,0.6786,-8.9357,-2.9784,-2.004,-0.4264,-0.291,-5.6367,-4.6128,-3.209,-0.8788,-0.1903,-5.6574,-3.0736,-3.4854,-1.4996,-2.1249,-5.2083,-1.2633,2.9884,0.9409,0.6401
1968-08-31,4.5468,5.936,4.8667,4.6538,4.9029,1.7289,2.9474,3.5669,1.158,7.0533,2.9314,2.8594,2.6835,2.8087,4.962,1.6916,1.3506,1.7819,1.9706,2.9624,1.1961,0.3854,2.1903,1.6584,2.4588
1968-09-30,7.3124,8.4648,7.0443,5.7296,6.3931,7.1896,6.201,7.14,5.7623,6.1489,7.4254,6.8737,3.8728,5.6558,6.1897,6.7981,5.8203,5.3946,6.8854,6.0825,1.948,5.4099,2.3973,4.1929,8.674
1968-10-31,-1.665,-0.0085,1.4102,0.38,1.713,-0.3609,0.8568,1.5625,2.5057,0.9481,0.032,2.3757,2.6865,2.8137,0.9761,0.2401,0.0016,2.6115,0.9936,2.415,-1.7301,2.078,2.0329,3.7225,1.1624
1968-11-30,7.1438,7.7457,6.5099,6.2592,6.9052,9.977,9.3362,7.6003,9.1455,5.8888,8.5636,7.2742,8.3064,9.4114,7.7507,6.9599,7.5365,7.1091,7.4245,7.9692,6.2724,2.9413,5.8395,4.5299,4.1012
1968-12-31,3.7496,2.4642,0.6957,-0.2649,0.5403,0.0822,0.5923,-1.6117,-3.1004,-3.4553,-2.6203,-4.063,-1.0725,0.0089,-2.8026,-4.2963,-4.1781,-4.1649,-1.4665,-0.7198,-5.2493,-4.2187,-3.2143,-3.5028,-3.0706
1969-01-31,-0.4992,-2.2536,-1.7799,-0.8706,-1.2711,-3.0284,-0.7056,-1.5899,1.2462,0.541,-3.4857,-0.8184,0.3774,-1.4074,-1.2077,-2.0514,0.3209,-0.3465,-0.1745,1.0935,-2.1637,-0.3717,0.7376,-0.3718,1.3868
1969-02-28,-12.5597,-10.5735,-9.2299,-8.6696,-8.91,-10.8475,-8.3787,-5.1843,-6.8091,-7.7563,-9.1759,-8.571,-6.8636,-6.2883,-5.8096,-8.312,-7.0341,-5.2894,-7.2202,-8.4577,-3.2516,-3.495,-4.9029,-4.6155,-6.2213
1969-03-31,3.1774,2.3373,3.7858,3.5931,2.5114,4.1869,1.1918,1.985,0.3368,5.4758,1.5199,2.5739,1.6288,1.9775,2.741,4.6442,-2.0594,2.4388,1.4515,3.3445,4.2637,2.6897,4.0547,1.9997,4.7575
1969-04-30,1.3315,-0.8561,1.726,1.6505,0.5404,1.8161,1.7188,0.9495,-0.4833,4.6794,2.0256,0.6223,1.0743,1.3148,0.4867,2.9789,2.1079,0.2833,-0.4003,1.7139,3.745,0.9693,1.0189,3.0442,0.7447
1969-05-31,0.962,0.9705,0.7638,1.0355,-0.2187,-1.5542,-1.7876,-0.9082,0.1273,0.4857,-0.0687,0.7411,2.0093,0.8441,-1.8998,-0.2145,-0.6501,1.3787,0.8803,-1.7837,-0.4741,0.7436,0.9313,1.4789,0.4112
1969-06-30,-14.2677,-12.9236,-13.7159,-12.4097,-12.32,-12.2263,-11.2883,-9.1652,-9.9534,-10.9553,-10.4242,-9.7468,-11.1382,-9.8357,-9.0775,-6.9712,-8.9336,-7.1906,-8.6922,-8.2272,-1.7979,-6.5098,-7.857,-6.6406,-8.4685
1969-07-31,-13.0885,-11.5792,-10.6654,-10.4469,-7.9385,-10.573,-10.1348,-8.4058,-7.1726,-8.0897,-10.0821,-10.4983,-6.7384,-5.5942,-8.0635,-6.5407,-7.5972,-6.3108,-6.4979,-7.7976,-4.1021,-5.731,-7.165,-7.481,-5.636
1969-08-31,5.1663,4.7177,4.7017,3.1948,2.7792,7.0376,6.6782,3.9888,3.4014,3.2166,9.6532,8.8146,6.8607,2.8185,5.4994,9.5114,6.0438,3.9945,4.0895,2.3995,7.0853,4.57,4.0265,4.3748,1.9309
1969-09-30,-2.8083,-4.5437,-5.5959,-2.3952,-3.4412,1.226,-0.8966,-1.9321,-0.8913,-1.454,0.6562,-0.1018,-1.7757,-2.5173,-3.3467,0.3349,-1.0679,-2.188,-3.5207,-3.6478,-0.497,-2.2832,-3.4124,-5.0677,-4.5906
1969-10-31,14.1141,13.013,9.1022,8.198,6.3339,10.962,8.5329,6.6792,6.3693,7.2704,8.9481,7.4783,7.5712,9.1594,6.8411,8.9948,5.859,8.2967,6.4222,4.9405,6.0671,5.2493,4.4302,2.1167,3.7795
1969-11-30,-8.7369,-7.4095,-5.5208,-6.4609,-7.3487,-3.3124,-5.3643,-3.3956,-5.8189,-5.692,-4.4915,-4.7734,-6.403,-3.3736,-5.4988,-2.2512,-3.8737,-2.7421,-5.6901,-5.9964,-1.46,-3.3114,-3.7496,-4.7965,-1.9535
1969-12-31,-8.196,-7.7477,-4.8766,-8.9007,-8.6615,-4.5411,-6.174,-7.0568,-6.36,-5.9705,-2.3893,-2.1016,-3.9651,-5.1779,-5.2171,0.6337,-4.6539,-1.819,-2.1397,-3.9921,0.8857,-1.7039,-1.0873,-2.2293,-5.2767
1970-01-31,-4.6172,-3.4023,-4.0822,-2.5365,0.1014,-7.5477,-6.2394,-2.0778,-4.0997,-2.6395,-9.7122,-6.8912,-8.1552,-3.8098,-3.2239,-7.6732,-11.3478,-7.3584,-6.539,-5.8901,-8.4514,-6.9783,-9.17,-9.0016,-4.2668
1970-02-28,2.1518,3.6365,4.295,3.2299,4.3021,4.3856,2.1421,3.2673,8.1894,7.5261,3.3172,3.1195,6.2639,5.5504,7.2014,3.6326,5.5283,6.2485,9.4793,6.9061,3.564,5.9855,9.1225,6.7011,8.1808
1970-03-31,-6.4271,-4.8791,-3.0925,0.8685,-1.2986,-6.1621,-2.8824,-0.1703,-0.1461,0.8726,-3.5772,-1.5618,-0.476,2.1001,1.2784,-4.2606,0.2378,1.8332,0.269,2.2593,-2.4791,0.4078,2.3027,1.0346,1.5906
1970-04-30,-23.6734,-18.9231,-14.877,-13.1026,-11.9969,-22.7369,-17.1412,-14.8094,-10.9185,-11.6575,-19.8262,-15.3278,-13.0,-9.031,-10.5444,-15.1578,-14.5823,-9.7531,-9.8377,-9.233,-10.506,-8.1888,-8.6867,-7.1611,-8.0007
1970-05-31,-10.142,-10.0266,-8.9434,-7.6328,-10.5292,-13.1427,-8.625,-10.7464,-8.2837,-8.4512,-11.3876,-11.5572,-12.6554,-6.8442,-8.0183,-10.3382,-10.1633,-7.743,-6.8547,-7.6134,-8.3374,-5.2169,-4.2808,-0.3204,-3.9908
1970-06-30,-12.3686,-8.1783,-7.5993,-8.2564,-6.0529,-10.1739,-6.9929,-8.2165,-7.0805,-6.1663,-7.995,-5.0518,-5.564,-4.5865,-6.9947,-2.7308,-5.1222,-4.071,-3.262,-10.1189,-6.474,-3.7226,-3.3377,-2.3667,-8.2351
1970-07-31,4.7013,4.8436,5.3806,6.7969,3.8115,6.7703,7.9635,5.693,11.1171,7.2194,7.924,6.3353,8.7513,5.5637,7.4306,6.0176,9.3638,8.7461,9.2206,11.51,4.4983,8.1255,9.1008,10.7389,6.1437
1970-08-31,4.716,6.7665,7.1698,6.9212,6.5285,9.6273,8.0054,7.3923,7.9987,4.4932,6.0103,8.092,5.5466,6.549,7.043,4.5304,8.0504,3.9223,5.3329,6.9499,4.0923,5.2806,4.3797,4.9122,6.2325
1970-09-30,22.6808,16.2743,16.0711,11.3224,11.5876,17.8326,17.3293,12.341,7.0196,9.7607,14.8406,10.74,8.0828,5.0224,6.6541,9.527,6.3913,4.6561,4.0028,7.8509,7.1002,0.3994,-0.3706,0.2546,4.4019
1970-10-31,-11.5793,-6.8166,-11.568,-6.0328,-4.6515,-4.8522,-7.8152,-6.8477,-3.5717,-4.3439,-5.4658,-4.2763,-6.1402,-2.6289,-4.7682,-2.943,-3.9422,-3.1557,-3.4356,-6.3643,-0.1294,-1.1249,-3.3186,0.0579,-3.7704
1970-11-30,-4.533,-1.9622,-2.3158,1.0391,0.1742,0.8011,1.3431,2.6549,5.8825,3.6428,3.2243,2.6484,5.3269,4.2289,2.1485,4.8023,3.4879,6.0339,8.004,5.2498,5.1147,6.7785,5.2743,5.8769,5.6826
1970-12-31,7.3341,6.9484,10.859,11.7539,10.6006,8.5923,8.5592,8.6541,9.296,9.1293,6.2428,9.0015,10.4416,8.7213,8.5557,6.2355,10.7307,8.4282,10.093,7.5762,4.7444,5.879,7.3805,5.0977,6.9151
1971-01-31,15.3377,13.473,15.9668,13.9183,15.8628,7.7566,12.0602,12.4573,10.6371,13.2022,8.2138,9.0906,10.2358,8.2884,10.0254,5.5368,7.0296,5.1778,8.3873,13.7494,4.0256,4.4321,3.2013,2.9716,4.0359
1971-02-28,7.9078,7.5441,5.7717,3.4051,4.0553,4.3173,2.5659,3.1232,2.1511,0.3417,4.5378,1.6023,2.4701,1.2509,2.0589,3.5219,2.8586,0.4584,3.1643,1.6188,2.3107,0.3802,0.6128,0.5274,1.2354
1971-03-31,8.2336,4.6534,7.7102,6.4207,5.1,7.4509,7.6298,5.5917,4.7359,1.6895,10.2774,9.0649,3.3134,3.043,4.6743,7.0845,6.3195,4.5797,2.2209,3.4981,5.7193,2.7839,5.1838,1.4103,2.5049
1971-04-30,0.7123,3.4097,2.79,2.7397,1.504,1.9847,2.5855,2.2797,3.1845,6.6485,6.2672,4.364,4.6881,2.1873,8.3661,2.9407,3.1579,1.8023,4.1375,9.2163,3.5181,5.6089,0.686,2.5393,6.1572
1971-05-31,-7.2251,-5.6006,-6.698,-5.4692,-6.2381,-2.8851,-6.21,-5.3106,-4.5523,-4.507,-4.1922,-2.7397,-5.1426,-3.4819,-3.9762,-1.835,-3.3664,-4.3333,-3.1107,-4.1404,-2.4665,-4.3336,-4.2425,-5.0257,-3.9279
1971-06-30,-1.0509,-3.4146,-2.0579,-1.2361,-2.1944,3.4435,-1.6005,0.5458,-2.1863,-3.3796,-1.3374,1.2541,-0.9022,-2.7382,-1.322,1.018,1.099,2.2622,0.4724,-4.0396,1.1906,-1.118,0.3595,0.7523,-0.0135
1971-07-31,-8.693,-8.2536,-7.1376,-5.9025,-6.1237,-6.254,-5.0211,-3.8452,-6.8894,-6.0688,-7.78,-4.6226,-3.0207,-5.6163,-4.8645,-3.361,-4.1774,-3.8307,-4.1528,-7.6864,-3.8997,-4.2359,-3.2808,-3.2966,-5.4943
1971-08-31,3.3567,4.3553,3.2446,4.5108,5.5904,3.8125,7.4508,3.5009,5.6475,8.3462,6.5751,4.5529,2.2788,6.5718,9.0762,6.8631,3.8291,2.6125,3.3057,10.4271,5.3477,4.8669,-1.1242,1.9668,13.6489
1971-09-30,1.6029,1.8328,-0.4489,-0.5916,-2.1537,2.2057,-0.8945,-1.858,-1.929,-2.3013,1.342,0.0526,-1.1477,-0.944,-3.1594,1.93,-0.9535,-0.132,-0.2521,-4.5546,0.2971,-1.2755,-1.2297,-1.4557,-2.1484
1971-10-31,-7.6142,-7.0609,-6.7632,-4.6593,-7.1225,-5.705,-5.3661,-3.3105,-4.6368,-6.4835,-7.7964,-6.48,-2.7308,-5.0826,-4.7511,-3.078,-3.3958,-2.2449,-5.7327,-5.8504,-3.5412,-6.1529,-3.0175,-2.7071,-4.0208
1971-11-30,-3.4625,-5.9476,-3.6287,-4.4754,-5.4705,-2.0391,-2.3105,-1.7141,-2.7939,-2.0645,-1.8154,-1.1941,-1.194,-3.9562,-4.9384,0.1973,-1.8557,-2.4895,0.747,-4.2032,1.053,0.6681,0.2504,-0.5499,0.2865
1971-12-31,14.1158,13.9603,11.0307,11.8317,12.9624,12.8131,13.9788,12.7722,11.0867,12.489,13.6589,9.9252,10.1479,11.8164,11.8179,12.4427,9.5833,8.6219,8.0026,12.514,8.3916,9.8387,8.5138,6.9399,8.9455
1972-01-31,14.2909,13.8984,11.5458,10.7205,14.668,8.2785,6.7927,5.4258,6.9906,10.4317,5.3639,4.4873,2.3939,5.5107,7.9982,2.8102,1.9337,1.7239,3.2088,7.9685,2.7438,0.6149,-0.6653,0.8172,6.3914
1972-02-29,3.1048,5.5733,4.3437,4.2717,3.4595,5.1514,4.5113,4.2193,1.9249,3.694,6.5406,4.3819,1.6946,0.509,2.0937,5.53,1.5443,0.0137,2.171,0.3998,4.6862,2.454,1.1481,0.3757,0.0592
1972-03-31,2.0309,0.5013,-1.8261,-1.3869,-0.8486,2.0305,1.6417,-0.9064,-0.7354,-1.356,2.6255,1.0574,1.6182,0.8501,-1.424,0.9864,-0.2784,3.177,1.6582,1.1689,2.5422,0.4736,-3.1085,-1.9092,2.8561
1972-04-30,0.1183,0.591,-1.0358,1.0529,1.1716,0.1923,0.6046,2.059,1.5403,1.6177,1.7915,-0.984,-0.0266,1.1069,-0.1865,-0.9758,-0.6119,-0.3745,1.2523,3.5201,0.9813,1.2741,0.1887,0.1583,-1.0933
1972-05-31,-2.059,-1.9699,-3.7036,-2.1705,-2.4142,-0.4057,-1.5749,-1.9418,-3.4782,-1.7592,1.4503,-2.1581,1.0054,-1.1291,-4.0372,4.1908,-1.9079,-1.3047,-0.1436,0.6327,3.278,-0.5756,3.0205,0.9967,-2.6837
1972-06-30,-4.1986,-4.2656,-3.5004,-3.0135,-4.0,-3.942,-3.3006,-1.5547,-1.3558,0.934,0.1677,-1.961,-3.9556,-5.3319,-5.8657,-4.24,-2.2103,-2.1551,-4.5864,-7.8073,-0.7117,-3.4758,-2.5874,-2.3437,-6.6752
1972-07-31,-6.737,-5.0427,-3.5885,-3.5916,-2.7995,-5.3412,-4.8611,-3.442,-1.9366,-4.195,-3.3655,-1.4708,-3.163,-0.9783,-0.3572,-3.6342,-2.8261,-2.068,0.0057,-2.5804,1.6159,-1.5389,0.2539,-1.3746,-1.6451
1972-08-31,-1.5069,-2.3555,1.1238,-0.4669,2.2496,-0.5063,-1.6264,1.6322,1.6126,5.2534,0.2251,2.1338,2.8097,5.6772,2.8455,0.1321,2.6995,4.885,5.2513,7.0215,0.7528,6.8194,7.3997,8.9123,6.1665
1972-09-30,-4.8515,-4.8495,-4.461,-3.9429,-4.1594,-3.5069,-3.7835,-2.069,-2.5292,-2.9758,-1.3199,-2.8534,-0.9979,-2.0888,-2.7168,-1.9282,-3.2491,-0.5786,-2.3729,-4.0722,0.1573,-1.6289,-1.8186,2.0075,-3.7599
1972-10-31,-3.5695,-2.7272,-2.467,-2.2129,-1.9552,-4.0684,-0.4291,1.5487,0.5278,-0.4728,-2.9586,-0.8235,1.5119,0.6181,-0.5841,-1.6237,0.2498,1.063,2.3506,-0.6988,0.9982,0.9906,2.1373,2.3988,1.0564
1972-11-30,0.6382,4.1348,4.2884,5.9962,5.89,4.1785,4.7684,7.6455,4.7139,7.1715,3.1327,4.2273,6.501,7.8543,7.481,6.7518,6.9366,7.026,7.0691,10.923,1.6206,6.7555,6.6456,8.1189,13.854
1972-12-31,-1.9096,-2.972,-2.8782,-2.5612,-1.5625,-0.5914,-2.6345,0.1867,-3.3133,-2.4192,0.8021,-0.297,-0.4741,-1.3168,-2.8743,0.3942,-1.4355,-0.9637,-1.5005,-4.4243,3.7077,-0.0451,-0.636,-0.0607,-2.6358
1973-01-31,-8.2352,-4.1703,-3.7417,-3.5421,-1.4035,-10.6242,-5.7361,-6.8525,-2.5851,-5.9935,-7.4501,-7.7104,-5.986,-3.5534,-5.3689,-6.3544,-7.7212,-5.6411,-3.4545,-4.5368,-1.6007,-3.9188,-1.0486,0.6284,-4.361
1973-02-28,-14.0723,-8.8724,-8.7172,-7.9841,-5.8995,-13.7545,-8.0697,-7.3378,-5.7696,-5.5491,-11.3052,-8.2495,-7.4249,-3.3673,-6.9671,-8.0045,-8.3207,-4.5091,-3.6302,-2.2766,-2.2273,-2.9497,-4.9409,-5.9409,-3.3863
1973-03-31,-6.3925,-4.0494,-2.4571,-1.0093,-1.8601,-5.0037,-2.4484,-2.4408,-2.177,-0.2829,-4.495,-4.4393,-2.2049,-1.6521,0.9616,-4.0321,-3.9619,-1.7675,-2.3968,0.699,-0.731,-0.9675,1.8181,1.8675,1.5683
1973-04-30,-12.511,-9.8492,-6.6975,-6.1836,-5.3958,-13.9321,-9.407,-5.7229,-4.1638,-4.9986,-10.8024,-6.5345,-3.8402,-3.8096,-4.4219,-10.8936,-7.9106,-3.1734,-2.8441,-4.2768,-5.8798,-3.3741,-2.1289,-0.742,-2.7666
1973-05-31,-11.3772,-11.2302,-8.902,-7.8372,-8.3683,-11.1742,-9.1356,-7.798,-5.744,-9.3093,-9.104,-8.5407,-4.3308,-3.3492,-6.8255,-6.8482,-8.4053,-2.3103,-2.5585,-4.9004,0.2195,-1.0716,-0.9932,-3.3206,-5.6494
1973-06-30,-5.0735,-3.8912,-4.8509,-2.7837,-2.3574,-6.9166,-3.6878,-2.9352,-2.1185,-1.9081,-6.0736,-3.0358,-1.6318,-1.2679,-2.7146,-4.5715,-3.8064,-3.1297,-0.9476,-3.8521,-0.3758,-0.344,0.8658,-0.7797,-2.0345
1973-07-31,19.0719,16.1685,11.9527,13.3969,10.7737,21.4626,14.0349,11.4139,6.7447,10.0291,18.887,9.6239,7.9776,2.3553,7.7104,15.3508,9.0379,6.2118,3.771,8.7437,5.4258,5.707,-0.1916,1.9713,4.2146
1973-08-31,-5.3984,-6.8371,-6.0457,-5.9549,-4.5571,-2.7285,-7.3371,-4.7465,-5.2322,-4.0974,-3.0259,-4.4679,-3.4728,-2.7347,-0.7738,-2.4561,-1.1394,-2.5192,-1.871,-0.7866,-3.4388,-2.2275,-3.6939,-2.5385,0.7833
1973-09-30,12.0576,11.1544,6.9156,7.8111,7.0507,11.0608,11.4221,11.848,6.9877,10.3359,11.2856,9.8005,10.1708,9.0113,10.5263,9.89,11.9636,11.1433,10.001,11.4069,0.3143,7.0786,8.6242,8.6142,8.2804
1973-10-31,-2.5062,0.4745,1.4576,-0.0411,1.3363,-3.0101,-2.9862,0.8677,1.7736,0.8798,-3.8558,2.3487,0.8594,-0.2304,1.5237,-2.3213,-1.8773,0.881,-0.2275,1.6343,0.5308,-0.7672,0.1652,-2.9964,2.5391
1973-11-30,-25.1408,-21.0434,-19.2853,-16.936,-18.1953,-23.2437,-19.8935,-19.4595,-15.8425,-16.1633,-22.8001,-18.3924,-16.3364,-12.0439,-15.3687,-20.306,-17.1674,-13.9386,-12.6688,-14.7422,-10.8863,-12.3899,-10.8456,-6.2922,-8.2928
1973-12-31,-3.799,-4.7115,-2.8065,-3.8804,-4.2881,-0.5494,-4.3047,-0.6981,-1.0295,-1.0822,-1.2475,0.4102,0.7941,1.1273,2.3758,0.2822,2.3342,6.8016,3.0468,7.0612,-1.6962,0.7835,7.279,5.0341,11.1402
1974-01-31,10.3843,14.4835,14.8589,12.9189,18.5374,4.682,10.5891,9.5355,10.2556,13.8822,5.0404,4.8892,8.1884,7.0388,11.5606,-2.1961,2.8294,2.9239,7.9779,5.6401,-1.9022,0.7522,-2.981,0.6853,-0.081
1974-02-28,-0.4503,-0.92,-0.5018,0.1953,1.1295,0.3744,1.9001,1.187,1.7737,3.8966,-2.7915,0.4491,1.1825,0.308,2.3508,-2.4407,0.994,2.395,2.1287,3.566,-1.1584,1.6036,-0.844,2.7669,3.8684
1974-03-31,0.1495,-0.6507,0.2994,1.4259,2.1475,-1.4627,1.205,-1.4359,-0.9012,0.5404,-1.5434,-0.8433,-2.9448,-1.7892,-1.0124,-2.557,-3.792,-4.964,-2.777,-2.2054,-1.4171,-3.7075,-2.399,-3.483,-4.7639
1974-04-30,-4.6452,-5.9099,-5.6044,-5.2032,-3.9399,-8.3699,-6.4069,-6.1833,-3.3861,-3.253,-6.2607,-6.7699,-3.6318,-5.6839,-2.3788,-6.9366,-6.8869,-5.9055,-6.6758,-1.6387,-2.7244,-4.8306,-5.0267,-6.1189,-5.4353
1974-05-31,-8.3292,-7.4119,-8.0065,-7.081,-6.3616,-6.4469,-8.073,-7.6726,-7.4151,-7.3854,-7.3109,-8.8766,-6.842,-7.4786,-8.3239,-6.1329,-8.7446,-5.3801,-6.0258,-7.3483,-0.8696,-3.2806,-5.6849,-3.3431,-7.8585
1974-06-30,-3.715,-3.2724,-2.4467,-2.3284,-1.5347,-3.5324,-4.0444,-3.2367,-0.6786,-0.5829,-4.2625,-2.6342,-3.2271,-4.5554,-0.4816,-3.305,-3.3972,-2.4006,-5.3079,-4.4222,-1.4899,-3.1496,-1.753,-2.0431,1.5684
1974-07-31,-8.4714,-5.542,-5.0901,-4.5178,-4.1406,-7.7825,-4.3187,-4.3045,-3.5961,-2.8372,-6.6714,-2.2586,-2.4339,-3.1012,0.97,-8.5002,-5.884,-2.2151,-0.7463,-1.6177,-10.8944,-4.1711,-3.6422,-4.12,-5.1543
1974-08-31,-9.1024,-8.3293,-7.5086,-7.5208,-6.9933,-9.5829,-10.9999,-6.0131,-7.6078,-5.4773,-10.8692,-10.4275,-6.7662,-7.2789,-6.8996,-11.7832,-8.8538,-8.5931,-5.9968,-6.5303,-10.007,-7.6464,-4.5924,-7.9405,-8.6889
1974-09-30,-12.8918,-8.6405,-6.9588,-6.9869,-8.6717,-12.158,-7.4995,-7.9125,-7.6585,-7.384,-13.1948,-8.2127,-6.8097,-4.7662,-6.453,-11.5632,-6.8509,-5.2946,-5.6118,-7.663,-14.9185,-9.9752,-4.9294,-5.2451,-6.6312
1974-10-31,16.4012,7.166,7.2194,7.7011,8.855,16.4286,10.7327,6.7885,8.1386,6.7567,18.7726,10.9698,7.3521,8.3583,10.2116,21.2099,13.2178,11.5072,10.0293,8.7817,22.2031,13.8352,13.34,10.6006,1.3922
1974-11-30,-6.1117,-5.6632,-5.0486,-5.2283,-6.9362,-4.2392,-4.0404,-3.8906,-5.1526,-7.0523,-4.7126,-3.9681,-2.8585,-4.1493,-1.9526,-2.2883,-0.3564,-1.5244,-4.0003,-4.7937,-4.5668,-3.3142,-4.0858,-2.4032,-4.1831
1974-12-31,-7.0853,-8.1333,-7.2474,-7.4998,-8.9704,-6.3349,-6.1392,-5.2225,-6.8763,-5.6439,-5.6019,-4.227,-4.0872,-4.9878,-7.248,-4.4703,-2.8227,-3.9626,-2.113,-8.6745,-3.8274,0.4301,1.3441,-1.1045,1.8778
1975-01-31,25.1984,30.0689,28.2813,28.2656,33.2035,21.4454,26.6205,26.6152,27.1807,29.6541,18.9786,25.0351,22.0548,23.4949,29.2201,15.6047,20.2459,23.8872,24.0696,27.854,9.3012,13.9775,13.9319,19.8662,15.6797
1975-02-28,7.7168,5.1877,3.2137,3.6067,4.9858,8.5323,6.7866,1.5566,3.8162,2.019,7.4185,3.1953,3.2422,4.5843,4.6654,6.4917,2.7081,1.7454,2.832,2.7556,9.6064,2.75,3.7671,2.2084,-3.2338
1975-03-31,8.9408,10.7724,8.807,8.0018,9.7477,6.8158,7.1514,6.8765,5.8895,8.5341,5.9567,6.6346,4.2543,7.112,5.3076,5.9257,6.2004,5.3121,5.0618,5.0417,2.7082,1.8429,-1.1942,6.2754,6.1513
1975-04-30,7.2429,6.2618,4.1693,2.889,3.0792,6.0252,3.7829,2.7489,1.3662,3.9615,5.6695,4.8498,5.1842,3.8237,3.2775,6.9673,3.2652,2.7861,4.9252,6.6052,5.7207,4.7545,0.8657,5.4811,5.0108
1975-05-31,11.7289,11.1418,8.3869,7.9428,7.0959,12.1382,7.8541,6.9722,7.8459,7.6989,5.2594,8.1834,4.3832,7.9967,1.2462,7.7439,5.6637,5.4564,3.9195,5.8189,4.9723,8.5905,4.661,-0.374,0.952
1975-06-30,5.6052,7.6894,7.4868,8.958,8.1411,9.5277,7.333,7.1414,8.3878,2.9794,5.7931,5.2227,6.6342,5.5791,4.7688,5.229,7.7719,7.6448,10.5439,8.9635,3.5527,7.1334,4.8652,6.8054,7.425
1975-07-31,-1.7351,0.2287,-1.3735,-0.6749,-0.622,-3.6039,-3.2351,-2.3121,-3.4625,-4.0898,-5.1617,-3.4101,-3.4511,-3.7802,-5.9753,-7.2791,-6.3941,-4.2064,-4.2931,-6.8476,-8.1429,-4.1032,-4.6279,-5.7061,-1.5548
1975-08-31,-6.8286,-6.2773,-4.6618,-5.4237,-7.8169,-4.7165,-3.8616,-5.3924,-4.102,-7.9059,-3.909,-3.328,-3.1744,-4.2998,-5.6476,-4.4046,-3.3731,-3.1474,-2.4419,-0.6863,-1.9466,-1.8241,-1.7366,2.1809,-4.4635
1975-09-30,-5.4907,-2.5545,-3.3164,-2.9673,-3.837,-3.2861,-3.951,-3.492,-3.4522,-5.4482,-5.2617,-2.8344,-4.0597,-4.1733,-4.0264,-4.5177,-3.4387,-3.4597,-3.148,-4.4731,-4.6264,-1.3093,-2.4132,-4.2387,-5.3542
1975-10-31,1.2311,1.3409,2.7032,2.9432,1.0142,2.2264,4.1316,1.4047,4.1052,4.2277,1.8721,3.8633,3.5305,5.2559,0.3648,5.6899,6.3416,7.0905,5.576,6.9316,7.1685,5.6242,4.413,6.8431,3.9011
1975-11-30,-0.0803,2.0313,1.8332,2.3037,3.7319,-0.0338,3.1542,2.1169,4.1683,4.1218,1.955,2.8979,4.6344,4.2177,1.1077,2.9615,4.0791,4.0087,7.0321,6.0612,3.2695,2.1353,3.2358,2.973,4.7373
1975-12-31,-0.8608,-1.2185,-1.1328,-1.229,-1.2607,-2.6223,-1.4386,0.8702,-1.0184,-2.237,-0.8342,-1.4873,0.712,-0.2133,3.0861,-2.4317,0.7102,-0.1656,-0.4225,-0.7657,-2.5985,0.9138,0.2335,0.6389,5.2475
1976-01-31,15.6908,16.9568,21.4911,23.4947,26.9278,13.032,16.4669,16.5383,21.2333,26.7617,16.1851,15.0803,16.9741,18.3282,21.5876,12.7379,13.4482,16.5284,18.5686,22.5975,11.1489,9.5132,13.8833,17.0251,15.1633
1976-02-29,10.1979,7.3918,10.1221,11.7813,15.7746,7.532,6.4102,7.3683,8.6846,11.3193,3.8959,3.767,5.5081,7.1075,13.0953,0.73,3.3738,4.3052,4.9045,3.9316,-2.3321,1.4153,-0.8381,-1.0064,9.4418
1976-03-31,3.2229,2.1416,2.0224,0.7254,1.4469,0.9157,1.0249,0.1692,1.191,2.7152,1.3066,0.8595,1.9781,1.9552,2.1419,0.8853,2.0607,1.2047,1.5671,6.8046,3.1415,3.6844,2.9891,3.1458,-1.0106
1976-04-30,-1.2603,-0.8373,-2.6732,-1.1099,-1.8771,-1.2359,-1.5846,-0.6005,-0.9974,-2.146,-1.5576,0.0309,-0.6887,-0.9683,-0.4938,-1.6099,-1.3784,-0.5292,-2.2787,-3.7345,-2.2737,0.3527,1.6001,0.8282,1.1438
1976-05-31,-1.862,-1.8108,-1.5438,-3.6248,-4.4934,-0.5758,-2.0724,-1.0337,-2.6284,-4.4012,-1.4919,-1.4471,-1.6342,-1.4612,-2.9869,-2.3531,-1.2201,-1.0253,-4.2347,1.226,-1.055,0.5885,-0.9657,-2.0507,1.3951
1976-06-30,4.2856,2.2114,1.9918,3.3201,2.0503,2.6462,3.1161,3.4031,3.589,6.0871,4.3786,5.324,6.5487,4.5276,8.1408,4.1091,5.0403,7.0141,8.3753,3.9122,4.3087,3.9802,5.633,5.8087,2.943
1976-07-31,-0.9885,-1.9169,0.7692,-0.3428,1.0965,-1.0865,-0.1362,2.7177,0.3105,1.473,-1.5013,-0.5608,0.5853,0.5073,0.3137,-1.5838,0.4934,0.4675,1.6077,1.3878,-1.6286,0.1927,0.2301,-0.7529,2.6397
1976-08-31,-4.3897,-1.754,-1.2388,-1.7141,-1.7679,-4.4969,-1.7459,-2.4712,-1.3168,-1.5887,-2.6645,-1.4032,-0.9588,-0.128,-4.1687,-2.6708,0.3135,1.5037,-0.9471,0.4254,-0.2781,0.4177,1.8683,-0.5342,1.0659
1976-09-30,2.3366,1.9605,1.2837,2.3899,2.1037,4.4135,4.2938,2.7978,3.272,2.02,3.4856,2.7979,2.5616,2.7622,0.8445,2.2721,2.2508,3.0474,3.2274,1.3028,1.6299,4.3965,3.2887,3.6977,-0.6298
1976-10-31,-2.7484,-1.7387,-1.6171,-1.6308,-2.4872,-2.8902,-3.4854,-2.2865,-1.4536,-1.1335,-3.4204,-0.0596,-1.501,-1.0566,-3.6697,-2.2323,-1.3476,-1.1294,-1.8209,-2.95,-2.3737,-2.4988,-0.7139,-2.9348,-4.0154
1976-11-30,5.6254,3.4143,1.9969,2.3168,3.4235,2.8389,3.4643,3.1028,4.4569,4.5655,3.7548,3.4575,3.1624,4.3099,7.0214,4.4272,3.2413,3.3879,2.5962,1.6988,-1.6337,0.1409,2.0629,1.7307,4.3755
1976-12-31,10.6764,9.4519,9.7171,10.9845,9.824,9.187,9.1725,9.2797,9.2275,11.744,5.6555,9.4645,8.759,8.5217,8.0482,6.106,7.051,7.3888,9.4744,9.5359,3.8982,7.2958,5.6829,7.4438,6.6765
1977-01-31,2.9467,4.1455,2.8669,4.3466,5.5571,-0.2727,2.4784,0.298,2.1941,3.1947,-2.0862,-0.2249,1.0222,0.9506,0.6385,-4.2244,-2.6919,-2.4735,-0.2018,1.6007,-7.865,-3.3362,-0.9835,-1.6075,0.7307
1977-02-28,-0.4303,-0.2939,-0.1816,-0.3911,0.2955,-1.7859,-1.1538,-0.1897,-0.1346,-1.6346,-4.1356,-0.9985,-2.2745,0.1956,-3.4835,-3.0089,-1.7179,-1.999,-1.6464,-2.2184,-1.2021,-3.2724,-0.7161,-2.3543,-0.9281
1977-03-31,0.3161,0.2264,1.0908,1.6378,1.1276,0.5049,-0.7638,1.6653,-0.2163,-0.5615,-0.0534,1.469,-0.2403,-0.1585,0.6896,-1.8852,0.2271,0.9225,1.1323,4.9323,-1.6929,-1.8264,-1.3133,-0.5125,0.2231
1977-04-30,1.2995,0.2427,1.5421,2.3004,2.647,1.1216,1.5786,1.3778,2.1096,2.671,0.4823,0.796,2.0497,2.5081,2.3516,-0.6451,2.1339,2.7577,2.4154,2.7233,-2.1714,2.1636,1.4198,3.6595,5.9976
1977-05-31,-1.7386,-0.5321,0.4569,0.281,1.2295,0.8185,-0.8839,-0.254,0.7264,-1.6981,-0.6691,0.024,0.5395,0.4512,0.8114,-0.4721,-1.0273,-0.0493,-1.2022,-1.6597,-2.5688,-0.8623,0.5775,-1.4793,-3.0471
1977-06-30,5.8908,6.5888,7.3943,5.4224,7.4067,8.5341,6.5403,6.351,5.5185,8.5088,8.9808,6.2573,6.0874,4.7694,5.9251,6.4793,4.875,4.9352,4.8295,6.9801,5.9862,3.9638,2.9143,5.2415,1.9827
1977-07-31,1.2371,0.6482,1.3261,0.6021,0.9171,-0.9547,-0.0126,-0.5437,0.5864,0.3159,-0.0069,0.117,-1.2702,-1.0412,-1.0527,-1.0482,-3.2695,-0.6319,-1.0571,-4.4628,-1.2908,-2.7643,-0.768,-0.1797,-4.8895
1977-08-31,1.0469,-0.4761,-0.45,-1.3286,-1.7761,0.8286,-0.8095,-1.581,-0.9093,-1.5082,1.8412,-1.2555,-0.7016,-0.6322,-1.1029,-1.4207,-1.3238,-2.0113,-2.031,-3.3066,1.0812,-3.5206,-2.9562,-4.8633,-4.2165
1977-09-30,2.0986,2.4653,0.8298,1.7469,1.3348,0.62,0.8291,1.6064,0.5392,0.4857,1.9635,1.4878,1.2543,0.0902,-0.0324,0.9431,0.3188,0.7993,0.7406,-1.2152,-0.8927,-0.7936,2.2634,0.3899,-0.1122
1977-10-31,-4.5687,-2.762,-2.5515,-1.0524,-2.2337,-5.3002,-2.4216,-3.7999,-0.0155,-2.9271,-3.5833,-2.2198,-2.4017,-2.3395,-2.7728,-3.942,-3.2399,-2.8952,-4.1213,-4.9651,-4.5241,-4.1063,-5.0417,-2.5025,-3.5948
1977-11-30,9.4839,8.5897,8.3216,6.8676,9.062,8.4746,9.5916,8.9304,7.0555,8.2074,6.7549,7.5852,6.0309,5.7625,8.5688,7.0899,6.3676,5.6258,6.9659,7.9523,3.5976,3.3564,3.0003,2.9661,4.7229
1977-12-31,4.8478,3.61,2.7603,2.6417,1.8093,2.8471,1.572,0.7393,0.4616,2.4524,1.5986,0.5906,2.0016,1.1466,0.5586,0.3868,0.8654,0.5652,-0.1819,-0.6273,0.0395,1.0677,1.1935,0.3694,1.3494
1978-01-31,-1.2196,-3.2587,-1.3654,-1.0621,0.4275,-5.3777,-5.4047,-2.5261,-1.9918,-2.0324,-6.7977,-4.9933,-3.4528,-3.1362,-1.3659,-6.1224,-6.2072,-5.4836,-4.1801,-1.5423,-6.2961,-7.2028,-5.4081,-4.9664,-2.9316
1978-02-28,3.2651,2.9558,3.9081,3.2709,3.6666,1.7923,1.4516,1.3821,2.1326,0.4419,0.5821,1.7623,0.5637,0.5266,1.3742,-1.2281,-0.6909,-0.7789,0.9222,-1.3129,-3.213,-1.5462,2.4313,-1.0143,-3.6524
1978-03-31,8.371,7.0411,8.5479,6.8454,8.1611,6.1531,6.0498,7.7158,6.2586,7.5503,5.5633,5.5201,4.4477,4.7728,7.9952,5.0513,4.8683,4.7476,4.7507,5.1024,1.2408,3.9187,3.0255,2.86,3.3941
1978-04-30,10.2521,8.7967,7.8985,7.1124,8.4243,10.1408,7.3854,8.1931,7.2493,6.8584,9.8589,8.2879,7.7586,4.8199,6.7265,8.6659,7.1977,5.2978,5.907,8.3443,11.9007,8.6,4.6468,5.1088,5.2702
1978-05-31,8.2792,6.0368,8.6622,6.5809,8.1463,6.6229,7.2979,5.1863,3.919,4.8221,6.3082,5.5182,5.4075,2.1759,3.9109,4.8346,3.6672,1.3114,2.1906,3.7013,1.3389,1.3275,-0.0799,1.1113,1.9956
1978-06-30,0.631,0.7157,0.0892,0.1133,0.2197,-1.1987,-2.6074,0.4515,3.1164,0.1408,-0.651,-0.5172,0.7612,1.0938,0.9916,-1.0073,-0.6467,0.013,0.5597,-0.4916,-1.1999,-3.0172,-1.9985,-1.7861,-0.8186
1978-07-31,6.4019,6.526,5.8454,4.6302,4.8217,7.9241,5.3479,5.8897,4.9773,8.1499,6.3165,5.2525,4.4067,4.2473,5.2849,6.1275,6.046,6.1426,6.0884,9.9629,7.6185,4.938,4.7768,2.8253,4.7604
1978-08-31,9.6286,9.5379,8.3225,7.8623,10.4569,9.2229,7.9049,9.8324,6.6246,9.2152,7.8347,10.2225,7.6682,5.0473,8.7022,7.529,6.3333,4.4305,3.8062,2.8277,2.5832,3.2579,4.8412,3.0746,0.2141
1978-09-30,-0.9625,0.3178,-1.9675,-0.004,0.2474,-1.5667,-1.7371,-2.0726,0.6855,-1.8495,-3.6473,-2.7477,-1.4384,-0.34,-0.9626,-3.2078,-2.2704,0.5553,0.0073,-1.1775,-3.2252,0.1946,1.854,1.0586,0.8862
1978-10-31,-26.6135,-23.4842,-21.746,-18.6378,-21.1994,-24.9567,-19.325,-18.2271,-15.1889,-19.2915,-18.6648,-18.8132,-14.2572,-14.24,-19.808,-15.5897,-13.1568,-13.6955,-12.0909,-14.8212,-8.3548,-9.3417,-8.4037,-7.1035,-12.1541
1978-11-30,8.5965,7.7838,6.9993,4.2097,4.4857,11.4461,5.3336,4.4562,3.0188,5.7065,7.114,5.0733,4.1722,2.8687,3.4132,4.6851,2.1852,3.5566,1.9476,2.74,2.4149,2.7365,4.0554,3.3099,2.533
1978-12-31,3.6023,2.8549,2.0357,1.1275,0.8398,2.9995,3.2003,1.2765,2.2792,2.0913,2.7673,2.0885,0.279,1.5492,3.1988,1.2975,1.7935,1.0464,0.6307,0.2718,3.4422,0.9286,0.8644,-0.0502,-0.7472
1979-01-31,10.0914,9.8299,8.1086,10.4733,11.5649,8.7719,8.173,7.6359,7.4107,10.1791,7.0078,6.2163,7.76,7.0859,9.3764,5.4768,5.4148,6.0156,8.4974,6.3339,2.4514,5.0161,4.4335,4.6975,7.6413
1979-02-28,-2.976,-3.7243,-2.1713,-2.8955,-1.4029,-2.9469,-3.1694,-2.7143,-3.3358,-2.3344,-4.6723,-2.5575,-1.7099,-1.4827,-1.0583,-3.9485,-3.8156,-3.1481,-3.0812,-4.3076,-4.0071,-2.5228,-2.7549,-1.2994,-2.8352
1979-03-31,12.0992,9.5181,8.0015,7.2208,8.4466,12.2746,9.0239,8.4255,7.2685,8.4833,10.5183,9.1024,7.8584,8.5224,13.0083,7.6453,8.0658,6.8968,8.0295,9.6557,5.0173,6.0492,6.8027,3.6827,6.5217
1979-04-30,3.067,2.7068,2.2563,2.9889,3.4751,1.6822,3.1079,2.1845,2.8437,2.1536,1.4033,0.3716,2.8178,1.894,4.1718,2.0263,0.9619,1.3996,0.4871,1.6831,-0.1595,0.6766,0.974,-0.4934,-0.9939
1979-05-31,-2.6209,-1.0357,-1.3344,-0.6288,-1.1095,-2.1697,-1.8337,-0.3685,-0.2883,-0.4815,-3.4468,-3.0064,-0.2061,0.5335,-2.1375,-0.2944,-1.3734,-1.6701,-0.5276,-1.027,-2.126,-0.858,-1.7354,-1.2369,-1.3238
1979-06-30,5.8664,5.56,5.4277,4.4476,5.4251,7.4305,5.658,3.5945,6.0431,8.3953,3.3264,4.7866,6.4202,6.1186,6.1733,5.2283,7.2923,6.3145,7.9204,6.1149,2.2949,4.6809,6.265,4.6123,2.7239
1979-07-31,2.4182,3.0464,3.2504,3.1219,2.1556,1.866,2.5567,3.0279,4.868,3.9931,3.3026,3.7052,4.2126,2.8196,5.3545,1.4928,2.8665,2.9425,2.4331,3.0016,-0.4092,1.706,1.5107,1.2936,3.6744
1979-08-31,8.7438,8.706,6.1726,6.905,8.164,8.6529,8.6068,7.0403,6.7483,7.1492,9.6698,7.6348,5.6425,5.7737,6.8601,8.5744,6.3289,6.9458,4.8177,7.7352,6.3766,7.1381,4.4259,5.4151,5.313
1979-09-30,-0.1983,-0.1646,-1.5157,-0.4235,-0.9995,0.7359,0.7749,-2.5903,-1.4318,-1.8619,1.4921,-0.06,-1.3517,-3.0994,-1.4977,-0.3019,0.1426,-0.0299,-1.656,-1.7494,-1.7502,0.8615,1.6337,0.7364,0.4898
1979-10-31,-11.1191,-10.0407,-11.5492,-9.5492,-11.643,-8.6333,-10.6222,-11.5821,-11.9361,-11.5955,-8.1287,-8.7155,-10.3054,-7.6552,-12.2491,-7.5286,-7.7911,-8.2825,-10.1568,-10.5187,-6.2929,-5.4938,-5.7155,-7.0676,-7.1637
1979-11-30,11.0153,8.4053,6.5415,5.1574,6.5721,10.9096,8.0604,6.7518,7.2211,7.4476,11.5661,6.8599,6.6087,6.8029,5.4093,9.946,7.3073,7.4091,5.978,6.0935,5.008,7.3722,4.1544,7.288,1.0008
1979-12-31,11.4031,8.2596,5.8768,6.8224,5.0867,8.5569,6.1759,5.7297,3.7809,4.9373,5.9067,3.3343,2.771,2.1957,7.803,4.6356,3.7808,2.273,2.0514,4.0932,1.9072,3.725,-0.1075,0.8514,2.2652
1980-01-31,12.625,10.1349,8.522,8.9163,10.9805,6.9884,7.3654,6.3474,4.6942,9.1151,5.4301,6.5761,6.8494,6.0474,9.1078,7.4168,6.6668,6.838,0.7493,7.8363,3.3804,7.5184,5.6937,7.6992,10.2368
1980-02-29,0.6035,-0.1105,-2.1245,-1.8979,-2.2867,-1.3654,-0.3018,-3.4795,-4.1794,-1.2278,-1.0833,-3.7431,-4.3643,-4.1263,-2.6931,-2.4671,-1.3377,-2.8752,-4.9032,-1.7234,-4.3638,1.0575,4.0105,1.6555,2.5467
1980-03-31,-22.1137,-19.2541,-17.6516,-15.5178,-17.6862,-19.295,-16.5322,-16.744,-14.6617,-18.0851,-15.9998,-15.1284,-16.6106,-13.0029,-18.9131,-12.1235,-14.1808,-13.0852,-11.212,-16.5141,-6.3018,-11.733,-9.5567,-11.324,-12.8918
1980-04-30,6.3429,6.4932,6.7734,5.3563,6.0368,6.0889,4.7969,6.6366,7.9475,4.3841,7.1201,7.1894,7.2975,8.4693,6.2515,4.713,6.3699,7.1634,8.8955,6.9111,3.0011,3.7657,5.4671,7.8218,2.8701
1980-05-31,7.1857,6.5372,7.0006,6.6478,7.5973,8.9379,10.0245,6.6901,7.9056,9.782,7.202,7.0802,8.7732,7.8755,9.1817,7.564,7.739,9.2837,7.2271,8.9135,4.9974,5.2309,5.3078,4.0844,6.1947
1980-06-30,5.0123,3.7262,3.4802,4.0684,5.4312,4.4461,6.7253,4.078,5.6696,2.1792,5.0442,5.4023,4.1243,4.4785,2.5431,5.8354,3.8332,4.5889,3.3902,4.7444,2.1558,4.1989,1.9448,4.8699,0.2558
1980-07-31,11.9604,12.4288,10.175,8.2419,9.0358,14.1596,11.3456,10.2376,7.5589,8.2714,13.2351,8.3639,9.3645,5.3729,6.053,11.2007,10.3759,7.704,3.3627,4.8269,11.1623,6.0126,3.4522,3.203,5.1639
1980-08-31,11.4163,8.7409,6.626,7.2303,5.5377,8.0246,7.0761,4.1286,3.0164,3.6436,6.6865,6.4611,2.3196,1.7389,0.7395,4.3309,2.0759,2.5445,0.1895,0.6473,1.996,0.9653,1.1431,2.2378,-0.002
1980-09-30,6.4538,2.9879,2.7391,1.333,2.7868,4.7992,3.6201,3.6396,0.8314,1.1691,5.532,2.3988,2.7448,1.4665,-1.3168,5.973,4.3668,2.0942,0.2426,0.2376,3.0989,5.6386,3.2025,-1.1453,0.0639
1980-10-31,7.7053,5.8537,4.4844,3.6066,2.2327,6.6519,2.0934,0.6184,3.2326,1.6839,2.386,2.2751,2.827,1.4099,0.6882,2.2392,3.5663,-0.7534,-1.4089,-0.1669,0.6026,4.0755,4.5968,-1.7397,0.6636
1980-11-30,16.304,6.1212,5.5297,1.0336,1.7585,13.3325,7.2499,4.7439,6.4886,3.6777,11.4651,7.118,3.5052,2.3385,2.9981,12.8849,13.9229,4.3916,3.0102,0.8618,10.6565,14.2553,18.5373,5.1851,3.9327
1980-12-31,-6.204,-5.6414,-3.6819,-2.6769,-3.5341,-5.131,-2.3364,-1.8447,-1.4391,-0.3252,-3.8052,-3.1873,-0.4552,-0.973,-0.125,-3.533,-4.468,-0.8791,0.5046,-0.4293,0.0955,-5.5911,-5.6728,-1.2558,-0.1558
1981-01-31,-4.3849,-0.3492,1.4112,1.6791,3.2551,-4.7462,-0.7453,0.0284,1.8335,3.1017,-4.2538,-1.5856,-0.9857,1.9987,2.7036,-6.826,-3.4515,-0.377,0.551,1.4298,-6.138,-7.3113,-6.4156,-0.0682,2.2764
1981-02-28,-3.41,-1.204,1.2525,2.0377,2.3177,-0.346,1.8115,2.5609,3.2926,3.8679,3.3536,2.3908,3.7622,-0.0464,1.3652,1.3817,2.4141,4.4922,1.6688,3.8188,3.2818,2.083,-0.6347,3.1138,-0.4509
1981-03-31,7.3663,10.342,8.7604,9.0041,7.2481,8.0794,8.3186,7.6754,7.6075,7.555,7.5641,7.6529,7.8425,9.1051,6.9769,8.9506,6.7197,8.4585,8.2614,7.7286,3.2784,3.6496,0.4141,3.4017,8.1981
1981-04-30,2.787,4.5343,3.5392,4.6487,5.4124,1.6257,3.5803,3.5347,3.6961,4.0232,1.239,3.3637,1.156,0.9556,3.7056,0.0344,-0.8426,0.6191,-0.2427,1.7039,-3.0449,-4.7813,-2.6558,2.1696,-2.9724
1981-05-31,5.0052,5.2081,4.0378,2.5547,2.6729,6.176,1.8736,3.1615,0.2217,2.5212,2.2993,2.9825,2.7748,1.4664,5.1335,3.3858,2.061,1.9831,0.8182,3.365,1.5915,-2.1939,-1.9353,3.7471,0.7539
1981-06-30,-7.0874,-0.4245,1.2425,2.7453,1.3188,-7.1344,-0.5854,-0.7763,0.1194,1.5583,-4.9936,-0.049,-0.259,2.359,-1.6997,-5.1794,-1.4322,0.794,2.597,-0.5884,-4.4779,1.2326,3.3072,-0.6543,0.6095
1981-07-31,-4.6124,-3.3889,-2.6865,-2.034,-2.2158,-2.416,-3.3987,-0.7841,-1.3483,-2.0027,-1.343,-1.9857,-2.9969,-2.8484,-0.3742,2.2672,-1.232,-2.4449,-2.4765,-3.1688,1.6172,2.6516,-2.0268,-2.2379,0.5977
1981-08-31,-12.5906,-8.6304,-7.3251,-5.6471,-4.7933,-10.419,-8.3295,-5.1626,-5.1991,-5.5942,-8.3513,-6.0059,-5.5186,-5.8802,-3.3825,-7.0489,-5.8264,-3.943,-5.2641,-3.0674,-6.192,-6.6553,-5.8452,-5.2289,-0.4355
1981-09-30,-13.4434,-8.1086,-7.5097,-6.6092,-6.3757,-10.3869,-6.9373,-6.4076,-3.3341,-5.548,-9.3532,-5.8696,-6.1233,-1.5968,-3.9354,-9.1008,-8.0036,-6.5509,-3.7817,-4.3296,-6.2959,-6.0656,-6.1864,-2.1691,0.5142
1981-10-31,10.5047,7.8047,8.5489,7.1299,4.9516,10.8999,6.8179,6.7013,7.7447,5.8444,10.6472,5.4423,7.2454,4.8072,4.3837,10.1143,7.6939,5.1415,4.1541,3.7315,7.8001,7.3063,2.639,1.6139,4.8132
1981-11-30,-1.1741,2.0227,3.8939,2.5919,3.9549,1.5208,5.0482,4.9141,6.1329,5.6315,0.472,2.6576,4.2922,3.149,5.4365,4.1778,4.2068,3.3481,7.4031,4.8408,3.5564,6.0202,5.213,4.4413,3.7413
1981-12-31,-4.1998,-1.8056,-0.5292,-0.5266,-1.1451,-1.7004,-0.3017,-2.0371,-2.2933,-1.4911,-1.8543,-2.1491,-0.9079,-1.2319,-3.0488,-3.2809,-2.1805,-1.7901,-2.2628,-2.4608,-2.8872,-3.4402,-3.7476,-2.0213,-1.7625
1982-01-31,-3.1502,-0.2168,-1.6786,-1.8382,0.0511,-5.5041,-3.3829,-3.3942,-3.4575,0.2526,-6.2933,-3.3616,-4.8842,-1.988,1.342,-6.5163,-4.1814,-3.8813,-1.6693,-1.6418,-0.2436,-3.9485,-2.7555,-1.1501,1.4541
1982-02-28,-7.5763,-3.9536,-2.9799,-2.9044,-1.018,-7.335,-5.4721,-3.8087,-1.0946,-0.5152,-7.8368,-3.1507,-1.4176,-3.0576,0.3632,-6.9187,-6.3403,-3.603,-0.2879,0.7971,-7.3672,-7.4653,-2.6043,-1.188,-4.0071
1982-03-31,-1.9733,-0.5269,-1.1883,-0.52,0.5426,-3.962,0.7151,-1.3765,2.1203,1.7794,-2.4614,0.0103,1.1109,-0.2131,2.8084,-3.0949,-1.7663,0.1353,0.168,1.064,-3.4894,0.5401,-1.5568,2.5907,2.0362
1982-04-30,6.388,6.2386,5.812,4.519,4.1413,6.8277,7.3554,5.7793,4.3457,4.2054,6.2183,5.7708,4.5904,4.9762,4.7626,6.2691,5.123,4.5643,3.6677,5.0141,6.6527,3.8597,3.0461,2.9791,-0.4272
1982-05-31,-3.2222,-1.7001,0.0938,-1.2739,-0.233,-3.9199,-3.9235,-3.2536,-1.8093,-2.3513,-3.6434,-2.0889,-3.3641,-2.6511,-1.2122,-4.604,-4.4238,-4.0974,-3.9409,-2.6292,-4.0475,-1.8702,-1.5523,-3.3453,-0.3561
1982-06-30,-4.3351,-3.7562,-2.3835,-1.1273,-1.4836,-4.4937,-0.9719,-1.6575,-0.6201,-1.0339,-3.8735,-0.6524,-0.4478,-2.3105,-1.8999,-4.1933,-3.0302,-0.7025,-1.5474,0.4224,-2.8203,-1.1964,-0.5456,-1.8881,-2.894
1982-07-31,-3.9937,-2.6264,0.3278,-0.8086,-0.3631,-3.5065,1.5195,-0.2424,-0.114,-1.1108,-1.7544,-0.6207,-2.7138,-3.0539,-1.8887,-1.7705,-4.1253,-2.4533,-3.315,-2.8138,0.6366,-3.7784,-4.306,-2.12,-2.2426
1982-08-31,4.7757,7.0784,6.738,5.2159,5.6032,7.9071,8.041,10.0689,8.1739,8.1717,10.6151,10.798,12.3831,11.2826,11.0024,12.025,12.4897,10.6977,12.6246,14.0853,11.3461,12.171,13.1745,13.5805,14.1347
1982-09-30,2.2356,2.3369,5.5879,3.7958,4.3517,2.2882,3.0224,5.0359,5.5,5.3148,3.2851,5.2462,4.1617,4.2034,2.1631,2.609,2.4494,8.2599,2.4496,-0.0368,1.7273,1.861,1.1008,-0.0536,-0.0475
1982-10-31,17.729,13.269,13.1171,13.0593,11.6612,17.425,12.2445,13.1626,10.7683,11.4919,14.7745,13.5775,12.6187,13.5352,12.777,15.6154,14.4915,12.9097,12.7676,12.837,11.5612,11.3459,10.1837,10.6856,8.8139
1982-11-30,8.7173,10.3875,11.3917,10.2219,10.5782,9.6469,9.0543,7.7454,7.2988,8.8752,10.5865,8.7632,6.6629,5.0445,8.715,7.2908,7.2281,4.157,5.4055,7.2868,7.2383,4.0666,1.2835,2.4452,3.2998
1982-12-31,2.5192,2.1087,1.8574,1.9787,2.3348,-0.3142,2.227,1.3549,-0.1425,0.8306,0.6051,0.6647,-1.1525,0.2957,2.152,1.0653,0.137,2.1151,0.3567,2.6496,2.3231,-0.0067,1.1582,0.6978,3.9695
1983-01-31,13.3089,8.4649,8.7573,8.9281,7.5199,8.2663,7.9882,3.6584,4.4553,4.7389,6.423,2.9614,4.0559,3.1566,4.0268,4.8286,3.4707,2.7373,2.4294,2.0823,2.0275,3.071,3.8564,6.6297,1.6518
1983-02-28,3.0917,4.7233,7.9432,7.3347,8.5616,4.9336,5.0788,8.0707,6.0707,5.2083,4.9403,4.7923,5.5534,4.0469,5.4392,4.7694,2.7768,3.2812,3.3764,4.4829,2.4501,3.9466,3.1055,0.5363,4.1145
1983-03-31,2.7513,5.5461,6.6481,4.6974,7.4977,1.6645,4.0411,6.5271,7.0984,4.8409,2.211,6.5668,4.4166,7.5259,4.886,0.6344,2.6615,4.5155,5.5847,5.1553,3.3461,2.5152,4.0751,3.0386,3.5156
1983-04-30,7.1252,7.3556,8.8831,8.7505,9.0311,8.3953,8.2038,8.7476,6.7789,7.9481,6.8204,7.0212,7.1264,6.4429,6.779,4.9556,5.7459,7.787,6.8398,6.24,6.58,6.1134,8.8831,8.4954,9.2648
1983-05-31,12.4083,10.281,8.6552,8.7275,7.6356,5.2038,6.142,5.3519,4.0295,5.029,5.481,5.2122,2.8055,2.3754,0.8912,5.0231,5.5056,4.0164,1.9494,1.0394,-0.9136,-2.2517,-0.4316,-1.3258,-0.3714
1983-06-30,4.3555,6.7131,3.6019,3.2098,4.3659,6.8921,5.4467,1.1765,3.5671,3.1283,5.0516,5.4279,4.7111,1.7466,1.1631,6.2651,4.725,3.7494,-0.8193,1.8657,5.8797,5.1812,2.8321,1.2673,2.0053
1983-07-31,-6.0781,-2.1867,-0.8798,0.7748,0.7141,-7.2746,-4.5173,-0.9526,1.644,0.8907,-6.1485,-2.6696,2.6781,0.9625,0.6894,-4.5779,-3.3111,-4.7514,-0.8286,-0.5813,-4.8277,-6.0034,-3.6792,-0.1835,-2.1906
1983-08-31,-6.1243,-3.4281,-2.3933,-3.59,-1.2468,-5.4496,-3.3673,-2.7319,-1.0734,0.7414,-3.999,-4.0755,-1.5391,-0.8883,2.2023,-2.8669,-1.7711,0.074,2.4093,3.7039,-0.6267,-0.4393,0.2845,4.3007,6.6198
1983-09-30,-2.8338,0.1966,0.3794,1.7342,1.7242,1.4111,1.4182,4.1719,4.7693,3.6131,1.894,3.9275,2.7762,4.9192,6.7714,3.2242,1.9531,3.4846,2.5626,1.5046,2.8777,1.9135,1.9637,-1.1056,0.5796
1983-10-31,-10.4584,-6.0978,-5.2449,-3.6527,-2.8838,-10.0875,-7.3818,-3.9359,-1.6922,-3.098,-8.3995,-4.7496,-2.7719,-0.7741,-1.5629,-7.3528,-1.9089,-1.7504,-1.7537,-0.4026,-2.4513,-2.3682,-0.2647,-0.0122,-0.6785
1983-11-30,3.6776,3.5449,3.4749,2.7066,4.2101,5.8084,5.1286,4.851,5.2133,4.9959,6.4144,4.0796,4.6958,4.1353,3.9432,5.596,2.2468,5.066,4.4372,3.8103,1.2174,3.3291,2.7903,1.6184,0.7164
1983-12-31,-5.0747,-1.1534,-0.7734,-0.3204,0.7955,-3.1221,-1.1311,0.0925,-0.0183,0.2337,-3.2041,-1.2213,-0.4242,-1.0596,1.1591,-3.4077,-0.4783,-2.3525,-1.5483,-0.5416,-0.1228,0.0138,-2.2159,-1.0523,0.498
1984-01-31,-1.9223,-0.9381,0.5152,1.3566,3.1213,-6.2533,-1.2964,-0.5547,0.123,3.647,-6.9203,-4.4015,-2.1205,0.2857,-0.1003,-7.3965,-3.4324,-2.1144,-0.4669,0.4714,-5.7405,-0.7869,1.1459,1.6451,6.5188
1984-02-29,-7.4224,-6.7713,-5.1536,-4.2665,-4.6512,-7.1185,-5.9782,-3.8942,-3.3497,-3.725,-6.8874,-7.138,-4.8362,-4.5992,-2.257,-5.4485,-6.2773,-5.5979,-3.1199,-4.7013,-3.7705,-6.0683,-4.1701,-2.5235,0.9154
1984-03-31,-0.9332,1.3433,0.5961,1.8606,2.1598,-0.266,1.2348,1.1851,1.2525,2.1159,0.6679,1.2665,2.162,1.3268,3.2957,0.1669,1.6759,2.3937,1.707,4.2472,1.7911,3.0838,0.138,1.6459,-1.2535
1984-04-30,-3.8483,-1.7585,-0.5434,-0.0187,-0.9183,-1.2413,1.488,0.6233,0.086,-1.1702,0.1942,0.9622,-0.2199,-1.2553,0.1613,-1.4824,0.1119,-0.487,-2.3061,-1.844,1.4619,-0.665,1.2531,1.6356,2.3353
1984-05-31,-6.1651,-4.2768,-5.278,-3.3907,-3.4883,-6.0135,-4.8236,-4.9956,-4.0822,-4.042,-5.998,-5.5199,-5.8639,-3.999,-6.6229,-3.997,-4.1666,-6.0324,-5.3509,-7.5699,-5.212,-3.341,-6.2987,-4.0449,-6.2878
1984-06-30,1.3763,3.4404,2.1429,1.6227,1.2213,4.0913,4.2526,1.9654,2.8044,1.0191,6.3657,5.2977,0.8053,1.5476,-0.3759,5.9445,4.5352,1.7937,1.5424,2.5492,3.4855,5.3136,2.0284,-1.0171,4.7438
1984-07-31,-7.2115,-5.064,-4.6529,-1.8119,-2.1716,-5.285,-5.3893,-1.4898,-3.6034,-3.7825,-3.4704,-3.3442,-3.1188,-2.9374,-0.9739,-3.7638,-4.6826,-2.5166,-4.4683,-0.8606,0.3627,-1.527,-0.003,-3.0187,-2.3083
1984-08-31,11.4333,11.7429,8.6933,6.795,8.7242,15.9092,10.5519,9.9555,9.1424,10.394,15.4312,12.8551,10.8138,12.0644,9.4725,12.8418,13.235,12.4291,11.4683,10.0303,10.6808,10.3347,10.0344,11.6498,12.5151
1984-09-30,-2.613,-1.5668,0.409,1.4746,2.4417,-5.5642,0.3674,1.8484,1.453,3.2094,-3.8774,1.3614,1.6292,1.9913,3.6092,-1.6354,-1.2852,0.6653,1.4409,4.4569,-2.7173,-1.525,-0.5153,1.8989,3.1276
1984-10-31,-3.9838,-1.3912,-2.1738,-1.5629,-1.4071,-2.9524,-1.5048,-0.1616,0.9621,0.7489,-1.6736,-0.3817,1.3672,-1.6574,2.1322,-0.3703,0.1328,0.6971,0.0613,1.7318,0.8734,2.673,1.2607,-0.4423,-1.4979
1984-11-30,-5.6356,-3.9881,-1.3787,-1.3634,-0.9926,-5.8521,-2.0494,-0.3162,-0.0487,1.2197,-3.85,0.245,1.1332,1.6447,1.3936,-3.2829,-0.6359,-1.0142,0.6548,1.9842,-2.4506,-0.9892,-1.645,-0.7364,1.3551
1984-12-31,0.3577,0.9953,1.0399,0.4769,0.762,2.1304,2.2349,1.7339,2.2501,2.5328,4.4427,3.5103,0.9203,2.4446,1.9159,3.275,1.7239,2.2416,2.9788,3.481,2.5979,2.3902,2.7989,3.0817,1.3579
1985-01-31,15.7035,15.0685,10.5991,10.0878,8.4746,16.0494,12.8342,8.9652,9.6403,9.0606,13.7077,10.5137,9.622,9.1427,8.1961,12.2266,12.6442,8.4302,8.0396,6.3003,9.6492,7.6951,7.5338,6.9,4.484
1985-02-28,3.8199,4.7299,3.3689,2.7589,3.8179,2.8989,3.1935,2.4811,2.0159,1.2258,2.1025,0.917,1.1406,0.9049,-0.5712,2.6122,-0.834,2.0002,2.49,1.111,0.3416,2.469,1.5315,2.5123,2.7596
1985-03-31,-2.6482,-2.9405,-1.3539,-1.1511,-0.4247,-4.5568,-3.4433,-0.7772,0.3917,3.01,-4.3141,-1.0715,-2.1977,0.5943,3.6181,-2.8411,-2.0947,0.1042,0.8023,4.6276,-1.6106,1.033,-0.6786,1.075,1.5803
1985-04-30,-2.2748,-1.676,0.2735,0.497,-0.7477,-3.1638,-1.2148,-0.3019,2.4846,0.6674,-1.2842,-1.7068,-0.312,2.7322,1.3762,-1.2714,-3.1144,0.5084,0.9453,0.8968,-1.7038,-2.3032,-1.2797,1.2474,2.9045
1985-05-31,2.5719,4.1281,3.6836,2.6072,1.0914,3.9383,4.0043,3.1269,5.3816,2.9486,6.1683,5.4947,3.3014,4.3091,3.9403,6.6611,5.9056,5.5189,4.2969,6.3052,5.8043,7.5565,8.67,5.5578,4.5943
1985-06-30,0.4301,0.5558,1.0283,1.2351,2.1224,0.8558,2.5048,2.4173,2.9171,3.5033,2.634,1.9191,4.0221,2.4021,3.3666,1.9388,1.9043,2.27,3.5954,0.9124,0.6532,2.89,1.3836,0.3611,2.3318
1985-07-31,2.5606,2.7879,2.4289,1.5135,2.1855,3.2306,3.4291,4.5803,0.0316,0.8852,1.2439,2.779,1.4339,0.9912,1.8966,-0.564,0.3899,1.1738,-2.1193,0.9037,0.6326,-0.4756,-1.6574,-1.5117,-2.3637
1985-08-31,-1.6569,-0.9916,-0.659,-0.0314,-0.7204,-1.9542,-0.9879,0.997,0.4031,0.3158,-2.4532,-0.8189,-0.0235,-0.699,0.5459,-1.8297,-0.2353,0.9978,0.3911,0.2452,-1.8467,-0.0,-0.5403,0.3208,0.7733
1985-09-30,-8.0643,-5.8677,-4.9226,-4.0125,-4.0768,-7.4361,-6.1973,-3.3659,-3.522,-5.5253,-6.7727,-4.4135,-3.1656,-3.8648,-3.5373,-5.0436,-4.0714,-4.5927,-6.5045,-4.5968,-3.6541,-1.308,-3.1396,-3.1343,-4.1367
1985-10-31,0.6786,1.9496,3.5702,3.2011,1.8546,4.1113,3.6254,4.1396,5.7844,3.2776,3.968,4.4385,4.3534,2.3098,3.3521,5.7234,5.3606,4.2587,5.5172,5.2327,3.7155,4.2181,4.8351,5.8386,6.4049
1985-11-30,5.4155,6.4722,6.3603,5.0119,4.5515,9.3635,7.2187,7.8191,6.9119,6.7222,7.6452,7.5462,5.8051,6.3641,6.368,8.7119,6.6973,8.3655,5.5118,5.0512,10.019,7.9823,7.8667,3.9866,4.7189
1985-12-31,3.5876,5.2764,4.1271,3.9742,3.3358,5.1415,4.2423,5.3512,3.77,0.292,5.585,4.4748,2.5264,2.6809,5.2959,3.7184,4.1774,2.8358,4.9827,5.5329,6.8205,3.7153,4.929,2.9889,4.4209
1986-01-31,3.8107,2.0436,2.5691,2.1669,3.1219,1.0219,2.1732,0.7398,0.2155,2.4772,1.7715,3.0871,1.637,2.1478,2.6064,1.135,0.5036,1.965,2.7291,3.4799,0.4246,1.3218,1.733,-1.378,1.4209
1986-02-28,5.8455,6.4922,6.5104,7.8457,5.4908,7.4546,7.1147,7.1068,9.2739,5.0556,6.7664,9.5757,7.7429,7.1936,6.3926,7.8687,9.4778,7.0236,7.2682,7.5316,7.5732,10.0511,8.7649,6.5332,7.2163
1986-03-31,4.6244,5.4281,5.0815,4.5243,6.512,3.6535,5.1407,5.7926,5.0181,6.3238,4.9975,7.3618,5.0897,5.9101,5.3786,5.9696,5.3,5.8744,3.9721,4.9127,6.0031,7.2801,5.3412,4.7774,4.7372
1986-04-30,2.746,2.336,0.882,0.529,0.4176,2.3745,1.9488,-0.1072,1.0472,-1.5138,1.9919,2.3234,0.9502,1.1314,-1.1367,1.779,-0.117,-1.0738,-2.3908,-4.7138,0.4382,-0.9615,-2.2038,-2.8259,-2.7226
1986-05-31,4.1267,3.4978,4.5105,3.8414,3.6893,3.2633,2.4009,5.571,4.4362,2.2869,5.9758,4.2292,6.0248,5.1761,3.4575,6.058,3.7985,5.7466,4.4164,4.3132,5.1847,6.2675,3.4009,6.5844,5.5464
1986-06-30,0.163,-1.6258,0.1716,1.3758,2.0651,0.6974,0.1679,2.406,1.8004,2.2872,1.2846,-0.7698,2.3083,0.6123,2.3213,1.7664,1.0227,0.0994,3.7786,1.26,2.2489,2.0836,1.0499,0.6238,2.9181
1986-07-31,-10.1126,-8.5705,-8.3959,-6.1577,-8.6999,-11.4024,-9.8122,-8.879,-4.959,-6.8576,-9.9697,-7.7158,-8.0166,-6.0447,-5.6213,-8.5716,-7.5539,-6.9197,-4.7132,-4.4764,-7.1479,-5.8547,-4.8748,-2.5072,-2.5713
1986-08-31,0.2984,0.559,2.2655,1.8007,1.7032,2.498,4.2329,4.2935,5.4714,4.5585,4.2209,3.8149,5.9251,7.3303,8.4807,4.2744,6.3162,7.2281,10.2021,9.5065,4.3236,6.5203,6.1206,10.3436,10.7371
1986-09-30,-8.1437,-6.2528,-5.2935,-4.4471,-3.2748,-8.741,-5.7332,-4.8155,-2.4337,-5.6664,-7.9378,-7.5691,-4.321,-4.7908,-4.9969,-9.2895,-6.2552,-7.6113,-6.7321,-6.0466,-10.4026,-10.9273,-7.5846,-7.9058,-6.4421
1986-10-31,1.9229,2.8513,1.8359,3.0977,0.7872,6.4162,4.4561,3.1336,2.7999,1.5149,5.7477,2.6384,1.2114,2.0401,2.6121,5.8207,6.6266,5.1319,5.8267,4.2394,4.9311,7.016,6.7606,4.6102,5.9327
1986-11-30,-2.2802,0.2845,0.3273,0.408,1.1877,0.2595,0.2886,-0.3569,-2.1446,0.001,-0.002,0.3529,-1.0798,1.2122,-0.4076,1.3001,1.1995,1.5137,-1.2459,1.2961,2.6339,1.8538,2.7438,2.4865,1.7048
1986-12-31,-5.5711,-2.0967,-3.5863,-2.1616,-3.2494,-3.1096,-1.6995,-3.3466,-2.9469,0.856,-2.575,-1.6881,-3.8492,-2.07,-0.5197,-4.4594,-3.3496,-2.8728,-2.6262,-3.3539,-1.8011,-2.5306,-4.2219,-2.826,-2.974
1987-01-31,10.9882,10.2204,10.5302,9.6776,9.6077,13.5649,12.4261,10.5102,9.5289,10.7428,14.1495,12.9933,8.7986,10.5088,10.1478,14.0592,12.2055,10.5908,12.3069,11.7106,13.5635,16.491,11.5736,12.4853,11.9064
1987-02-28,10.4374,8.3573,6.9207,7.1947,6.4313,9.709,9.0711,6.3423,6.0328,5.5753,8.6959,8.0112,5.295,4.23,4.482,6.9893,7.0085,6.6143,3.1992,2.6727,8.278,5.8675,2.9539,-0.4465,-1.0931
1987-03-31,1.6123,3.8669,1.9327,3.377,4.5072,1.0898,3.0471,1.6395,2.7661,3.4825,0.463,1.3831,1.5996,2.614,3.2646,1.9698,1.4978,1.6694,1.8477,-1.3033,1.4406,2.209,0.6334,2.9849,4.8029
1987-04-30,-2.3139,-2.3106,-2.3584,-0.5564,-1.3275,-3.9444,-2.3954,-2.943,-4.2926,-4.7638,-2.1874,-2.1278,-4.5037,-1.8945,-2.7991,-3.5869,-2.1751,-2.5077,-1.7911,-1.603,-1.2356,-1.1941,-2.0902,-0.7103,-0.4874
1987-05-31,-0.3296,-1.2771,-0.0696,0.576,3.2911,-0.8965,-0.0483,0.0493,0.2127,0.5089,0.6846,0.4477,-0.8164,0.2329,0.6177,1.9353,0.4393,-0.5093,-0.4916,0.7684,1.8663,-0.5501,-0.2476,0.7644,0.5313
1987-06-30,-0.1579,1.4609,3.0642,1.8911,4.6098,1.7176,3.0519,3.5293,2.2793,3.9962,2.3263,1.7361,5.7835,5.5561,2.4013,5.1004,3.1925,4.224,4.1037,3.7693,4.6229,5.4155,6.1321,5.1446,5.1783
1987-07-31,1.5626,2.1385,1.918,2.8919,5.3956,2.2093,2.0171,3.7855,3.3783,5.96,2.4698,4.4388,3.7878,3.5841,8.1445,4.1565,4.8846,4.8301,4.0216,4.9188,5.9148,3.1685,6.1698,2.6668,3.0082
1987-08-31,0.8082,2.0691,2.7461,2.4512,0.7235,2.5468,3.7877,3.9453,2.5174,4.0288,3.8335,3.4176,4.7692,3.569,0.5426,4.663,4.0799,3.8091,3.8289,1.6379,4.9456,5.2965,3.4716,4.6283,2.5955
1987-09-30,-2.7682,-0.2469,-1.1236,-0.4473,-1.0095,-1.9769,-2.4958,-0.6447,-0.6564,-2.574,-3.2841,-2.2382,-2.2878,-2.3724,-1.0337,-1.8861,-1.3662,-1.9006,-1.5909,-0.1553,-2.2247,-4.0472,-0.227,-2.1032,-2.6789
1987-10-31,-34.1652,-30.6778,-28.5929,-28.3583,-28.4843,-32.4848,-31.9412,-28.6601,-24.6616,-29.2541,-29.6956,-28.4763,-24.9113,-22.4596,-27.0598,-25.5471,-28.6857,-24.0244,-18.4998,-23.468,-21.6512,-22.4498,-22.0284,-15.4466,-18.7014
1987-11-30,-8.3473,-4.9018,-4.8335,-4.4222,-3.6106,-7.1902,-5.3776,-3.6532,-3.2558,-2.9023,-6.8474,-2.4483,-2.7821,-3.0749,-4.2513,-6.4134,-6.3661,-5.9721,-4.3852,-2.4111,-9.6121,-8.3865,-8.266,-7.7546,-7.2662
1987-12-31,2.7267,5.3591,5.4135,4.8259,3.4173,11.8081,9.3387,6.7582,7.2972,5.0938,12.3088,9.6659,6.2681,4.8317,6.6057,13.0231,10.8309,9.1546,3.9267,3.9423,8.3148,7.4148,8.0309,3.2886,6.295
1988-01-31,6.0319,6.964,4.4943,4.983,6.2215,1.8609,3.3565,5.1186,4.114,6.5378,1.267,3.5602,3.8789,7.5263,6.4407,0.0532,4.6896,4.9725,5.4078,4.8428,2.2403,1.5523,5.1183,9.046,8.7796
1988-02-29,6.0388,7.4426,7.6646,7.6148,7.5975,8.6803,12.2428,8.0575,8.8604,8.3993,8.6843,7.8625,7.0394,7.2113,6.4882,8.5938,9.4131,6.3789,4.7419,6.2161,4.5771,5.4937,4.7216,1.8113,3.0609
1988-03-31,4.3073,5.3648,6.1687,5.1527,4.74,2.0708,6.8687,4.101,2.9425,4.4913,2.7698,1.0257,1.1929,-0.0344,1.2587,-0.9662,1.4049,-0.0317,-0.2831,3.4564,-4.5993,-4.2418,-3.9845,-3.8124,-0.3902
1988-04-30,0.9057,1.2214,2.653,0.9377,3.8301,2.164,4.614,2.6542,2.1203,2.1063,-0.8143,0.2356,1.9122,0.4455,2.3525,-0.2337,0.6535,1.8558,-0.6418,0.7152,-0.7468,1.1248,1.1105,2.4639,2.0338
1988-05-31,-3.6239,-1.9474,-1.1538,-1.6695,-0.8721,-4.4323,-2.3331,-2.5817,-1.0379,-0.5018,-0.6991,-1.7549,-1.0654,1.4008,0.8732,-1.1264,-0.6641,-0.4235,2.2826,1.2136,0.1122,0.2983,-0.2656,2.5254,2.0945
1988-06-30,6.4486,6.7027,5.9326,6.2989,4.7496,7.3027,11.0641,8.0147,5.546,8.4565,7.0029,7.5026,6.5442,5.9776,4.9836,7.5048,6.4044,6.4768,3.972,8.3845,4.1726,7.0585,5.5745,3.0828,3.0081
1988-07-31,-0.9257,-0.6493,-0.7158,1.1099,-1.1529,-2.7347,-2.1948,-0.0076,0.3975,0.9014,-4.1304,-2.0655,-1.6738,0.1009,-0.3676,-3.1556,-3.1814,-0.727,0.068,0.2878,-0.9991,-0.8908,0.4091,0.0383,0.8871
1988-08-31,-4.0758,-2.5584,-1.0318,-1.4881,-2.0143,-4.2831,-4.2992,-2.0233,-0.8056,-0.7617,-4.0775,-2.6339,-2.1772,0.1235,-1.0015,-3.6066,-3.1033,-1.1772,0.1727,1.3569,-2.8421,-5.1739,-2.4978,-1.3521,-3.1745
1988-09-30,0.9328,3.245,2.4682,1.9476,2.5736,2.8165,2.7753,2.8129,2.9446,2.759,3.6285,2.2917,2.732,1.5187,3.0534,4.5686,1.5545,3.9021,1.9898,4.602,5.7496,5.4293,2.026,4.0729,4.0313
1988-10-31,-3.016,-1.9232,-1.0456,-2.3548,-0.8134,-2.2288,-0.4615,0.3766,0.1703,-0.5585,-1.6775,0.1695,0.8224,0.8423,2.508,-1.3425,0.7009,0.8489,1.052,2.5729,1.8428,5.5025,1.6124,2.4156,4.1991
1988-11-30,-4.8942,-4.5507,-3.3379,-3.3825,-4.2408,-4.0432,-3.2928,-1.7315,-3.1105,-2.1062,-2.8965,-2.6854,-3.8188,-0.9051,-1.4685,-1.6686,-2.3842,-3.4774,-1.6541,-1.13,-1.8879,-1.0498,-1.8588,-0.5034,0.3434
1988-12-31,1.7273,4.4822,3.174,4.8185,2.5058,5.2121,4.3598,3.9916,4.5222,2.6211,4.3665,3.9612,3.2119,2.4593,2.6713,3.1318,3.2847,1.5395,2.0762,-0.7266,2.6029,2.0635,1.8136,0.5443,0.0205
1989-01-31,5.06,5.8583,4.5169,4.4992,5.4504,3.8418,4.8665,4.7611,3.6069,7.2897,4.7653,5.3076,5.0837,4.0832,5.3174,4.8454,5.569,5.8523,5.6768,8.5101,7.7253,6.8097,6.5596,6.3987,8.2179
1989-02-28,-1.0525,0.0519,0.8455,1.4252,1.6319,1.0417,1.7417,1.4444,0.9793,1.5749,0.1172,0.6548,0.1768,1.4549,0.1894,-0.3301,0.0073,-0.9873,0.3368,1.3954,-3.0898,-2.7627,-2.6185,-1.6959,-2.5673
1989-03-31,1.1494,3.1447,4.7995,2.4302,2.9295,1.6641,2.1112,2.4172,1.5859,3.2845,2.3213,1.6122,1.4399,3.2012,2.7228,-0.2526,1.7888,3.1438,0.6397,3.4532,2.9153,0.5425,3.9884,2.7159,1.1432
1989-04-30,2.6713,3.1799,3.8454,2.7358,2.7564,4.7282,4.817,5.001,2.652,5.3365,5.5725,3.979,4.6457,3.9762,3.8185,6.2483,5.3006,4.0954,5.4452,5.5708,6.1189,5.1362,4.9834,4.431,3.6392
1989-05-31,2.6471,5.8113,2.4411,3.5171,3.501,5.0522,2.2762,4.4724,3.6721,3.6667,5.7885,4.578,3.8153,4.0873,4.0017,4.5729,2.8659,3.4185,4.0004,5.9809,4.72,2.8686,4.4969,4.3521,3.2879
1989-06-30,-3.3378,-1.6977,-2.5781,0.7772,0.5579,-4.535,-1.389,-0.7673,-0.5292,-1.7878,-3.3169,-1.5073,-1.2679,0.3388,2.1948,-1.939,-1.5341,0.2037,2.085,3.2801,-0.6684,-0.2562,-1.3384,-0.5832,0.8855
1989-07-31,2.7303,4.7316,2.3851,3.1268,1.6377,5.4497,4.991,3.2952,3.9165,3.0958,5.2991,4.8594,3.1931,5.0083,3.3036,8.4678,8.5664,6.2539,5.9906,6.5101,11.5393,9.5052,6.76,7.8162,6.6858
1989-08-31,2.301,0.0727,0.6723,2.3962,1.6911,3.2103,2.8811,3.4792,3.6674,2.5916,3.0971,2.6964,5.1412,3.085,2.1543,3.6325,4.0137,3.4869,3.6028,1.2492,-0.1183,2.2847,2.9732,1.6656,2.9556
1989-09-30,1.1873,-0.5997,-0.2908,0.5228,-0.5128,2.3389,0.2039,0.6787,0.7897,-1.0011,1.5015,-1.53,-1.332,-0.2413,-0.8467,0.3419,-3.13,-3.4447,-0.7724,0.6437,1.034,-0.8629,0.1395,0.73,-0.5603
1989-10-31,-5.0703,-5.5675,-4.9728,-4.5247,-6.6495,-5.1607,-6.8203,-4.9481,-5.6769,-7.8125,-3.7174,-5.9357,-6.4485,-4.8896,-5.2281,-2.8215,-4.273,-6.9544,-3.0998,-4.4764,0.1729,-3.497,-2.717,-3.2296,-0.2334
1989-11-30,-0.572,0.0017,-0.6324,-0.2423,-0.9699,0.3239,1.4824,0.7141,1.6891,-0.8631,1.6032,2.2805,-0.2543,0.935,2.5359,2.3153,1.8662,0.3846,0.6693,0.6933,1.9132,2.4143,2.7204,1.232,0.8202
1989-12-31,-0.6367,-1.0079,-1.0588,-0.8124,-1.6902,1.0024,-0.1258,0.8811,0.7154,0.3243,0.3607,0.507,-1.4868,1.9105,0.2734,2.5302,2.0302,1.5838,1.3221,2.1198,0.6936,1.0034,4.5545,4.8917,1.0474
1990-01-31,-8.2363,-7.3979,-5.1087,-6.6322,-6.3021,-9.1556,-9.6596,-7.1937,-7.5154,-9.0146,-9.6329,-9.2108,-7.97,-6.5611,-7.696,-7.0273,-5.3589,-8.5867,-8.5146,-9.9602,-7.6333,-5.7648,-7.1512,-7.321,-5.8931
1990-02-28,1.9141,2.0786,1.1086,3.4486,1.5144,3.3178,3.6562,2.8742,3.3202,2.3794,3.273,3.5761,2.2407,1.2576,3.1373,1.6269,1.5776,1.4873,1.8295,3.5316,-0.0828,1.7983,2.3748,1.4147,2.0562
1990-03-31,4.2962,2.2911,2.4861,3.7168,1.3777,4.6401,4.766,4.9896,3.1619,1.5408,5.1161,2.7947,3.0015,1.0625,-0.1865,3.7275,4.3153,1.962,1.9239,-0.4494,3.8535,3.8098,0.4402,0.5367,1.2023
1990-04-30,-2.4945,-2.6502,-1.8765,-2.5561,-3.5554,-4.0346,-3.5767,-1.9634,-3.0309,-5.5877,-2.3506,-1.8241,-3.4561,-5.3847,-5.9544,-2.8151,-4.173,-5.8557,-5.4795,-5.941,0.4019,-1.3306,-3.7773,-4.1592,-4.1408
1990-05-31,8.5047,6.4746,5.9255,4.1918,3.674,10.6511,8.7681,5.5876,5.5191,3.6411,9.3966,8.8236,7.5443,4.5683,6.4514,11.0155,7.8248,10.2133,7.4322,8.6495,11.6551,11.1217,7.7202,6.4604,7.6916
1990-06-30,1.0482,1.982,2.6986,0.3863,-0.3097,0.1355,0.8544,-1.0585,0.0984,-0.6112,1.9148,0.4717,-0.4066,-1.5806,-0.6124,0.57,-1.7861,-1.9148,-1.7995,-0.0234,3.434,-2.1376,-2.3266,-3.4862,-0.3005
1990-07-31,-4.744,-5.0232,-3.4948,-3.036,-4.5498,-5.4578,-3.8576,-4.4572,-2.5719,-4.6044,-4.5129,-1.4346,-3.2211,-4.8545,-4.2531,-2.3517,-0.8425,-4.2729,-2.2639,-2.8179,-0.8405,-1.4977,2.115,-1.401,-2.0357
1990-08-31,-16.2887,-14.7541,-12.6508,-11.055,-12.2331,-14.5431,-13.4333,-12.5463,-10.446,-11.1668,-13.8314,-13.3979,-10.8022,-8.9066,-9.8376,-9.4742,-10.897,-11.0438,-9.4743,-10.5549,-8.6876,-10.12,-6.6028,-9.5418,-10.5942
1990-09-30,-10.5086,-9.2335,-8.1034,-6.9003,-8.6792,-9.8344,-9.0022,-8.7623,-6.9498,-8.5706,-9.4358,-7.1756,-6.7005,-8.1734,-8.18,-5.8494,-6.2792,-9.7383,-6.5354,-7.9524,-5.2159,-5.252,-1.515,-6.6356,-7.4338
1990-10-31,-6.6087,-6.6499,-6.3206,-5.5213,-7.2871,-6.3133,-5.2703,-4.3568,-4.1345,-7.5257,-5.0714,-4.9835,-4.1651,-2.5148,-4.8607,-0.6854,-3.3469,-7.3204,-1.2545,-2.3797,1.5292,-1.631,-0.972,0.4319,0.9095
1990-11-30,3.505,5.7029,4.064,2.939,1.6236,11.8491,6.1616,6.9913,6.9105,4.2687,10.9548,9.2038,7.7201,7.7842,7.0842,9.1257,7.8959,11.2654,9.1461,5.9,6.4112,7.7425,5.9443,6.2304,4.3625
1990-12-31,0.3482,-0.1947,0.0693,2.2842,0.3384,4.2666,5.8603,4.3177,4.0176,3.8771,6.7485,4.3869,3.6469,3.8468,3.301,3.9669,3.866,4.8847,4.4169,3.3652,3.3358,3.7003,1.6735,2.3972,0.8096
1991-01-31,7.8057,7.1576,10.7585,8.8886,11.1865,10.0161,6.6071,7.2899,6.3987,8.9379,9.2578,9.1604,7.0495,7.9457,3.6878,8.401,4.0078,7.8051,4.3645,5.4533,5.1921,5.8632,1.9125,6.0377,3.9828
1991-02-28,14.4542,12.0216,13.7227,12.2548,11.6922,11.9072,10.2467,10.0669,8.3063,13.9235,9.4827,10.632,8.5082,8.3986,8.5386,8.684,9.369,8.7872,7.4544,6.6159,8.2108,6.8528,5.1307,6.0835,7.9711
1991-03-31,10.3099,8.6407,7.9125,6.6892,7.7665,7.6869,5.2332,5.836,6.1972,6.061,7.7138,2.8026,2.2209,4.6937,6.0054,5.069,4.0301,3.3706,3.6763,2.9515,4.5462,1.8985,0.3316,1.751,1.199
1991-04-30,0.9448,1.1321,1.1807,0.6363,0.5057,-1.5741,0.8909,0.7901,1.8309,1.8442,-2.7532,-0.6682,2.9513,2.4705,1.3927,-0.9925,0.5598,3.2813,1.6898,-0.503,0.0223,-0.001,0.0538,1.6327,-0.1752
1991-05-31,2.7905,3.768,4.7025,3.3565,3.6782,5.4506,2.8178,5.8652,3.3292,3.3962,3.6619,6.6735,4.8303,4.4189,0.2327,6.5655,3.0929,5.8424,4.6353,5.1447,3.985,5.3044,1.6741,4.292,6.9351
1991-06-30,-7.0324,-3.7166,-4.0787,-3.993,-3.7856,-5.2412,-4.9025,-3.0775,-2.896,-5.7985,-4.7483,-4.5536,-3.5446,-2.1287,-4.6015,-5.2851,-4.2499,-5.8854,-3.4027,-3.7763,-4.4107,-5.6537,-3.657,-5.1337,-3.9655
1991-07-31,2.8254,3.9834,2.3152,3.3888,2.4733,4.1469,3.5989,2.9707,3.9178,2.0583,6.1781,4.0888,3.6808,2.6794,7.3737,5.973,3.7002,2.9366,4.26,7.3379,6.2278,3.2833,4.8694,4.6764,0.8155
1991-08-31,3.7308,4.8965,3.373,0.8023,2.7947,3.9934,3.4399,3.6916,3.2983,3.7401,5.5214,4.1825,2.5662,4.1089,6.2111,1.5777,1.9911,3.253,2.6904,3.1127,4.3133,0.6985,2.6551,1.4422,1.7597
1991-09-30,4.429,2.5734,0.2001,0.2863,-1.5098,0.5631,0.817,1.9586,0.9642,-1.6264,0.1173,-0.4496,-0.7669,0.7386,-3.7203,-0.3265,-1.7413,-0.8518,-0.0298,-1.2317,-2.2205,-1.0818,-0.9837,0.5242,-3.8305
1991-10-31,6.5751,4.1494,1.8624,3.8382,1.2713,2.3274,1.4028,3.4099,0.5584,1.3106,2.7666,1.0274,1.6324,2.9462,3.6072,2.5246,0.6612,1.2885,2.3167,2.8539,1.5325,0.9423,1.9451,3.2661,0.5042
1991-11-30,-1.862,-3.2116,-4.1558,-3.2872,-2.5995,-4.7841,-6.5329,-2.8905,-5.1594,-6.8733,-3.6134,-4.8361,-3.9739,-5.0868,-5.7615,-2.3043,-4.8733,-3.9612,-3.1106,-6.1249,-1.0873,-5.5812,-5.5566,-3.7402,-8.3335
1991-12-31,6.5969,3.6013,5.3221,4.4472,4.6511,11.4488,6.8929,5.42,5.7122,7.9763,14.5302,10.7564,7.6348,10.0206,11.1811,13.1353,8.7769,10.5844,8.5771,10.5555,15.2805,9.3189,8.3698,6.9294,12.8872
1992-01-31,14.6151,15.7777,8.4345,13.1233,16.4436,8.3608,4.6291,6.4056,7.563,9.6096,1.4375,4.8663,5.1179,5.4583,9.2935,-0.2444,2.0354,0.9461,0.6765,6.4132,-3.1648,-2.1749,-2.4602,0.0055,6.7472
1992-02-29,-0.1673,4.8853,3.5012,5.1405,9.8197,0.2009,2.424,1.6467,4.5001,6.5827,0.1846,2.6202,3.6044,2.9094,8.8406,-0.5662,2.9898,3.0984,2.193,5.1886,0.2189,-0.5299,1.9293,4.2775,10.1129
1992-03-31,-6.5173,-5.6816,-2.5283,-0.0759,-1.0317,-7.8095,-2.5028,-1.6914,-0.5092,-1.0898,-5.0371,-2.2245,-0.4367,0.0645,-1.4159,-5.6903,-0.75,-3.2421,-0.6909,-2.0735,-2.9246,-1.6789,0.1304,-1.5142,0.7934
1992-04-30,-10.0189,-3.8245,-4.9386,-4.6017,-2.7764,-6.5099,-3.4254,-2.5884,-2.5509,0.5294,-5.1688,-1.5337,-1.1468,0.5038,2.5581,-1.9987,0.9842,2.238,2.8667,4.0871,-0.154,5.3015,5.4824,3.2808,7.4907
1992-05-31,-1.4894,-0.2772,0.2121,-1.3392,1.6116,-0.1849,0.2964,1.8656,0.7003,4.03,-0.3735,-0.9255,1.8655,0.8393,2.5155,0.1798,1.3736,1.2849,0.653,-0.1735,1.2365,0.4129,-0.0843,0.0865,-0.001
1992-06-30,-8.9872,-5.2859,-5.1875,-4.8403,-4.4549,-5.3544,-6.0479,-2.5547,-3.3242,-0.861,-4.6265,-3.9542,-2.5128,-1.3847,0.6266,-1.7715,-4.0469,-1.9681,0.2737,-0.2195,-3.0456,0.0108,-2.2534,0.4127,0.7537
1992-07-31,0.7306,1.4122,1.5704,2.9659,2.7839,2.7434,4.4084,3.0896,4.2553,2.78,4.6121,4.7099,3.9094,5.2199,4.2806,5.2039,4.0047,3.7096,4.2296,2.0569,4.9197,3.5172,4.0144,4.7464,-0.2818
1992-08-31,-4.5544,-3.1567,-0.8878,-1.7265,-3.4169,-3.9161,-3.3885,-0.797,-0.2072,-3.6401,-4.206,-2.4856,-2.1342,-1.1572,-2.9319,-1.2634,-2.5954,-2.3159,-1.58,-4.4218,-0.5825,-3.0083,-1.2507,-3.175,-8.3801
1992-09-30,0.2961,1.5371,1.8299,2.2764,1.3107,1.5556,1.8221,4.2256,2.346,1.8333,3.0696,2.6343,1.4936,0.5658,1.8407,0.9265,3.4422,1.9532,1.104,0.1628,0.7961,3.3326,0.5488,1.1058,0.1762
1992-10-31,2.5382,1.8943,2.5687,2.058,1.4987,4.9674,4.2319,2.316,1.1993,3.2856,5.647,4.0142,1.8302,2.4325,1.4696,4.7768,0.9736,1.1404,2.109,4.7469,2.0576,1.4372,-2.5493,0.1827,0.0327
1992-11-30,10.6494,11.0947,8.255,8.0868,7.8462,9.206,8.2522,6.367,4.7711,7.0207,9.3924,6.5906,6.1602,5.004,4.126,7.0464,4.8608,4.1267,2.9252,3.8264,3.6767,4.9987,1.0653,2.9428,8.3542
1992-12-31,1.6299,3.1959,5.05,4.4694,5.0219,1.6088,2.5187,3.2854,6.362,4.8925,3.7539,4.9655,2.8911,3.798,5.0136,1.2262,2.6709,3.6451,4.1335,4.5833,-0.7044,3.4563,1.0783,3.0,3.0076
1993-01-31,2.896,5.1034,4.3131,5.6016,7.9548,-0.6436,3.0376,4.4064,4.5692,8.1658,-2.4126,4.297,3.9783,3.4116,3.6655,1.1724,1.7823,3.0735,2.6367,4.6933,-2.4217,1.1223,0.8971,3.3609,8.9823
1993-02-28,-7.4897,-5.2288,-2.0913,-0.8217,0.7861,-8.1521,-4.3086,-0.579,2.6372,1.6492,-7.8606,0.0148,1.2311,0.6962,3.0075,-5.078,1.4612,1.5923,3.1469,1.8688,-3.0749,2.1065,5.0582,4.6791,2.1196
1993-03-31,1.0175,1.7524,3.1509,2.5465,4.9944,0.6452,2.6206,4.193,2.4846,4.065,4.9377,3.1568,3.2351,3.6272,5.8087,2.5558,5.0138,4.3811,3.6597,1.8442,0.7033,3.5955,2.7975,1.3939,3.5029
1993-04-30,-4.1363,-3.7081,-3.2311,-2.1084,-1.2174,-2.9152,-3.1626,-1.9825,-2.3012,-4.0076,-4.9751,-2.244,-2.5086,-1.7062,-1.7196,-5.0092,-2.4846,-1.9224,-1.7793,-1.4015,-6.003,-2.1785,-0.2769,-1.49,0.85
1993-05-31,5.8705,4.4423,3.9021,2.9392,4.5345,6.9629,4.3191,3.451,1.9864,4.3784,7.9871,5.8203,3.8701,2.2227,2.2346,6.8109,3.8494,2.3395,1.1038,2.9602,3.1481,4.4805,1.6212,1.247,-0.373
1993-06-30,-1.4587,-0.2599,0.5188,-0.8256,1.9067,-0.7153,0.7524,0.2804,0.6866,2.3964,-0.6565,0.2527,1.2154,2.6076,0.9614,0.7597,0.6141,1.9582,1.2358,3.8689,-2.4596,1.0698,1.0731,2.7614,4.7146
1993-07-31,-1.5013,-0.3533,1.0043,1.7241,2.8917,0.2393,-0.2404,1.7534,1.8135,2.7438,-0.6897,0.0042,0.8978,2.6182,-0.4783,-3.2526,1.7043,1.1581,2.3379,1.3856,-3.1481,-0.1797,2.033,1.5629,-0.132
1993-08-31,3.6899,5.4045,3.5657,4.2158,3.0829,3.3528,6.0206,4.9965,5.1592,3.4091,4.0541,4.9153,3.8228,3.2431,2.3412,6.0173,4.1394,4.5247,3.8232,5.0046,3.5412,2.6308,4.0656,4.1454,4.017
1993-09-30,2.3165,2.1834,3.2018,2.9271,3.0528,3.6931,3.6295,2.6796,2.2549,2.4327,4.117,1.0854,1.166,1.2162,0.3363,0.6373,1.3501,0.8382,-0.9653,-0.8491,-1.3055,-1.6148,0.2194,1.4351,-0.4495
1993-10-31,5.4357,4.312,4.7227,4.6768,4.2506,3.9965,2.0402,1.6697,0.8215,0.639,2.3762,-1.0496,0.2685,-0.1622,3.1162,3.3844,0.6956,0.1949,-0.681,-2.2273,4.7189,1.3893,-0.7439,-0.4909,-0.4869
1993-11-30,-3.9975,-3.0763,-1.8476,-2.1243,-1.7172,-3.2104,-2.3387,-2.3673,-4.145,-4.3573,-2.5438,-1.9417,-3.1972,-3.5451,-0.4362,-2.3486,-2.4717,-2.2479,-2.5811,-4.987,1.8851,-1.9821,-2.1602,-3.9286,0.707
1993-12-31,0.8179,0.3909,1.9231,1.2319,1.0429,2.2317,4.4544,4.538,1.8034,3.8084,3.7118,6.2907,5.2086,5.0855,2.2353,4.2124,6.3939,4.0522,2.8443,2.6346,0.2342,2.2266,0.835,1.2346,1.7944
1994-01-31,2.6069,6.3154,5.5552,4.7981,5.8042,1.3068,1.8424,2.1841,2.6419,4.9746,1.7447,2.1526,1.3877,3.2223,6.1967,2.4013,3.2401,5.1023,3.1792,2.0139,1.6584,4.7972,4.1719,2.9785,2.7416
1994-02-28,-3.018,0.7361,0.5191,0.0404,-0.1317,-0.6764,0.5304,-0.0125,-1.9337,-1.1769,-0.6453,1.547,0.6305,-1.2379,-1.2079,-1.4497,0.3033,-1.1944,-2.5922,-4.997,-1.8141,-2.0505,-3.4599,-5.3521,-4.9713
1994-03-31,-7.8223,-5.0397,-4.8155,-4.4727,-2.8962,-6.988,-5.5083,-5.2712,-4.1516,-5.2542,-5.7541,-4.8236,-4.4077,-4.2601,-5.0328,-6.057,-5.0019,-5.0068,-2.9651,-0.8919,-4.8018,-3.9477,-3.2657,-4.1054,-3.9693
1994-04-30,-3.94,-0.0467,-1.4881,-1.0297,0.6945,-1.2483,0.8723,1.3668,1.9439,1.999,-1.256,2.0202,1.0288,0.7567,1.1052,-0.2403,0.6469,0.9733,1.7894,1.9827,1.2046,0.2473,2.191,1.634,2.1476
1994-05-31,-2.6764,-2.1145,-1.2904,0.0672,-0.3853,-2.2295,-2.4492,-1.0869,-0.3917,1.3873,-2.1408,-1.2966,0.5874,-0.8161,0.2874,-0.3432,-0.4839,1.288,-1.0884,-2.0707,1.0712,2.7206,2.7187,0.032,3.4329
1994-06-30,-6.4924,-4.6988,-4.4525,-2.1828,-2.0226,-5.9041,-3.3009,-0.2963,-1.8744,-0.7989,-4.1695,-3.0333,0.293,-1.6271,-1.8119,-4.9857,-1.8355,-3.3432,-1.9067,-3.309,-2.8656,-2.6459,-2.1865,-1.3328,-3.7449
1994-07-31,0.1885,0.1975,-0.7816,0.9688,1.1544,2.2703,2.1695,1.8359,2.5887,2.3234,3.2612,1.7659,0.7726,3.7643,3.5881,2.3856,3.9097,3.2213,4.9195,3.9121,3.0956,2.9082,4.3448,3.87,1.4054
1994-08-31,3.8151,4.1132,5.1216,2.5715,2.8197,9.7017,6.1169,4.1083,4.2469,4.672,9.724,5.0643,4.4458,2.7934,5.2205,7.8566,4.8163,2.9864,3.1778,4.4922,5.2737,3.4613,1.874,3.8468,3.388
1994-09-30,0.9049,1.9546,0.7736,2.7458,0.8228,0.1258,0.8274,-1.3609,0.9621,-1.4798,0.6511,-1.3503,-1.9841,-1.6756,-1.0855,-0.7908,-1.8782,-2.7472,-3.3104,-2.5418,-1.2027,-3.4749,-2.3453,-4.0921,-6.2261
1994-10-31,-0.7415,0.9648,-0.2289,1.2102,0.2306,1.8759,-0.006,-0.2937,-0.4526,-3.8106,3.4382,-0.7247,-0.034,-0.6216,-2.6595,0.5654,1.3722,1.0409,-0.7358,-1.9806,2.3941,2.3584,3.3544,1.7499,2.5048
1994-11-30,-4.4831,-3.2212,-2.7393,-3.199,-3.1054,-3.0003,-3.7118,-3.8837,-3.8378,-4.9872,-5.427,-4.3481,-4.5543,-2.9052,-5.0911,-4.0557,-3.716,-4.0225,-3.9729,-5.4086,-2.0817,-5.1759,-2.7346,-5.0928,-2.7375
1994-12-31,-2.7502,-0.8948,-0.2671,0.0808,-0.1363,1.6995,2.0335,2.5898,2.5627,1.0549,1.7545,3.1197,2.0369,2.5405,4.5286,2.0471,1.1874,0.0008,0.944,1.1911,1.6066,1.0769,1.1417,1.1138,0.1701
1995-01-31,1.1066,2.3206,3.1917,2.2937,2.2048,-1.9907,-0.9191,-0.0896,-0.4291,0.2609,-1.3823,-2.3878,-0.5405,-0.0284,0.5911,-0.1406,1.2516,0.9635,3.9371,4.6626,2.769,1.6708,3.545,4.3476,6.4906
1995-02-28,2.4425,3.8224,1.9632,2.2162,3.2976,3.481,4.5122,3.4207,2.8009,5.9165,5.4058,5.6933,4.1939,4.8395,5.2636,4.3861,4.7534,5.0538,4.0773,4.8349,3.5546,4.6831,2.9145,3.6047,7.5757
1995-03-31,0.7663,1.5807,1.2794,1.0864,0.8021,4.5576,1.1512,2.7384,1.9726,1.9184,3.6868,2.2508,1.768,0.2143,1.0853,3.1749,3.4355,2.6236,1.4399,0.6306,2.7306,3.9251,3.5669,0.4744,1.167
1995-04-30,1.534,2.9019,3.3298,2.242,3.9593,0.0279,1.5666,3.4819,2.0993,3.5311,-0.1141,1.6927,1.9755,3.6249,2.0354,0.3854,2.1424,3.6995,1.0514,3.7429,2.7238,3.3024,2.6925,2.3646,5.9711
1995-05-31,1.5282,2.1926,1.8735,1.3173,3.1779,1.1851,1.2379,1.6526,2.7262,2.5762,2.0958,-0.6546,1.8199,3.0288,2.988,1.9238,1.5788,2.3844,3.4551,5.0637,3.8494,2.9118,4.3852,6.2979,6.1654
1995-06-30,7.9438,6.848,7.0658,5.0278,5.2105,9.8801,4.3653,4.5973,4.0401,4.7796,6.5417,3.1683,3.0867,3.1611,2.1738,6.6519,3.2704,2.6504,2.5183,2.8129,3.3656,2.6109,0.1066,1.5431,1.5826
1995-07-31,7.3038,6.8395,5.1185,4.9206,4.9766,9.1515,6.5002,3.9286,5.1151,5.0084,8.1296,4.9019,4.5039,3.766,4.4945,8.0306,4.5953,3.9597,4.3292,3.6226,2.9956,3.927,4.0559,2.7344,3.4016
1995-08-31,4.1365,4.7315,4.3159,3.7292,4.1467,0.7323,1.8048,0.7283,3.5914,3.4318,0.5037,2.1315,1.0502,4.2463,3.0852,0.1026,0.8227,2.505,2.2636,4.4377,0.0734,0.3728,0.1906,2.7056,4.3723
1995-09-30,3.4451,2.8167,2.0319,1.8791,2.4809,2.2334,1.3851,1.9854,2.9535,0.5578,2.1604,1.109,1.5493,1.9729,1.0291,3.5126,2.0674,1.3504,2.0218,3.483,5.5287,2.5076,3.527,4.7456,7.1057
1995-10-31,-6.331,-5.7491,-4.87,-3.6497,-2.7689,-6.9037,-6.7688,-5.4621,-4.9389,-5.0729,-2.7348,-3.8311,-2.6399,-3.1487,-2.7795,-1.808,-4.3179,-2.2672,-0.872,-1.1195,0.3604,0.7558,0.7891,-3.1983,-3.3851
1995-11-30,2.1326,2.4954,0.7402,2.3182,1.534,4.9357,4.9634,3.8818,4.6259,5.9429,6.337,3.5026,3.8072,4.778,5.1377,4.306,4.9392,3.9842,4.7278,4.6705,4.8715,2.0393,4.8947,4.9508,5.3538
1995-12-31,2.4222,2.9216,1.7044,1.3308,1.463,2.8807,2.2127,3.4155,3.2689,3.3367,1.2257,1.8338,2.8955,3.2865,1.4297,-1.4857,0.642,1.2252,0.2472,0.4044,1.1884,0.9498,3.8816,0.9965,1.4851
1996-01-31,1.5371,0.4245,1.3864,1.4805,0.8087,-0.1562,-1.2629,0.6593,-0.862,0.389,-1.6752,0.3971,-0.1328,1.0031,0.8012,1.63,2.1328,1.6493,2.1008,1.2085,3.9698,2.5866,3.3742,2.9294,4.3258
1996-02-29,3.8839,1.0917,3.8552,1.8964,3.4915,5.4319,5.7169,2.072,1.9514,1.3205,4.6928,4.0005,2.1663,2.5577,1.6162,5.4291,1.0876,0.4878,1.6552,-0.8795,0.5819,3.0462,1.4961,0.6027,2.9717
1996-03-31,2.7838,3.7827,3.1612,4.0983,1.9835,1.9559,3.2139,0.9728,1.8473,3.9309,2.9344,1.0438,3.3547,3.2144,1.9584,1.2142,0.859,3.0353,0.7507,2.1938,-0.056,2.1681,0.9239,1.7777,1.3611
1996-04-30,8.4766,9.7516,8.582,6.0243,5.6874,10.1675,9.1319,2.5193,4.2759,6.4713,5.7558,4.6472,1.9961,1.2811,1.594,6.3757,4.1554,3.8186,-0.2391,-1.8678,1.2793,3.2201,1.2418,-0.4336,-1.4111
1996-05-31,8.5706,6.733,7.8493,6.3868,5.7559,6.0885,4.4222,4.2858,4.8326,7.5531,2.7931,3.798,2.0888,1.3399,1.1599,2.8479,0.3669,0.4324,1.2662,1.6086,3.8804,1.3666,0.6941,2.9746,2.2018
1996-06-30,-7.7182,-5.6378,-5.1478,-2.5406,-2.8787,-6.8761,-3.7918,-2.5147,-0.8418,-5.5249,-7.3218,-2.7505,-1.0404,-0.401,0.144,-4.3311,-1.62,-1.094,0.3978,2.1836,1.4484,-0.9236,0.1509,-0.8803,0.7028
1996-07-31,-15.0267,-9.5945,-8.7007,-4.4838,-5.5244,-15.0372,-9.901,-7.9752,-5.5876,-5.2929,-11.5165,-7.6491,-6.1167,-4.9005,-6.2474,-8.9281,-5.398,-4.8763,-4.136,-4.6929,-5.0134,-4.7917,-2.8777,-3.3778,-4.659
1996-08-31,4.6141,5.1198,4.2663,3.8688,3.8458,7.8202,5.8251,4.1503,4.6537,4.7893,8.1959,5.7449,6.1643,6.5234,4.5265,5.5745,5.2135,5.9182,4.9209,4.0873,1.2675,3.0132,4.0982,2.1365,2.9696
1996-09-30,2.3569,3.9618,1.6003,3.4826,2.6321,5.954,2.9556,2.1464,3.8281,3.9748,8.0249,4.0823,3.2525,3.261,1.6496,5.6733,5.3898,2.5426,4.2309,3.47,7.2706,4.4768,3.6416,3.425,4.9684
1996-10-31,-5.6168,-2.7036,-1.4502,1.1103,0.9281,-5.3953,-1.4541,0.1543,1.9823,1.1142,-6.5755,-2.4681,0.2316,1.1202,1.5057,-3.9237,0.8279,2.2643,2.9811,3.3905,1.6607,1.1424,5.6154,5.5768,4.6019
1996-11-30,-0.5979,1.8958,3.2591,4.2676,4.2845,1.1138,3.8451,4.4281,4.5179,3.8162,1.5339,5.8614,6.2765,7.0593,3.9763,5.4238,5.4298,5.6378,6.7179,8.2977,7.4882,7.2096,8.2519,8.6855,6.6994
1996-12-31,-0.2232,0.5882,2.4377,2.439,1.7083,1.7007,2.0786,3.2079,3.2868,2.0619,-0.3039,0.641,1.7917,0.8803,2.1837,-2.0727,0.4265,-0.5626,-0.0103,1.9938,-2.0094,-0.478,-2.5623,-2.6241,-1.2617
1997-01-31,6.3435,4.6521,6.773,4.8321,4.0727,4.0517,2.7263,1.9267,0.9229,1.7804,0.2157,3.9509,0.6116,2.9492,4.753,2.1593,3.6778,4.3216,1.9251,5.0161,7.6781,5.0838,4.9721,5.3783,4.0136
1997-02-28,-5.9053,-5.2302,-2.4687,0.7713,0.6872,-8.9477,-2.8415,-0.6668,0.612,2.658,-6.3634,-1.7301,0.4085,1.5337,2.0282,-3.7422,1.1338,0.0779,2.4982,3.7465,0.8132,-1.5718,-0.066,3.0264,4.9557
1997-03-31,-9.6114,-6.2061,-3.9635,-2.5576,-1.8929,-9.4067,-5.7741,-2.794,-2.4791,-1.4728,-7.9604,-3.6045,-3.5423,-2.7462,-2.0352,-7.4526,-3.6609,-3.1803,-4.5199,-3.6789,-5.4916,-0.9055,-3.9249,-5.8009,-5.6178
1997-04-30,-5.1354,-3.9509,-3.3752,-1.4212,-2.5178,-4.3795,-0.2387,-0.1463,1.8825,0.0871,-1.2362,2.4742,3.9179,3.2647,1.28,2.061,2.4582,1.9888,3.0713,1.9829,7.961,2.482,6.229,4.9844,1.3764
1997-05-31,12.5753,11.1791,11.0514,8.4541,7.9802,17.0975,14.764,9.8433,9.1649,8.5523,15.1689,10.47,7.8364,6.9501,7.0456,9.696,7.4311,5.5853,7.1565,6.9965,6.1197,7.1483,6.0522,4.3474,6.5451
1997-06-30,3.9427,4.6884,5.8493,7.1976,7.3816,2.7462,5.7003,5.887,5.4892,6.7853,4.2445,3.5419,5.1382,5.4152,5.2206,2.2359,3.7824,5.1076,2.5848,4.3211,4.714,2.7024,5.108,4.3558,4.0599
1997-07-31,3.5717,5.1455,6.0324,6.2079,5.6416,5.5801,5.1004,4.0456,4.7586,5.3787,4.8166,7.4068,6.751,5.3713,6.0176,7.0896,6.6716,6.4601,7.694,5.6572,7.5637,8.9245,10.8378,6.4059,8.094
1997-08-31,5.5477,4.9008,3.7275,3.4262,4.2395,3.4467,2.8361,3.8275,1.9056,3.7028,2.185,2.6539,1.5283,0.3165,1.0715,0.2685,0.1617,0.5376,-0.9529,0.3958,-7.0409,-3.3291,-5.0063,-4.5032,-5.5262
1997-09-30,10.3088,9.8094,9.5661,7.6611,9.0164,7.4865,8.0169,7.0803,7.7591,7.295,6.9736,6.6323,6.9892,6.9914,7.1006,5.2557,5.5386,5.4358,5.7445,4.0544,4.8885,5.3264,6.6186,6.1952,7.259
1997-10-31,-5.7394,-3.6608,-4.1293,-0.6694,-1.1797,-5.997,-4.969,-4.5829,-3.0072,-2.5378,-6.4833,-3.1605,-3.8527,-2.5055,-3.1278,-6.4722,-6.1046,-2.7761,-4.4772,-4.6167,-2.6819,-3.9277,-3.3616,-1.0036,-3.3619
1997-11-30,-3.292,-3.4337,-2.5593,-0.1336,-0.2712,-3.4045,-2.6621,-0.4716,-0.2375,-0.1303,-3.3493,-1.915,0.8964,2.6115,1.5834,0.8277,-0.003,4.2811,3.1772,3.4937,5.6434,4.2439,2.4544,4.9062,3.914
1997-12-31,-5.8452,-2.9415,-2.0778,0.7168,1.3903,-1.1288,-1.6686,1.2745,3.9791,2.1872,0.8949,0.0397,2.3805,4.5816,3.2217,-1.6442,2.0434,2.8992,5.8884,1.1586,1.3247,1.8266,3.3844,4.6645,3.0147
1998-01-31,0.281,-0.8501,-1.5376,-0.5394,-0.7747,0.369,-1.8959,-1.7854,-2.0937,-1.942,-0.7351,-0.7536,-1.8068,-4.4544,1.6617,-1.3138,-0.5191,-1.9475,-1.8647,1.252,3.6527,-0.5316,-3.2445,-0.0476,0.46
1998-02-28,6.3703,6.8941,5.5389,5.1308,6.511,8.8039,8.5681,9.2553,6.3908,7.3892,9.1867,9.7262,6.857,7.6438,8.7373,9.4368,7.6911,7.0467,6.1041,6.1586,6.8023,7.1107,9.6326,7.3371,7.3355
1998-03-31,4.4979,6.2291,4.9267,4.6324,5.0095,4.4599,6.3907,2.9319,3.9485,4.7845,4.4484,2.9968,5.2889,3.6656,5.7973,3.6659,5.083,5.0765,4.4256,7.6845,5.202,3.7078,5.576,8.5146,7.1369
1998-04-30,2.4269,2.5934,3.6147,2.1101,2.7964,-0.0312,1.3164,0.7106,2.2295,1.9969,1.4044,0.2009,0.214,0.2383,0.8291,0.1281,-0.0905,0.01,0.8331,0.4889,1.0082,2.2496,1.1697,2.5616,-0.7285
1998-05-31,-6.8772,-6.3633,-3.9967,-3.2426,-2.295,-9.0414,-6.279,-4.9332,-3.524,-2.616,-7.6854,-6.1601,-5.0857,-4.5404,-2.4247,-4.9774,-2.9617,-3.3501,-3.0108,-3.5851,-2.3004,-1.5006,-1.7026,0.7039,-1.2857
1998-06-30,-0.2834,1.1143,-2.7902,-0.3995,-1.1504,1.9821,-2.2654,0.239,-1.0254,0.196,3.7489,-2.0198,-0.8255,-0.0635,0.2391,1.3089,-0.5832,0.1763,1.6134,0.8175,7.0708,1.5922,2.3963,5.1279,0.7498
1998-07-31,-7.5859,-7.1924,-5.8063,-6.2948,-5.5081,-7.7371,-7.4267,-7.7663,-9.106,-7.0759,-7.9056,-7.5142,-7.8013,-8.0478,-8.7003,-6.0963,-4.6095,-5.7131,-5.3828,-4.0826,0.4593,-2.4636,-1.3102,-2.8549,-2.4938
1998-08-31,-28.0082,-21.4465,-20.2996,-19.1488,-18.4778,-25.3329,-20.3631,-17.6399,-16.0338,-18.6317,-22.8457,-21.6437,-17.6076,-16.2958,-18.486,-19.8121,-18.6923,-18.2093,-11.8863,-12.6621,-12.9641,-16.9682,-17.7297,-15.5613,-12.5729
1998-09-30,7.1655,3.4669,3.6392,3.5825,1.5481,12.6676,8.2,5.1631,4.3543,5.7214,11.4164,5.3138,8.3701,4.9228,2.5943,5.6565,7.1359,6.7252,6.1294,6.1219,8.541,3.8725,2.8946,3.9458,9.7832
1998-10-31,3.3521,3.3009,1.1228,2.913,1.0942,5.3631,5.7304,3.6437,3.0365,2.013,3.8993,6.4831,4.9172,3.5177,3.9739,8.6532,9.293,6.4652,4.4912,3.4023,7.8418,7.8834,8.5848,8.2827,3.2382
1998-11-30,10.6172,8.474,6.1135,6.3256,8.7452,9.1106,7.2128,3.9767,3.8339,6.388,9.3349,6.621,2.7638,2.9952,3.0577,7.6243,2.2457,4.274,2.8283,4.3471,7.3633,6.0792,5.5577,4.9483,4.8268
1998-12-31,5.1491,1.2849,2.83,1.725,1.222,7.1462,5.483,3.2669,4.3309,5.0189,11.3118,8.1806,3.6953,4.5749,3.0915,10.2467,5.3732,3.7241,3.3138,2.3601,8.895,2.3436,2.7918,2.8904,5.0261
1999-01-31,7.7109,5.9439,4.9,4.0539,4.1225,6.3769,0.7877,-1.8898,-2.7141,0.793,4.8924,0.5127,-1.3816,-2.0309,-1.1327,1.5983,-3.5243,-1.7024,-3.6213,-2.3012,5.9903,1.4312,2.1378,1.5761,0.1789
1999-02-28,-7.8133,-8.2237,-6.2124,-5.5714,-5.6766,-9.243,-9.5677,-7.4702,-7.8763,-10.7682,-8.7896,-8.8517,-6.3093,-5.7309,-6.3108,-5.6195,-4.6622,-3.2416,-4.457,-1.6658,-4.714,-0.7197,-0.0101,-0.8284,-1.2803
1999-03-31,-1.9732,-7.307,-1.0346,-3.762,-2.8414,0.0335,0.7616,0.1438,0.037,-3.8009,4.9731,1.9864,2.104,-0.8468,-0.0555,3.8376,4.0673,1.7482,0.456,-0.3584,4.3966,3.1082,4.5238,3.4152,2.143
1999-04-30,7.6531,9.3995,12.8698,11.3551,8.5678,10.8471,10.8166,7.0931,8.5052,7.3751,7.6051,12.6215,8.9613,11.1381,8.3827,5.9275,11.6422,7.7878,11.7397,8.8819,0.7751,8.7991,7.4213,6.0063,2.4028
1999-05-31,1.8582,3.6293,2.1539,2.1295,4.1159,0.7631,0.3397,2.8526,4.3344,3.6374,-0.537,-0.027,0.6953,2.0914,2.6517,2.4519,-0.5995,1.6167,1.9439,1.7044,-3.2822,-1.5302,-2.1162,-0.7081,2.8337
1999-06-30,6.6715,7.9625,8.952,5.3378,6.0453,8.1664,7.3692,6.8805,4.5633,6.8845,4.8143,5.8553,2.9304,1.3595,6.7572,7.3019,7.8418,2.8294,3.8785,3.4497,7.0009,2.9542,2.7507,0.0619,-0.0297
1999-07-31,1.0506,2.3705,1.6268,1.2623,1.607,-1.4758,-0.7413,-0.9572,-1.8154,-3.8118,-2.8492,-1.9327,-2.4251,-1.3291,-1.7922,-2.7956,-1.6828,-1.8132,-1.3179,-0.8346,-2.9148,-4.2428,-5.1048,-2.3602,-8.5047
1999-08-31,-3.2225,-2.04,-1.8472,-1.68,-3.5713,-2.6623,-4.0605,-4.8549,-2.8025,-4.2715,-1.9744,-5.735,-3.76,-3.7408,-0.6891,-1.2838,-4.7797,-2.3752,-2.4255,-7.0816,0.6105,-2.4146,-3.1382,-4.3029,-1.3872
1999-09-30,1.5147,-0.3306,-1.0067,-2.0449,-3.9837,-0.5152,1.5546,-0.8158,-2.1029,-1.6716,4.0326,1.0195,-2.3998,-3.235,-1.4122,1.5252,-3.8664,-3.108,-4.9345,-1.9893,-2.0484,-3.4914,-6.475,-8.7351,-7.2225
1999-10-31,-0.4232,-0.5587,-0.7879,-0.9417,-2.6361,2.6245,-0.7829,-1.3652,-1.0161,-5.1692,2.1887,0.4127,-0.8012,-1.6898,0.411,7.6037,1.3461,2.0173,4.5004,4.3143,6.2344,10.3044,7.7931,4.8392,7.5978
1999-11-30,19.1232,12.788,9.6911,7.6281,6.647,11.9728,9.3801,4.6558,3.3818,2.9098,11.6859,7.5587,-1.0216,0.044,-0.0856,11.7714,-0.2444,-1.2821,0.4921,3.7278,4.1169,0.1272,-3.3955,-4.9857,1.3105
1999-12-31,24.3642,26.3654,7.724,12.4526,7.4093,17.2588,12.0091,4.4278,4.1638,6.5231,15.1591,9.4856,0.199,4.3968,3.4056,21.021,5.1342,0.7335,6.9516,3.474,7.6911,4.5591,-0.5867,0.9016,0.1876
2000-01-31,9.6769,6.2783,4.5476,3.5374,4.6712,0.7449,-2.4222,-2.6019,0.5586,-3.0117,-3.2053,-4.5073,-1.29,-4.6081,-5.706,-3.9347,-2.9107,-4.0189,-4.0847,-8.9771,-4.7772,-4.0986,-5.2713,-6.0366,-5.8601
2000-02-29,36.3894,43.5162,20.4191,26.0642,14.8022,30.6693,19.35,3.6528,9.183,14.3011,22.6033,13.2867,0.8411,0.431,-1.3241,25.8131,1.1639,-2.3352,2.9548,-3.2162,0.3456,-5.5941,-7.9083,-9.7945,-8.1586
2000-03-31,-13.7256,-19.2332,-7.9197,-7.464,-2.5031,-13.7064,-6.2464,0.6148,-0.5188,-2.6816,-12.7794,-1.7508,10.756,6.0029,13.4853,-2.9819,12.3506,14.4445,10.2664,12.727,9.2028,11.4514,10.1182,16.8259,18.065
2000-04-30,-22.8438,-18.373,-10.1195,-10.9209,-9.7758,-13.1391,-8.7096,-6.0269,-1.6196,-2.5336,-10.027,-0.5184,-1.3608,2.8684,0.2572,-6.9405,-3.7791,2.5733,0.918,1.3363,-4.142,-2.7682,0.5635,1.1705,-4.1782
2000-05-31,-14.1056,-9.2605,-5.7788,-7.4446,-7.0062,-9.6602,-5.6171,-5.5292,-6.7414,-1.4491,-5.2281,-2.8517,-1.9898,-0.4384,2.8167,-7.9224,-0.6041,-0.2629,-1.6176,1.2711,-3.518,-1.4494,4.9516,1.3224,6.8187
2000-06-30,27.9662,28.8839,17.4954,19.0033,10.0949,14.632,11.7359,3.3475,4.4161,9.725,14.7505,2.5845,0.8589,-0.8552,2.0647,10.7585,3.107,-3.8497,-2.9175,-4.4611,5.5181,-4.6109,-6.348,-6.9054,-4.8573
2000-07-31,-8.7123,-1.2359,0.7149,1.215,1.3434,-7.1668,-1.6777,1.4883,1.3102,0.8479,-9.6714,-1.0217,4.2789,2.2729,7.1621,-6.8306,-1.0743,2.9162,1.8217,1.8509,-2.931,0.5374,4.4214,6.3138,2.3142
2000-08-31,9.1653,8.4638,4.0064,5.5056,5.2616,8.2279,4.686,3.988,6.358,6.845,8.4663,10.2511,6.3428,6.93,7.1472,13.7073,6.095,6.4216,7.2256,6.746,7.3452,6.7093,8.5975,6.4489,5.6979
2000-09-30,-10.5713,-0.8188,-3.2558,-0.296,-0.5701,-4.1263,-4.2481,-0.03,-1.548,-2.0849,-10.1711,-3.0625,-0.4375,2.8041,1.8549,-9.2772,-0.8681,-0.295,2.0396,-0.692,-6.1219,-2.5081,1.3128,9.2924,-1.6395
2000-10-31,-11.8088,-10.5197,-3.5014,-4.9233,-4.6176,-9.2615,-0.4512,-0.5414,-0.5834,-1.5993,-10.474,-1.9042,0.4613,-0.8876,2.4557,-6.0979,2.148,2.1496,-2.133,4.0013,-2.0253,2.3415,-3.8983,1.9002,3.3944
2000-11-30,-20.6746,-12.5741,-6.2007,-4.9886,-4.5567,-18.0236,-6.7961,-2.493,-5.0189,-2.7431,-20.2789,-6.5313,-5.389,-0.5644,1.5496,-18.6519,-2.0505,0.7984,1.356,0.9209,-10.5179,-6.3597,-7.8455,-0.2687,0.105
2000-12-31,-9.5677,1.1547,0.6186,3.2511,2.7546,-0.2992,6.4077,11.8595,10.693,12.3946,2.0186,14.1457,10.4045,13.0152,11.1663,3.9876,8.3793,11.7531,13.2408,11.3008,-1.5072,8.6769,5.627,7.7186,0.8438
2001-01-31,26.9306,17.8155,12.7366,12.2422,12.8175,14.1417,7.9144,4.4497,6.273,5.3773,13.0552,2.822,0.308,-1.1989,2.9443,7.2883,1.8317,-0.4579,-3.5085,6.7913,3.4496,2.461,8.1442,-4.7258,2.7201
2001-02-28,-13.024,-10.2034,-2.4398,0.4224,-0.2204,-13.8644,-2.2707,-0.4168,-2.9142,1.5869,-17.1088,-4.0547,-0.9424,1.691,-0.8219,-15.0653,-2.4804,-0.1638,0.204,1.8777,-11.9579,-2.2712,-2.7394,3.0696,2.3939
2001-03-31,-12.6189,-1.2274,-1.4419,0.0419,-1.7399,-5.6508,-0.7892,-1.4029,-1.9498,-1.4335,-11.6675,-5.2587,-3.1091,-2.7893,-1.2379,-12.0927,-3.5855,-1.1957,-1.2358,0.025,-8.585,-2.1692,-0.528,-3.0648,-2.6415
2001-04-30,9.7282,6.722,3.6768,4.4496,5.2347,10.6753,5.0558,6.9087,4.3249,4.996,11.1607,9.0332,6.463,6.0472,3.5781,16.6329,7.3344,5.6962,8.2164,7.8238,9.0779,5.2047,3.9808,2.1892,7.4823
2001-05-31,12.5494,11.1912,10.1998,11.4022,10.1568,1.7919,4.3984,2.6948,4.1698,5.7343,4.9487,-0.4464,2.9728,1.365,1.7927,3.6989,4.2319,3.3426,0.584,4.6293,0.0022,1.213,2.2492,4.243,5.6346
2001-06-30,2.1967,2.3167,4.5061,2.9494,0.925,7.4004,10.5038,6.2201,6.414,4.8194,5.3885,-1.1473,1.2486,0.3512,0.9317,3.4384,-1.411,-0.7999,-3.6356,2.8228,-2.2046,-3.3401,-0.2263,-2.247,-2.6915
2001-07-31,-8.8911,-7.1734,-4.2022,0.3114,-0.09,-10.6588,-7.7159,-5.8554,-3.5423,-4.1476,-9.3397,-4.5873,-2.1657,-0.0439,-0.8322,-4.5009,-1.1071,-0.6761,1.8403,-0.8769,-1.5494,-0.0265,-1.5054,-4.9583,7.3671
2001-08-31,-8.9328,-5.5911,-3.2609,-1.6128,-0.9819,-10.1375,-4.0032,-3.0625,-1.4785,-1.0712,-7.3881,-2.8999,-2.6526,-2.1549,-0.2297,-6.9221,-4.2901,-3.6252,-1.4446,-9.1104,-7.2435,-4.0512,-2.8723,-7.4134,-8.3493
2001-09-30,-16.5179,-15.3929,-9.9557,-9.9388,-12.7199,-18.783,-15.6037,-12.7404,-14.953,-16.3663,-15.7718,-13.3501,-11.3828,-13.7872,-18.6917,-15.9272,-13.1156,-10.3235,-14.1749,-15.0187,-7.1596,-10.9103,-7.1165,-11.1288,1.6444
2001-10-31,8.788,8.0518,5.8753,5.142,4.5639,11.339,8.5982,6.0411,3.0102,5.1245,13.386,6.3805,3.5851,5.1307,8.7705,8.1624,4.1212,1.4499,3.4731,1.9893,3.2924,-0.2382,-1.8927,1.8246,-14.6382
2001-11-30,6.134,10.8946,5.2262,5.607,6.6239,10.2446,8.0768,6.629,9.319,12.2289,9.6717,6.0427,6.0702,9.7015,13.0401,10.2928,8.6411,6.7882,10.2501,8.47,7.5761,8.4114,4.7294,11.0387,11.2875
2001-12-31,12.9067,6.0813,5.9284,5.5906,7.294,8.0632,5.6778,6.5975,7.8598,7.2899,5.8098,5.9806,7.5042,5.5122,4.9722,3.762,5.2351,4.9409,6.7044,3.3574,0.0155,2.618,3.6389,0.4628,1.3083
2002-01-31,-7.075,-1.4658,2.394,3.365,5.0065,-6.3237,-2.7077,-0.1681,1.368,1.1992,-5.2391,-2.0268,-0.6509,2.3277,5.0924,-4.0454,-0.1287,1.2509,2.2548,-3.5551,-0.8248,-2.3101,-0.5349,-1.6307,-9.1876
2002-02-28,-10.5137,-5.8868,-4.4184,-1.283,-3.1927,-9.6916,-4.3859,-1.3406,0.6299,-0.059,-7.2562,-0.5797,0.2394,-0.4001,4.2774,-4.1224,0.8152,2.5651,-3.9154,2.2289,-2.6237,0.5166,0.439,-3.4769,-12.7631
2002-03-31,5.8753,7.4958,8.488,8.3398,9.2047,8.7968,9.2596,7.3776,8.0938,11.3512,8.7844,6.7228,6.8379,7.6226,9.0624,6.5412,6.9888,5.8281,5.1271,8.2385,2.9741,6.0731,3.5469,8.851,0.1128
2002-04-30,-9.7734,-0.5011,1.9475,3.6425,5.0299,-4.788,0.3821,3.6529,3.9059,4.9079,-5.2157,0.9083,2.2681,0.8938,0.648,-2.9949,0.2977,-0.2622,-1.8168,1.2584,-7.9867,-2.9174,0.9583,-2.3225,-22.1463
2002-05-31,-6.6419,-5.9566,-3.1989,1.3962,0.2191,-7.9252,-4.1695,-4.7177,-3.2493,-6.6233,-6.0348,-2.8159,-4.0691,-2.8033,-2.0043,-2.8427,-0.4964,-0.9422,-1.027,0.2946,-1.3287,0.4547,0.6388,1.0066,-7.7069
2002-06-30,-8.2516,-7.8867,-0.8804,1.0261,-1.0667,-7.768,-4.1777,-2.8397,-1.6904,-3.2266,-7.6693,-7.6311,-4.9573,-5.1996,-5.9516,-9.6598,-7.0091,-7.1645,-5.8565,-9.0716,-7.579,-4.7192,-6.7927,-10.0277,-11.4478
2002-07-31,-19.4801,-15.4943,-14.9595,-11.5038,-12.0413,-15.2408,-16.6355,-14.0786,-15.3421,-18.2951,-9.7755,-8.8559,-11.8636,-12.1979,-17.4631,-9.7825,-8.7449,-9.3073,-12.2941,-18.2453,-5.4848,-10.2541,-7.1702,-10.4471,-14.6754
2002-08-31,-0.1372,-0.389,-2.6218,-0.822,-1.7605,0.7888,0.1803,-0.3748,1.1204,-1.3531,0.896,-0.6331,2.6949,1.5091,2.2829,-1.265,-0.131,1.6596,-0.0158,6.6552,-0.1306,0.9239,1.7435,5.308,8.3212
2002-09-30,-10.6479,-8.4026,-7.7766,-7.0067,-6.802,-8.0443,-6.478,-5.8699,-7.3144,-9.3198,-7.6242,-8.5429,-9.5149,-7.8643,-9.0526,-9.0324,-8.5386,-11.8307,-10.8312,-21.7423,-10.8651,-11.2523,-9.2718,-8.5709,-6.1952
2002-10-31,5.8169,4.5233,2.7007,2.031,1.5206,10.2258,2.5325,4.1139,1.5574,-1.3808,7.3501,2.6927,5.4364,3.3524,1.1012,7.0124,4.717,3.8342,3.3605,4.7483,10.3646,6.9862,4.6846,5.9406,14.1328
2002-11-30,17.8131,12.6759,10.2545,8.4982,9.2358,13.2245,10.9836,7.5701,6.026,8.866,9.2485,7.4396,6.592,5.5016,11.6522,10.5487,7.6679,7.546,6.9125,17.8958,4.9571,6.0858,4.4747,6.3004,7.0503
2002-12-31,-9.7726,-5.7194,-5.2049,-2.6015,-2.6696,-10.2206,-7.2347,-4.4497,-3.6509,-3.696,-7.3218,-4.4061,-2.7423,-3.8422,-6.7698,-6.9156,-5.0933,-2.5356,-3.2325,-3.6937,-6.2426,-6.2005,-3.3382,-3.7949,-9.739
2003-01-31,-0.5621,-0.2724,-2.3744,-0.5188,0.2386,-3.2649,-3.1171,-3.383,-1.5629,-2.5605,-1.4681,-4.0779,-3.3371,-3.7907,-2.6272,-1.1388,-3.4325,-0.54,-2.4762,-5.0985,-2.8215,-2.7115,-1.1601,-5.1275,-5.5856
2003-02-28,-6.1116,-3.0991,-2.4659,-1.5252,-2.1486,-2.6314,-1.6521,-2.129,-2.6905,-5.7043,-4.101,-1.0161,-2.2273,-3.9383,-2.6859,-2.8041,-1.5504,-2.1186,-1.7034,-5.5578,-1.0792,-2.7413,-2.4215,-3.4364,-4.9206
2003-03-31,2.4134,1.1615,0.5948,2.1076,0.0167,2.2764,1.37,0.5046,1.4792,-0.3583,2.8825,0.8287,-0.1472,-0.4418,3.628,1.5293,-0.475,0.413,2.2463,-4.4942,1.7086,0.4975,0.8505,-0.6429,-2.9493
2003-04-30,12.0014,10.7894,8.376,7.64,9.6397,10.9871,9.4527,9.212,9.5518,10.1563,8.3324,8.021,10.7672,11.6398,10.163,8.7045,7.0185,9.2792,8.55,9.0993,7.3132,9.5944,8.8042,8.8222,14.818
2003-05-31,19.5403,15.5143,11.1925,10.7619,11.2876,13.0253,9.4653,11.2696,10.0993,11.3989,8.5534,8.956,9.675,9.4752,9.2535,9.7616,10.5835,8.2128,10.0833,9.9529,4.2373,6.561,6.7839,6.706,7.8461
2003-06-30,7.5442,4.0501,4.8091,4.4223,5.6134,1.882,0.7016,1.3522,2.0796,3.4328,2.5886,1.674,0.4807,1.1965,2.0493,1.7425,0.8825,0.2105,-0.6116,7.1291,1.008,2.4521,1.9197,-0.7965,3.6634
2003-07-31,8.589,8.4225,8.4676,8.7619,8.1457,8.8314,5.3636,5.92,6.6316,7.7584,7.4419,4.6914,1.3259,4.4422,2.4449,4.0275,3.4306,3.0996,5.0101,2.0425,0.6261,5.4221,1.8459,-0.4286,1.6269
2003-08-31,4.415,4.9655,3.5156,4.5771,6.3445,4.0048,3.202,5.4157,4.94,6.0007,3.988,4.1336,4.8731,7.3851,7.7849,4.6646,3.6863,4.1117,4.8947,9.399,1.5687,1.4238,2.0364,2.4463,1.3198
2003-09-30,3.5252,0.3826,-0.1279,2.0958,4.8727,-2.1029,-2.1287,-2.5998,-3.9152,-0.797,-1.9723,-3.3181,-2.2442,-1.1998,-0.7238,-1.5221,-2.5541,-0.7613,-1.1526,0.3163,-0.886,-1.0859,-1.1062,-2.2194,-4.5547
2003-10-31,5.7436,8.6747,7.7461,10.493,11.5739,8.2458,8.3876,6.738,10.1945,10.8269,9.0372,6.6626,5.8749,10.9695,12.6033,7.6299,7.8366,7.2007,9.6529,8.2151,3.4964,8.9015,8.0568,6.2939,2.7794
2003-11-30,2.7925,3.0924,5.1872,3.8186,6.692,2.527,3.716,2.8397,3.7116,3.7002,3.7889,3.1442,2.2151,4.9326,2.4978,1.2943,3.191,3.748,3.446,4.5095,0.7864,0.4556,2.0795,0.3011,3.2304
2003-12-31,0.2424,2.7945,3.1162,1.4896,3.6811,2.1099,1.9353,3.2532,2.582,2.7188,-0.7228,2.6069,4.3982,2.2282,5.6274,1.1245,3.4578,2.3049,4.9589,3.1094,5.3221,4.6391,3.7021,6.2783,4.7909
2004-01-31,6.1711,5.3493,5.542,6.112,8.7407,3.5949,3.6949,3.3438,3.3977,7.8983,3.3151,2.2147,1.4738,4.4262,5.8023,2.3066,1.085,4.3906,2.7168,5.1803,1.7302,0.1053,3.5595,1.6578,6.8544
2004-02-29,-0.2305,0.0335,0.2677,0.8819,0.2501,1.0033,2.2155,0.5881,0.1337,-0.1281,-0.0882,2.9162,2.9662,1.9844,1.3098,2.513,1.5081,2.8646,3.8072,0.7018,1.1317,1.1005,2.7377,0.8378,5.4939
2004-03-31,-1.4206,-0.7523,-0.656,0.7077,-0.7902,2.4472,1.1405,0.2892,0.6012,1.6855,1.8317,1.5493,-0.0078,0.3301,0.8751,0.1172,-0.5389,0.3999,-0.729,-0.9553,-2.1441,-1.1262,-1.2198,-0.5689,-1.0885
2004-04-30,-4.1156,-4.7547,-3.8622,-3.9611,-6.2631,-3.9925,-4.3329,-2.3942,-4.311,-8.3564,-2.0798,-2.0315,-2.7009,-6.2377,-6.4709,-1.6954,-3.962,-4.4326,-2.9504,-3.1859,0.6777,-3.1225,-4.439,-2.3556,-1.7671
2004-05-31,-1.9414,-0.5407,-0.2019,-0.6877,0.6261,1.031,2.0527,1.2149,1.7125,2.317,1.5701,2.0348,1.7678,1.6522,1.5419,1.3068,2.212,2.2824,1.7929,4.1237,0.8195,2.0017,1.1705,0.102,1.2395
2004-06-30,0.7177,4.5148,4.3383,3.5752,4.011,3.6509,5.1495,5.7328,5.3437,7.6229,2.0134,4.5571,2.4953,1.3599,3.8916,1.1974,3.2312,1.9337,3.3829,4.2537,1.8121,0.6888,0.4304,2.9126,2.2546
2004-07-31,-12.7477,-7.335,-7.2123,-5.5515,-4.394,-8.6108,-8.6743,-4.8954,-5.2924,-4.516,-9.122,-5.7109,-3.6465,-3.4098,-3.71,-6.7241,-5.0581,-3.4783,-5.5647,-3.4967,-4.9002,-0.6371,-1.6014,-2.805,-0.8909
2004-08-31,-1.7682,-0.3012,-0.9773,-1.4561,-1.7829,-4.6554,-1.5614,-0.5476,0.8433,1.0526,-2.819,-0.4197,0.3746,1.0498,-2.1998,-0.8169,-1.2316,0.3456,0.394,0.7681,-0.2657,1.4963,1.2679,0.9963,-0.1083
2004-09-30,4.7611,4.8783,4.5351,4.9058,3.692,8.0856,6.2613,5.6013,3.9343,3.7158,4.1849,4.157,3.758,2.8896,4.8861,3.0857,3.057,5.126,3.1347,2.3897,0.1397,1.2458,2.4441,1.8357,3.6059
2004-10-31,1.7057,2.4034,2.5668,1.2825,0.4364,3.3908,3.0829,1.1189,0.8529,2.3106,1.5864,3.5729,2.3353,0.0218,2.3196,3.2467,2.8977,2.1364,1.7624,-0.544,1.3629,0.6077,2.7674,0.6214,2.5478
2004-11-30,10.7597,8.6443,8.6879,7.9837,8.7571,7.204,9.4273,9.4764,9.1775,9.6158,7.018,5.7565,7.9858,6.2984,9.4864,5.7641,7.3674,6.7527,6.8522,7.6987,3.0976,4.2539,5.2173,3.649,6.0568
2004-12-31,5.1334,4.6152,4.4043,2.9817,5.7605,3.6587,3.6131,2.3642,2.4727,3.201,5.405,3.3627,2.1644,1.91,2.6287,4.4139,4.1702,4.2087,4.0388,3.6714,3.7548,2.3639,2.4882,5.5069,2.7736
2005-01-31,-6.0829,-4.3525,-4.2343,-3.341,-1.2652,-5.4752,-4.2211,-2.1563,-2.7738,-2.8423,-3.4136,-3.9569,-3.7221,-0.2736,-2.8702,-3.0283,-3.5635,-2.6435,-1.933,-2.5933,-3.0397,-1.9595,-1.1507,-1.9183,0.3742
2005-02-28,-1.2592,0.0041,-0.2706,0.7484,3.0387,2.6049,1.9304,3.6189,3.2901,1.9103,1.0554,2.2888,2.8345,1.669,4.0612,2.1746,2.3316,3.7497,2.623,3.1614,0.9443,4.4574,2.2981,0.719,4.8744
2005-03-31,-6.1514,-2.3013,-3.1317,-2.8362,-2.7135,-4.1893,-2.423,-2.6622,-0.4769,-0.3154,-1.7385,-2.1606,-2.3048,-2.3939,-0.9625,-1.9634,-0.9139,0.1085,-1.217,-0.9865,-1.1065,-3.8895,-0.6996,-0.145,-0.3397
2005-04-30,-6.0808,-6.2851,-5.6095,-6.2631,-6.1546,-7.698,-6.14,-6.284,-6.1171,-4.9499,-5.1444,-4.5613,-5.2522,-4.243,-4.8389,-4.1227,-4.4648,-4.7964,-3.0434,-1.9362,-1.1428,-1.8883,-2.6891,-1.1919,-2.6223
2005-05-31,6.8352,6.6382,5.1679,4.1376,4.7743,9.2764,8.1476,7.3544,5.5201,7.0836,6.213,6.1437,5.4293,4.3135,7.0889,6.0761,6.1465,4.5913,6.1745,5.3844,3.8695,2.0884,1.9762,2.5259,4.2172
2005-06-30,4.0605,3.8464,3.6357,4.4329,5.46,2.0816,4.2964,4.1256,4.3139,5.3116,1.7144,2.8144,2.7063,4.1181,3.7036,1.1638,2.4173,3.6138,4.4085,3.1261,-1.6381,1.1375,2.1385,1.3843,3.2832
2005-07-31,7.5029,8.2304,6.7144,6.7582,6.8304,7.309,6.6324,7.8346,5.9882,5.5394,4.8271,6.5473,6.0203,5.7379,3.4986,6.1929,5.3731,5.1743,5.6587,4.2093,4.5205,3.2194,1.9177,2.4422,4.1911
2005-08-31,-2.8379,-0.794,-1.1655,-1.07,-0.5256,-2.1774,-1.4341,-1.1083,-2.218,-1.6476,-2.4702,-0.7749,-0.8827,-1.0372,-1.0382,-2.2282,0.0355,0.3252,1.6248,-1.7582,-1.4909,-1.0949,-0.2886,0.5429,-0.1654
2005-09-30,1.1285,1.8017,0.4171,1.05,-0.736,-0.0555,1.6797,1.0717,-0.6557,1.3446,-0.5921,2.279,1.2168,-0.5179,0.76,0.3279,0.5007,1.5752,2.9627,2.2153,-0.3467,1.1628,2.2895,0.944,2.2612
2005-10-31,-3.6311,-3.9575,-2.4892,-2.3971,-2.0649,-3.8487,-2.0126,-2.7971,-3.5633,-2.0798,-3.0862,-4.3902,-2.0449,-3.7951,-3.2405,-1.0378,-3.4318,-2.5524,-4.426,-3.0124,-0.1062,-3.3762,-1.7075,-1.0057,-1.0033
2005-11-30,5.152,4.0093,4.641,4.2421,3.8215,5.1733,4.6025,4.8676,5.2392,4.2441,7.0846,6.5965,3.9608,4.5723,1.5151,5.0292,4.7649,3.6399,4.0781,4.0803,3.6202,4.1767,3.6952,3.3007,2.4186
2005-12-31,-0.2963,0.1905,-0.354,-0.1653,0.8534,0.266,-0.811,-0.3283,-0.6639,-0.8912,0.9571,0.5299,0.3385,0.4646,-0.7614,0.2885,1.61,2.0013,1.7345,0.6206,-0.7783,-0.1556,1.0563,0.8046,-0.4829
2006-01-31,11.8556,9.142,8.3354,8.336,8.5155,7.4154,9.3306,9.6336,9.5733,7.4513,6.0337,7.997,7.5303,6.4627,6.0167,4.8966,5.2107,5.0467,4.0274,3.9708,0.9437,3.2506,2.3163,3.7817,3.6752
2006-02-28,-0.4701,0.5551,0.4613,-0.6992,0.0017,-0.2083,-0.4839,-0.5973,-0.5657,-0.5439,0.3178,-1.2197,-0.25,-2.4164,-0.5179,0.5119,-0.029,-0.8721,-1.7218,1.7796,0.0273,0.3678,0.4988,0.5894,-0.9412
2006-03-31,3.9183,4.6882,4.7857,5.2845,6.7277,3.1779,4.8495,7.2847,4.1135,4.613,4.8133,4.3853,3.0855,2.0267,1.8522,3.2043,2.3422,3.182,2.3497,2.0724,0.7306,2.1371,1.4527,0.8499,0.8792
2006-04-30,-0.9209,-1.4897,-0.6397,1.0354,1.4334,-0.4429,1.9252,2.1518,-0.1087,1.1347,-1.0051,-0.5173,1.7618,1.1781,1.3205,0.7398,1.1304,0.7961,1.7404,3.533,-0.5825,1.7665,1.7536,2.9419,5.0951
2006-05-31,-9.5514,-5.9063,-4.7868,-4.2584,-3.9336,-6.1171,-6.5188,-3.9992,-5.0653,-3.2497,-6.2006,-5.2155,-3.5923,-3.191,-2.5718,-4.932,-3.4504,-2.471,-3.6394,-2.7779,-2.7227,-2.9674,-2.201,-1.3628,-2.4996
2006-06-30,-0.9939,-0.3597,-1.5191,0.0561,-0.4645,0.1383,1.3342,-0.0319,0.7216,-0.3659,-0.7441,-0.4327,-0.5104,-0.7146,-0.0778,-0.0496,-2.3552,-0.3772,0.5226,-0.8926,0.291,-0.6279,0.9864,0.126,1.3364
2006-07-31,-5.8864,-3.7398,-3.3577,-2.0751,-2.5018,-5.0777,-4.814,-3.4523,-1.3025,-3.214,-6.4618,-3.23,-3.9623,-1.6192,-1.2289,-4.4597,-2.885,-2.9214,-4.0199,-1.0045,-0.9385,1.3493,2.1818,2.2309,2.6581
2006-08-31,3.4115,2.3743,3.2118,2.1837,2.8731,3.1598,2.7685,3.4464,2.9574,1.7434,2.6366,1.9183,2.0352,2.9542,2.7759,1.4087,3.3922,1.1555,3.2156,2.6632,3.7308,2.6884,2.0299,0.1135,0.0148
2006-09-30,-0.0406,0.2562,0.0634,0.3739,2.1509,0.2434,1.3895,1.1682,2.0375,0.9914,1.5863,0.4523,1.8768,0.609,0.4705,2.0066,2.4218,0.9874,1.8639,0.7683,2.428,2.8403,2.1738,2.186,4.369
2006-10-31,7.0894,6.1504,6.0783,4.9319,4.9718,6.4377,5.6234,4.5237,4.4848,5.2176,5.6682,4.7896,3.5406,3.5366,5.433,3.8923,4.7542,2.9578,3.8184,2.5981,3.5298,1.8247,3.2205,4.0586,4.4971
2006-11-30,0.9289,3.499,1.6327,1.884,2.5955,1.9602,2.833,2.188,3.3939,2.3048,3.5173,4.1744,3.8577,3.6102,3.9455,3.7338,3.4831,3.612,2.7247,4.4071,1.2083,2.6381,1.8521,2.0364,0.0382
2006-12-31,0.6886,0.2156,1.5081,2.3143,3.4568,-1.8264,-1.0859,0.8729,0.1546,2.0492,-0.8271,-0.2381,0.9066,0.784,1.128,-1.1042,0.1949,0.0288,1.7218,2.5019,0.1576,1.2684,3.2355,2.6546,3.0807
2007-01-31,1.3796,0.4727,0.0984,0.2396,2.9493,2.3189,1.0471,0.7214,0.9406,2.71,4.6481,2.3301,1.9306,3.4254,1.2426,4.6403,3.2273,2.2439,2.1238,1.1959,2.2585,0.713,1.2905,0.7812,2.5574
2007-02-28,-0.65,-0.6289,-0.8602,-0.6707,-0.0268,-1.0167,-0.2941,0.1147,-1.5731,0.0878,0.5183,0.453,1.6631,0.0378,1.1194,-0.4016,0.2074,0.5564,0.7302,0.28,-2.4328,-1.3161,-3.2031,-1.0866,-3.0793
2007-03-31,0.3646,0.0718,1.052,1.3609,0.4389,1.0635,1.1378,0.5814,0.7581,-0.7317,2.9305,2.6013,1.5325,0.7282,1.0746,1.1309,0.9913,0.8913,-0.1418,3.0396,0.6905,1.1629,2.2346,1.1999,-0.1501
2007-04-30,3.3629,0.885,0.0955,0.1826,1.3643,2.3756,2.5654,1.9523,0.5849,1.7665,4.2568,3.7298,4.5357,2.4707,2.0706,4.2359,4.8579,4.8987,3.8608,2.6259,5.4791,3.8498,3.881,2.4857,4.8554
2007-05-31,2.1627,3.4545,2.1826,3.3169,2.5807,3.482,4.2523,4.2293,1.7216,3.6891,7.145,5.1646,5.0958,4.2642,3.4216,4.5586,3.188,5.2124,4.8646,2.3304,2.7964,4.1678,4.2461,3.0831,2.7065
2007-06-30,0.2737,-0.3075,-0.9003,-0.4501,-0.1621,-1.3691,-2.0517,-1.1586,-2.3382,-1.7642,-1.0383,-0.2102,-0.4461,-1.3803,-3.3656,-1.1559,-1.5923,-2.3176,-3.5619,-1.8148,-1.7073,-0.2043,-2.1382,-2.738,-2.0557
2007-07-31,-5.5412,-6.9099,-6.3067,-6.7971,-8.3893,-4.3842,-6.131,-4.8532,-7.6929,-9.0772,-3.1935,-3.1742,-5.3064,-6.4856,-6.4476,-3.2366,-3.5915,-4.2989,-5.4622,-8.3186,-0.9564,-1.5015,-4.2621,-5.4971,-4.9101
2007-08-31,0.9707,1.1167,1.286,1.2776,-3.2134,2.5969,2.5256,2.6935,3.3795,-0.6589,-0.6059,2.8093,0.3891,0.1118,-2.359,1.3021,0.9963,-1.6868,-1.0647,-1.526,1.8554,2.198,1.8442,1.9047,0.0732
2007-09-30,2.1203,2.8103,0.4133,0.7159,-1.1712,3.1485,0.8127,0.6362,0.6523,-0.0774,3.597,3.3693,1.3964,1.731,1.4138,3.7664,3.1243,1.0645,1.3278,0.4548,5.2746,3.4377,2.9494,2.3347,4.2086
2007-10-31,3.5939,1.5149,-0.3317,0.7644,-1.3713,3.6881,4.1523,0.5436,2.0716,0.3592,4.5265,2.2576,4.2857,0.0494,3.3119,3.3885,2.8519,1.5356,1.8644,-3.226,3.9369,1.6102,1.1612,0.1753,-0.4338
2007-11-30,-9.779,-8.3707,-7.8493,-7.3088,-9.2616,-6.5584,-7.2559,-6.3776,-6.4487,-8.3031,-5.3759,-6.7493,-5.6951,-6.2907,-4.5976,-4.3895,-4.2682,-7.3136,-5.1911,-7.0298,-3.1672,-2.289,-5.4786,-4.944,-5.4497
2007-12-31,-0.8949,1.0694,-1.6297,-0.6352,-1.2054,1.2464,0.0617,0.054,0.1547,-0.7453,-1.034,-1.3282,-0.08,-1.2447,-0.6279,-0.1329,1.1101,-3.0776,-2.0103,-2.758,-0.2101,-0.9467,-0.8536,-1.754,1.3015
2008-01-31,-11.6558,-8.5607,-7.1047,-4.921,-4.6722,-9.5052,-6.9801,-7.8212,-2.8729,-4.0556,-6.717,-6.2771,-6.2803,-2.697,-6.6861,-6.7031,-8.1451,-3.9429,-5.4092,-2.7768,-8.11,-5.3207,-4.3222,-2.8297,-4.5518
2008-02-29,-5.5986,-4.0188,-4.6271,-2.5338,-4.1581,-4.8275,-1.342,-1.7685,-3.5297,-3.5163,-2.8626,-1.1858,-2.4805,-0.9811,-2.8964,-0.8136,-1.3758,-2.0013,-3.0102,-5.7739,-2.1913,-1.8844,-3.9086,-5.4963,-5.3708
2008-03-31,-3.6697,-1.6989,1.4738,0.5012,-0.4167,-0.385,1.062,1.5326,2.0203,0.7624,-3.2526,1.1328,-1.3973,-1.462,-0.287,-0.2436,-2.3203,-2.9213,-2.0112,-0.6884,-0.096,2.4265,-3.5781,-3.6876,1.1015
2008-04-30,3.6623,3.5189,1.1635,0.021,0.9025,3.0812,3.7857,3.3114,2.6063,0.8173,7.2692,7.0585,8.2248,9.7319,7.5475,6.0013,6.6015,6.0415,6.6448,2.7265,4.3994,1.3777,7.3792,3.5346,6.1846
2008-05-31,5.4365,4.7486,2.503,3.2977,2.0495,6.7927,3.3401,8.0615,4.9746,3.417,3.8544,4.0781,6.9047,4.5281,4.0963,4.4324,5.2452,5.1435,4.441,3.5312,2.8506,0.1805,0.6817,-1.8891,1.8476
2008-06-30,-6.2895,-8.6073,-10.8213,-7.2896,-9.9672,-7.6161,-7.1754,-5.8133,-7.9043,-10.458,-7.3488,-7.2644,-6.1959,-9.1513,-4.4866,-5.8529,-9.5666,-6.0548,-7.237,-14.9515,-6.0607,-9.075,-8.408,-14.3635,-10.055
2008-07-31,5.0142,3.8126,4.9163,7.3934,3.4294,2.3811,2.9105,4.7704,4.3749,5.8204,0.5697,-0.5362,1.8617,0.6913,5.1428,-1.0084,-0.5398,-6.5813,-2.7091,-3.0372,-1.5938,-1.2965,-2.012,3.3512,8.1557
2008-08-31,0.9262,3.6398,2.5024,3.7298,6.398,4.114,4.0367,4.5501,5.6412,10.5909,2.2447,3.5475,4.7313,2.1546,5.697,1.0549,2.2086,2.9787,3.9874,1.8661,1.1103,1.4943,2.0174,-0.903,-0.2943
2008-09-30,-13.2998,-9.7592,-8.8153,-4.321,-5.7976,-8.6285,-8.1768,-7.2811,-4.0384,-7.5752,-14.2913,-11.2239,-6.9727,-7.2437,-6.9998,-13.7669,-12.506,-13.1506,-10.1088,-12.0599,-9.587,-8.9375,-6.9788,-8.1828,-3.8942
2008-10-31,-24.0,-19.271,-19.8761,-16.2594,-21.7192,-22.9044,-23.4063,-18.2695,-18.5165,-22.2864,-23.2472,-19.1636,-16.2644,-18.7529,-20.2815,-20.2855,-20.0899,-25.0644,-21.2758,-17.3051,-14.9725,-14.9203,-14.778,-27.5145,-13.6029
2008-11-30,-13.0461,-12.6825,-12.9783,-11.8926,-16.4543,-10.9334,-10.5206,-11.3414,-9.042,-16.4123,-11.2711,-10.1383,-9.1584,-9.2528,-7.2999,-8.167,-8.5607,-8.3422,-7.7313,-16.5835,-5.8485,-5.0584,-6.4679,-14.7353,-17.8233
2008-12-31,3.5438,6.0708,6.1247,3.0845,3.6858,4.6075,4.7573,7.0917,5.9086,6.7225,6.3213,4.3125,1.7355,2.9928,10.0273,4.6722,6.8104,0.9487,3.5689,2.3642,1.4055,1.2558,0.509,-1.8575,3.7399
2009-01-31,-6.5729,-7.9285,-9.7266,-16.365,-15.1338,-6.5856,-7.1474,-10.5222,-13.7081,-18.0707,-6.5885,-8.6316,-8.1986,-8.6585,-17.372,-4.6184,-6.4033,-6.5968,-8.8341,-16.0037,-3.4116,-9.02,-10.9205,-19.0637,-13.6171
2009-02-28,-11.3833,-10.5913,-12.2488,-13.9089,-14.727,-10.3107,-9.2351,-10.9655,-14.487,-19.0733,-7.1945,-10.3323,-9.8247,-13.1316,-10.9687,-6.433,-8.7238,-10.9863,-12.7395,-14.0188,-7.8654,-10.0818,-12.0819,-19.2074,-12.3725
2009-03-31,11.1725,10.6438,10.3258,8.2827,10.1945,9.1163,10.2963,10.3202,8.5675,14.5689,9.6521,8.5489,9.9517,8.0853,13.8417,8.0856,9.5914,9.1524,9.6615,10.1221,8.391,7.9446,9.3904,13.0852,12.1939
2009-04-30,18.4138,16.4033,15.9787,18.0161,17.85,14.7944,18.646,15.6401,15.1523,17.5694,14.1402,18.7503,12.7467,15.1365,16.0773,11.2316,13.5992,16.002,15.3242,17.3536,6.8744,6.9263,11.8805,14.8296,20.2697
2009-05-31,6.7495,5.2961,5.5161,4.4046,3.3127,5.1228,3.1307,1.9721,1.1846,5.6705,4.0339,0.9433,2.9625,1.6205,-1.559,3.9171,2.2779,3.7357,9.4806,4.2193,4.8259,5.725,4.8812,7.1385,9.9359
2009-06-30,7.4973,5.2237,5.6204,2.1561,3.2394,6.8061,1.994,0.7598,-1.3775,0.1408,1.8891,0.8759,-1.3444,1.5779,-0.1808,1.8232,0.9001,-0.7194,-1.5053,-0.1781,1.6789,-1.4218,-0.1153,-0.7547,-2.7768
2009-07-31,8.4941,7.0935,9.6129,9.5399,13.6356,6.0501,7.7283,11.2759,11.941,12.7519,7.0038,9.6794,10.4592,12.1052,15.4973,8.0369,7.4221,9.7227,10.623,11.1295,6.0396,8.97,7.3628,8.4761,9.4536
2009-08-31,2.7822,1.6349,3.2726,3.858,10.6278,0.1049,1.9935,1.8261,3.1683,8.553,0.8731,0.9471,4.4499,4.0523,11.9186,2.0976,4.2693,3.016,5.7083,14.8756,1.1982,3.7874,3.1483,7.3364,12.0144
2009-09-30,4.6964,6.2453,4.6068,6.7656,8.7585,8.0267,7.111,5.6327,6.7282,7.4775,6.4971,3.9149,7.0071,7.6804,8.4471,6.7152,5.6733,5.8876,5.3087,8.6446,3.3711,3.5881,2.6589,4.9073,2.578
2009-10-31,-10.6082,-7.5552,-6.3869,-7.7307,-8.9551,-7.4843,-5.8894,-5.7812,-8.7657,-10.2887,-5.1004,-3.2017,-5.9368,-6.1386,-10.0081,-4.3351,-2.6911,-4.304,-6.0563,-6.1833,0.3081,-2.0086,-1.9718,-3.6415,-9.4172
2009-11-30,0.6279,-0.5472,2.5611,1.4591,1.5624,2.4338,1.2498,2.1379,3.4442,5.7268,3.1932,3.3846,2.3802,6.2191,6.877,4.6888,4.8269,4.1185,3.3649,4.2693,7.1598,5.7529,3.6705,5.1067,4.2627
2009-12-31,6.184,8.9919,7.6233,8.0694,10.0927,9.3551,9.9758,8.5631,6.9717,8.9416,7.0491,7.0024,7.022,8.0318,7.7117,6.0219,4.4628,7.9607,5.3335,6.1006,0.8825,2.2924,4.0795,1.9866,-3.0736
2010-01-31,-4.3132,-5.1904,-4.3595,-3.5444,-0.9807,-3.1729,-2.3572,-1.2697,-3.3992,-3.6508,-3.5218,-3.432,-4.7689,-3.4735,-2.6339,-3.5045,-3.9754,-5.142,-1.6063,-2.1008,-4.2163,-3.5753,-0.4607,-4.5759,-2.5787
2010-02-28,4.1699,4.7193,4.5034,5.4187,7.2253,2.0935,3.0574,2.9275,6.1239,5.1675,4.3086,4.3211,4.6643,6.0408,9.1415,5.1435,6.8455,4.2043,3.9704,7.0128,2.5601,2.1349,3.9949,4.2403,5.6363
2010-03-31,6.9944,6.6185,7.7339,7.3547,9.96,7.096,7.6436,7.5616,8.0515,11.5471,9.2123,6.4585,9.8892,6.9254,7.7223,8.131,6.9933,7.7997,4.9479,11.9864,4.9911,6.0365,5.7143,6.4139,8.2999
2010-04-30,6.5237,7.2092,6.1082,9.5334,11.6809,2.025,5.6391,4.444,6.8541,7.549,2.834,5.2832,3.318,7.7386,4.8701,3.6859,3.7045,3.3603,7.0024,5.0751,0.3804,2.6134,1.3219,-0.4315,-0.4879
2010-05-31,-7.093,-5.3263,-7.2038,-8.9167,-10.5447,-4.7048,-6.191,-7.0162,-9.221,-9.7963,-6.299,-5.8269,-7.1111,-9.7942,-9.6787,-5.363,-7.8722,-8.5247,-7.0802,-8.193,-7.4372,-8.2515,-9.0332,-8.1602,-8.0941
2010-06-30,-6.6757,-6.6759,-6.9113,-7.0135,-11.898,-5.4356,-5.5755,-6.8842,-9.7759,-12.9903,-5.4008,-6.1081,-7.4809,-7.5085,-12.0848,-4.5036,-6.163,-7.215,-8.0457,-9.8147,-3.9175,-6.4969,-3.2777,-7.1808,-9.339
2010-07-31,6.2433,4.7174,7.007,6.6637,5.7431,6.8338,7.7992,6.2383,7.1955,6.7564,6.4595,7.2632,5.2929,8.2269,7.2642,6.8472,6.545,8.0174,8.3601,6.5775,7.2779,5.495,7.5118,7.0441,5.256
2010-08-31,-8.7258,-8.745,-8.4305,-9.3653,-9.4128,-6.0161,-7.7615,-7.0257,-7.5184,-7.7279,-4.5313,-6.2351,-7.641,-6.7787,-6.8714,-4.2704,-4.3732,-5.4602,-3.5146,-6.259,-3.8497,-4.2685,-1.5882,-6.6003,-8.9273
2010-09-30,11.4688,11.016,12.5856,12.2215,9.945,14.7417,15.0541,12.4433,10.9597,11.6519,12.9635,14.5783,12.7638,11.3251,10.9467,12.5133,10.9449,10.3794,7.9602,10.4307,10.2608,8.1185,7.9255,8.1431,7.028
2010-10-31,7.0554,5.9985,5.718,5.1452,3.4574,3.9741,4.1145,4.1456,2.9695,2.6181,4.4843,3.027,5.567,3.2659,4.2156,2.5372,5.0127,3.2938,3.0494,0.3923,4.9794,3.9743,3.9174,2.427,-0.2917
2010-11-30,0.9258,3.911,5.1476,4.8246,2.8562,3.2961,4.5746,3.646,3.6238,3.7003,3.8743,5.9764,1.58,4.222,1.5252,4.2841,3.2574,2.5486,1.3213,0.007,-0.8418,1.8494,-1.1446,0.6778,-3.2975
2010-12-31,10.2915,7.3908,7.4305,8.3393,9.3775,7.1911,6.8614,8.151,8.1658,10.5386,6.6901,8.4678,8.3349,7.3063,7.2777,5.4326,6.8939,7.5934,7.0229,9.8634,4.7558,5.7702,6.5517,9.1904,13.8772
2011-01-31,-2.8494,-2.23,-1.3102,-0.8128,-0.8912,0.4548,-0.7401,2.4433,0.1382,1.795,1.9607,1.7506,0.1992,3.3128,0.3288,1.9752,3.495,1.9241,2.8354,0.2436,1.3503,3.4544,1.6653,3.498,3.3414
2011-02-28,2.2389,5.2853,4.6711,4.5128,6.0536,4.6454,8.0027,5.1234,5.6149,5.2381,5.6287,6.3234,4.7423,5.4796,4.5845,3.8627,4.1455,4.1181,4.5769,3.1537,2.2149,3.3567,4.7518,4.0959,3.894
2011-03-31,3.3025,4.1162,1.8166,1.8723,1.4139,3.3996,3.4187,2.6708,1.733,2.6304,4.1931,2.6374,2.891,1.9217,1.4499,1.9061,3.3319,2.2666,2.089,-0.1279,0.3715,-0.8438,1.9246,-1.3688,-3.2137
2011-04-30,2.557,0.4816,0.9124,1.1198,0.4137,3.8392,2.4364,1.5501,2.53,-0.2575,4.0667,3.7007,3.3633,2.9603,2.0014,3.677,1.6383,1.9959,3.8409,1.773,3.6678,4.3525,3.2692,0.3115,1.2607
2011-05-31,-0.8965,-0.924,-1.9035,-4.5122,-2.768,-2.0745,-1.2673,-0.6536,-3.3105,-2.9027,-1.4082,-1.1275,-2.0253,-3.6784,-1.072,-0.1824,-0.6215,-1.3652,-1.7825,-0.3412,-0.1751,-1.9841,-0.825,-2.4985,-3.6886
2011-06-30,-4.6812,-3.577,-2.6782,-1.4824,-2.5223,-0.477,-1.8859,-1.6251,-0.3244,-1.3853,-1.3493,-1.9182,-2.1292,-0.9135,-3.7135,-1.4744,-2.0738,-2.75,-1.0601,-2.7268,-1.2443,-1.6919,-1.6531,-1.6006,-2.7098
2011-07-31,-4.9332,-2.9923,-3.0743,-1.469,-1.4047,-3.4371,-3.7208,-4.9105,-3.2255,-5.167,-4.9342,-3.6994,-3.3622,-5.3239,-3.5764,-3.9889,-3.646,-3.3224,-1.7885,-3.4433,0.1238,-2.0234,-1.7168,-4.1341,-5.1125
2011-08-31,-11.8243,-12.1115,-9.0732,-10.5175,-9.531,-9.2843,-8.2556,-10.4031,-8.1471,-11.0345,-7.991,-8.1945,-7.9721,-9.4372,-8.4217,-7.4359,-8.3857,-8.0045,-6.8621,-6.3684,-3.8511,-4.5762,-7.073,-2.98,-11.8384
2011-09-30,-11.3437,-12.5809,-10.7316,-10.5716,-10.1535,-10.2796,-11.4608,-12.7355,-9.244,-11.322,-10.4608,-11.6631,-13.1371,-11.1255,-10.5348,-8.9057,-11.4653,-11.3337,-7.7587,-9.4945,-6.3278,-5.0141,-6.9988,-5.4113,-14.1179
2011-10-31,12.2337,15.0651,13.8885,14.9748,10.0676,17.5736,14.3593,16.0811,14.8289,13.6055,14.2939,16.1065,16.6945,16.1717,11.5535,13.9237,15.5339,14.3341,11.2772,12.3058,9.4196,10.4353,12.4482,8.605,15.1525
2011-11-30,-2.0772,-1.1674,-2.6821,-1.4768,-0.1962,0.342,-1.6882,0.2778,1.5134,0.0912,-1.8783,0.9008,-0.8283,0.9011,0.3615,-0.5757,-0.277,1.143,1.4649,-1.5214,-0.4044,1.1316,0.5244,1.0212,-6.5386
2011-12-31,-0.5028,2.0578,0.924,1.7432,1.2723,-0.8895,0.6387,0.856,0.7376,1.1148,-2.697,-0.0499,1.1556,1.1439,1.5762,-2.3002,0.6894,-0.4371,3.628,-0.4931,-0.5259,1.232,2.94,2.7322,0.9486
2012-01-31,12.1449,8.1142,7.8992,7.0981,7.7104,8.0041,5.6448,8.2064,5.5908,4.9359,9.0415,4.9619,6.8382,5.5394,3.6518,9.2528,6.2044,4.8934,2.156,4.1817,7.0543,2.3621,2.6981,1.4303,10.0259
2012-02-29,1.2352,1.2187,0.9338,1.0775,2.6771,4.4889,3.9106,1.4221,2.6593,4.5164,4.51,3.083,3.5825,3.8613,4.929,4.6934,4.7028,4.2602,3.6807,6.0121,5.1883,3.03,3.5836,4.9163,6.6915
2012-03-31,2.057,3.9082,3.5728,3.4476,4.93,1.7772,1.7708,2.659,3.4055,2.6767,1.3503,2.0567,1.5292,1.9434,-0.2283,3.9058,0.3618,0.6311,2.091,1.4173,4.0356,2.2789,1.1103,3.3159,7.752
2012-04-30,-4.1183,-1.8464,-1.9342,-1.441,-0.3293,0.0443,-1.5968,-2.629,-2.016,-1.8882,-2.3313,-0.7216,-1.4251,-0.8918,0.0556,-0.5095,-0.3125,-0.5027,1.6006,-2.9131,0.0178,-0.7074,-0.6956,-0.2408,-4.2515
2012-05-31,-8.6383,-5.911,-7.0873,-8.0223,-4.6278,-5.453,-5.0094,-7.6693,-5.2703,-7.1467,-7.7927,-6.2108,-8.0208,-6.1266,-6.3859,-6.5094,-8.6642,-8.8132,-6.3057,-5.4899,-6.3941,-4.8227,-5.3136,-2.4193,-12.8713
2012-06-30,7.4554,7.0179,5.6321,5.4768,5.2535,6.8982,5.0195,3.8502,3.6548,4.6035,5.3322,3.5606,1.9762,2.3046,3.9862,0.8557,1.8331,3.9207,2.4392,3.4698,2.8087,4.2191,5.4172,5.1008,5.6085
2012-07-31,-2.0998,0.9975,-3.3138,-1.7659,-2.2102,-3.9126,-0.4999,-0.7852,-1.0226,-0.9613,-2.6468,-0.3033,-1.3357,0.4513,-3.7814,-2.1259,0.1575,0.4595,0.2218,-1.1339,1.3732,2.505,1.408,1.1005,-1.7321
2012-08-31,2.6657,0.4942,3.9643,2.7338,3.3078,1.8351,2.3952,2.8522,3.2465,4.3852,5.1324,3.5245,4.6121,4.2119,3.4949,4.2001,3.8784,2.5857,3.6481,6.3422,2.0821,2.5383,1.5463,0.539,6.4449
2012-09-30,4.572,5.6121,4.2544,4.6007,4.5853,4.8734,3.5214,3.3648,4.0297,4.0098,2.9192,1.6791,1.5771,3.1368,3.8868,1.7468,1.8389,2.4551,2.4032,3.3558,1.7873,2.5853,3.5856,3.2923,5.4383
2012-10-31,-5.0156,-4.9578,-3.7222,-3.2181,-1.31,-5.4922,-1.9242,-1.2179,-1.5286,-1.1498,-3.899,0.373,-0.4358,1.0094,-0.2072,-1.234,0.1537,-0.5801,0.2641,1.5561,-3.3012,-1.4004,-2.5919,-0.3829,3.3178
2012-11-30,0.086,1.1316,0.688,-0.1936,1.1905,-0.4389,-0.2859,1.0309,0.545,2.2332,2.8834,2.6373,2.5112,2.0912,-0.1655,3.0049,2.8509,-0.0504,1.0857,0.5711,1.2179,0.5134,-0.1378,-0.2926,-1.5413
2012-12-31,0.2639,3.3582,4.3235,4.5317,4.3838,3.5808,3.3975,3.0134,3.792,5.1676,2.3781,3.7882,2.3896,2.8549,3.6393,2.0755,2.3229,2.8551,3.8898,3.4604,-0.9557,0.3056,1.5409,2.3103,7.2489
2013-01-31,6.5746,4.9321,5.563,5.6108,5.5677,7.3909,5.7957,7.5426,6.6609,5.1371,5.2756,6.488,6.2127,7.1308,7.662,7.2487,6.5956,6.6681,8.321,9.1309,3.6125,5.8334,5.5999,6.7355,7.3614
2013-02-28,-1.9645,0.6075,-0.0344,1.7513,1.5187,0.9567,1.1366,0.9336,1.857,0.707,0.4269,1.2721,0.4869,2.6138,1.9254,0.5246,1.1007,1.6981,1.1717,2.618,1.1783,1.2274,1.9792,2.2328,0.6953
2013-03-31,7.794,5.7277,5.1134,4.172,4.401,5.2074,5.236,3.992,4.338,4.8275,4.4384,4.5203,5.2828,3.6033,5.1462,3.6184,4.0833,4.2198,5.5273,6.2937,3.9568,3.293,3.6318,4.8642,3.3327
2013-04-30,0.4011,-0.5767,-0.9859,-0.7784,0.579,-0.909,-1.9797,-1.2724,-1.2785,1.5704,-1.9029,0.1504,-0.7108,-0.8356,-1.7749,1.101,1.1205,-0.6672,1.9276,0.9039,2.3029,1.3018,1.8477,1.635,2.7604
2013-05-31,7.7387,4.623,3.5717,6.5535,4.2677,5.3384,4.5861,5.6779,4.6121,7.8774,3.0211,5.8933,4.1347,5.0238,3.9284,4.1704,3.1458,1.5314,3.5833,4.5172,1.2042,2.5569,1.3823,3.3371,8.9338
2013-06-30,-1.0192,-0.6152,1.7793,1.0997,0.3102,1.8782,-0.1973,-0.3761,-0.8544,-1.0906,-0.487,-0.9808,-1.5246,-0.7611,-0.1758,-2.0415,-2.5099,-1.2366,-1.5531,-1.2432,-2.3098,-0.3357,0.1531,-0.334,-2.8837
2013-07-31,6.9318,10.5549,7.3032,8.9501,7.4393,6.9893,6.3373,6.3849,7.0165,8.093,8.2928,7.6337,5.798,7.7379,9.0021,8.0175,4.6351,6.5183,7.9793,5.0203,5.9977,4.268,4.6443,4.6923,7.1843
2013-08-31,-2.3217,-2.536,-2.3047,-3.7353,-3.1512,-0.5681,-0.6885,-3.1631,-3.9439,-3.6974,-1.6533,-2.024,-3.4982,-4.6875,-3.8864,-1.6955,-2.0919,-3.1385,-2.4044,-4.3789,-1.4844,-2.5291,-3.5744,-3.6714,-4.5134
2013-09-30,7.2942,7.5883,7.1962,6.9327,5.8445,6.8251,6.1363,7.539,6.0435,5.5431,5.7374,5.8356,5.8569,5.5928,4.2873,5.5386,5.7378,5.1903,5.6465,3.3946,4.3088,2.6354,2.5945,2.5619,2.2688
2013-10-31,-0.7389,0.7764,2.1974,4.0429,2.87,0.6632,1.523,1.2683,3.8146,4.2497,3.3834,3.4727,3.7265,4.2348,5.5605,2.1451,3.6554,2.8059,4.6422,6.1958,4.886,4.3821,5.4352,3.2952,3.7175
2013-11-30,7.7433,5.3438,5.7073,7.1859,4.9367,6.4781,3.6126,3.3109,2.8898,5.7144,2.7704,3.2757,3.7207,2.5847,3.9181,2.2359,2.3321,0.8498,-0.443,3.755,3.1878,3.5526,1.6052,1.9314,6.289
2013-12-31,1.6087,3.6044,2.5089,1.2558,1.5009,2.8395,0.3286,3.5484,1.8064,0.8336,1.6468,3.8948,2.9865,3.6151,2.3865,3.1418,3.554,2.8176,3.2867,3.4233,2.5929,2.3791,3.5923,2.3355,1.8526
2014-01-31,3.2675,-2.4428,-2.2921,-3.5959,-3.1751,0.1207,-2.1841,-5.2609,-3.9542,-6.2468,-0.3567,-2.9985,-4.1642,-2.6368,-2.2983,-2.5782,-3.3433,-0.8152,-5.059,-3.0155,-4.0348,-2.5044,-3.5102,-4.4332,-4.1117
2014-02-28,4.6905,4.0771,3.9062,5.8008,4.5225,4.8235,3.1073,6.0029,5.0177,4.0956,6.6358,4.5408,4.5552,6.9644,4.1514,5.9803,6.279,4.8088,5.4186,5.4396,5.1051,5.1728,2.9857,4.2579,2.4437
2014-03-31,-4.3988,0.7965,0.3538,0.8661,1.3924,-4.1372,0.0844,1.4743,1.1256,2.5457,-4.6875,-0.0161,0.6049,1.3672,1.9169,-2.2403,-0.47,0.2089,1.9639,5.1469,-1.4272,0.4986,2.2111,3.8415,3.5796
2014-04-30,-8.5951,-6.5028,-5.379,-3.3098,-4.2454,-6.7966,-3.3684,-3.0004,-1.8994,-1.9624,-5.681,-1.5937,-2.0868,-1.4688,-3.1019,-3.0451,-0.9478,0.1288,0.1195,-0.55,1.5397,-0.0731,1.4136,1.9249,-2.1791
2014-05-31,-2.7099,-0.742,-0.6314,-0.585,-0.3131,-0.4401,0.2626,1.4659,-0.5564,-0.3647,1.2432,0.4539,2.5202,0.5939,1.7474,2.7405,1.6332,3.3026,1.1566,1.6349,3.1844,1.5127,2.3497,1.8438,1.2388
2014-06-30,5.6881,10.1585,3.581,4.174,3.8143,7.5259,6.5626,5.7216,4.9122,5.8044,6.2082,5.3507,3.7615,4.965,5.0388,4.5284,3.7798,3.9542,3.9478,3.6249,1.1359,1.2915,2.5639,3.2655,3.4557
2014-07-31,-9.2606,-7.5265,-6.5265,-4.3078,-4.9872,-5.0242,-6.646,-5.4496,-6.2596,-5.848,-5.4705,-5.497,-6.12,-6.4441,-4.2765,-2.3914,-4.4171,-3.1893,-3.7503,-3.8086,-1.6617,-0.8784,-0.4256,-2.716,-1.4254
2014-08-31,2.9354,4.6341,2.8736,4.4624,3.4066,5.5696,5.2828,3.8959,4.6173,5.2243,6.3987,4.187,4.6362,5.5167,4.5515,6.1772,4.7651,4.9796,4.048,4.6271,4.8825,4.4483,2.1838,2.6306,5.1222
2014-09-30,-7.0453,-4.2417,-7.2076,-5.7799,-5.602,-4.9962,-4.2516,-5.4236,-5.0798,-7.9106,-2.9934,-5.5826,-4.7437,-6.6219,-6.9912,-3.2008,-3.2606,-4.2562,-4.545,-4.7139,-0.6074,-0.8982,-1.6526,-3.8549,-0.2174
2014-10-31,6.262,7.0907,5.7928,7.2508,4.3991,8.3605,6.5875,6.248,5.3693,4.2247,5.8785,5.5072,3.8243,4.088,3.9067,4.043,0.5491,3.3711,3.6883,-0.3143,2.2829,2.8195,2.0151,0.1849,1.5011
2014-11-30,0.2015,0.6734,-1.8269,-1.2612,-2.6106,1.6146,-0.331,-0.477,-0.9907,-0.9114,2.7657,2.7462,-0.3832,0.1903,0.04,3.3009,2.9019,3.5196,0.7124,-1.8721,3.5515,3.7096,3.3114,-0.0308,1.0041
2014-12-31,6.0012,7.0638,5.4269,4.3533,3.8594,0.9828,2.9053,2.7994,2.7155,2.9698,1.7988,0.84,0.5258,1.593,0.3582,0.5099,-0.229,0.4059,0.8361,0.7171,-1.2367,-1.4055,-0.1988,1.0104,2.1233
2015-01-31,-3.5067,-6.5388,-4.9784,-5.091,-5.0431,-1.2307,-4.909,-4.3431,-4.446,-7.0946,-0.5831,-1.509,-3.8467,-4.6629,-5.2848,-1.179,-2.3421,-1.0921,-1.5434,-3.7404,-0.8352,-2.6449,-4.1877,-4.0989,-7.57
2015-02-28,4.1647,6.7001,6.4212,5.1145,5.9324,7.4648,8.9569,6.4773,5.4781,4.9398,7.3005,7.9359,8.6394,6.0562,5.7,7.6343,6.9289,8.0317,5.5284,7.3377,5.966,6.0164,6.6733,4.0288,5.8128
2015-03-31,-0.8501,2.9889,1.7008,1.8305,1.2098,3.186,2.5136,0.9025,2.7807,1.3384,0.541,1.1371,1.6435,1.1548,1.0122,1.0077,0.5538,1.2875,-0.5571,-0.4773,-1.0453,-2.0999,-2.2961,-1.7546,-1.6099
2015-04-30,-3.943,-2.7355,-2.7998,-2.0564,-0.5592,-3.9123,-2.4784,-2.7793,0.0211,-0.8273,-3.1005,-1.3491,-0.9916,-1.0109,-0.4171,-1.5828,-0.1486,-1.1854,-1.6377,0.4603,0.2213,1.1071,1.4294,2.8452,1.7763
2015-05-31,3.6122,4.7494,0.4011,-0.1646,0.4206,2.8907,4.7681,2.9322,1.2534,-0.0164,4.4006,2.2312,2.8869,2.0128,0.6682,2.1766,1.402,2.6144,1.4924,-0.0629,1.5754,0.6503,1.2417,0.5754,1.6743
2015-06-30,4.7587,2.1081,2.3638,2.1999,1.8548,1.2554,1.2444,-0.2584,-0.2745,1.4225,1.2921,0.2174,-1.154,-1.9694,-0.2245,-1.4559,-0.2785,-2.1547,-2.373,0.1808,-0.4802,-3.3668,-1.6852,-3.4155,-0.6415
2015-07-31,-5.3647,-1.2835,-4.7587,-5.5626,-6.4633,-0.1854,-1.3584,-0.8221,-4.0367,-4.7287,1.8616,0.2662,-3.3356,-3.5354,-6.5831,2.4567,0.2527,-0.198,0.9186,-2.0576,3.131,3.5653,0.1146,0.0699,0.5947
2015-08-31,-8.699,-6.8119,-4.8077,-3.5715,-1.187,-10.0151,-5.4306,-3.5161,-4.9396,-4.1871,-8.0939,-5.4838,-3.579,-5.3645,-2.5316,-7.979,-5.1599,-4.7487,-3.316,-5.5863,-5.9184,-6.5663,-5.6436,-5.338,-7.6107
2015-09-30,-8.6475,-9.2214,-5.8452,-3.976,-5.6705,-9.5358,-5.1068,-5.1943,-2.6877,-5.2907,-6.1627,-4.2329,-5.1436,-6.0203,-5.4693,-5.7577,-3.9871,-4.3814,-2.9675,-4.3026,-1.7,-2.703,-1.8386,-1.8218,-5.6886
2015-10-31,6.4383,6.5469,5.4487,5.3867,4.4463,3.0214,7.0942,6.4876,5.3875,5.2016,4.1125,6.3451,7.4104,4.9524,7.0791,5.8912,7.101,7.4509,2.3116,6.3844,8.5501,8.8143,8.5874,6.2188,7.5432
2015-11-30,5.3323,4.6671,3.0764,3.1958,2.3467,8.0647,2.4141,2.9978,5.0764,4.9512,2.0072,1.9772,0.7962,3.0258,2.434,1.0809,0.7801,0.9557,1.4321,1.0031,0.0861,0.3173,-0.5096,0.0735,3.2175
2015-12-31,-3.703,-5.3194,-4.784,-5.2386,-4.5602,-3.0444,-4.5184,-5.0064,-5.7965,-6.4423,-2.7448,-4.5434,-4.6804,-5.8145,-8.976,-3.2762,-3.0779,-4.4603,-5.4659,-6.482,-1.3923,-0.5798,-2.2773,-2.0681,-4.3376
2016-01-31,-13.507,-14.1332,-9.3778,-6.5383,-7.5123,-17.67,-6.4383,-8.2496,-6.7586,-8.2722,-11.7711,-6.9368,-6.8914,-6.6348,-6.9584,-9.8271,-6.847,-6.4722,-5.9655,-8.6069,-6.0193,-3.524,-4.1198,-3.4909,-11.9571
2016-02-29,-3.2078,0.4081,0.0618,-1.5608,0.43,-1.4068,0.596,1.8083,1.4129,0.2082,-0.2667,1.4522,2.3766,0.9675,1.5904,1.0852,1.87,0.1068,0.8521,-1.9498,0.2647,-0.3284,1.3535,0.0754,-6.3143
2016-03-31,3.7166,8.3681,6.3073,6.8529,6.5273,8.5955,7.0926,8.6171,7.2457,8.4358,5.6992,7.4958,7.8785,10.2702,11.6886,8.0646,7.5757,9.5151,8.7061,9.5459,6.5164,6.3831,6.5162,7.5103,7.4436
2016-04-30,3.1169,2.5879,2.8722,1.7558,5.779,4.5757,0.1319,0.0011,2.6205,3.6974,1.1892,-0.4227,1.6004,3.3708,4.5771,1.9888,0.4682,1.849,1.762,5.1962,-0.7147,-1.0363,2.5924,2.5396,7.1789
2016-05-31,1.0272,2.3475,1.4441,-0.7619,-1.4665,3.3482,1.9646,0.687,2.2272,1.2927,3.5163,1.6281,0.6008,0.8647,0.9712,3.3021,1.8063,4.5514,1.2781,2.1895,1.6603,2.1426,2.1844,-0.4557,1.8588
2016-06-30,-4.2771,-1.4498,-0.7261,0.8838,0.7553,-0.363,1.3384,-0.9138,-1.696,0.0061,0.8241,-2.3726,-0.0795,-0.8382,-1.8496,-0.796,-1.2335,-1.2791,0.3002,-4.6545,0.0701,-0.0233,2.4845,1.1386,-6.5575
2016-07-31,4.7271,5.9955,6.8473,4.8806,5.5087,8.0686,6.327,5.8649,4.7479,6.4451,7.0001,5.1754,6.4831,4.3018,6.1748,5.1292,4.1222,3.1396,2.2469,6.3588,5.182,3.5444,1.712,1.0956,4.4199
2016-08-31,2.8985,2.4245,4.5572,4.0925,3.3058,0.136,3.2393,2.1658,3.104,3.1356,-1.0,2.4605,3.6409,1.9508,1.7481,1.1066,0.6353,2.1129,-0.7087,5.8929,-0.7159,-0.3644,0.3911,1.3718,4.5916
2016-09-30,11.6857,2.654,4.3607,3.0315,1.8848,5.3586,1.5327,0.9925,0.9435,0.8768,-0.2334,0.5052,0.3279,1.4179,1.3483,-0.4787,-0.2294,1.1185,-0.0632,-0.3255,0.5453,0.2301,0.9628,-2.2558,0.2217
2016-10-31,-11.1254,-9.1117,-6.9083,-3.5834,-3.0557,-9.917,-6.7859,-5.6638,-2.6077,-4.6476,-4.7579,-4.5667,-3.0792,-2.9313,-3.5177,-3.6957,-1.9216,-0.8777,-2.0776,-0.5222,-2.3749,-1.9498,-1.3236,-0.6007,2.3855
2016-11-30,7.2184,9.2838,13.6333,13.8536,13.572,9.487,10.0119,13.0834,15.8952,14.6381,5.7479,8.6702,10.0277,13.4116,17.2883,3.7343,7.0128,7.2793,6.9796,16.6082,1.0556,3.8111,4.3655,6.3618,14.1397
2016-12-31,1.4093,3.8606,2.4963,8.0092,4.3955,-2.6608,1.2823,2.4076,4.5314,4.0357,0.6006,1.7577,1.7715,2.0166,1.6442,0.1168,0.1462,1.1218,1.909,2.0496,1.2329,1.3318,1.5778,4.6035,4.1844
2017-01-31,1.8951,-3.9143,-0.1915,-1.8426,-0.145,2.5459,1.7824,-0.5274,-2.035,-0.0511,2.2613,1.8432,1.4569,-0.1151,1.0046,3.1316,3.7092,1.5363,1.6845,1.5836,3.4037,2.4545,-0.6825,1.1466,-0.2861
2017-02-28,2.8458,1.6132,2.2794,0.463,-1.3146,5.9189,-0.0673,0.6225,1.5659,1.0857,3.9237,1.5012,1.1161,1.0796,0.398,3.9105,2.6426,3.0537,1.8281,2.8293,4.7371,3.0568,2.6336,3.231,4.5125
2017-03-31,1.9592,3.249,2.3729,0.685,0.3212,3.7536,0.3966,-0.7483,-0.6225,-2.0371,1.4033,-0.2299,0.8983,-0.7895,-2.2595,0.6958,0.0073,0.5657,-0.22,-3.4481,1.4382,0.3279,-0.5867,-1.177,-3.1121
2017-04-30,3.8406,0.3715,0.8076,2.2855,0.2914,3.6384,1.2831,1.0097,1.6225,0.392,1.9454,1.087,1.4077,-0.2065,-2.2245,1.8731,1.5734,0.1875,-0.3246,-0.8654,1.9205,1.9084,0.8835,-0.7721,-0.76
2017-05-31,-1.9875,-3.8027,-1.5727,-2.4877,-3.3488,0.3287,-0.75,-2.3937,-4.1175,-4.2704,1.6143,-0.8339,-2.536,-1.9626,-4.2279,1.6218,-0.5931,0.2421,-0.1902,-3.0145,2.8892,2.1742,0.8518,-0.5429,-2.4048
2017-06-30,9.4757,8.8023,4.7934,3.8381,4.3485,6.1146,2.907,3.2326,3.0004,4.0952,2.4992,2.085,2.7463,2.5114,3.2395,1.5005,1.6376,1.2274,2.4712,3.9227,-0.451,0.2255,-0.4655,1.7051,5.2688
2017-07-31,-0.8108,-2.82,-0.8009,-0.8005,-0.2381,-0.0707,0.6592,1.0638,1.3407,2.3299,0.7932,0.5462,1.4574,0.0498,2.6141,1.6711,1.1913,1.1218,2.8885,1.9761,2.5623,2.2453,1.4927,2.1881,2.2895
2017-08-31,-0.8999,-0.0851,-1.8355,-2.0149,-1.5454,-0.8322,-1.1412,-1.8939,-3.0977,-3.8965,0.7953,-1.8585,-1.9728,-0.9424,-3.2061,0.9009,0.1534,-0.3149,-1.728,-2.4956,2.111,0.0712,-0.6219,-0.0249,-1.6783
2017-09-30,7.1923,5.8489,10.0217,9.7705,9.1038,5.6939,6.5071,8.756,9.3012,6.9506,2.4036,4.6011,7.0008,6.7982,5.5792,3.0275,3.7843,4.6703,3.4049,5.6488,1.0474,1.2862,3.6556,2.8142,5.0912
2017-10-31,-2.985,-2.5199,2.956,-0.0093,0.9072,0.2457,1.494,0.2272,-0.0439,0.8648,2.3891,1.9059,1.4219,0.535,3.3493,2.6215,3.2391,1.9136,-0.4299,2.0042,4.2284,0.7848,2.1605,1.2073,4.2464
2017-11-30,1.4021,4.5251,2.5637,2.0915,3.861,2.1675,3.2667,2.3744,2.2007,1.417,3.8462,3.4774,3.6682,3.3906,3.6887,4.7854,4.8331,4.3053,3.2236,4.8384,3.2246,2.4266,4.6506,2.8034,2.4165
2017-12-31,1.4033,0.0926,-0.4749,-1.3835,0.2163,0.0668,2.4431,-1.9438,-0.1032,0.1966,1.0209,-0.1446,0.3903,-1.3191,0.4001,0.4199,0.7702,0.6324,1.1674,3.5384,1.0422,1.4505,1.5447,1.1785,1.2047
2018-01-31,3.5172,2.9971,2.415,2.7464,0.5312,2.8131,2.3933,2.9965,2.2073,2.1156,5.0763,3.7256,3.4016,3.6353,2.4583,5.055,5.6246,4.601,3.3896,1.6835,8.0568,5.3435,5.0715,4.2436,6.0403
2018-02-28,-2.2114,-1.9706,-4.1962,-3.202,-3.8367,-4.0882,-2.0115,-3.9999,-3.687,-3.9764,-2.9375,-3.535,-5.1369,-4.0984,-4.6276,-3.2592,-4.9481,-3.4787,-4.593,-4.7199,-1.3619,-4.9429,-5.2129,-5.6357,-1.9847
2018-03-31,2.973,-0.9147,0.6012,2.7966,2.4923,2.0507,0.4667,1.1741,1.3443,0.9736,2.1375,1.168,-0.9455,1.6383,0.4309,-0.4648,0.1997,-0.1661,0.7823,0.2993,-2.805,-3.9862,-1.2294,-1.6645,-4.6467
2018-04-30,0.0981,4.6808,0.7233,1.1594,0.9816,0.1011,1.3595,0.887,0.8587,4.5122,-0.1966,0.2978,-1.6555,1.3181,-0.0078,-0.0105,-0.7209,-0.672,-0.5631,2.3362,0.2291,0.9305,1.4464,0.6463,-0.1037
2018-05-31,14.2749,10.4852,7.5027,6.542,6.3578,8.6612,6.4566,6.9819,7.1675,3.7877,6.0956,5.2862,4.6834,5.5146,4.6801,4.1052,4.5944,2.5714,1.8185,1.5535,4.4337,2.2006,0.8348,0.4197,-1.5965
2018-06-30,3.7192,2.9694,0.3866,1.0875,1.7622,1.1741,4.4922,-0.2057,-1.1675,1.1496,-0.2609,0.7789,0.1733,-0.1167,-1.3386,1.5749,1.3577,-0.4636,-1.0625,-0.49,0.8912,1.3902,-0.0492,0.5174,-2.355
2018-07-31,-0.95,-0.8755,1.1664,-0.1875,-0.039,1.153,4.1003,3.7918,0.5728,2.808,1.1896,2.6965,2.0644,2.4131,-0.3259,2.35,3.1178,2.4557,1.4976,2.9162,2.9916,5.2508,3.4843,3.4878,5.6014
2018-08-31,4.4539,8.304,2.6452,1.7251,2.7104,7.5868,5.0613,4.1281,2.1804,2.5774,6.6075,4.9521,2.9447,2.4863,3.9437,7.3859,3.1502,-0.6231,0.9272,-1.042,6.218,1.952,1.9118,0.6381,1.3578
2018-09-30,-2.5733,-1.0506,-4.1208,-3.3529,-2.3717,-1.9421,-1.0646,-3.5425,-3.5038,-1.4812,-2.0078,-1.1619,-2.0184,-4.0455,-2.6599,-0.9069,0.3621,-1.8009,0.1285,-0.0781,0.9487,1.2577,-0.3777,-0.9406,-1.6541
2018-10-31,-14.3581,-14.7826,-10.617,-9.2227,-8.364,-12.7395,-11.9592,-12.2186,-11.3951,-8.323,-13.6314,-10.4107,-8.6634,-7.4265,-8.9957,-9.6152,-10.0104,-8.171,-6.7216,-9.1072,-8.8494,-5.0917,-4.8416,-4.7714,-7.5404
2018-11-30,-1.766,0.0318,-0.076,0.1919,-3.4258,3.5265,1.6999,2.8302,1.7295,0.9546,0.2889,2.4952,3.0184,2.3247,-0.6473,2.6368,1.9019,3.5195,-0.5802,5.196,0.8286,3.2135,2.25,2.7375,0.3275
2018-12-31,-13.9594,-13.4079,-11.2144,-11.4411,-12.2133,-12.3413,-11.2006,-11.5302,-12.6447,-11.9395,-11.1819,-10.9109,-11.8053,-11.862,-14.4426,-10.1022,-11.4177,-10.6989,-12.3647,-12.9138,-8.4594,-7.1961,-10.0307,-10.4935,-12.7707
2019-01-31,12.4361,11.0811,9.7657,8.5169,10.9317,10.62,10.9348,9.6589,10.3058,10.3917,14.371,10.0835,11.6081,10.6977,14.0254,11.301,10.528,10.57,12.0059,11.7566,8.1276,6.4129,10.169,6.4705,13.155
2019-02-28,8.018,5.5646,6.3049,4.9971,4.8123,6.2237,6.7034,5.807,5.1802,0.921,6.8263,5.9176,5.05,3.6992,2.5415,6.969,4.9014,3.0242,2.2954,3.1283,3.8977,2.841,3.9262,1.336,1.7458
2019-03-31,0.3104,-0.1852,-2.9743,-5.242,-3.7909,-0.3136,-1.3321,-3.1385,-6.1231,-2.6449,-1.3544,-1.8685,-0.8732,-2.2603,-3.494,1.7968,0.9375,-0.5953,-0.5349,-3.0933,3.2718,1.843,0.2255,-0.7174,-3.1805
2019-04-30,0.485,1.5843,2.0529,4.1303,1.7482,3.2466,1.7039,3.8395,3.6656,3.4774,3.1351,4.5679,6.7307,5.9474,3.9122,3.2144,4.0174,4.2376,5.2886,4.5063,4.3914,3.1167,3.6722,5.2356,8.9563
2019-05-31,-5.5987,-5.3696,-7.8795,-8.8496,-8.0568,-8.6527,-7.8311,-7.8213,-10.4483,-10.5239,-5.3645,-8.0971,-7.7445,-8.4651,-10.3034,-5.5125,-7.7156,-7.3459,-8.9629,-7.8704,-6.9032,-5.5805,-4.9879,-8.2334,-8.7741
2019-06-30,7.24,6.3651,4.6213,6.6623,4.742,8.9555,8.5396,8.8179,6.8342,6.7454,9.5594,8.163,7.5832,6.5689,6.5447,7.1522,9.5604,8.8546,7.4514,6.896,7.6464,5.8061,6.1362,6.6418,7.9632
2019-07-31,-3.1092,-1.3925,-1.1765,-1.8572,-2.0901,-2.7945,1.0535,0.8934,0.8881,-0.0627,3.0929,1.7349,0.6111,-0.0486,1.3157,2.0524,1.3717,1.9252,0.375,-0.0264,1.5604,2.0138,1.7032,0.5541,3.2012
2019-08-31,-4.0189,-5.6238,-7.2686,-6.6139,-8.7416,-0.7398,-6.9142,-4.5943,-6.2115,-9.7936,-5.5698,-4.1656,-4.158,-7.7797,-10.2221,-2.0079,-4.5699,-4.896,-4.878,-8.1883,-0.231,-2.2763,-3.0027,-3.3101,-8.6225
2019-09-30,-3.5549,0.0774,2.739,5.4784,7.9524,-1.5331,2.1162,3.7547,5.5452,4.2482,-3.3531,1.2119,2.719,6.3092,6.4588,-3.2077,3.0587,5.3268,6.1351,5.0446,0.4095,1.4975,2.9106,4.7123,5.3352
2019-10-31,0.5759,0.2823,0.8955,1.1379,-0.5728,3.5581,4.4978,1.4702,2.7114,1.7889,3.917,2.6092,1.8342,2.6586,0.4319,2.7696,1.5256,-0.2635,0.2693,-3.1988,3.0179,1.771,2.8211,1.6768,3.6972
2019-11-30,7.9407,5.9644,2.9983,3.4335,4.0045,8.435,3.5,3.1273,3.5495,1.7859,7.2293,3.0057,1.3643,5.1658,3.6955,7.6227,3.9478,2.9876,2.9897,3.8334,3.8716,4.5297,2.3238,2.9351,4.8864
2019-12-31,3.8663,12.7668,2.801,4.6331,7.0371,3.9918,1.8591,6.2358,2.6586,6.965,0.2073,3.2491,4.3022,2.1163,3.3038,-0.4644,2.8353,3.7825,2.3494,5.86,3.6703,1.6052,2.3031,3.0182,4.0296
2020-01-31,-1.3577,-3.1396,-4.5656,-5.9176,-9.691,-2.4341,-2.2637,-5.6349,-6.4424,-9.1533,-1.1711,-1.1482,-2.489,-4.9539,-8.6073,1.0704,-1.8357,-1.7415,-2.6244,-3.4065,2.4593,0.5051,-0.6035,-5.4542,-4.2417
2020-02-29,-6.1051,-4.2495,-4.3463,-8.3709,-8.4809,-7.4785,-8.256,-10.774,-10.2497,-10.5944,-6.6679,-6.8016,-11.2438,-9.0514,-11.4329,-6.6468,-7.0935,-9.2988,-10.6689,-13.3551,-7.027,-8.0365,-9.063,-10.853,-11.7278
2020-03-31,-21.1591,-15.167,-21.8593,-26.4964,-27.6923,-19.4736,-19.3106,-21.6962,-23.572,-31.9728,-17.6618,-18.5657,-18.159,-26.546,-31.1937,-12.196,-18.5062,-20.182,-32.0833,-32.5184,-7.7815,-11.0252,-15.7538,-20.1525,-28.4596
2020-04-30,24.3388,18.0774,15.1869,10.8935,15.782,19.3272,12.4528,12.3553,9.9268,25.9625,17.5196,13.4751,10.3317,15.3082,19.1822,16.5389,14.5269,11.6756,16.2651,17.4704,14.0904,13.5804,9.82,10.5089,14.6389
2020-05-31,12.2445,6.3917,6.2791,4.3916,4.1402,10.1704,7.2752,3.6226,1.5515,7.167,12.495,9.2354,5.1623,4.3508,1.4478,10.9131,9.0163,5.8418,3.4749,1.9194,5.6437,5.4962,3.6815,1.1631,3.8204
2020-06-30,10.5839,2.1568,6.5852,4.4365,6.4664,5.3935,2.8423,3.8155,2.8691,3.1662,4.7109,1.2661,-0.1115,4.4589,0.2299,2.2766,0.761,-0.7723,2.8018,1.8632,5.0971,-0.8925,-0.6609,-1.8582,2.0763
2020-07-31,0.3305,0.1078,3.2659,-0.8062,3.6474,0.7253,3.5905,3.5614,1.7673,2.8189,1.1045,3.7942,2.5893,4.2984,2.4369,6.0033,7.4488,6.0666,2.586,2.4796,7.725,5.3871,4.407,1.7881,2.9427
2020-08-31,3.4207,5.8416,3.7787,5.6166,6.0695,7.9861,6.9178,4.5968,3.0372,9.1546,8.4196,5.5214,3.2179,5.474,3.8112,4.2064,3.5349,4.8369,5.5634,3.8079,10.7972,6.3251,2.3828,2.6213,3.4865
2020-09-30,-1.3465,-0.1959,-4.2141,-3.3806,-3.2791,0.34,-4.7384,-5.0916,-6.808,-5.1047,-3.1086,-1.1853,-4.2963,-3.1873,-7.1923,0.853,-2.5094,-3.6757,-3.0538,-4.4538,-4.5521,-3.3897,-1.2328,-4.6749,-6.1158
2020-10-31,-2.6753,-0.9297,-0.4441,3.4273,1.2594,-1.9808,3.3649,2.4775,5.6661,6.1753,3.0387,2.0769,3.0632,5.0201,7.4951,1.4058,1.5227,1.4827,1.942,1.5225,-4.5742,0.167,0.0112,-2.2802,0.9897
2020-11-30,25.7599,21.4573,19.9117,20.1528,24.5285,21.479,18.8157,18.3297,18.7036,19.0473,20.7555,17.6055,15.2672,16.6687,22.9242,13.5594,12.6834,16.8167,16.1393,20.3848,10.728,9.5436,14.2612,16.0893,21.9975
2020-12-31,12.5156,7.7314,9.3959,8.227,7.451,11.5065,10.1547,8.958,8.8871,7.149,12.6449,8.8359,6.9226,8.6023,8.5675,6.8793,5.8211,4.5755,7.7554,4.4087,5.3001,1.8008,3.4491,3.2225,8.0557
2021-01-31,16.5082,14.6097,8.2665,7.41,41.2113,11.6677,4.9815,7.7042,4.2028,8.9893,2.4415,0.942,2.6252,1.8858,4.3524,-0.2337,0.6644,-0.2058,2.3801,2.5944,-0.9351,-0.4262,-2.0906,0.8233,1.0958
2021-02-28,8.3908,6.2923,10.6118,11.2948,-3.5383,4.0744,8.6155,9.566,12.2258,8.839,-0.0482,7.9959,8.3383,12.4742,13.8744,3.4688,5.271,9.2253,12.1902,12.7692,-0.5854,3.3434,6.7355,8.4093,14.3346
2021-03-31,-5.5244,1.2307,1.8588,6.177,11.7823,-4.8472,-0.8261,2.182,4.6456,7.4557,-4.7836,2.5466,5.0806,6.2935,6.4521,-2.0006,4.1591,4.0771,5.2824,6.6474,1.839,5.0128,5.9384,7.3919,6.1787
2021-04-30,-2.7003,-2.4028,1.7137,0.8277,-1.0157,3.2352,1.5677,2.3395,0.6732,1.2305,2.8689,3.9992,3.9311,2.2207,2.9651,4.3696,3.1214,5.8012,3.2791,6.2121,5.9372,5.7761,4.031,4.7877,4.5694
2021-05-31,1.8955,0.6596,0.8567,2.1008,10.7326,-2.5949,0.2446,1.1054,2.6615,7.1065,-3.3421,-0.7853,0.368,1.9771,6.5904,-2.0314,-0.0996,2.2357,3.7666,4.5176,-1.3514,0.8179,3.3246,3.6587,8.0383
2021-06-30,8.3778,5.3253,1.5969,-0.5691,3.7628,6.983,3.5312,1.2853,-1.7983,0.4464,5.4695,0.1045,-2.0617,-3.2132,-5.8275,5.1569,0.2584,-1.2513,-3.8753,-4.6619,5.7192,1.427,-2.2173,-2.3503,-3.7245
2021-07-31,-10.3495,-7.5507,-3.9026,-4.7649,-1.5695,-7.5376,-2.8277,-1.8154,-2.2034,-6.0374,-2.501,-0.8307,-1.436,-0.9893,-4.4842,-0.8614,1.8708,-1.2861,1.3608,-4.5575,3.2935,3.1947,0.3886,-1.546,-3.4375
2021-08-31,2.5747,5.4469,4.2598,2.7964,3.808,2.0545,2.4311,1.3588,1.685,2.4565,1.9021,1.354,1.9024,1.8473,3.5351,3.1631,1.5677,1.6428,3.2296,5.0377,3.3156,4.1276,0.5559,1.2885,4.2969
2021-09-30,-5.6353,-4.4276,-3.6638,-1.3942,0.0428,-5.2806,-4.112,-3.4062,-0.7108,3.3737,-3.8561,-3.9938,-2.9656,-4.8492,2.0391,-4.2971,-5.0479,-2.1587,-4.5915,1.8128,-5.2802,-6.2381,-4.3882,-0.7545,0.6758
2021-10-31,1.8075,0.1521,1.2364,1.7536,4.1353,2.4457,2.3534,3.9859,4.9722,2.8453,4.6626,3.8483,3.9368,3.9036,4.1177,4.7924,5.5582,5.3756,4.5504,4.6195,8.9956,5.6412,0.8144,5.5336,7.5279
2021-11-30,-8.4204,-6.9489,-3.955,-3.6811,-3.3465,-8.0612,-3.4555,0.57,-2.6918,-4.0391,-8.5759,-2.1291,-2.5519,-2.4357,-3.9368,-6.3865,-1.9604,-3.0462,-1.3633,-4.7186,1.2324,-3.0067,-3.0198,-4.5384,-6.6678
2021-12-31,-6.7777,0.4989,2.2606,2.2913,3.4385,-0.5266,0.1538,5.89,6.0642,5.0248,0.0968,4.4855,4.3021,5.2502,4.4554,0.3966,5.8722,5.4007,6.1869,3.8334,2.1217,5.2595,6.9103,5.8992,1.6616
2022-01-31,-15.8865,-14.4751,-10.1461,-3.6912,-1.909,-16.3775,-11.6597,-9.5829,-5.249,0.3867,-14.2109,-10.1418,-6.3418,-3.9307,1.7767,-12.714,-7.1201,-4.1405,-2.7948,5.9415,-7.7612,-6.3403,-1.8309,3.027,7.5582
2022-02-28,-1.5143,-1.312,0.825,0.5066,2.9208,-0.161,2.0508,0.5482,3.1227,2.7265,-0.7716,0.5678,1.5301,-0.2388,3.046,0.1103,0.4318,0.6858,2.007,3.5105,-3.3277,-4.3293,0.2844,0.0341,-0.8703
2022-03-31,0.8852,1.7693,0.5534,1.2955,2.4942,1.2198,2.2184,1.7931,-0.1624,-0.0286,1.7832,0.8371,0.8021,0.3781,3.1498,0.1258,1.1975,3.5932,1.1778,2.1024,4.8717,3.5373,1.653,3.9921,-2.9056
2022-04-30,-16.1368,-13.1485,-10.0427,-6.3041,-4.0798,-18.0685,-11.9564,-8.0424,-6.3465,-6.0678,-11.7955,-7.6091,-6.4056,-6.635,-5.3818,-10.7021,-7.8639,-4.8851,-5.7821,-6.9233,-10.863,-9.2214,-7.1108,-5.7039,-7.0986
2022-05-31,-5.5365,-3.5124,-0.9565,-0.1263,2.9278,-3.2765,-2.8737,2.3442,4.0402,5.9565,-5.3076,0.9316,1.2167,4.2166,6.1137,-2.8824,1.079,4.4371,0.9084,8.355,-3.0079,-0.3192,2.7771,6.3349,6.7839
2022-06-30,-6.5817,-4.3341,-3.9563,-6.5831,-9.9198,-1.9338,-6.392,-7.2114,-6.493,-12.8976,-4.4319,-7.3262,-7.3973,-10.6721,-15.4246,-7.2624,-9.4889,-11.3067,-10.0595,-13.4754,-7.8068,-5.5015,-8.7703,-12.1937,-11.9874
2022-07-31,14.9652,13.0389,7.9373,9.4534,5.8884,12.8546,13.464,11.5971,9.8446,9.2257,11.6267,11.5445,9.6885,7.6185,9.4429,13.0065,10.9219,6.8956,9.6505,6.1592,12.7168,5.4082,4.1752,7.3351,6.8292
2022-08-31,3.6347,0.2042,0.7613,0.1828,-0.3345,3.6743,-0.7006,-4.4553,-3.8282,-2.4771,-3.854,-3.566,-2.8523,-1.8704,-1.378,-2.518,-3.2304,-3.9544,-2.5526,-0.3688,-5.3497,-3.048,-1.9134,0.0432,-2.9765
2022-09-30,-12.9014,-9.2136,-7.3766,-11.4497,-9.2831,-8.8021,-8.913,-11.4803,-9.4736,-10.1275,-8.8512,-9.4594,-9.8835,-10.1628,-8.3181,-9.1353,-9.5999,-11.1256,-9.8613,-9.3584,-10.0388,-5.3718,-10.8494,-8.7957,-7.7506
2022-10-31,3.3098,5.0932,8.8856,8.5676,9.9183,7.6143,9.328,10.4465,12.8471,15.7298,3.4639,8.9635,12.3918,14.5011,14.8927,5.7843,8.1058,11.86,8.813,11.5419,5.2882,7.4071,9.3206,15.8705,13.157
2022-11-30,-6.0405,-3.3942,0.661,0.5634,1.5688,-0.2314,-1.7503,0.4422,4.4192,1.4679,3.1371,5.4622,6.3679,6.8526,2.8522,4.3218,5.2596,5.3685,6.8371,2.4229,4.7453,6.6347,4.7101,4.735,6.0349
2022-12-31,-6.5044,-4.2094,-5.1836,-5.1252,-3.4398,-5.0589,-7.5598,-7.0132,-5.2982,-5.6762,-4.3532,-7.739,-5.4848,-6.8056,-7.0242,-5.3525,-5.1715,-4.7151,-5.4141,-7.9942,-8.2033,-3.7113,-3.7596,-4.1333,-5.3797
2023-01-31,15.4105,13.3932,13.8585,9.9839,7.1002,14.1421,16.0362,12.3099,8.1842,6.688,10.6176,12.9376,10.525,7.6903,6.9175,9.6916,9.5777,8.114,11.2512,6.773,8.7217,1.9238,6.4044,3.5402,6.005
2023-02-28,-4.0729,-5.5868,-3.6802,-2.363,-1.0211,-4.0664,-2.8721,-0.4649,-2.6176,-1.5085,-0.3617,-1.2835,-1.5923,-1.7574,-1.3406,-2.4248,-2.2546,-2.9057,-3.2575,-4.3639,-1.3169,-2.1662,-3.8367,-4.1951,-2.8714
2023-03-31,-10.3166,-6.4749,-7.1138,-7.064,-9.6968,-3.4631,-3.1418,-3.2965,-5.2258,-10.0858,-0.8652,-1.0032,-2.7394,-4.594,-11.1544,1.2549,-0.4571,-2.5019,-4.0191,-11.4563,8.1255,3.2915,0.5123,-3.7312,-6.7835
2023-04-30,1.904,-2.2872,-1.433,-2.6334,-4.1691,-2.7967,0.0091,-3.2649,-3.0496,-2.9129,-3.2514,-0.3793,-1.4567,-1.1615,-1.3578,-1.8975,-2.1866,-0.3939,-1.6039,0.4531,1.129,1.434,1.1881,2.4191,3.505
2023-05-31,4.5463,2.7115,3.1756,-1.0949,-1.8759,1.2513,3.3751,1.9558,1.9698,-4.9447,1.0489,-1.9132,-3.6461,-3.6683,-4.6104,0.1579,-2.158,-4.0007,-3.2272,-7.9297,5.4991,-1.1454,-5.0799,-7.2248,-4.6181
2023-06-30,7.2879,3.3048,5.6048,6.5232,7.1503,7.0349,7.144,9.1615,8.7653,8.2102,6.8229,8.9789,8.4292,9.1356,9.5737,8.151,9.1986,9.1468,9.9205,6.763,7.2446,5.4517,6.1606,5.6433,5.3758
2023-07-31,2.3517,2.9025,3.9628,7.3591,10.1724,4.1532,5.5458,6.0689,8.4798,10.5013,5.3331,3.2669,3.9271,8.7023,8.0733,1.2495,4.3147,4.9151,9.7038,8.5166,2.3837,6.2584,3.9893,5.2206,6.7308
2023-08-31,-11.6051,-7.5557,-10.4657,-5.8497,-7.7063,-7.1953,-7.0406,-3.8998,-4.9806,-4.2238,-5.3394,-4.4225,-5.1461,-6.6146,-5.1777,-2.4647,-2.3687,-2.7941,-3.784,-2.1289,-0.8326,-0.811,-2.7063,-2.907,-7.4058
2023-09-30,-8.3018,-7.5961,-6.5249,-5.8637,-6.0553,-9.1371,-5.6605,-4.8002,-5.6737,-6.2495,-5.8726,-4.6386,-6.0684,-5.0172,-7.1566,-5.8736,-4.5894,-6.7057,-4.8186,-3.5013,-5.542,-4.3721,-1.503,-2.1396,-2.2364
2023-10-31,-9.7032,-8.8094,-7.9365,-6.2332,-7.7075,-10.1456,-7.6339,-7.03,-3.8688,-7.119,-7.3528,-6.2059,-5.399,-4.8348,-6.6333,-6.088,-5.8615,-7.1421,-5.4759,-6.2826,-0.9953,-4.9085,-2.538,-2.6848,-4.0385
2023-11-30,4.9911,8.0315,10.7118,8.7524,7.0605,10.8745,9.1136,8.6421,8.7675,10.5485,11.1124,7.4219,8.5409,11.1833,15.3369,9.8773,9.0922,9.0999,8.531,7.8499,9.8907,6.9408,7.0775,8.6643,15.2885
2023-12-31,15.0897,15.8288,14.6759,16.7644,15.023,12.217,14.3023,11.1367,13.2569,15.6911,10.329,10.8568,10.0719,12.1534,17.0162,8.8469,7.7785,9.0679,8.9011,11.719,3.7524,4.7821,5.0621,4.6596,11.6081
2024-01-31,0.6965,-3.0599,-3.675,-4.0954,-3.7718,-3.9346,-3.9413,-3.6277,-5.1426,-5.7835,-4.216,-3.0991,-3.9942,-3.4591,-5.3363,-1.6905,-0.0186,-1.4937,-3.2855,-2.4498,2.2667,-0.5114,3.5549,2.666,-0.8885
2024-02-29,9.9101,6.546,11.7394,2.5235,4.319,9.4636,6.5431,7.087,4.4029,0.9165,3.2514,5.5209,5.3956,1.5477,1.2682,7.0309,8.0568,3.6153,4.6129,2.5455,6.019,1.6618,8.0004,4.9929,2.9209
2024-03-31,-3.038,1.6148,0.7566,1.9273,4.5872,0.3943,2.1525,2.5639,2.8326,4.2768,0.6383,2.8812,4.6764,4.6745,6.6566,3.8473,4.6856,5.0535,8.2041,7.6678,1.6532,6.4515,3.6182,6.1456,8.9894
2024-04-30,-12.5006,-7.1253,-7.503,-7.4524,-7.4984,-6.9151,-8.2687,-6.3554,-5.5931,-6.8366,-6.2859,-6.2881,-5.9795,-6.4391,-7.6943,-5.7327,-6.426,-6.0649,-6.8567,-5.734,-4.0192,1.2419,-4.4624,-4.9964,-5.4746
2024-05-31,7.3278,3.2529,4.6762,3.8452,4.6775,1.9278,3.2264,5.5667,4.857,5.072,4.6482,5.1154,4.1596,5.4033,4.0525,2.5532,2.1786,2.5392,5.2938,3.6068,5.9597,4.0277,3.1691,4.0481,4.263
2024-06-30,-4.1827,-2.34,-5.5962,-2.0009,-2.5353,-1.6837,-1.6792,-2.162,-1.5455,-2.8258,2.8058,-0.855,-1.9374,-2.5845,-2.3403,-0.6069,-1.7629,-2.3902,-1.6564,-2.8367,6.1092,1.096,0.3339,-1.6716,0.6083
2024-07-31,12.1131,8.5509,14.1625,14.0338,14.5063,7.4211,9.7811,9.9573,12.0948,15.0909,6.4973,6.0491,9.1286,10.4114,11.2443,3.2132,7.3394,6.5697,6.7611,7.1352,-0.8512,2.2329,4.0101,6.5988,2.9147
2024-08-31,-1.695,-4.277,-2.6546,-3.7695,-2.1264,0.5129,0.2862,-3.5651,-2.2203,-1.8098,-0.1472,-2.0629,-0.9634,-1.3942,-0.7591,1.7784,2.0276,1.6154,1.48,-0.4794,2.1542,3.8851,-0.6439,4.1499,0.9392
2024-09-30,1.6419,1.0592,-1.5476,-1.2206,-0.232,0.5382,1.3042,0.9173,-0.5248,-0.8892,4.2634,2.3502,1.0493,0.0766,0.1073,3.4515,2.2293,1.2623,3.6538,-1.3147,2.4193,3.9932,1.0625,-1.1408,-0.5286
2024-10-31,5.3571,0.4751,-0.7511,-0.9102,0.6604,-0.9067,-0.9828,-3.1869,-0.4686,-1.1391,-1.6588,-2.7288,-1.2831,-1.3823,-0.189,-1.0064,-1.8012,-1.6277,1.5997,1.5252,-0.7923,-1.3078,-1.0778,0.3623,5.888
2024-11-30,10.6097,10.0156,9.595,8.9858,10.7434,14.3043,13.5425,10.8019,12.6711,10.4051,10.2793,11.1932,11.5832,9.7792,11.6624,9.7341,6.8908,5.7647,10.4277,12.7063,6.3182,5.337,5.1811,8.907,11.3097
2024-12-31,-5.5404,-4.996,-6.7628,-7.7747,-4.5746,-4.3803,-9.1695,-8.8408,-8.8516,-6.8635,-7.9477,-7.9098,-8.0604,-8.9496,-8.9605,-8.265,-7.1663,-6.4893,-6.2309,-5.5524,0.3266,-4.8243,-8.954,-6.7956,-5.7414
2025-01-31,1.9656,0.3794,0.5309,1.294,-0.1019,0.4701,2.7511,3.6646,3.0646,2.3405,5.3794,2.8508,4.636,2.7332,3.92,4.2638,4.3939,5.0202,6.7514,4.4461,1.4884,7.8641,2.0825,5.9144,7.3807
2025-02-28,-7.0665,-5.9742,-6.5071,-6.0932,-2.3476,-8.2831,-8.8282,-8.3279,-5.6293,-4.0395,-5.6927,-4.9351,-4.9151,-2.7758,-2.9096,-4.2825,-6.7574,-2.2267,-2.8109,-1.7042,-3.1108,-1.8839,2.5459,2.8662,1.5498
2025-03-31,-13.9313,-12.1005,-9.4072,-9.7306,-6.6402,-8.357,-6.9955,-8.2487,-6.0899,-7.4943,-7.451,-6.8196,-6.3498,-5.5594,-4.484,-6.6421,-5.8203,-3.2662,-6.433,-1.7756,-7.6632,-4.998,-0.1605,-2.1792,-6.3793
2025-04-30,0.8067,1.6903,0.8943,-0.5912,-2.525,0.5968,-0.9047,-2.4543,-3.1368,-6.3772,-0.0448,-2.5982,-3.8646,-5.1096,-3.8388,-0.8765,-1.2698,-2.0145,-3.9275,-7.2668,1.4105,-3.0129,-7.3866,-1.3472,-2.7941
2025-05-31,10.8448,5.7623,5.3431,4.2479,5.7171,4.4605,5.0799,6.9532,5.0691,5.8567,4.9387,5.7255,4.3548,3.7107,5.4756,6.2576,5.0221,3.5353,8.1174,6.5825,7.8077,6.1295,1.8406,2.6155,6.5683
2025-06-30,13.7676,5.8777,8.6403,4.6891,5.5347,6.2285,6.6343,7.3561,5.616,5.0304,3.8802,3.7663,4.2193,3.1055,5.1229,2.0351,4.3192,2.4175,7.3815,5.8024,5.5278,6.245,4.7404,3.6424,7.0108
