196403,0.05288648551999997,0.008184984920000193,0.07838760278000012,0.06522822148639396,0.06472155160471771,0.0795743564097755,0.07388436295349976,0.11539832043518916,0.010268193378796475,0.03887664968239246,0.09042095176222587,0.08740211726077729,0.1648006826466757,-0.015166396189190023,0.053279976675186136,0.0820647146580864,0.1267248969714161,0.13757488400306994,0.03092382592168952,0.05719253728445706,0.0871831817166675,0.18111386870090862,0.08009589662686523,0.05288399352393669,0.036555281051333655,0.055582952487632564,0.0929234981589051,0.047259883322277485
196406,0.028006049069999817,-0.024036490819999812,0.019484316751999797,-0.017585395751739896,0.009356858933952994,0.0032204788399385897,-0.004946729139637451,0.0088260976423713,0.02255613883422014,-0.028386314966620474,0.04842903002246146,0.004313517447976922,0.04489563570437238,-0.026838433739680867,0.018994171425930295,0.014194552885191003,0.029219216741100507,0.01858262610570649,-0.013219134020798218,0.03298397802585118,0.03649308879361035,0.0026516671976071216,0.040381970121093236,0.02436104936024286,0.038736045879497194,0.015954643243405675,0.039032102767029064,0.07605539702699327
196409,0.02972339993600004,-0.003913663720000127,0.02595354511600001,0.07582137582533077,0.031036667580883748,0.08023220191280123,0.03616955524126708,0.0744997175868598,0.014952249576484666,0.016757581528316523,0.04087362717450316,0.04730678605206107,0.04413459198869063,0.008451352209323026,0.034279743726434386,0.059730539840359365,0.05382798364218111,0.02277278353049539,0.027414498564040768,0.059955064600028196,0.05986187687053368,0.056434781820223545,0.05527759068268412,0.03516007173496272,-0.004051103984891613,0.07396964199934253,0.04658241170759192,0.03919727299301168
196412,0.006301759760000136,0.009102048199999935,-0.03388168622400012,-0.007960061449971745,-0.021903287894680434,0.015517816667159012,-0.007771161196701515,0.011253490441791136,-0.017746390285447222,0.003361341065475587,0.027383347355569798,-0.026931449865829515,-0.022686207175411588,0.04105309994615336,0.038324776327643306,0.00882836344285809,-0.01039448972625645,0.008819226507294387,0.02133124001653597,0.02078455802633772,-0.02144882613561594,0.005307833102963455,-0.033266174312305274,0.012642125448566244,0.012573688772359537,0.0035679343804082553,-0.02716397408663873,-0.03756461867810801
196503,0.026020352816000125,0.07851401327600005,0.017374711080000216,0.1136636664870061,0.0844017672465458,0.09719866926242271,0.12165169564114309,0.15383736709953189,0.12915183097897942,0.06862411844817062,0.09959962821922308,0.11000875158825019,0.09685088146214027,0.0804874297001894,0.0991206590531375,0.08854229483408105,0.09881775116342828,0.11661755088027981,0.05196053885518581,0.06564702823858326,0.08015796156092647,0.08012666991728379,0.08209275573966335,0.02583187210138127,-0.013351600660275076,-0.0010248386838325185,0.012979168152451814,0.017690452249405242
196506,-0.03331304384200029,-0.029566795884999886,-0.00603227024499986,-0.10419985036183033,-0.09889465747101411,-0.06684327754201347,-0.05943608695394642,-0.07540146989518137,-0.10244036419806168,-0.05698530959289283,-0.07343076564943285,-0.05194730812213755,-0.06701243737829454,-0.05541177309669332,-0.07127153837348954,-0.06937258839206539,-0.0692000275184379,-0.04040749934421484,-0.0580474596545314,-0.04946816054674419,-0.05718888566959934,-0.05990520730439275,-0.10648742985439497,-0.017746766267147662,-0.02020715083191471,-0.039323511404854794,-0.03011323206735428,-0.057713873276619476
196509,0.071896983232,0.04388037412999979,0.01046874046800017,0.07662343552322204,0.1461034544687616,0.09434245079890391,0.09543949186570644,0.11079498712578584,0.1689077565166297,0.09029613915100732,0.1015819331674861,0.12624082717103913,0.10516293131010568,0.11495936537818796,0.11914677098991588,0.13254181633998452,0.12409142068583989,0.1561381750606945,0.09071630707753742,0.10934575943164071,0.1016453303335807,0.07845830320640035,0.14765826679699945,0.08003694243158499,0.026715242795771088,0.06977753880784876,0.08020295744701977,0.09619159397564014
196512,0.03605169122000018,0.09549881491599987,0.03899298320000022,0.17576684496770545,0.2314536405330816,0.10265553060596266,0.17377117096061467,0.20983919844172894,0.08545628700574426,0.1664489511705105,0.1073944986015023,0.14120812644484304,0.16532441072083426,0.0975776976726479,0.07475724233682568,0.15017985502282816,0.09494550134897572,0.13078267468690563,0.08277893892097188,0.06458010031478767,0.07293076851655766,0.09149629278483262,0.1904705374539002,0.028588316014833248,-0.02832362337641048,0.047377948949099746,0.049679934747017596,0.04578451003747541
196603,-0.029961943287999948,0.09572778996800002,0.014544163262000032,0.1381101919186014,0.09942182787367271,0.062141474365758675,0.13011141895152223,0.13807917077920995,0.11384234681948247,0.0801392913431569,0.03050727992505675,0.000607271258148856,0.05810617042728694,0.012280012974966503,-0.021576474820540814,0.03953934040329954,0.019827984210160077,0.04510557296111517,0.0134227677062293,-0.01444110732129722,0.008439205913523429,0.01264922906147703,0.04036478327512749,-0.04262390817036099,-0.07339576524486413,-0.022117698871314095,-0.022731304465530733,-0.04885082495076587
196606,-0.05048055897599979,-0.003116860480000039,-0.014738157760000203,-0.04489567294978358,-0.10452963015547911,-0.053708601642615705,-0.046016113161219674,-0.08705335407091397,-0.07388073666117068,-0.06553900292665826,-0.06190760696362774,-0.05211958337982858,-0.016172503298905738,-0.03382581546053842,-0.04485388083424979,-0.03664853530600687,-0.07743975841022233,-0.09036811908707065,-0.032331621829375434,-0.03992798731898928,-0.04952874111482708,-0.023627477687000353,-0.0975127217465307,-0.05265605656185057,-0.04619355428400074,-0.054770110901446234,-0.0355491340094376,-0.06067845663413041
196609,-0.10400507873200004,-0.045532530681999916,0.019013368127000163,-0.16924408182584727,-0.1497391740795161,-0.14442024098050898,-0.13615999560428116,-0.13501670602556104,-0.1824928732978025,-0.1229242315707938,-0.1329730949330613,-0.1385620228546215,-0.15253872849041994,-0.1481788611837206,-0.1557392201426906,-0.09764269970762884,-0.12692965757348929,-0.12190054207786283,-0.12564918146729565,-0.1019035309677967,-0.11698264401760627,-0.13690779488608174,-0.12990791932259715,-0.11130330583904557,-0.10513215891047645,-0.06975362358180093,-0.06278992575449605,-0.11842368993509611
196612,0.05430149248400018,-0.007360866303999902,-0.032336307576000145,0.022157354483899994,0.006501884828214344,0.011895419114068773,0.008555031826726012,0.009604336390218293,0.053189175022225976,0.04245844745089844,0.06684105880724034,0.026469347982782443,0.018529595865423687,0.09155003517641958,0.09335026517352052,0.052355806063328236,0.11521306858298197,0.006959666701862766,0.11351519038601454,0.0796029484301457,0.04857356153060399,0.08783823596507734,0.03220278982673652,0.04614892845919205,0.06149499677893466,0.06858843205049014,0.033303022169393515,0.03968965536409774
196703,0.13331166924499982,0.1355630350860002,0.003297222050000048,0.37301042243602867,0.3256074231896151,0.30631265035944266,0.34142782776257086,0.29466464861454744,0.27881458427061245,0.26313035883639135,0.2575184325164839,0.28758557772912696,0.28376274616783603,0.2450334925247697,0.21943338045494287,0.17980166249350393,0.21896488661329006,0.18918245612389684,0.1873270799420843,0.09262002386675539,0.13833146384338235,0.18727732592915203,0.20087388436376608,0.1359102435620818,0.1016551411833797,0.06375027552331636,0.10710469384163268,0.17038182431043003
196706,0.018074792383999894,0.0855769143559999,-0.0068037073040000395,0.21876002862025157,0.14811356368976125,0.1583819939964588,0.15119152762698773,0.11374111375962781,0.11440160731165361,0.10626562569159947,0.10578302159654163,0.08660907626495629,0.05578290508575412,0.07102067867997297,0.09933888155593618,0.0485054217882992,0.095543991413096,0.03599381208387009,0.06894101047650092,0.03831929456304817,0.02895613936939334,0.10219762417140554,0.07346073226183503,0.012645861863181285,-0.017618272713885608,-0.033700774332925176,0.016476827448700826,0.0012619291376392283
196709,0.06851582179999993,0.06763455253399986,0.017269099531999954,0.2032556082171011,0.19883807673960896,0.1992429341950357,0.15040429673264044,0.19024909322104677,0.10129714804977352,0.10137299980253145,0.1700231709837985,0.14922770604167823,0.11940612343882773,0.07018658820388435,0.06961181094181024,0.09835041793237997,0.12817870460899683,0.13091923014228035,0.06734021641765242,0.04128678734381208,0.05746865712274163,0.11959755480511314,0.1267110815539081,0.06853240308514486,0.06893266726772174,0.030128740218502426,0.0712736388362547,0.0718219862357532
196712,0.00245601422000008,0.07385300193499988,-0.05494958986999998,0.12622316333796846,0.08905000090199722,0.04695221606284039,0.05012957080228109,0.050060029001272044,0.11204666599468749,0.03909801261394219,0.11724847995225463,0.024638657766447913,0.03656681511947557,0.056463155580891655,0.04310435938021273,0.014445430765239076,0.005530411631378129,0.01809863548145829,-0.008325123105940468,-0.0371187386335714,-0.02807074057055048,0.014852205089504578,-0.03539323047854437,0.018533642715461873,-0.016129819041796778,-0.01665364787245005,-0.022737439973034346,-0.049392499298399395
196803,-0.07425278483800002,-0.0036951037599999292,0.054599648749999785,-0.09700910330922274,-0.061533776770364534,-0.03446419708151249,-0.07007695887016463,-0.013485238901241092,-0.1340428573026553,-0.1083591342724659,-0.09999683310372987,-0.04373112766818832,-0.050666342880942294,-0.12741144650930958,-0.06368360542891571,-0.0683247372882716,-0.030868292027835587,-0.034573156286402895,-0.13522329292042257,-0.05050953139604475,-0.0818416998151793,-0.06655329106769381,-0.05695733833014527,-0.07520970788955883,-0.1028641555690567,-0.028793361045685306,-0.08343373869182669,-0.04892216179609876
196806,0.12286195591999993,0.12135569001399982,0.0031909400150000877,0.3122584297638633,0.31317946821300824,0.291897899357189,0.31442820897285606,0.28199339148659375,0.30456682815259484,0.22634369562549317,0.23481543275971806,0.19960536172409604,0.20243166120472922,0.22516942881064805,0.1804229190716291,0.1653394926927103,0.16538142999997052,0.26331995277218945,0.16434879346901887,0.14669232431037948,0.14584534789428805,0.17416766208408996,0.14230579867729953,0.11918034699017,0.08074892979590076,0.055031695153983096,0.10455607315702187,0.12512137745050644
196809,0.026179442425000143,0.03859503327800007,0.06681320701999982,0.05606897776093289,0.08261257729487514,0.06592678150224773,0.08799620565428534,0.10872242912649588,-0.020369402856575847,0.04739047677170838,0.07402002524672713,0.05195146118312843,0.11969317428841819,0.029305077311167604,0.0352300730042987,0.019018051759962296,0.06332975755903147,0.0991082538948409,0.011246879717726976,0.026171843811203965,0.021978515888421146,0.06021346025704721,0.05568269416713001,-0.03541665698216001,0.031591530745756824,0.06448566503124264,0.0558176061600959,0.10722907877673116
196812,0.017221333843000064,0.05238652479200012,0.018839472840000093,0.08014874934052085,0.09096041719721315,0.0746789548175899,0.04918867489801726,0.08175865936619475,0.0837460355055395,0.09630695823134916,0.062248098498187465,0.07116159411758982,0.019036063147959137,0.04457289812264542,0.040650623869272984,0.08727594121897453,0.1120446904011243,0.04457494241710669,0.013147939475145698,0.017496005284924676,0.04033203052629286,0.056052736350717725,0.08485278654454076,-0.023439196495117498,-0.006538255144089566,0.032737036802972685,0.03327799988231006,0.007821285297651137
196903,-0.04563927549999991,-0.04803603835199999,0.021236678071999915,-0.11688659510238208,-0.12002669794727883,-0.08927505952547998,-0.07757407565330876,-0.09235028770459941,-0.11384626924559671,-0.09397854226742264,-0.0629660975916384,-0.06786886353087174,-0.03635871231348098,-0.1246654374027838,-0.08442226453597679,-0.06446187437155992,-0.0723733013727671,-0.05853666932984014,-0.07478979127092955,-0.10113557399231787,-0.04772682412893059,-0.07494756666893065,-0.05818484449120964,-0.02766146989645324,-0.026969423461251307,-0.0179621846139576,-0.04526832928940072,-0.018542910892000886
196906,-0.05919722523399995,-0.06417138996999994,-0.00446901027400004,-0.13818069324047721,-0.1435894104764296,-0.13084033960466068,-0.11689813005607397,-0.1352099446513333,-0.13548906464436106,-0.12904298532282055,-0.10663326245577576,-0.1180232806721101,-0.07863627420418784,-0.10200258110914018,-0.10039742674741403,-0.09906506523074132,-0.09406752913413163,-0.11898630755775885,-0.05933174054967094,-0.09146130766607719,-0.07172097671531608,-0.09784757133706412,-0.09847120999049641,-0.0013105456569091345,-0.06447530860386486,-0.07570495254972165,-0.0390354628884122,-0.08935309520508228
196909,-0.05529942490000006,-0.01256455801199996,-0.05750071149999991,-0.12824384129956656,-0.13274030007971738,-0.13358338434165629,-0.11458514253972274,-0.10295239043566284,-0.04764908649077915,-0.06652215968227226,-0.08251731377594762,-0.06529840511413088,-0.08171923927374636,-0.024142103595081954,-0.043672875155705504,-0.03768716433783936,-0.07035988438021468,-0.07912554210308287,0.010321909727901257,-0.047182227786061626,-0.06359149434976408,-0.07759735898537057,-0.10688229952896222,0.005230129326877053,-0.05332671324225591,-0.08381615633196027,-0.09986232813460527,-0.09888502042937886
196912,-0.015903610360000098,-0.024566974720000023,-0.07086267199999996,-0.061620992597137714,-0.05238354282127444,-0.03718270949436009,-0.09571058748313566,-0.11783854617224987,0.006440924461386333,-0.054007186217089664,-0.059859294349314696,-0.0796197638345042,-0.06645870882683391,-0.0020189707814561864,-0.015734264740131065,-0.05079294023556524,-0.01755109995913351,-0.06071802566757967,0.054460473262597064,-0.04747810470572689,0.016407830145204416,-0.035512954365910177,-0.07060689992560187,0.03673825900115024,-0.017401913566691407,-0.023487220557178445,-0.06718838268068594,-0.05387395424624708
197003,-0.044005507960000134,-0.01869954418100017,0.11341633498399983,-0.10627717062237496,-0.06574810157289501,-0.048569844760662395,-0.0031551509585290294,0.012513251648567314,-0.1124085254492615,-0.08792096367902369,-0.008513963601409325,0.018015634046629314,0.038008586359684404,-0.11854787811216405,-0.07287003869551523,-0.04667303213374718,0.018606591440176734,0.03270908653413751,-0.10196609496958997,-0.08025083134267941,-0.01565861947876801,0.00794995375661367,0.010816890294264914,-0.09339968129483678,-0.02809141141306426,-0.004021930500477389,-0.03699843166127281,0.034114404815730026
197006,-0.21938051980000006,-0.123292335232,0.10146368931199978,-0.415161562496164,-0.34636945905051564,-0.2999891830329192,-0.2798108287975799,-0.2764760507642401,-0.41337710421600193,-0.31200968361343473,-0.3183050947449322,-0.2570139350857731,-0.25729477940526013,-0.36254746854383124,-0.3051537325693844,-0.29856992438026464,-0.20762648442652865,-0.2509137466958701,-0.27624943751202513,-0.2881287159454835,-0.21749209160988725,-0.20376272809396145,-0.2624753795901419,-0.24896983668139838,-0.1783677992595134,-0.1713175437722919,-0.1126737356463885,-0.2056490585853089
197009,0.1640177251999999,0.096424402904,-0.03281921420800005,0.32907944310125226,0.28556737643727614,0.29564586349139654,0.25535709102935833,0.21805095186735346,0.3638521090924911,0.35145226244285066,0.25915728185911413,0.2683069414555115,0.2137424694534269,0.2979145003172641,0.2568629994642513,0.22462680805387647,0.16634874532856725,0.21306239817997752,0.19780175553063772,0.2412228847385749,0.1667516026226321,0.18052037918158037,0.2702459748143651,0.14899574640023228,0.1282438125854808,0.11670798930412607,0.14876077141203026,0.1612443188687771
197012,0.08113996232399989,-0.053793305181999984,0.02882779391599999,-0.10742513535436893,-0.03643430696042271,-0.05113486342386331,0.04200277068911529,0.042938340346176274,0.030149851329944077,-0.0019164430593083814,0.02555030516408685,0.10245972819279281,0.06845723364071588,0.023281309521717475,0.05757515760373333,0.07836154639322279,0.08993970751407865,0.042545569070950195,0.0671470505580074,0.08729506245265317,0.09996521532837921,0.1347397062611173,0.046718335992190774,0.08613405868656887,0.10486141210332423,0.07893624196826932,0.09992836695071783,0.07384458729261789
197103,0.10687996843599978,0.12106117771999991,-0.03711639999999983,0.33692632863987626,0.2669894904069583,0.31308980810209475,0.2430100482648152,0.25696856880556895,0.19956725253158636,0.22358867198305732,0.2144119248063332,0.17356115570055386,0.14495041252795815,0.23737409975653812,0.19872575427927774,0.1568834119638447,0.11966027702694126,0.16526129994517325,0.15980502069225544,0.16032957893996747,0.094856703718327,0.13287066104580147,0.18620868435521554,0.1150305027892502,0.06769023162693966,0.08139698385116056,0.03961359817279764,0.06946171884374208
197106,-0.010548158834999932,-0.03021774219099993,-0.024228906274000095,-0.0848910617315366,-0.06658156424799466,-0.08028694329125385,-0.043093676257267455,-0.0785940387382571,0.015653700223917433,-0.06252629553372835,-0.03566300813482037,-0.04608925919006224,-0.02543020974992638,-0.004922002877234544,0.0183498641044737,-0.025344386199395053,-0.05014547482113929,0.017387810746829935,0.011376218967560803,-0.0016209819584336316,-0.013488528238412623,0.004318096514212888,-0.004778596754332121,0.012241889378695081,-0.010104036160545116,-0.04206985811365582,-0.02824211170113866,0.010307531024518202
197109,-0.01722687529400002,-0.012353113900000157,-0.0035649268800000966,-0.05360423898176081,-0.037481113877797956,-0.05800183467585984,-0.034849561878114166,-0.042594166094272023,-0.01778257870808231,-0.0010261385353036445,-0.035732238133290406,-0.047737216077152866,-0.01816287620212076,-0.016425979459543938,-0.014727202492304192,-0.03194242092614463,-0.016082457240312875,-0.007534446730964817,0.04019354949775855,-0.027022188813177528,-0.026937479843218592,-0.024793055066486325,-0.03949006139796807,0.002952334495684994,-0.021010873027179855,-0.06789497285977697,-0.040752422287625545,0.03851992799150361
197112,0.0342705491719999,-0.013286381724999963,-0.02543231364600007,0.00662064331438561,-0.01499863934194312,-0.013490341576745779,0.007352916814125532,-0.019369416310568988,0.030938467351603993,0.04256195208197178,0.06055713067591295,0.01861870638753671,0.019099884165350245,0.017809898697146664,0.004603757309953549,0.04746713814412962,0.00820248921826483,0.0013144247179315283,0.08082622549818264,0.027833571943665758,0.02425887392990478,0.014575382245715751,0.0036494706396579257,0.04540058118984769,0.02655106026582299,0.04388908706892902,0.02358667544769988,0.03750376793468768
197203,0.06064436511799998,0.06926100444799999,-0.023675990643999834,0.19420535970791653,0.2003713561817395,0.1345350918975372,0.13036996554528213,0.16816132101169812,0.153561375309629,0.12630671241811697,0.08065941007436805,0.07435922945515205,0.12145977732160129,0.14390410007695498,0.0940711719491627,0.0500221015500264,0.061371824714344436,0.07877176934238728,0.08753830136316587,0.02407714195049593,0.04158070418964255,0.06385946006970289,0.08855272526730151,0.09480854573484199,0.027600104634635025,-0.034602978963355624,-0.01548152044896034,0.08682961206135675
197206,-0.008847439063000118,-0.022814881408000143,-0.050846219264000014,-0.06942830735160188,-0.06479506967988768,-0.08919654921756981,-0.05002169160483716,-0.06102539217143976,-0.050303207021494156,-0.05130762652615273,-0.023612656985008473,-0.04202860618883786,-0.0012002968448079354,0.02558481939904933,-0.05903344744451644,-0.03898261774633549,-0.062473314678167524,-0.10717335967294406,-0.020830643987925224,-0.055456691749743214,-0.04676012608359503,-0.044130464805053005,-0.04840772221002687,0.026666393716615833,-0.036912408001741115,-0.003382661539108378,-0.020969136168162095,-0.11055558266903076
197209,0.012759802239999951,-0.09254093886000003,0.057027780640000136,-0.13542068941154062,-0.12718938544504077,-0.07797224842194428,-0.08768307080323412,-0.05689826966824574,-0.10066372120776668,-0.10892604024860042,-0.0483932021700918,-0.03818291617682934,-0.031057621031607807,-0.05369267665301147,-0.03182948370958061,-0.02378606358274471,0.015146273931142762,-0.012490322294183231,-0.06310519267093995,-0.04388340508606392,0.011787145806654298,0.01816704308225714,-0.009288014513057385,0.01599068449735097,0.02519296163190443,0.04771411941186976,0.08628716852639817,-0.004490827959038546
197212,0.05795812304000014,-0.05752169172999999,0.03845258115199979,-0.05951608030284139,-0.028599881727069842,-0.023564095676656738,-0.001484321795612864,0.010531150821132318,-0.01795481835058166,0.004262194508606987,0.08372567602503578,0.006344438719758427,0.02939919417356518,-0.0026006541954697315,0.01917543895847129,0.06454298997757335,0.05947814843898258,0.026375873754031165,0.04288119360174236,0.04520580649120265,0.059770844529463796,0.06797195865299677,0.04130263384227528,0.052961441320065195,0.06620060729214217,0.07087940824946815,0.09501129626318572,0.1087986412017139
197303,-0.09157906734999999,-0.09822849155800017,0.07066955996000002,-0.27515171382134007,-0.1753483066967454,-0.1561771068867841,-0.13465303434859233,-0.10271995198315975,-0.28100356081298794,-0.16790525191320727,-0.17120273397656172,-0.11529823040345,-0.12787197034326991,-0.22928842616536893,-0.20408845111770013,-0.16211438397652744,-0.0966678866499523,-0.12441189419438292,-0.1864998244192284,-0.20077132738186743,-0.12814334541997108,-0.10515293966065242,-0.07384025954199902,-0.058216327865623585,-0.08980981391800169,-0.05553261297936318,-0.049078627745811954,-0.07476423719989356
197306,-0.09918147527199994,-0.12428945811199998,0.06996493494800027,-0.27946465480896665,-0.24635397370195733,-0.20674397547639556,-0.17491080411202609,-0.1690423327278332,-0.3038526959017578,-0.22266893380111108,-0.17174156715537658,-0.13130496294693805,-0.17034633212352457,-0.2539524914346565,-0.18660201603187943,-0.11053880742794986,-0.09758069100718791,-0.1491115263824072,-0.2233840875930474,-0.20409742024324218,-0.09918863033275271,-0.0777503791075782,-0.1402237960794489,-0.07575705180713188,-0.06286389134690207,-0.038101209477831355,-0.06334290136154053,-0.11674357979261951
197309,0.05816174172800004,0.0886041488,-0.02159286751600009,0.24192538914792205,0.18264275662758211,0.10424864589002802,0.12940778612068837,0.11146406368791695,0.29183157152702077,0.15703908883019602,0.16665889048375226,0.061946979335914865,0.14393544815220816,0.2626707431900708,0.12955943920024748,0.1279503418238197,0.06493762482463916,0.16093492094932382,0.21612024433306432,0.1865834327692688,0.13040041355747034,0.09979778673079509,0.18161631019377666,0.0008684674593113506,0.08634646942979396,0.023774591085263586,0.059102601568333135,0.11694597218461267
197312,-0.12993599163399994,-0.12886443447999996,0.10061191549399995,-0.3165104951734804,-0.2626787053297114,-0.22268407836275017,-0.22053696264908507,-0.22518294061873767,-0.2782465068656116,-0.27492510478523713,-0.2118919054046473,-0.17093244210695324,-0.1820237503299157,-0.2856419001096736,-0.17994389319271975,-0.16808551340805256,-0.13118625764732494,-0.13899273167228188,-0.23797668171711672,-0.18686661474998723,-0.09136700212549775,-0.12074222102335641,-0.09091540128699815,-0.1379436047064001,-0.14242381399849335,-0.06059454716622059,-0.06385575848655278,0.02650099449868315
197403,-0.03421800755200011,0.12422,0.08414971249000014,0.08271069795552721,0.10911695694072954,0.1284424949629117,0.12972336914377025,0.20670395759798255,0.017564575062197774,0.12268097000956368,0.07463743428681613,0.09419494393372307,0.1717878764234051,-0.012481911445095584,0.026913038841693826,0.04463765455967739,0.03666884837834905,0.11246827058495978,-0.08803457831138739,-0.01866883782644302,-0.016229321016720366,0.05433692752575037,0.05214003727077121,-0.06193346983898018,-0.03207778840554831,-0.07888229429411164,-0.01912993087976944,-0.02940366304116615
197406,-0.12295455744000006,-0.038214598175999925,-0.0035892282879999016,-0.17949704648522424,-0.17849392702012334,-0.1740159540109245,-0.1608155424307125,-0.1354606211945708,-0.19419931821711456,-0.19557287502545084,-0.1829989646448663,-0.13271968360973851,-0.13035190456371482,-0.18932241446580256,-0.19398356035978404,-0.1523717971726165,-0.18827507586925962,-0.13050539954427476,-0.17646034334279603,-0.2003064254512139,-0.15219934409017533,-0.19069228962167217,-0.15011432660892388,-0.07121769769197794,-0.12966692831186277,-0.1411091383926727,-0.13226241772268033,-0.1361482009058328
197409,-0.2651504172860001,0.003548464685999786,0.13763899906800026,-0.2965317209905908,-0.23016376523097237,-0.20449946638759564,-0.19993192903836143,-0.20705592633284264,-0.28881926931517465,-0.23354701833071578,-0.19300306753333119,-0.19876656066611909,-0.17065394264801492,-0.2991634565668473,-0.21765689118505627,-0.17354687620131493,-0.1656144562541837,-0.14187428312950268,-0.3074033377885562,-0.22218698222740751,-0.17475224525964606,-0.14059105811197226,-0.17213929318554,-0.3389908393016904,-0.22451609073209366,-0.14724102630672598,-0.1848787767236718,-0.21263211589552689
197412,0.07036969535199988,-0.09083731209400003,-0.10027387269999988,-0.0021644302540204663,-0.0888568289779671,-0.07332113241485361,-0.07344930339113687,-0.0954305288525048,0.02669868064488279,-0.020248086288407352,-0.04486498920432003,-0.06246175044275726,-0.08132749284010476,0.05075117610616542,0.003016157697241617,-0.01738965618601429,-0.030782814158811345,-0.015327834486763559,0.1138167472407241,0.07869536633088181,0.03696128130584797,0.01635759264217307,-0.07176926843498199,0.10398602537591173,0.08775724960975428,0.08410173084555961,0.04990188630877679,-0.027847667258971254
197503,0.23181787383200003,0.15363019700000025,0.05923560827599994,0.45490990468944514,0.5012851865685133,0.42638152587913036,0.42099114074053556,0.5204990874593769,0.393647049832077,0.43457006188847913,0.3600204205661415,0.3838405371866307,0.42133763843136673,0.33991458102275796,0.3616447772747271,0.2994658148156375,0.3691548730851124,0.4100068640346617,0.28977981866321434,0.2973350189192161,0.3131899651573087,0.3261485046986654,0.3657424904542066,0.21618918925332697,0.17843490884156243,0.15385338722281205,0.2877488114254083,0.1739777631201891
197506,0.14978880728,0.04101293268799999,-0.03853547172499994,0.252419847686435,0.258872374403865,0.2006347210347179,0.19714696002129983,0.1808552434511279,0.2892725295803773,0.18846916455625373,0.1646662653831623,0.17193339104141936,0.1400606680518528,0.1637536018999839,0.18058752737231965,0.15783298618897112,0.1708647516883215,0.08255572325876814,0.1998187785210821,0.162986061504101,0.15385732184406353,0.19239361786279874,0.21624596267858265,0.13624703009307337,0.20572487276889917,0.09407546469476591,0.1094260601781527,0.12586445170777782
197509,-0.13118400943999997,-0.00753371084800003,0.011667361472000204,-0.14969800569912983,-0.09960173785853055,-0.1059404859074905,-0.10347741935541133,-0.13402935266985538,-0.12666372478607557,-0.12144815765138217,-0.1230453913539955,-0.12116019794541122,-0.1798221396257299,-0.1516155789244149,-0.1076874201622885,-0.11808710064391359,-0.13257928143509523,-0.16355025207583784,-0.16864838892334233,-0.14159176684784192,-0.11928672933105855,-0.11066946721549376,-0.13122693886971715,-0.15595437253172606,-0.08582720354621187,-0.10043180499644777,-0.09231148921434773,-0.12482082803227013
197512,0.06381204319999978,-0.060745470511999966,0.041276857850000015,-0.011779503206724495,0.006826500270722402,0.019443438824312986,0.025633164691921673,0.020060770889939628,-0.019448923603840984,0.04413760203394368,0.02995579805713877,0.05883357158196545,0.04639219658730864,0.01540302710993724,0.03826661616212057,0.07642958895139973,0.08004335045324873,0.031513468737348616,0.04716769704050838,0.10008569239858223,0.09742126717699096,0.11065926118330816,0.11087678363892883,0.06339683742798075,0.07408751785500822,0.06586430866323467,0.09265497217524232,0.13076960623571887
197603,0.15107610828000007,0.10866939563699995,0.14706456949699986,0.3038293902019986,0.27077186657303987,0.3527957967765445,0.37830770172569994,0.4786167705693043,0.21443840180257934,0.2398824427002968,0.24122175726500483,0.321167317508966,0.4372706241953719,0.2107403335399607,0.19227025071649018,0.2464373995016862,0.2800163036815271,0.3924046449507541,0.1335161216552172,0.18477677150286476,0.21794712621594114,0.25118277626041685,0.34873064073801907,0.10752372430041413,0.13940522484622409,0.15089438461192461,0.1827672052692828,0.23548090246440867
197606,0.011358786196000059,-0.025722965664000008,-0.007285059327999943,-0.0017109746370775891,-0.01704824997699972,-0.034920610334146285,-0.027550917649840523,-0.05589800979961057,-0.004311995009845804,-0.018460518840402118,0.004947430588010393,-0.013647311025051678,-0.019834947085405674,-5.236363512284292e-05,0.026070698959836935,0.02860812028111903,0.00777933676450715,0.03167630605665117,-0.012023637854631897,0.011034320587924418,0.04131406601127208,0.0019589756935665115,0.00033028611203689273,-0.0036346350142264505,0.037361665612415385,0.05061956102553933,0.03272462918746766,0.043482958517526926
197609,0.004025884651999823,-0.016971605920000132,0.022258603874000027,-0.04458958789747591,-0.03083988729833087,-0.005372785622748788,-0.01046044264965329,0.0006248033220743743,-0.027013101211928015,0.009974616917748591,0.016461535005126704,0.00892549140654375,0.005681901569376313,-0.02119809483158308,-0.005489614806150955,0.008369797069258667,0.018153077753074287,-0.04392141809554484,-0.033717104328370384,0.017417482080297475,0.0375001568674902,0.025577009338204615,0.01809807007299513,-0.016391762814403688,0.03698883055053015,0.041249625811560664,0.010313776476128078,0.01744419070094083
197612,0.03464405772000001,0.05588519262800018,0.036176689976999965,0.12474768710247885,0.10005900786437105,0.08883377374569168,0.10489143705248805,0.09543874702076938,0.07826512698007826,0.07802758021573464,0.08879322652315813,0.11222268209984754,0.14306553921983456,0.04658334982229628,0.11966955379227184,0.0929950669476558,0.10788141439497712,0.10176467387290988,0.07115274924571025,0.0781668045842725,0.08558199373097164,0.09056622791026325,0.06895705479744008,-0.014402158342649907,0.03547100644422607,0.058781052659059974,0.04880604149364065,0.05658431675546516
197703,-0.07162278456999993,0.06876631357500007,0.05931644895999977,0.017339742101857736,0.029804416448887094,0.027061623019301706,0.04546941542827487,0.05968943394916337,-0.026532606306991835,-0.0057166065232883145,0.006809661195938288,0.007418356427983275,-0.0015615160510025206,-0.07279897070363373,-0.008640583812971059,-0.026067508693743968,-0.001061230517171996,-0.032911831224170296,-0.09951481778088589,-0.05240328273235162,-0.04635323052264628,-0.018275308296812676,0.0315290174461893,-0.11607709394895027,-0.09301366818825663,-0.04077689571368248,-0.05510500369247595,-0.010756008993393795
197706,0.033353869239999945,0.032115253625000006,0.03571230256400004,0.0424770143964055,0.05124543067938725,0.08394477170679737,0.06996176844259772,0.1045096837606081,0.09495533902540809,0.061110497884459436,0.06388039041641891,0.07372971969168085,0.08360961633726971,0.07619395165633236,0.059744012299459026,0.07691852143178668,0.0672749814814777,0.08141417517339322,0.04138438689287427,0.04858248693127498,0.06621526451782511,0.0491633218239389,0.06915381424367406,-0.0013325846363556604,0.041428730674216485,0.038239359939106876,0.06324591090339848,0.036509116287544385
197709,-0.03681021308800003,0.052274809250000054,-0.03604661212000004,0.03148406535903625,0.013431288201409819,0.004116998336324507,-0.0029598751289414693,-0.00847626376915045,-0.008172977068386045,-0.012952687733363888,-0.01839351145713397,-0.010862577413719876,-0.020127324920092726,0.025382349532791615,-0.009645858722067802,-0.02028963242822368,-0.02873674949415317,-0.03471544701424789,-0.02829508374555556,-0.05541374802805332,-0.031477728459674115,-0.03644295709394396,-0.10040060862545153,-0.024098167413553195,-0.08227629365289868,-0.02817429999555454,-0.0595954842243378,-0.10297884344583064
197712,-0.0029712712000000696,0.06340619571200001,0.015583501946,0.08059770100763197,0.07914947896300362,0.06984267001531319,0.07049124793798844,0.07067846311639792,0.04162597409939983,0.07131577034414827,0.04078548900413015,0.06045677880690681,0.061289551440104395,0.03087773405821137,0.04331004347551759,0.04068489221243876,0.02985171964666855,0.046608461135001056,0.017791974687018097,0.023248624821501807,0.01660015374433632,0.008834399109367563,0.00461382878847183,-0.0253740337317252,-0.013168204335440858,-0.025125507929691815,-0.007269030652276909,0.008333345941343273
197803,-0.04664838100000013,0.09596595708799982,0.054158778469999946,0.09057380319237152,0.05126568474468285,0.09762831113694426,0.07681079456808293,0.11119192829879143,0.007574589160099787,0.00287139405330028,0.049586190289896415,0.048757671358919286,0.043428479902904105,-0.025270658103575427,0.0053078711085632335,-0.0007763359210790632,0.005340407592178353,0.06496798252467495,-0.04078820563097829,-0.038079530209456425,-0.032546860720514825,-0.0018966323870741597,0.0063559452841313036,-0.09668786105857263,-0.0654471407141688,-0.016639349631931144,-0.04727335885708306,-0.047899673813880383
197806,0.07913424147199999,0.06731677759200005,-0.03494953179999993,0.1853517169924963,0.14591871116656696,0.1575102743180934,0.126923800421624,0.1591604321994573,0.1442917043529417,0.10619523807402631,0.12720034520275547,0.13327370948619688,0.10570708812033458,0.14430283743664996,0.12074026963816342,0.12851929941855955,0.06673917596021517,0.10401929570764579,0.1117350185212369,0.08811736751456678,0.05094312708742543,0.07234306382358935,0.10203885243300204,0.10439825737970865,0.05123049012019987,0.008749504834383748,0.027801176977257924,0.04893594461897699
197809,0.07522589081599995,0.048483870973999865,0.001955160799999911,0.13774076090031762,0.15307182995990454,0.10648450514872954,0.11101123283117342,0.14319806284541214,0.14280928739906718,0.09950778634028867,0.12140640771969635,0.10949037357553792,0.14181567553612795,0.08714584643564227,0.1107438693599363,0.09045978225946971,0.07386539199252296,0.11595121830879784,0.08706953859281485,0.08452053424150563,0.09710994699321263,0.08384596496746588,0.09991005186317659,0.050878180676638074,0.06817749758866709,0.10135976744468356,0.0535885122226627,0.041651775874328
197812,-0.08725248663000018,-0.060275123446000056,-0.029680991488000075,-0.1960964403804084,-0.1734946991683406,-0.16739841542226863,-0.164321974564271,-0.19148588475192974,-0.16034079563185655,-0.14478048919912578,-0.15668350889625493,-0.12812641089943944,-0.1507725616325556,-0.12643374959845555,-0.15088327090400522,-0.12606211919710042,-0.1258858586788647,-0.1659371130635212,-0.12663929832318244,-0.11843022399407521,-0.11866360950130961,-0.11989014013254784,-0.14425002491791827,-0.050862407577216495,-0.08171425519378739,-0.06040807033811446,-0.06252656686905622,-0.12777639915305583
197903,0.06208671845599989,0.07333799839999999,0.02682600763600007,0.17410910145937852,0.13476065788645197,0.11895906894125541,0.12693020847840963,0.16963057891267086,0.16196427942465852,0.11868780837304316,0.11209439045897307,0.0904669709589121,0.14407881980953396,0.10409878691561092,0.10592956657816988,0.11913115033059607,0.12161177876839568,0.19968584664186428,0.06729831923845953,0.07242900118518425,0.07431914677800755,0.11269919863127109,0.09250758252071112,0.009526623515476063,0.06231401343433096,0.0613732794190025,0.04814729535551687,0.09082751246440912
197906,0.014844311359999862,0.03541502494100013,0.03909641932800012,0.03803939374659504,0.04844786630851128,0.03918153672761027,0.04443508709657129,0.05428653080822121,0.04417929923688191,0.04494345068265049,0.03017595890951652,0.062947047022482,0.07746802533614416,-0.012846901008354727,-0.0043556001331548355,0.0674365407627795,0.06255831435660264,0.05788866458157349,0.045948382000042365,0.04386882948500759,0.035524379641723725,0.05424183612903932,0.043430422987128736,-0.024895185378772444,0.020352949527379982,0.029882977402748923,0.003587392657734556,-0.020932530307434583
197909,0.055327293493999896,0.030269735907999973,-0.007697396344000018,0.08789951394622975,0.09400908422623666,0.05589926188112293,0.07487550218907701,0.06921238518467199,0.09020854912484477,0.09598243096767689,0.05036088967185948,0.07969390835172119,0.06934921041955144,0.12662337192457485,0.09167250258334225,0.06269575971717778,0.029966419904225994,0.08507120821459924,0.07463861203468691,0.07144132063339415,0.07671105154650837,0.029923246639682377,0.06972453273482881,0.016436635762379748,0.07556265296203346,0.053464804204588434,0.051765170543153216,0.07328847149451834
197912,-0.01581610195999994,0.03437558408599983,-0.070051562259,0.07108564042022913,0.02714931607605031,-0.030613532964924084,-0.013203774059847628,-0.03848016982673985,0.07132392729306392,0.003882465435210536,-0.030403451456836317,-0.04891098720573839,-0.030813368575504763,0.0541016378642889,-0.020372641593950247,-0.04564333148055788,-0.020437904183423505,-0.031211880625720445,0.03605527516704132,-0.001486115632281182,-0.020841305731826854,-0.055929753190053555,-0.04070917919558359,-0.02598179573589099,0.024331185654111964,-0.047405743213683404,-0.022821689702056114,-0.06946796458674642
198003,-0.09239753149999996,-0.06952033155999993,0.014673862159999773,-0.14660901401062343,-0.14130184325523742,-0.15460116716921513,-0.12760458476662906,-0.13596238229844726,-0.1783805475364122,-0.1344009304662087,-0.17467753324707003,-0.17343213938821944,-0.14588716849829075,-0.15325268670305936,-0.15860665511630845,-0.17715219741936172,-0.1447634109101188,-0.1683808657580792,-0.1085851931022056,-0.1261151458683467,-0.12739568180292082,-0.17786948346623987,-0.14464627003025687,-0.10258452433087628,-0.07093290260270924,-0.03501142854193762,-0.05843274061620163,-0.04456814509943896
198006,0.1267841954600002,0.048333423149999666,0.006026026879999868,0.16984812550708228,0.15002668445159806,0.15521458986171055,0.14341284343641525,0.17536897099043824,0.1799814716474657,0.20353908530384568,0.1570759089556868,0.20407303446140412,0.143116007722492,0.1785919001093863,0.18276754865115064,0.1882176763343375,0.19549503949333769,0.16254814588284594,0.1653857336187987,0.16292112369642475,0.19783506075575752,0.18055415285904575,0.1924906320685209,0.07840523560885226,0.10960820624649581,0.10522181206206915,0.1498816864688104,0.06819250626362772
198009,0.10747313957500015,0.09198235039999991,-0.1280902423739999,0.3091250043890512,0.23976786221809498,0.18760766139940488,0.1568333434449689,0.16348788967333427,0.2730689687745964,0.21608491579745803,0.1703475497824869,0.09792441364312587,0.11596320343354538,0.2555750428356738,0.16200812695054756,0.13040593904319997,0.06845412042868615,0.03498129592577981,0.21014286199261245,0.15654951865478117,0.10825480287857481,0.018778170190576926,0.038242444880452586,0.149624739606534,0.11139182715592733,0.060536046796515475,0.0237174438548875,0.03296166043461102
198012,0.05800843136000022,-0.01235470171599995,-0.08304843555999997,0.14239920392232186,0.027417776751130774,0.0294806447230882,-0.013787995734979797,-0.029002403813904065,0.11415308207636854,0.03682556345902488,0.001934178652668983,0.050947786593130484,0.01826431002673945,0.065278169438161,0.028089274531887254,0.026926552523748093,-0.0048268513430338444,0.003231385107001161,0.08080929017896388,0.09459978220665777,-0.005599445718999174,-0.011829094659308481,-0.02993177564932359,0.08175581385938036,0.09009026996651781,0.1369868217462722,-0.011972074124656729,0.012050306076577755
198103,-0.009753137821999935,0.05847362188199989,0.0843280780579998,-0.04198957456170238,0.0527600302836182,0.0831998351260439,0.0973628857515223,0.09949266259073508,-0.0076337192193478565,0.06102065823410774,0.07107536307826301,0.09831957595008212,0.11823504959465803,0.03085671274843338,0.05122324589051086,0.0743984914542597,0.07877351149876444,0.08012481122738335,-0.004404532894628943,0.02167076404658652,0.09546617170811755,0.07317959936563057,0.10085085333934862,-0.03236175161233268,-0.052842640088771486,-0.09981494255757828,0.03192012429031932,0.06805356902538295
198106,-0.04325240292799981,0.05643123409999995,0.07074782074399999,-0.033404635587177545,0.058889992598216034,0.05435950853742555,0.06645890258844167,0.06034716215056446,-0.03418658490004334,0.012805654638051722,0.02355999950267562,0.004274930407520694,0.046853186718898376,-0.052276228682573644,0.027717706850088897,0.0007092016737810791,0.012299929903824003,0.0355346283538891,-0.05557934118859076,-0.03871059865148496,-0.0019335492954983824,-0.004372871399184852,0.008850795269259581,-0.09535396023583509,-0.0934508496686779,-0.050055338785114145,0.016818625849778224,-0.05267564555317983
198109,-0.15042830438999988,-0.06552980782000006,0.09389310845899979,-0.31638548612769846,-0.22701935202531098,-0.20394941025866353,-0.1748295903946483,-0.1664589085970658,-0.254706490711863,-0.21435410442185365,-0.15742871529105473,-0.1340284931051574,-0.16425014022017603,-0.21846505021034945,-0.17087455603986135,-0.17769698824311708,-0.13828612856228661,-0.11339604962219596,-0.17399827797559608,-0.1823853842265174,-0.16237658398482546,-0.1491173251401532,-0.14010122887693854,-0.1448391980176893,-0.13799544981197365,-0.17267762527437125,-0.13167056135533817,-0.03132700103918107
198112,0.04549191735999991,0.022087810394000096,-0.014859581401000077,0.014378674596487562,0.04816682109973103,0.08996192368566502,0.06145034794936799,0.046702071636964604,0.07489246000009508,0.08688839691319017,0.0648148264561006,0.08547117119085712,0.06954999235043036,0.059251413709438205,0.027352473890333462,0.07650209594632895,0.03593009342829845,0.03520049999878094,0.07768187223040424,0.06594524369822219,0.03533897826532484,0.061504495137644,0.028938401099434685,0.05227913077117208,0.06669874115513119,0.0075965826568069605,0.007988333469405084,0.03635336672132916
198203,-0.10558728859599997,-0.009842380750000101,0.13590503589600011,-0.14978463148435117,-0.07391282846006264,-0.08466402118953253,-0.07909213199698806,-0.03154358622995834,-0.18629152610109811,-0.10741074673785267,-0.11077044783035195,-0.05213862579162831,-0.012134853846262006,-0.1848711223062911,-0.09120940460951155,-0.07915093467962697,-0.07911675414607633,0.018423159263488254,-0.18401675428862474,-0.1456628860766248,-0.0994338553229912,-0.045120625633671696,-0.025272042321731414,-0.1354169287424326,-0.13363274652731927,-0.09487088779631603,-0.02518446907112759,-0.03352428603930535
198206,-0.03872158174400009,0.013749930116000009,0.001840407456000115,-0.04686578982647305,-0.02673370647081308,0.002037399839792453,-0.011589209239676324,-0.008261130954448692,-0.05155501582642097,-0.010424654014688395,-0.02541706280855993,-0.013606905077548692,-0.02480054006566834,-0.04799247300314591,-0.002975025826736921,-0.025638424885554345,-0.03351216908322274,-0.016567122822082947,-0.06057675876785895,-0.057551699778981,-0.03607904900175485,-0.0514189284557558,-0.004980329592551902,-0.03733272064227777,-0.024851448271540955,-0.022900983604768,-0.05528287126693465,-0.06836271052841258
198209,0.0908112538400001,-0.006367848075999993,0.013934327548999814,0.005028396673615987,0.04365535178559843,0.10734706600724309,0.05989359075554934,0.07461351151596074,0.041686243751876795,0.10660592014272052,0.12994364889102106,0.1165622010305174,0.10318125461545136,0.09907167709473996,0.1354972855062837,0.11546117492585872,0.10081676010659613,0.08924489679271241,0.10575431744821406,0.08153560695897322,0.14564008594625877,0.09221232570646642,0.08497211219274536,0.11653315637306805,0.07604199047113713,0.07156339056679495,0.08775642019344176,0.09184751259585533
198212,0.17161289504,0.06788121398600011,-0.054116270960000046,0.2931437138151758,0.25769623380327844,0.2644165162894401,0.2518021153603105,0.24453989743989202,0.2644639544566232,0.23231778082139654,0.21677690455920495,0.16781885781185624,0.20493463648195087,0.2579144851435151,0.2244995282875828,0.16836045128449517,0.1771345955633623,0.23342192946251572,0.23464452214687603,0.21033449728306142,0.1818898421055266,0.17385427717669866,0.22365222363677462,0.20514033637829887,0.13964312438770832,0.10988844368251516,0.12281531743568297,0.14964636559428746
198303,0.09259251766100007,0.07946245330000012,0.01993914108799988,0.18073363826512168,0.1793528052428104,0.2324816268137717,0.20457295104788376,0.23524713833088962,0.13546389115663726,0.16106027370168685,0.17383742440322503,0.16708800022930315,0.13576060414713087,0.12197531962264363,0.13028680033003504,0.12733263410083318,0.13456435950960843,0.13091896904854794,0.08572593436112919,0.07221870400171992,0.0894707935816661,0.09848891631257839,0.10204557570788664,0.06072516320619248,0.07881102897804859,0.0949289460486924,0.08506530783949406,0.07602628329678307
198306,0.10495127756200007,0.07680723235999998,-0.04828052822000006,0.23578322736911095,0.24256578679011231,0.20484374598533917,0.19952940630171145,0.20395968101574558,0.19811136204981517,0.1902110972444777,0.13831460693127018,0.12959741868604158,0.14839484511100332,0.16282926833058187,0.16626940599726492,0.13236047674871765,0.0879053946383328,0.06899527196725574,0.15049295369284588,0.14755336416614506,0.14235640553964668,0.05945711985608493,0.07262771493145981,0.09731410955283715,0.07013977871693289,0.09399326249925233,0.06329486229989545,0.08957625449648488
198309,-0.03661465239999995,-0.022617615350000175,0.12553602425500032,-0.16605962005774488,-0.07631101340529267,-0.0516214823923663,-0.0343508847709475,-0.011037090086055246,-0.13367693571819073,-0.0870102242730969,-0.019161742784074454,0.03071552624672025,0.03034255465249225,-0.10472320567373317,-0.052707393864342644,0.016273912266968393,0.027111128960842112,0.07598052565981916,-0.06602226605813533,-0.05445644115238368,-0.03636597539769071,0.018861601987384402,0.02375155910295157,-0.04979707729802796,-0.06902766019790763,-0.03785304742308715,0.006812035649901738,0.02611646487300523
198312,-0.030808115713000017,-0.01847705724999993,0.06017183360000011,-0.14082524899880877,-0.06096646162148056,-0.04916675800322334,-0.03568035666142966,-0.0019594875227222364,-0.10041161217868821,-0.05939131733345804,-0.01388681712143347,0.012078251470517332,-0.0022511962841234023,-0.0785323861957763,-0.04280537408767304,-0.008440961851837736,0.00028290569056443893,0.012987301932744,-0.07708193633986127,-0.02390821468952331,-0.014075127931592268,-0.011890786507226192,0.006262622933524975,-0.03591010751163737,-0.013099396740166691,-0.01959606384021928,-0.016693158516909,-0.016747130416153055
198403,-0.05991305704000005,-0.019261441200000062,0.11734136860399991,-0.12265609514819731,-0.08621451910513345,-0.06312634766057801,-0.03378466717463946,-0.017676296527000535,-0.15374532952222164,-0.08267337159674348,-0.05510838233563764,-0.04235053920981369,-0.003184439104910286,-0.14968469608029922,-0.12317250048475714,-0.07056408311902373,-0.0527331549700647,-0.013532185131152286,-0.1451203378913316,-0.10193713572883245,-0.07598180487163464,-0.041423797043737665,-0.02401726631835821,-0.09886095603009193,-0.06149746672309908,-0.05154293978227931,-0.015053255935396859,0.03930370655577131
198406,-0.04766418986199994,-0.013281940512000046,-0.013368660849999991,-0.10892785447945419,-0.05083038855055855,-0.06132343503763771,-0.04199870149567819,-0.05565181894232618,-0.0574110709834984,-0.01657771772802774,-0.0488277625027862,-0.03665672963357114,-0.0655682623913304,-0.021780383111890123,-0.01915776186310869,-0.07672980146857578,-0.060953350752305124,-0.09182237339606225,-0.02156243956896775,-0.02066461547126508,-0.07171221076376344,-0.0846569157115401,-0.09319916952461749,-0.028323520064811758,-0.012403614021814446,-0.05558269739195587,-0.05825676504994881,-0.019082069531838775
198409,0.06412490752000011,-0.023667925744000007,0.03626649840000007,-0.018310543410402502,0.018788513134871954,0.015139732405378359,0.03875396645112006,0.06429259876402016,0.011436669137029787,0.024472386015316205,0.0778867558459515,0.042070924454404635,0.07096150108428256,0.045737988275099006,0.07988073425913478,0.06575855420726162,0.08370959378155751,0.09767019701986634,0.04287537728551816,0.04014435151776019,0.07797821603569322,0.05490773625206691,0.11414274477289643,0.055522564848905054,0.044581272683380746,0.06932944152318954,0.07804485513756054,0.1082453605757474
198412,-0.008028824288000003,-0.024896620287999993,0.04159069024399997,-0.11455026338897589,-0.06780202882998598,-0.049078778172484516,-0.048304649641211506,-0.04030233517548654,-0.09073730652963952,-0.03755723631962271,-0.011401850246296696,0.007950513741725285,0.021723096462281655,-0.03647528081312257,0.00979410806167369,0.010711329707718376,-0.010661228198914241,0.03151219054624699,-0.028736099543909988,-0.011772525529972988,-0.004781573765899383,0.013282258158768157,0.04973703054628986,-0.015197465972334623,0.017640208583800998,-5.898358021827477e-05,-0.005184913706502314,-0.011957316343225832
198503,0.08380149957799987,0.02847567910399995,-0.016691295160000008,0.1507719720346341,0.15113475584708858,0.10915915643170027,0.09961399374378499,0.1027634740535146,0.1211069976021284,0.1056695524240534,0.08939528474910885,0.10427459914619264,0.11859225768451154,0.09228376458321197,0.08470676066934857,0.06574493685080363,0.09430854441447156,0.09609050181779932,0.10024998606855218,0.07503435458828678,0.08852956265157408,0.09756965781564708,0.10594005919179605,0.061888733823854514,0.0986847095696739,0.0657856832420467,0.08902596298966414,0.07202857690124786
198506,0.0538290686559999,-0.01732768455,0.02943579443900024,-0.012673113399571445,0.009976811522997897,0.030940022714972093,0.024484927809479418,0.005227943175478922,-0.004309079117260639,0.033720418423383025,0.033585522820943625,0.09208221982387288,0.05323979561279546,0.05623176426829213,0.03741945987151096,0.05178860539049013,0.07791051405404348,0.06975873937003052,0.054042961874979145,0.026188528991558657,0.0652054937012918,0.07125896966280543,0.06295120213850747,0.027590489269880836,0.06040223107368492,0.06821399046932397,0.053182922694314794,0.08199854250838845
198509,-0.061550329672000026,0.00860661537999996,0.019003453132000026,-0.09052671925693401,-0.05980510276437512,-0.05095444799695481,-0.043067991589966215,-0.04467086370346285,-0.08093598192573481,-0.057197126435507006,0.0027562350807859293,-0.048828411922224646,-0.06168373535988669,-0.09709091227219835,-0.04342210556958648,-0.03546136862203608,-0.05371101209487883,-0.02951764161702719,-0.09092537452067795,-0.05694495977173941,-0.042975458681486556,-0.099085874059757,-0.05278952816663762,-0.06615545583581162,-0.03558715385258415,-0.07110073037398212,-0.06009105323200403,-0.07459379353528206
198512,0.15014273919999988,-0.01835891894999997,-0.0359083585779999,0.0801632530098928,0.12328266622805129,0.1283125721059759,0.10732987123706406,0.08120748340277717,0.1779179430416591,0.13897290490199654,0.1613861385575539,0.15437877460063332,0.08619999438135162,0.16245146299139224,0.15423757911273595,0.11448575217025336,0.09816310536917805,0.13833683211596703,0.17285553811453847,0.15203496532532168,0.142640601921588,0.14958643360148893,0.14742666565304918,0.19967458091440582,0.14796124089078133,0.16676193509360338,0.11386307721023248,0.144300053185219
198603,0.13131177730999988,0.00030348397000001803,-0.005622236978000017,0.13260779642263332,0.1283490537491463,0.13112727277406044,0.13497709907079591,0.14168835392477774,0.1081934095378716,0.1336920973197886,0.1254024380087264,0.133054794194434,0.12766699437097673,0.12388524964681435,0.19574999237041224,0.13319315483018235,0.14267805259329558,0.13337784894678495,0.13906014554767387,0.14161263573565774,0.13837730856156272,0.12873429313261253,0.15040828189879019,0.12815790759507406,0.17924078196503013,0.1489646422673716,0.08258172478395265,0.12191535617169014
198606,0.0437564115839999,0.00419793084800002,-0.017814187920000002,0.05622593143666643,0.02677905406305836,0.04037554548125977,0.04299033520424089,0.04734932972076389,0.04915045008357399,0.03034061590681847,0.05724526725791246,0.058921050286325105,0.015046535671172201,0.07937508956092687,0.042921530802735086,0.08382680591118641,0.05479634911909437,0.031180480563423707,0.08313802951236982,0.0319975233626546,0.03177256358771552,0.042334439148999925,-0.008892479527982555,0.06483986332564173,0.05901031282510738,0.0038325233551932403,0.029189574909162852,0.04131066746955936
198609,-0.09275850144100006,-0.05226047487999996,0.11865152337200002,-0.18623282469842306,-0.1524518362643401,-0.12735804509113224,-0.10153198832764154,-0.11622715846689868,-0.1856381395107568,-0.12820968642129627,-0.1097987277217436,-0.036353166669222614,-0.09567122903758762,-0.15054409560125004,-0.12883534847230949,-0.08054591944628353,-0.05425470154690459,-0.04371743765956171,-0.14956673555022204,-0.09299666476611101,-0.0931222170460565,-0.03497916514464172,-0.030778815404386872,-0.14646820132786031,-0.12111190706579356,-0.08145939722883544,-0.023645751285883088,-0.004973681195420854
198612,0.024131122112000192,-0.04170959109099992,-0.010848989776000018,-0.07295869482534822,-0.0036467920610154803,-0.028406583155882292,-0.0006528158212342206,-0.0267539900984618,0.020286733462126616,0.01631439041785465,-0.02019608830705244,-0.03715356332452291,0.010391259650991858,0.016764596702894874,-0.0008401362594416817,-0.049519369835552274,-0.0020687549833862118,-0.004146734973550004,0.010700803310113916,0.029452079148424737,0.021583714493712325,0.0041773903120971845,0.010080497895802454,0.04409215310445935,0.04895643570529673,0.03712822086387013,0.028356721627055492,0.03188624385585359
198703,0.19288527553000012,0.02002268974999999,-0.0734062262320001,0.23223256600572784,0.2272446467141056,0.19138025087075095,0.20213168934091308,0.2058916486709348,0.24623124164144716,0.25035184696840784,0.181200043809574,0.1802331592133306,0.19663101390683657,0.2332460263640761,0.22407729460144132,0.15151478465799828,0.16868404795153635,0.18226901695444697,0.23109330694554875,0.20542355356148723,0.18472547977601228,0.1671560825605949,0.11682853799320192,0.23410010391404046,0.24724805226326652,0.14271260557433507,0.1399981248243729,0.1467334271957994
198706,0.018501931090999957,-0.042253940548000024,0.009876170504000026,-0.040954222630067205,-0.03454891644935443,-0.00742326683897554,0.0060218800490015045,0.05312592530122684,-0.04476195213787604,-0.0077070546042532495,-0.007735450028456992,-0.032085476548000424,-0.017595675990064508,-0.005323989644385296,-0.012882779041431869,-0.011061135202454109,0.024920099313672006,-0.012093243221024785,0.01985979078042943,0.0008580290360316045,-0.0022268568361027974,0.004307729557397444,0.01565171081140404,0.03953014561030588,0.022780471411032233,0.023506106495921664,0.038902568400314363,0.039163383039822364
198709,0.047217926655999776,-0.008433628989999997,0.0021066004879999323,-0.018371095079152133,0.026104325899390268,0.021549325293416244,0.03556112763291264,0.03700512869094319,0.013539740510025045,0.01852255525407287,0.05798289279759827,0.03898833682616787,0.06005361795464048,0.015173997064535705,0.042045096002584215,0.04863686171075976,0.03349626090536839,0.062210794652979295,0.05570860682840717,0.06286034411201258,0.05368635023661361,0.048999853593988396,0.05085400222161596,0.07293952725792718,0.028499667936200623,0.08219965093456127,0.03773044812439319,0.014645120515651922
198712,-0.243185170992,-0.05783379490800011,0.027019066615999954,-0.39361261952970517,-0.3188881420296651,-0.297114972333716,-0.2956771840596214,-0.300565237751632,-0.3128609148358268,-0.3093310382219945,-0.2796701693651874,-0.23141604863359677,-0.2915410566052886,-0.27794436169223546,-0.24829116827602038,-0.23770391395244306,-0.22558411623331354,-0.26893153635765277,-0.22593647972506692,-0.27339225648428345,-0.23367779066920635,-0.20359813844504104,-0.23714705873759656,-0.2463979961732995,-0.25031519015194714,-0.2407505503754137,-0.20784211516326612,-0.2120857552498684
198803,0.06713330535800033,0.0871858200250002,0.04213162310599983,0.16083448331561612,0.19895868897420943,0.18248950887108983,0.1760420769488611,0.18514576849644016,0.11800634703931245,0.22784104304120034,0.17052378908262944,0.15479274614887828,0.19478538074661556,0.11915280626621305,0.11653823605022007,0.11323218164569271,0.1404615525325026,0.1357905722599313,0.06407031892714854,0.14958727445026554,0.10438763274117191,0.08898927540735202,0.14014667869650865,0.008076251458648542,0.013922371241083864,0.04500927278689404,0.055939399982514626,0.10477247331458872
198806,0.05092727435800004,0.0033349309720001052,0.02583021605999991,0.020531578865565114,0.044355480853691454,0.060213021781494014,0.04037145870644632,0.06346091893712025,0.0329861338110935,0.12010785365999666,0.06551989955320736,0.05198190056144347,0.08718108002493397,0.039224912837321435,0.04397650004195741,0.05957806224702633,0.06473869385894271,0.06924724606168065,0.04578231767729113,0.04921491383528709,0.06526489790456336,0.04195732092801774,0.09017528251742757,0.0204374007208441,0.07118531128825878,0.049963739369243365,0.06823151870718669,0.058373522265632305
198809,-0.013581914875000045,-0.015279973696000093,0.0356243000480001,-0.056508039544560185,-0.01847651648887849,-0.009293903717254137,-0.0029588430808242805,-0.023383340844705947,-0.06069788975663393,-0.05562855752007423,-0.010819410194409018,0.007914384665497654,0.011624499189096138,-0.06431053841202639,-0.04211829512976473,-0.027935146178197146,-0.0001861763207375855,-0.0008356186994535886,-0.04113384055017699,-0.06457578521981688,0.0020264075123910263,0.0050566373147789,0.04596837236274043,-0.0013092033073416331,-0.024754754684436997,-0.018452932103018016,0.009753023236943381,-0.001074600809090498
198812,0.0032685028640000446,-0.027281238436000055,0.01575320960000015,-0.07861758117762352,-0.0411095789478112,-0.031950319294524854,-0.028666671425756962,-0.04436400371160043,-0.030223705041566018,-0.014426997058608615,0.007262282284507426,-0.0037733773491113176,-0.01914347089793189,-0.021404222508392357,-0.005195886441967668,-0.016218123128764583,0.00495738323580075,0.01879821439144247,-0.01771538173782594,-0.002918848972732313,-0.029803771591951245,-0.003769967391037188,-0.011439827988017237,0.007062253036646204,0.04776191710953559,-0.002886202766674728,0.006337459465215689,0.027577301144958932
198903,0.05332801832300005,0.012717141799999832,0.021343099868000204,0.03818242415889639,0.07287864502682484,0.08690067800023815,0.06628424188113957,0.08470768984817334,0.046649991314504646,0.06970149765897582,0.07032705690545482,0.04439565616492813,0.10746516349321111,0.05452124797976299,0.05909872009245909,0.04863678990494069,0.07265099492838134,0.06548946147366563,0.023940860302642974,0.056243205580710054,0.06260890973486566,0.04870068621870627,0.11982675009729427,0.056856046357021794,0.02377024946341577,0.060669236273826366,0.05593915733772392,0.04803847223229396
198906,0.06339303355999992,-0.0167254993999999,-0.0014893299200000598,0.00040637858889880363,0.05045893071220586,0.01417031412799119,0.05070982711969285,0.04627267909235444,0.02890616776243604,0.03299934662144066,0.0666970659966808,0.036727038285270464,0.051924147894432116,0.05868644858442851,0.04801541264923603,0.04908844085541264,0.0664202350484624,0.08157206130392747,0.06766971131808974,0.04471205562010816,0.056875999729865345,0.09764321880238014,0.13369123476236133,0.08325972293193051,0.053930801150072094,0.060504182645805704,0.061546921254870046,0.058091672803709526
198909,0.0788645767759999,-0.03274117281000011,-0.03439453528000003,0.0423733306966223,0.02074634187180413,0.0067082756480261185,0.04045625189821145,0.007294970897008923,0.09276026650921088,0.061317775492075066,0.05510139773077771,0.06473893608085612,0.026043193950416876,0.08085886497586325,0.03934749965068707,0.049485819528224395,0.05882238020259911,0.025309811537262306,0.10687754158495699,0.0728494209869186,0.04066640391401499,0.06856697154002367,0.06430429693724427,0.10454838734192773,0.08936084069973682,0.07983075959554031,0.08307690071565199,0.07119102514620135
198912,-0.014992059280000025,-0.06657366777200002,-0.021303073380000037,-0.08207528757697702,-0.08510967044336037,-0.08566807489332917,-0.07522971475303297,-0.11110675308735429,-0.05892850951107764,-0.07551047773563035,-0.05419030710032602,-0.05390588265554108,-0.10304772838193732,-0.03813821408875695,-0.052958676753038225,-0.10067149405289755,-0.04159328315786637,-0.04551987749624742,-0.00048770404751885543,-0.024998046241659688,-0.07110214400896187,-0.03154436788509163,-0.037681669851023836,0.00804728012432454,-0.021684178223924544,0.024876918988580243,0.0076166872774314776,-0.0035446447912756973
199003,-0.05061202687999988,0.012862804474000011,-0.014576814550000039,-0.04252616943834675,-0.050979418064799,-0.034620553318333025,-0.01612816041958265,-0.05363192609472178,-0.03577018076898886,-0.03684203016163723,-0.015531774613032345,-0.032138344967505894,-0.07205103218651876,-0.036911733073063946,-0.0512653752758061,-0.048740858310681534,-0.061713045688819856,-0.06768263196268731,-0.03783259906308545,-0.015077356207021664,-0.07197482386378462,-0.06839255775761821,-0.08989862735289533,-0.05943849488929198,-0.02205999467642239,-0.0631827252360242,-0.07295998922857938,-0.045939356835422385
199006,0.03644576403199995,-0.017087105679999937,-0.08232826459999998,0.048936728617096525,0.036940592205694234,0.04729321119385621,-0.0009259742345872901,-0.02335140700923166,0.04317407420895503,0.03760619534933607,0.004055365918255616,0.004083498898701521,-0.0476157219824237,0.06857246453731314,0.0532935906471903,0.013918393228287806,-0.046396526007063565,-0.025137917748453642,0.06492130454312917,-0.005335833405786028,-0.0024061619704416337,-0.02295117558551374,0.0015726490659684345,0.13940466659517248,0.05285922134869603,-0.007736296984405255,-0.03538013247021532,0.009085299872020114
199009,-0.17215046308000004,-0.09885910660000008,0.020979084775999857,-0.30592160155565706,-0.28464689201524174,-0.24498727213655846,-0.216592323701584,-0.2544983886565635,-0.2913011192156857,-0.2621761898993008,-0.257183233352425,-0.20765634870082306,-0.2447265249297601,-0.27436502260075324,-0.22718091618482106,-0.21412261929787613,-0.22365360357766262,-0.22686628766813488,-0.18726604277379943,-0.191482470616825,-0.25090203877205064,-0.19258725445388236,-0.21940698779161094,-0.16130462082060804,-0.18068664883811625,-0.08024906878140792,-0.18680290087006624,-0.2087800050799502
199012,0.0687405876799998,-0.04373657153599997,-0.044169656968000126,-0.048600613116049796,-0.03379859716471045,-0.043072231795206806,-0.023845670442745215,-0.07324285241354878,0.07397193001085234,0.04598756823938599,0.04886792728159861,0.04746738034200004,-0.017011969554777018,0.10574471074805047,0.06452247442016712,0.051368715511403096,0.07254310957301247,0.033807777104682524,0.10815476803618918,0.06454980610771299,0.06296247374670627,0.1067607002888058,0.049975335828579937,0.09781201975247633,0.0804569366713257,0.04808967348929527,0.07385472339042853,0.043028810179860155
199103,0.15202188812599982,0.12129711226400008,-0.03363643288000007,0.34662562925557117,0.2896513420836728,0.3447716732692212,0.28962161611181125,0.3238481680566927,0.31132952158540705,0.22234637253404776,0.23535531283499322,0.20931024317356117,0.30181378689505833,0.273986057397835,0.2270437073361904,0.17290545757934805,0.21057125364675944,0.17853156383375834,0.22339886744657522,0.16890050599111994,0.19784332534160476,0.1482032281774961,0.1430167108863658,0.17557323472600395,0.13818757566843098,0.06049906017453521,0.13011598517285594,0.1217092651723326
199106,-0.017367137488000006,0.002882444899999781,0.020526443215999945,-0.049619820384323776,-0.0038404917560648233,0.0019109828405741158,-0.015658293580613436,-0.011687939687303084,-0.030758776355482298,-0.027784533690735636,0.01991294171196145,0.007472500092888357,-0.022296744584628936,-0.0540548759665439,-0.0029102057379772894,0.026719755253002964,0.03294081927035242,-0.04474406935813291,-0.014950659234349128,-0.021624630491803964,0.014552530808010333,0.013563357210557125,-0.007615912112124867,-0.02005910983353143,-0.020772931884978196,-0.03418025080870157,-0.008731844139835854,0.010879553464541836
199109,0.04962499948800003,0.0229499317759998,-0.03284149320999996,0.09969018362727522,0.104654617586738,0.04561401443575419,0.031000309335243115,0.023342580400150137,0.07499456090626277,0.06621587068247226,0.07476804734953091,0.06963814931903967,0.02736887465077853,0.10755625232831245,0.06538118225984868,0.04109183348390788,0.06271519351037824,0.08383305631986437,0.05876733291555447,0.025066509390488934,0.03963050227592646,0.05616678187138868,0.07899139117980614,0.06932552473481035,0.014630758804489385,0.0517826660175833,0.05326142096062947,-0.027567814690482084
199112,0.07564206469999979,-0.020097142497999876,-0.06329650945300003,0.10295900633722743,0.03240081841302622,0.016304039363085554,0.03696302549439556,0.020319159910079376,0.07392022279822408,0.0011659099066898548,0.04669024393691945,-0.003766006975686409,0.006779134974243428,0.1225112347446442,0.052884697844834516,0.03849986299546049,0.06305883069511053,0.07360224182739405,0.12123883115766132,0.02965226099464302,0.06377631437356324,0.06442028877245987,0.05551354545806775,0.14579894927168313,0.029955860213601637,0.031442711031750115,0.05097304288832727,0.028068599675203698
199203,-0.021791881420000103,0.08319394275199987,0.15374809193299988,0.06003066106886701,0.13571550769441565,0.08430503230090447,0.17885065751643459,0.2559550362263181,-0.008639204054212701,0.03520112783937246,0.053655416037105885,0.108681280119584,0.14588533631853862,-0.04457250076644881,0.042571652315448905,0.0746821514686109,0.07633654191268047,0.16308451450987294,-0.07416725580564565,0.033349441458317974,-0.0026322896760497816,0.012105431166640868,0.08650736268688619,-0.06754232915711678,-0.05290117226999358,-0.014117820628887667,0.01741213768571903,0.17512063645961806
199206,-0.009691931910000173,-0.08657304148000011,0.08937192030400021,-0.20248405818825355,-0.10083751521545581,-0.10601658334600361,-0.11358097186245797,-0.06533379333344547,-0.12602341991001675,-0.0992021001675264,-0.04229012611270333,-0.060534694727203964,0.027575740433031015,-0.10817071995007166,-0.07225533791553418,-0.02755838665763599,-0.00978848834514412,0.048741308854602705,-0.04484529194573139,-0.02694370277395064,0.005907335001877234,0.028991898051185183,0.027556109759573566,-0.029208347831760406,0.048251015948762355,0.020957150993798912,0.028742351609188033,0.07376514778027587
199209,0.025156254284000035,-2.5725249999886124e-05,-0.017814115620999993,-0.04404493468200388,-0.011116707341182752,0.016786043343950174,0.026594480719866587,-0.002558319683835686,-0.005766394321090829,0.01876185101140737,0.057573270445203883,0.056477518404610905,0.0002218983366428784,0.024560271859342953,0.039647460478575924,0.023784453921461113,0.03758443795222499,0.02254221236642384,0.04004863426937377,0.03960306397283664,0.024544439199980506,0.0288299603081279,-0.03129346716210335,0.04306753169675592,0.029168354232048,0.02444893447142782,0.017099218249044146,-0.09309787306892947
199212,0.0681182208840001,0.07614464191999981,-0.009215094656000011,0.14565560862639293,0.16075300391942893,0.15901565392501404,0.14499770730650186,0.14217992078426045,0.15733276664925566,0.14933550302390453,0.11664371670492812,0.120314959572843,0.15203397792698747,0.1916656776148209,0.15632979496595478,0.10486908372276083,0.10901678982965102,0.1021170390389039,0.1279338339041356,0.07968007135640454,0.08411362120572119,0.08698212701964803,0.1299789998668952,0.04322909336373559,0.09447363469366188,-0.011909709875025265,0.05483090340352015,0.10907954563368016
199303,0.033955018912000146,-0.012786068059000177,0.14183125231999982,-0.045435883978272695,0.006516369133829025,0.046481345951019604,0.06699280842466715,0.1353598786314245,-0.0885616912976318,0.004803445468343659,0.07452667798561952,0.09292018135421864,0.13717714721805185,-0.06345395622378358,0.0690394943087711,0.07962065677918417,0.07207294575412737,0.1228454147853697,-0.02212210295818884,0.07745848865815641,0.08600869235485997,0.09039446933981576,0.07915222289110457,-0.05458601288186715,0.06263461045620877,0.08264627787399115,0.09003789212254443,0.14489443940445978
199306,0.0005111056499997879,0.011229463159999842,0.016154167280000076,-0.007008669021013603,-0.004034882703791931,0.0035496034255748654,-0.00774699789106903,0.045192155289387914,0.0239012330239321,0.010684971681805155,0.009728318404096159,-0.003881683122172852,0.01884724252409198,0.012292811834151651,0.02995420412866623,0.0178360172362666,0.023871776635895348,0.00730872286773443,0.01519740423878635,0.011792678985573124,0.016258287490889645,-0.0017951338642316905,0.04733025979275918,-0.06140389435743521,0.02586092182461064,0.0171571042774874,0.017809142889135154,0.04499188538671017
199309,0.032433111775999945,0.04184343366400012,0.02807833601599996,0.037422480327825136,0.06621862002926582,0.07248477776496132,0.08363909424439542,0.085576476126904,0.06784679357938095,0.088350391659203,0.08804424283857215,0.08728623675912517,0.08105701319241287,0.06762415338777772,0.053068365201253354,0.05281058807291861,0.06469718508177746,0.014425554625548953,0.024709777910754127,0.0659252911656667,0.05869804848650051,0.04460139894929216,0.04803720191724059,-0.017793370320494994,0.00040091896520833004,0.056625463093842976,0.06539371149561934,0.026607792100242333
199312,0.011655828589999917,0.01893244126800009,-0.03297161790000014,0.013472626540606658,0.010532938029973904,0.040573652014813666,0.030137379179672408,0.02827330003959716,0.02254757589242229,0.03267112256927596,0.03228138762983468,-0.02316338574057608,-0.00781952460441393,0.027402279633238713,0.02431151932140385,0.013011952828103412,0.0029985814520303578,0.04259677069302081,0.04507359512159814,0.037844080561723725,0.012098110661729056,-0.01135458114290644,-0.05357402987500015,0.062414057097811115,0.008907143422033581,-0.027787791348633073,-0.03921672553488453,0.013133130562794193
199403,-0.04555007438500014,0.01995802652799994,0.012259867759999876,-0.09005443496745025,0.009150734169584673,0.0011493107243492062,-0.005803325980820118,0.018728161313520175,-0.07094093217460917,-0.03986041973832166,-0.036857534839012995,-0.04253535565174826,-0.02443480308900181,-0.05483827598234403,-0.020023340206851148,-0.03336359220597418,-0.032228889998840216,-0.010979276354548984,-0.05927518269974308,-0.023580719905488268,-0.020844234751838275,-0.031721411586053905,-0.04680097191955657,-0.05710529203085135,-0.02135689839153876,-0.03448551279207068,-0.07266386646802758,-0.06973155618616256
199406,-0.018144798976000187,-0.033980952448000035,0.04080138292000002,-0.13483511923342506,-0.07777105924808214,-0.07895390196655439,-0.04027860002373185,-0.02625170307451119,-0.10009241324539542,-0.05678126749389478,-0.011007616001425857,-0.012616632274272455,0.01685262930067366,-0.0832031066621316,-0.032598447078369897,0.011303224723537397,-0.028007831525435734,-0.013439116615257651,-0.06442210000943072,-0.025813592344684166,-0.020479852376704355,-0.020576449149491083,-0.04336480991907099,-0.015450789208128368,-0.006526762900260108,0.017716184512799993,-0.005911856025470952,0.007948781165709073
199409,0.04514827300799995,0.027548264456999982,-0.03779086413999999,0.039286450367760795,0.05335029522626389,0.04078940043358226,0.05365064941410824,0.038502945319990545,0.11310053121036479,0.08292932430606625,0.03491955344572384,0.0681142950058331,0.04488795448242877,0.13730173178743255,0.049550936652105415,0.021410795333621557,0.03964941956675583,0.06789314718495598,0.08133234422635072,0.05709858691110714,0.02372582782212418,0.03533541200561463,0.0479670033871753,0.062037868131918694,0.017283667614951925,0.02783713220016426,0.024580799803920916,-0.02709946062444435
199412,-0.01897920883000004,-0.016898836919999827,-0.02495244358000004,-0.08993497277313123,-0.043565237694201175,-0.04416124157659895,-0.03135411533676191,-0.04212139375844837,-0.006957630477335108,-0.029544904039029207,-0.0275887323242342,-0.03136248733332003,-0.08836803905346513,-0.020119038940130007,-0.02864269962303123,-0.038380886563109895,-0.022248779026226018,-0.04626284999421659,-0.025835771626468218,-0.025543663100074943,-0.04137325172922124,-0.051086532195297796,-0.0737262118202997,0.006786636075083008,-0.030974627909018504,0.004812862770313453,-0.03494101143225736,-0.013261964180270258
199503,0.07805687946000006,-0.04212834807400001,0.013478418655999969,0.03084474732646303,0.06625552873146479,0.05278460961812681,0.043905275516680886,0.051467545889594124,0.04758111568408796,0.03458358539221518,0.04944678132091607,0.03364026118387087,0.06864899385519552,0.06340653677291552,0.04788741728758361,0.041773575476902636,0.03579464976216329,0.05749846116565194,0.06314304524656644,0.08242349587297126,0.0758454524013985,0.0856885864616932,0.09129385128890899,0.08042633394083354,0.0933137642939037,0.0907856231261015,0.07287684698323171,0.14609664003267997
199506,0.07929126367999983,7.799098400007587e-05,0.013675764847999927,0.0981767629010275,0.1090258157270596,0.11246767659415835,0.0733914560274207,0.11392766065682447,0.09756536849704656,0.058556796540031764,0.08557842208846056,0.07612312854360281,0.09949140773574139,0.07229983483014268,0.04956810542633616,0.055794251346790835,0.08653428285564257,0.05911754790593826,0.07717515517436602,0.0459486511387901,0.07448298248680985,0.05437877802405544,0.10605197175263958,0.08811519420431746,0.0768399592554665,0.05853049035229696,0.09153100975169282,0.12828260004289938
199509,0.07784226608,0.01202827190299982,0.009567492835999891,0.14245032613948472,0.1376010281020934,0.103101275273348,0.09555172662613276,0.10685944228552624,0.11106202810702825,0.08568312621466423,0.05606922786211199,0.10750302424192881,0.07898553056218272,0.09602710539731185,0.06970066301681732,0.05881508475825137,0.08996189559768486,0.07470918052705189,0.10760342132511758,0.060443816451090315,0.0677814674771895,0.0749189687639793,0.10634426781461737,0.07389165298628453,0.055961621265601114,0.06575197162236246,0.09165173358199241,0.1423553671187081
199512,0.034550621216000055,-0.042595843648000065,0.002775940095999907,-0.034025235544531074,-0.02005513408919224,-0.038545829368717976,-0.014904050380880163,-0.012192102174540365,-0.00880910817803815,-0.013621960696176272,0.0013147558046759933,0.01323484854600876,0.02537847847758412,0.036489583195287834,-0.00023619623290205283,0.026068323207235622,0.03427613014721609,0.022905251062561804,-0.0056991440255154124,-0.0031336657734808426,0.01458279494767356,0.026848529235567353,0.02530812784527625,0.051111740534113936,0.024069985217165746,0.084400157069217,0.012203990416705945,0.01912969375827145
199603,0.0438684642920002,0.0033410517759999703,-0.001872648450000125,0.0720250621776346,0.04140109003622494,0.07093796486021242,0.0642804420636276,0.05183013071945264,0.06111249599865265,0.06521646440613305,0.02754410435851784,0.017249122148897955,0.044981611638167385,0.04892992057151768,0.04288472411916633,0.04238562928233813,0.05701467240217539,0.03221565839155316,0.07308906074826327,0.03347586809137759,0.037629097973013614,0.033552548881643274,0.013041707017058757,0.03275698032574548,0.06760893824649816,0.04675365399134357,0.04175883897883592,0.0767355739404132
199606,0.03288120639199987,0.04233843199999998,-0.026165953611999915,0.07398326577997483,0.09329082133943123,0.09430063793145549,0.08644915660114116,0.07267752894469992,0.07553125236235592,0.08351400835307632,0.0319535376529243,0.07109565989032318,0.06900972240334635,-0.0022155883180345892,0.043485933726882475,0.017577985274751518,0.009410240492443434,0.016352271364379556,0.033541429127166955,0.013767106337163382,0.018416748597451127,0.0014068773018898195,0.006027788638404807,0.05438797738869017,0.024225029236712547,0.008131980709173758,0.0034008752331087244,0.0018250939616437645
199609,0.014868178908000074,-0.02965545931000002,0.01478896800000018,-0.10285157283673219,-0.0254017458316953,-0.045424903284474905,0.012456618985296375,-0.006028478346926436,-0.04324831886332581,-0.031347714942753124,-0.03407923438394289,0.013298070299667009,0.01851024012495861,0.021124448583821787,0.0033754937758494474,0.016067953966665716,0.033848762382185926,-0.01773422859282514,0.0029785490305442863,0.035932140914231026,0.020095281294523426,0.034929881333381374,0.013392706676346178,0.018787466234453154,0.011622938059915544,0.034786727976086285,0.005079866070647032,0.023001569053493043
199612,0.053524106250000036,-0.05361231238599995,0.076674345162,-0.0763577999508187,-0.016070380558789288,0.02957165342465684,0.06625510549338465,0.0574964528265689,-0.04028496193489017,0.031057448902934937,0.06687940079369215,0.0885674602836457,0.05854958808330912,-0.0672618843433137,0.026149022313894044,0.07135971259763285,0.07645247878125616,0.06551144790462904,-0.02107650348627188,0.05460587467316058,0.061265320755530484,0.0872824954012612,0.12906762035278385,0.057820674722318,0.06620389862229037,0.10105739807855585,0.10384843568159496,0.09125148453132659
199703,-0.007875088383999973,-0.05361841943399981,0.07618128665800006,-0.10795325110446907,-0.08129874930707948,-0.014356742742030582,0.01612310018502372,0.014968712274166185,-0.15472667731569767,-0.07213913252951443,-0.028964967067985237,-0.022401958436076397,0.017454782306351113,-0.14906820095208229,-0.028051161171396055,-0.03831299663127263,0.003735563682734089,0.03426945999657893,-0.10267699820378584,-0.002605501871388638,-0.0019273888823045926,-0.015359095823636926,0.03667173741075924,0.013171151576514495,0.012201347892512926,-0.004899917552494859,0.008672542128779215,0.020183998355707056
199706,0.15594609571999984,0.002534986928000027,-0.026915272133000046,0.09764189040305116,0.10507197288356607,0.12266272249018328,0.13297182960088705,0.1175268326616643,0.1373036584866123,0.1980101038078239,0.1480076717120169,0.16053415047966113,0.14702195803047746,0.17277680470589796,0.1591749629779624,0.16523847640329725,0.14487624404891597,0.1278032770268176,0.13164558628027034,0.1294003631341143,0.11889897124960269,0.12283754501481936,0.12537939211691151,0.18673328441782222,0.11479865708864967,0.17117365824052566,0.13260043505616403,0.1066681091548598
199709,0.08405699485999962,0.06872115047000005,0.015044965256000076,0.19301407749546362,0.19832737279053458,0.19220766495134112,0.16976912479477058,0.18771422336925592,0.16110463856283275,0.15460557123709062,0.14391292609048634,0.1375274082185063,0.15967442422881684,0.1329057873602455,0.16284505421480344,0.1467207675575244,0.1187119171145452,0.134766588277355,0.11806441988929706,0.11476613010074677,0.11565250822624606,0.11509838817715012,0.0909064510111548,0.035930014296779555,0.09621426641907682,0.10972319968265509,0.06624057529849692,0.08247854449570036
199712,0.003940958540000095,-0.08120282768800002,0.07452259132400019,-0.15466422154617065,-0.11000845746967547,-0.09819661633212917,-0.013866904645739475,-0.013731646555129262,-0.11518125761662623,-0.10338014745089252,-0.05118167514431782,-0.006830220130850551,-0.018315135209397093,-0.1010223888555356,-0.06272804372054974,-0.019770711689793385,0.0332859566964141,0.002809825948073996,-0.08544310060012761,-0.0548492456490971,0.030299999320155147,0.030655818611615704,-0.014361133136796989,0.02876533409798543,0.006832033216778832,0.010656633797556436,0.07402067555820846,0.021523520180753763
199803,0.12292814942000008,-0.020608253753000016,-0.01250178388799994,0.10252410797960221,0.11372553172949695,0.07820991814197709,0.08192646963636419,0.09765303212699727,0.1286095587835221,0.12101585920744196,0.09236047937971881,0.07061293195954055,0.09127068581617004,0.1199064761479205,0.10948127259515306,0.09260864550789627,0.05404161893000059,0.15737884368149513,0.10743160381966876,0.11362821894774067,0.09075686148894624,0.07518868514382482,0.14532716874064855,0.152474895016949,0.09276859438547369,0.10775564702824347,0.1520619967054888,0.14310357479992963
199806,0.00762230295800026,-0.06406097332000005,0.023542780030999966,-0.06132650190159272,-0.041096027526367984,-0.045472099604595084,-0.028408532698779965,-0.019632406600188057,-0.0851259224656874,-0.08441491561449577,-0.052739611674128994,-0.03629518197034687,-0.017218869770657785,-0.04124594366852763,-0.09115799863583407,-0.06913102228099322,-0.056188158969094903,-0.02625596386021789,-0.04855372073318942,-0.04860161865314472,-0.04415057428628877,-0.018699588361213437,-0.03566816752877944,0.044174718253683576,0.010739013245716578,0.005852081753743521,0.07334677241799992,-0.02515295424858721
199809,-0.13010840421000003,-0.10016828,-0.01855176237099998,-0.29961225727407925,-0.2572084020009975,-0.23651517064694605,-0.22963990815371893,-0.22977813786762435,-0.23690000339591588,-0.21542012874460714,-0.21437945409303527,-0.21531915380815403,-0.21358814032716322,-0.21914769380534238,-0.24967863193141004,-0.1886149947882786,-0.20538738543860402,-0.24942861164944818,-0.21898209973059612,-0.18263693085156263,-0.19059643568900042,-0.1284015208228937,-0.12054342368080273,-0.06392025223847286,-0.17173232209777056,-0.1766747042240815,-0.1616917986362758,-0.07708951568287858
199812,0.2045231768900002,-0.022478387002,-0.09482613982499999,0.19237024695498528,0.12123850268310155,0.09486649190173968,0.10102215967389294,0.10354518154181624,0.22153210049132,0.1869352477073376,0.10199438800953553,0.10729571900450652,0.1296341254219726,0.2560652084063373,0.2144893513838162,0.10732098511543842,0.10482767216681843,0.09452571996589354,0.2781985268195908,0.169211685741133,0.14095254038213167,0.10745305222525947,0.07827017793585367,0.2506798022212362,0.1611062559006311,0.16675756368006245,0.16067443720728547,0.12647549243724665
199903,0.02712194956799996,-0.09031733034199996,-0.051066314272000035,-0.038189602761114494,-0.1085198907234296,-0.03815254370901289,-0.06616441073335888,-0.057388767509217176,-0.04548974224131497,-0.09384765643886339,-0.10007972656295128,-0.11647444019853725,-0.14613440120048726,-0.007019748780178414,-0.07583037861749864,-0.0680355044761366,-0.09561993042390082,-0.0855785881568073,-0.01564614260402486,-0.05472337905925584,-0.04360419982888308,-0.08260189039508514,-0.05926986472361018,0.04299975556665214,0.026969540737332043,0.055033374496232135,0.030800286315271652,-0.0011848197542390082
199906,0.06627819357200027,0.10795513903200016,0.015604480999999781,0.15750741236334398,0.21419620941192585,0.24353468272542855,0.1899638398657879,0.18639796176470957,0.19768288937135314,0.18156355493655862,0.16742386440853885,0.17030295999624356,0.17827897674876803,0.1091891517900192,0.18467894888822634,0.1156880943576033,0.1389108720500294,0.17660527267005932,0.15397408509691024,0.18461901016878057,0.11515570949423148,0.17414087841454617,0.13569650967884228,0.03176951678228468,0.09185108456531665,0.07046967199173704,0.04027444688219428,0.041593095197726804
199909,-0.07448889420100002,0.04704376392200005,-0.04935744224000005,-0.018888634883320266,-0.008576824128049054,-0.025313592834950827,-0.03635857963320388,-0.07088885930027466,-0.05757577406125991,-0.04546920090124851,-0.07698978045362925,-0.077386609654991,-0.10647421134972668,-0.020915852139099966,-0.07156448312124253,-0.09548038484821952,-0.09257363930589069,-0.06071941577164519,-0.03744671391529453,-0.11393837319689426,-0.0828917769741172,-0.09627377147701055,-0.10209682490696803,-0.05487520973898008,-0.10982076903629334,-0.1519911123851535,-0.15914092162136706,-0.17455173723523554
199912,0.18111276445400004,0.05919214417599994,-0.15395509624000003,0.4632519050047421,0.4096510712157133,0.15869999544277436,0.1869625286675094,0.10334455206516124,0.3354941264075968,0.2036938811696185,0.06602906384707197,0.0539749500355855,0.02761369871479391,0.30236910057609934,0.1706939599198929,-0.02246346576815028,0.014832476285830065,0.025944909684482598,0.4435770799604659,0.0503232317723572,0.002533290001027977,0.11120241932606101,0.10550694754510381,0.17920222956249976,0.14285281665009264,0.023272116311765068,-0.006843842018197321,0.08017765553614531
200003,0.026885329316000073,0.05371209468800009,-0.031522778559999964,0.27740141898784576,0.22105291341527633,0.1446295062833649,0.19465711247861983,0.1584127496108867,0.12283554316690748,0.07863537676082766,0.002609160802925059,0.07907671443119257,0.0657017128169981,0.021919938263478045,0.04550976279642582,0.09442769518753868,0.0023826977953975703,0.042771734157108776,0.15942884802575574,0.09024575280307578,0.05964252056528596,0.07571899454267217,-0.02008408014896257,0.030296060149102688,-0.004114499532443805,-0.05251621765556702,-0.022939306283210503,0.007625518519864816
200006,-0.06310854617200001,-0.005330209350999926,0.02385979576999997,-0.16559338600454387,-0.056150511593642816,-0.019810021606863848,-0.032509105160179574,-0.08993337456278361,-0.11414460826154571,-0.052209959024939745,-0.0961729273850811,-0.0556637132158142,0.0402899907171228,-0.035194238087453256,-0.018294128501764373,-0.041911629835940434,0.0017550062651021658,0.03843414071183804,-0.06460683431600489,-0.027987138421966096,-0.030009038405898414,-0.04977159189760094,-0.03319746392600764,-0.03777080517223941,-0.09962003412028786,-0.02523016717845683,-0.05936392414404934,-0.03982368364688971
200009,-0.013023796863999904,-0.04969038520000002,0.14282152520000002,-0.12361762907330076,0.04759120925423299,-0.0018416213175409535,0.0497409273600522,0.045730426469331675,-0.051371226615085974,-0.029062606985037265,0.039042611914959835,0.045863034706470795,0.040179003946646974,-0.13638114956797343,0.04393743954530227,0.08703428641591349,0.10831057520282772,0.159620813102062,-0.057536467861372564,0.027606085191851593,0.07771124678865404,0.09942244361238028,0.06472102890256815,-0.03683866125399016,0.03027193170792164,0.13390537904581157,0.22188770638183986,0.04873734926294482
200012,-0.12158093971999995,-0.059900695615,0.2752189986,-0.38298315002449657,-0.22551101928565376,-0.10346216156952415,-0.08307587160081564,-0.08034527419607362,-0.27331608168765376,-0.026787958417337943,0.06604187758521474,0.02945931409060054,0.059849403610979346,-0.28403364877489845,0.028950613552544358,0.03404990517385875,0.09827246130588474,0.13970689330174313,-0.21920990072040702,0.06670151866406604,0.13417908605872242,0.10749945523860172,0.1524214474393384,-0.15225568210687157,0.025984589423709847,-0.08032890439345564,0.07892198976965581,0.027984105710409324
200103,-0.13840791812500008,0.059945185808000234,0.134562222532,-0.049137813515103046,0.03032878107858661,0.07202050502112645,0.11417940039061314,0.09264116763122487,-0.08553326715110465,0.033301037054493055,0.01124109482380331,-0.0018176105697078615,0.04169049525801638,-0.18708280643474473,-0.07524798195982219,-0.048158708543073914,-0.03923725914467391,-0.0029578076948619803,-0.21286603931413317,-0.05935369204802099,-0.03199316756426529,-0.058525568520509386,0.07477896654929461,-0.18078101573504357,-0.032737658411216675,0.03280308620796335,-0.061567902185539314,0.010549800105313922
200106,0.0655584387439998,0.09479514629599972,-0.026210532439999934,0.2517232272287131,0.2071188998757909,0.1820758603515542,0.1879804068163684,0.16002455010827332,0.19947759353461714,0.2022642235578722,0.15256888367454313,0.14652436922331114,0.1537410998649671,0.21829658429355758,0.061472858825491805,0.10644532273081642,0.0686714585907946,0.05346020802614815,0.23762182838027046,0.09102157351499196,0.07320508604884601,0.038978524410397064,0.1500681800349839,0.056976572030266404,0.020534438625597007,0.05085799294375826,0.03138224915190446,0.09489255977958133
200109,-0.16858103968000004,-0.08066873657799989,0.09592433864000016,-0.3162750665555286,-0.26745958399602354,-0.1744601322081023,-0.12006781380309639,-0.1454749831748564,-0.35688346041478114,-0.2612622266868775,-0.21278672214910588,-0.20071138795059418,-0.2158663343719497,-0.30172768647822656,-0.20615124056672574,-0.164944616093065,-0.16574758251316235,-0.20446459874914524,-0.2616162231234175,-0.18656468168737128,-0.15051505278993427,-0.1475093503720134,-0.24330948660378904,-0.16111591343332432,-0.15434890785763078,-0.12035416491823026,-0.2268981407822741,-0.008718238814954038
200112,0.11970911578400001,0.11921915890399992,-0.04512605604099995,0.2982255112487735,0.2656983720716233,0.1747245160241715,0.16704337909079503,0.1908157518343776,0.32101711316350645,0.23492732000891303,0.19989775224034667,0.20919772401566306,0.2603973954100849,0.31036253266876757,0.19014660410030015,0.17577047047470118,0.21146555075776208,0.28526969396424007,0.2324238991380032,0.18499429273306967,0.13148473836320096,0.21186794014695698,0.13801269220383428,0.10594310353340552,0.10443864845731055,0.0594519034407337,0.1304711834273653,-0.04301126727618709
200203,0.0037594828800000535,0.04170528187599998,0.06983100302399992,-0.12359789999582127,-0.007157126835460326,0.057765787562430004,0.10148122875973642,0.10610251389521963,-0.08361286860514416,0.012383679404780024,0.05359472014956945,0.09862187270935974,0.12219616590384419,-0.047954281731044324,0.03553173632196516,0.05995956904738731,0.092865687612812,0.19118581081071873,-0.023838415817829417,0.07321615213515487,0.09500027796269905,0.028880060236252003,0.06316739996084975,-0.009553170180953807,0.03757483977492693,0.030446296867844724,0.029524970917452986,-0.21089169110412187
200206,-0.13259255888800014,0.06535961188799999,0.059816385224000124,-0.23137471548675226,-0.14228373586465548,-0.026032187345251256,0.057475030477545985,0.03716519339089741,-0.19564416401452822,-0.08242823342429406,-0.04462396170236882,-0.015903560166209307,-0.056220140542952324,-0.18187022791386365,-0.09837344876506815,-0.07177322402611785,-0.07454249647788769,-0.07660079231198325,-0.15277268982918157,-0.07615927662559674,-0.08700996542679551,-0.08936963935022091,-0.08076708641696895,-0.16510987797553178,-0.07499002644844976,-0.05718975488222933,-0.11653368405491249,-0.3679272157363608
200209,-0.17271569769999995,-0.05654592056800001,0.005348122063999927,-0.2867034108394376,-0.23171224769364474,-0.24102517000622703,-0.18665839583963517,-0.19898218518972088,-0.2193219574832287,-0.22410142451164106,-0.1981424373269176,-0.21210578844258177,-0.2739046223299374,-0.16338329217595005,-0.17662430622419334,-0.18644575216924741,-0.18312638121245128,-0.23651891440640904,-0.19400351711327601,-0.17048536081088694,-0.1910108228147679,-0.23633644382340013,-0.3219342155544558,-0.16294612603080283,-0.200473425947008,-0.14739393144596524,-0.13710741253245684,-0.13731968819303497
200212,0.07685469593600014,-0.0029042185,-0.028703563567999857,0.12092542501938741,0.10544927489917044,0.06866271536229096,0.07508342683922287,0.07565883360711134,0.1168991261286132,0.05258764671829952,0.06606853188479156,0.034459245590349186,0.030048714702548107,0.08321115287463599,0.05323246250900837,0.0893453719241899,0.044783976410657234,0.048693749404765896,0.09749354066402383,0.06550912116897933,0.08733493460299546,0.0698450891147977,0.1856199081319556,0.08233866072882434,0.06089320187073999,0.053474048950774566,0.07744336853832112,0.09909969479071479
200303,-0.033596623556000016,0.020952302696000125,-0.04261761716799983,-0.046396919516621615,-0.025409229129760624,-0.04668576217216536,-0.0038060890677417136,-0.02189126731075275,-0.039817147355889926,-0.036944553124888535,-0.051516968586726275,-0.029297572576421294,-0.08889558183879276,-0.03075471328315449,-0.04652962178480935,-0.05919569103358624,-0.08278396209601246,-0.020950214806756295,-0.027316613271092915,-0.05639224696691891,-0.02453210417503615,-0.026778412787483052,-0.14691505647742886,-0.025181563987478395,-0.05198105369573258,-0.030236092639632672,-0.09231741138096428,-0.13169363102762677
200306,0.16353983438000008,0.07175743317499994,0.020412351199999845,0.4395671934263259,0.3285982932768372,0.25950936605141806,0.23980289062132698,0.2857467797763773,0.2744187178902584,0.20410575109894769,0.22852092659453582,0.2303958445503027,0.26771641991353334,0.2035271837217123,0.19356740627301172,0.21777841247132357,0.2339018653882985,0.22533248104103287,0.21104715486173076,0.1910634042794006,0.1792176478524352,0.19001566364984734,0.2821971564773107,0.12697875041820494,0.19358516705945683,0.18125607379503128,0.14856556147000588,0.2807307826981822
200309,0.03415831816400017,0.0840395948199999,0.0021484864160001838,0.17234506062638855,0.14021586160200705,0.11917226980866547,0.15917310073242397,0.20412540317348227,0.10589555426216002,0.06202484006875797,0.08533401852949996,0.07297850582480936,0.13094231898753295,0.0930282483786029,0.05181506441908268,0.0365877871124205,0.10589656983097595,0.09400959766356531,0.07002646823170067,0.0428419949249883,0.06301513633720557,0.08660279087042477,0.11766733959956532,0.0107892517368251,0.0554186087922246,0.025500631263522644,-0.0047699418682789485,-0.0194178353706832
200312,0.12124348231999993,0.0189730411279998,0.05537928981200002,0.0874002397915099,0.14946241103869617,0.1664702612794775,0.16201526231544783,0.2320237712880453,0.13102713042622605,0.1437091329148199,0.13120210488126127,0.17015476986131928,0.17832545970836922,0.1213036251837667,0.126641389758966,0.12759926775268937,0.18817828202185893,0.21690777778904846,0.10028864712130914,0.14905482323113528,0.13562115656731222,0.18836443054781848,0.16391584448021757,0.09641843358045721,0.1425256081876054,0.1416756684014726,0.13087440189071242,0.10962763554649513
200403,0.022128426800000156,0.02676213110600001,0.036307938769999826,0.042014264847204386,0.04371729248724621,0.04910062115937053,0.07585963497440273,0.07931182867626219,0.06974824521457412,0.06981049195071387,0.04032238297426871,0.03938550066039781,0.09356109709764815,0.04894775579850785,0.066052234922785,0.04255405562313119,0.06630032896087501,0.07906258650740305,0.04780427203778492,0.018365429531380206,0.075902306013373,0.05629960977870052,0.04686451124925073,0.004553369270009933,-0.0015289301969783065,0.048765810774841656,0.017063548711056198,0.11277591866724923
200406,0.011865918769999872,0.0024996852750001075,-0.02235376650599996,-0.05522553997407775,-0.012130669454221699,-0.0011424530831309898,-0.014321549239640352,-0.02109836036981072,0.0031855007233578814,0.02438290501255347,0.04235081609424185,0.023085039910026417,0.0069458546063858595,0.012399615239530037,0.04297265327453781,0.012698183884310321,-0.036124839980670176,-0.01552842505695895,0.005617651592384032,0.011139172013405751,-0.005811692718490691,0.019114944850783022,0.04874467559026052,0.031220276159115823,-0.007228176002250453,-0.031246113927002717,0.0037092714709603403,0.014725476578513641
200409,-0.024363932480000017,-0.023689559124999926,0.04272291772999992,-0.10549262075918964,-0.0342758708180535,-0.04233639220339647,-0.028622055151648396,-0.028927494865186865,-0.06140226153368,-0.047918198939638446,-0.0038292585227895914,-0.01124647116159716,-0.0024574035403319705,-0.08308249413966184,-0.02523933174303772,0.00028727727593880203,0.0004393142874867806,-0.023505779187191767,-0.04951713275890379,-0.036812151594169285,0.014149132464040814,-0.025410453978950698,-0.004178350517689666,-0.05340820122453649,0.017857091929163404,0.01662225615829227,-0.003549044872149798,0.02251224868540236
200412,0.09640015949199987,0.038336719112000095,0.010830449803999942,0.18011286594957965,0.15969756083646547,0.1586562488040577,0.12209034835567789,0.15207187827562385,0.14473872266611898,0.16456079517651112,0.12877285075639144,0.12431041882315075,0.1531787754222036,0.14171457566058798,0.12797937970285123,0.12479052326424922,0.07931942086367383,0.1457390164111747,0.13597249778308607,0.1466528903245683,0.13201670638204988,0.12706605659839698,0.10694331146098568,0.08006108454182304,0.06946304139314141,0.10399186117850512,0.09615918319743888,0.11355088914424072
200503,-0.028438190200000046,-0.03657794588200003,0.05724500991999992,-0.13501083314450968,-0.07080737410611881,-0.08004501411575693,-0.0589748612116916,-0.015225298171793411,-0.07607126912298134,-0.05268732258723996,-0.018454227852819027,-0.005849167684135903,-0.018296179668837342,-0.04622131331820345,-0.0441239465739971,-0.03806141897060822,-0.015674907134111793,-0.0015520287851880088,-0.03395832538557031,-0.027478032826971033,0.005857408210983239,-0.011165127511578055,-0.011487783426777032,-0.037380292151892425,-0.021038327197043127,-0.001175165632425701,-0.01887362703320805,0.04378524563173869
200506,0.015302144629999903,0.012965622019999845,0.023245632985999798,0.037313693852135454,0.030983626321485103,0.022075890380153673,0.011010127464126107,0.03159244302752806,0.022824481177444733,0.05186845649081562,0.04077489693402936,0.02657369072969562,0.06507938310002426,0.01794779503948063,0.03471566321332209,0.019137668101349314,0.03319395553487947,0.042666225309236916,0.022049788235772638,0.0317715027959784,0.024916712618308745,0.06799988749096242,0.06214024090324233,0.0031869265011292836,0.006184490559564493,0.0067453127338445995,0.020247034405443287,0.041349072079623905
200509,0.031657902079999856,0.011383213957999905,0.013338344744000086,0.047986332336173776,0.08515681170248524,0.05078670621694048,0.05889336127674438,0.04690802046175313,0.041158148829629315,0.060364199610574154,0.06949927240583564,0.021255368273996655,0.043639467222419404,0.007999142053165542,0.07298664653505771,0.05530831431626293,0.03266954968199065,0.023703121499741853,0.03334762954534898,0.05106110309682421,0.06346237432052204,0.0972458287085256,0.038127637204122156,0.017728416585709006,0.024441542342578115,0.0311805058589556,0.031385796124481224,0.05538547757709189
200512,0.012527647456000102,-0.007024899399999951,-0.006162646755000001,0.0013087267340479158,-0.008191674163985585,0.007723721317528742,0.006695307801638073,0.016426068657373616,0.0049189446723492125,0.0076321779203694096,0.006970022163327982,-0.0008737550823905149,0.0026363393967250293,0.03870227322714204,0.015540503293025587,0.012768167651514117,0.0016838564598198325,-0.03424985452373608,0.033364737506838216,0.01895911984427734,0.02113205342180713,0.0029434204633773664,0.00668753941575595,0.018018401301296283,-0.0040004025839528445,0.02098640303115462,0.021821097163163383,-1.180277640222549e-05
200603,0.04230907377000004,0.08588050114599999,0.012910602790999981,0.1462835219587315,0.13829522420151075,0.1298003646333914,0.12190863360794713,0.14754434580251297,0.09534457074078806,0.13014346097125973,0.15853895703932497,0.12371491224073128,0.10732888257893536,0.10427190054923896,0.10294343841309606,0.09507168786836329,0.04931929286673675,0.06357469194356691,0.07748543462256574,0.06579971878345514,0.06380275627846332,0.035746476646292935,0.06950564638189527,0.006454079648025912,0.04781498778826343,0.03256875729168729,0.042169827971082485,0.02538592931275696
200606,-0.03195992041999984,-0.04683242383000008,0.05583685197999988,-0.12469933026521807,-0.08836425717982832,-0.08027912607777721,-0.04402278254180236,-0.04204024042928811,-0.07598263099891922,-0.046424810800674066,-0.031593562353476545,-0.05679005464192932,-0.03704614829668362,-0.09029131188856576,-0.07308833046906338,-0.03589338676030085,-0.03945154538800044,-0.025566775258375585,-0.05470808678433503,-0.058532639917058704,-0.03260292620032568,-0.02644514597117853,-0.014363240041987746,-0.04202626444692992,-0.030682635963265037,-0.006992075571014222,0.004723315060942257,0.026427064502626996
200609,0.031072653896000002,-0.04270084348000003,0.006893432370000063,-0.03950477777595385,-0.024414875070439823,-0.014253559194886134,-0.008074725336176147,0.01217188657651369,-0.031108329130004497,-0.020545020562135807,-0.003530198485232061,0.02451866333129238,-0.017852205833323698,-0.037076157009720445,-0.021625244207711725,-0.013457549991212403,0.006690545240040979,0.007554521863267993,-0.024047606564057356,0.01605893521604229,-0.02065079593272423,-0.003221134900140976,0.011778354616473141,0.040172859355249724,0.05795044398288418,0.05287360548158482,0.03349187118582986,0.059242522271769404
200612,0.05867025290000005,0.012231816483999847,0.024416482775000192,0.07593473653060845,0.08866631792485702,0.08201185429701074,0.08147958859738424,0.10184249064552264,0.053070549623675634,0.06201410221968895,0.06510847316786905,0.06962981171817173,0.0861363169206395,0.07245091879937027,0.07668964216308538,0.07279070008332011,0.06880565777836267,0.09594017576689207,0.05346364488476274,0.07379226850075771,0.05472413360932227,0.0724855265302613,0.08564679773043937,0.03710940929054263,0.046017128801010276,0.07298858400517849,0.07761299142464395,0.06522648571599787
200703,0.0009864195920001873,0.014122959962999726,-0.016525404468000104,-0.0016734619183922383,-0.013426933884688186,-0.00973775429561563,-0.0033290293289287565,0.021182277813799555,0.011005133464390804,0.006410464375144365,0.0016226449707599233,-0.01149410629393044,0.00792986591904321,0.07018209624053462,0.04212524313752941,0.03990798298332665,0.029630264723603084,0.02221142912848806,0.04143689020577179,0.032118104556633,0.024740530360212842,0.01468431553429439,0.03308710840264495,-0.007954378659047467,-0.007117123375188328,-0.010181103971356187,-0.003728599568799895,-0.020051560355840325
200706,0.04738805550799996,-0.01348321459199986,-0.030307268607999927,0.04632452536731413,0.02793818766528311,0.001042438613400698,0.01784466279086705,0.025564453561375267,0.032346744017011986,0.03477760368459326,0.03734814399723718,-0.01331109925454732,0.024039537975653058,0.0929078257622975,0.07602616467480416,0.08173017767346269,0.04110429381796421,0.007551051372169493,0.06472592922488651,0.052227743099522383,0.065535812547588,0.03778612793654701,0.018565257502749954,0.053223028416278906,0.06701724810184762,0.04721284368439593,0.014977530257762606,0.04224248782529605
200709,0.0031439003040001356,-0.05032286731600011,-0.07542094534700006,-0.03746449703529131,-0.04369356865412899,-0.058828518735891455,-0.060476064823376974,-0.13515982795927506,0.00043270420707286483,-0.04197777997739682,-0.028129085142348798,-0.05095231726715943,-0.10890601108910969,-0.014632321590390962,0.01755618748529364,-0.043055506346668326,-0.059527853128705344,-0.08507367828778023,0.0025121961500831347,-0.007332954164307459,-0.06935555656883718,-0.05996603339084161,-0.10451372088946287,0.05082347921824093,0.02968803373161566,-0.007650428438120249,-0.025930364843097853,-0.01979830641445557
200712,-0.039389854960000026,-0.025571427207999875,-0.04340641542400003,-0.08305828905123003,-0.0692085527951094,-0.10691098537229582,-0.08001060294319862,-0.1251770968893584,-0.02837252009718194,-0.042782647049778855,-0.06750717118924876,-0.052957467568847116,-0.0959237848886556,-0.030483193799941244,-0.06843566810769919,-0.02807580732611281,-0.08819621658319043,-0.02989711851465493,-0.020801897604247777,-0.013776760900685248,-0.09483383308105531,-0.059962002338280085,-0.13443381661259723,-0.005231444834696841,-0.025883585002858145,-0.06130100658614501,-0.07380446589377199,-0.05567593987378383
200803,-0.10077693611799998,-0.006564839968000058,0.03632614957199998,-0.20173326517444157,-0.14237527893602508,-0.10423019676495071,-0.07536556059430766,-0.09527777205081456,-0.1471635978985405,-0.07764572645883028,-0.0857458820382665,-0.0491895606160474,-0.0723448665520966,-0.12845529291847746,-0.06850121545292986,-0.10287944952826633,-0.05652321242028491,-0.10159839893151357,-0.08404897638780162,-0.12021864797295778,-0.08742958036510673,-0.10906321556535581,-0.09531959053361905,-0.10685866143495137,-0.0536169163452942,-0.11862537360526526,-0.1206781297280265,-0.09194094190649804
200806,-0.02417324250100017,0.023122306088000144,-0.049711000207000144,0.018927700515697587,-0.014296430868181331,-0.08174015752599295,-0.04605995748310876,-0.07823727289371729,0.011682023557910481,-0.009743721314391718,0.04619049952308418,-0.013341487917632011,-0.07172557386432932,0.02686105598316768,0.02799393995482169,0.0771896961471017,0.03565598729233588,0.06399252540805844,0.03192870110042478,0.009288612432173604,0.03230921954970345,0.03766588729906073,-0.10078298009423492,0.004122236730331297,-0.08186789947052664,-0.015096401214390598,-0.13542659499240606,-0.03258518136850763
200809,-0.08653332087499988,0.04963941122599991,0.12832795911499995,-0.0858276970471753,-0.03180620785320032,-0.018297184065462657,0.05750769781669507,0.03281570608617068,-0.02981327128391209,-0.023925584050814686,0.009451543685343067,0.05871394864299173,0.07637845888027073,-0.11867734699035914,-0.08982089248653835,-0.01258882551831464,-0.04824743671219378,0.0305933854240088,-0.1433018227550854,-0.114871375582969,-0.16880398330582347,-0.09487444961967206,-0.1357032255268249,-0.10470761597080591,-0.09205646048195115,-0.07442158349933115,-0.06393331713497807,0.03207274594349108
200812,-0.2225659434399999,-0.01903411362100005,-0.07992370153600004,-0.3171057853931194,-0.25355240672308044,-0.2628958058710872,-0.23992889887576496,-0.3200959690623957,-0.2825137502510202,-0.2814756467383349,-0.22590037310618227,-0.21337622091399144,-0.3126152406834134,-0.27614731893591615,-0.2431781251479893,-0.22537638563296358,-0.24360568650009917,-0.18800835493753965,-0.23490383774935852,-0.22064566029733845,-0.3077409345681129,-0.2487995333749602,-0.29498080475244737,-0.189301089428919,-0.18319706313336193,-0.19994374213326416,-0.39453561093045264,-0.26456492068380344
200903,-0.09968285627399986,0.00039869012600002307,-0.13989984102700004,-0.08181426160502259,-0.08997129550128924,-0.12885044636200804,-0.22025996233073264,-0.20345727854348328,-0.08508677212649263,-0.07162316120409695,-0.12032837720538558,-0.1995588102578959,-0.2409032203012501,-0.04859239790980363,-0.11017196613861657,-0.0839047014124541,-0.14847305882260042,-0.16282630717890745,-0.03597954939972048,-0.06404412960354955,-0.09279017885178054,-0.12792398838138996,-0.20498690761244676,-0.03571413885351604,-0.11723138769611452,-0.14358814351221671,-0.260830953013346,-0.1510455657794687
200906,0.16396678399399978,0.05483085191400017,0.02881209070199997,0.36028799170059433,0.2860066301608859,0.29651591763655416,0.25797255123964047,0.2550311172762987,0.28763858899042294,0.2446593298492883,0.18760723935878088,0.1469366927371103,0.24826278860387596,0.2064855534746799,0.20939953206703565,0.13728466032983078,0.19723334385996627,0.1404115623597213,0.17764256517059418,0.1721278943614355,0.19450010379585758,0.24337290480350293,0.22067268900283277,0.13893063370902947,0.11420621024484734,0.1718630250711235,0.2207821071122078,0.2852832671811609
200909,0.15869913873599995,0.030552327200000118,0.14159548860000015,0.16719698669636807,0.15612134155206503,0.18385326485866926,0.21433237012400208,0.36693340146253917,0.14652702520068717,0.1765946783659582,0.19660308373524793,0.23227972312400813,0.31517934819902593,0.14921004191745735,0.1502289199281719,0.2342892920775581,0.25916735007788216,0.4107072572492041,0.17680370834573167,0.18332833994424136,0.19657024046255334,0.22967900053038082,0.3736130792392922,0.10897913434123474,0.17125277773488778,0.13657443081028497,0.2211823260030259,0.26199049183759904
200912,0.05840372707999997,-0.010433753499999976,-0.04591304137099994,-0.04494024860452128,0.00196091723931624,0.033198894680364965,0.011598087606754737,0.017898297566250054,0.036228151791851015,0.04782501737749367,0.044635297462220835,0.009462283288427908,0.03319894784106636,0.048233125259079745,0.07072358170108517,0.03054411939403301,0.07702462329495252,0.025272057763869205,0.061715965027951514,0.06548316898587103,0.07559161142814075,0.02330151301915384,0.05017945074689156,0.08428665724968365,0.059944328903275945,0.05762374666362913,0.03281246976179086,-0.08461938520908274
201003,0.06221800405,0.030986540803999985,0.05787592818600018,0.06638843097524205,0.058451463655930125,0.07667410175553346,0.09150764955094859,0.16738646134596835,0.05858966474695304,0.0830984789203395,0.0929466434476367,0.10760747545303873,0.13018479600445954,0.09895963967324328,0.07237136152242662,0.09519807630796961,0.09293422399967288,0.15187427250343433,0.0969846102476477,0.09762833091396117,0.06545805241996172,0.07460299657309055,0.16243437131527827,0.03129006673336665,0.044182037522994655,0.09420993887398699,0.05840288670886151,0.11807807227122469
201006,-0.11289873123999994,0.030972163731999958,-0.04342639801600001,-0.07668846341940416,-0.05307165975978834,-0.08370794033055773,-0.07260602497497481,-0.12012154385103535,-0.08089743260262672,-0.06456194917371627,-0.09599856974818388,-0.12511566572477462,-0.15619128459590625,-0.08877546414190252,-0.06937735600435169,-0.11238635962476651,-0.10070456196915667,-0.16391638594242175,-0.06324043583666761,-0.10377595950026464,-0.12302494394943564,-0.08664933250533347,-0.13055392322250992,-0.10755043176154344,-0.12000429907876009,-0.10881657708283587,-0.1515305125597033,-0.17125313892387506
201009,0.1153200489199997,0.009266165413999827,-0.05164735005400001,0.08064326683984868,0.060568362263900166,0.1028786954630947,0.08479716397016257,0.05302928825501074,0.151781896026701,0.14371091294225913,0.11034977731527973,0.0997133291574015,0.09954331648895898,0.1478112365138302,0.15207388294961777,0.096300216869317,0.1228655694995926,0.10798786911116243,0.15053427425013122,0.13006727048949251,0.1268880057332784,0.1284428716391992,0.10297773563910839,0.13701819725638065,0.09161064490499427,0.14159920409412896,0.08090344468375354,0.025664656504355454
201012,0.11608562210600004,0.05544121379200018,0.0010331218400001507,0.19136460817416046,0.18254628576367193,0.193899002129986,0.19379672418393912,0.1636116540421899,0.15094621707579914,0.16317939232794654,0.16711379049367436,0.15383888546872582,0.17600061409815004,0.15763584824999044,0.18400037961366178,0.16143213812020796,0.1545935795896276,0.13475485545893107,0.12709179087853362,0.15878778161274854,0.13939859854020664,0.11713991394511414,0.102722220200824,0.09016256824201463,0.1197778570544783,0.09428489017099739,0.12568724355884986,0.09770742919371145
201103,0.060037840679999954,0.01645123684999983,-0.0007587044319999903,0.02575827568432132,0.07144750356979568,0.05146238584235552,0.055744100088421344,0.06564673761078699,0.08665134042610978,0.10838219001367144,0.10538111763999991,0.07563900126446832,0.09914992761834096,0.12185717637905258,0.11008279397344944,0.07955178625445725,0.11038184673305662,0.06419935212587591,0.0790302354121668,0.11346898034188935,0.0849688796001975,0.09758836081543154,0.03242724440593525,0.03950064215165128,0.05994902945809355,0.08515855201087064,0.062324594802629196,0.03885105588754123
201106,-0.0017455115800001364,-0.01413837278200003,-0.044363702799999905,-0.03120386665387065,-0.04007965713222339,-0.03659658756504425,-0.048743892774264275,-0.048283827279075875,0.011999163947972846,-0.007692427587912221,-0.007532357286568869,-0.01185951140415753,-0.04494446592701584,0.012168289575355207,0.005646085944256196,-0.008863606469063146,-0.01733138298910064,-0.028392745046435075,0.01961960364882076,-0.01088156808393459,-0.021632435595149713,0.009085359164997975,-0.013399313258347756,0.021985930254016406,0.005515259486089663,0.007241658591307765,-0.03760253133563041,-0.05117249346658492
201109,-0.15130658547999998,-0.070969937536,-0.04787515610999993,-0.2566668816511346,-0.25446349427948656,-0.21307336740243898,-0.21188540946134682,-0.19905888605423405,-0.21469962355941508,-0.2180280858404141,-0.2570958825264933,-0.1922771554557655,-0.2511745169748266,-0.21403952135500115,-0.2223240188419715,-0.22893863443455487,-0.2369026088302032,-0.21009635202638066,-0.19053022555203025,-0.21798154574712703,-0.211782051183957,-0.1606635575104629,-0.1818625225098668,-0.09822012916392964,-0.11201645267741711,-0.15070671541015201,-0.11962366040814032,-0.28166138473218183
201112,0.11862129567500013,0.022884687439999718,0.010725991951999969,0.09144838862110038,0.16080641535079843,0.11621077855334816,0.15472322677229,0.11129816387681823,0.1698285129899133,0.13146752166685483,0.17287629683087458,0.175347888804275,0.15078636283643498,0.09148236497933615,0.17159073886321452,0.17073020198960065,0.18576998508913922,0.13721642346919438,0.10662454374458186,0.16001872658658423,0.15135470412959484,0.166410256168932,0.10051811107277975,0.08403192319422392,0.13070393932309465,0.1636141121870489,0.1273138485700478,0.08644043106278465
201203,0.13115638151999987,-0.004978220007999967,0.006699785186000007,0.157829728196349,0.13708706058985776,0.1285771559967066,0.11931246398801942,0.159858000947118,0.14890846141692982,0.11720171310323724,0.1256677639198498,0.12178504381217103,0.12703863430150086,0.15392329786760728,0.10483126880154225,0.12475836903903215,0.11610367161786161,0.08512595665646172,0.18848056868201746,0.11744461324859934,0.10052357560089864,0.08541540440638973,0.12010658363689308,0.17166494203140448,0.07792272662718136,0.07559718582754882,0.09908319643834385,0.2648857371023612
201206,-0.03348592889500002,0.004677528032000167,-0.01172104767499993,-0.06213067267249639,-0.01177106485133983,-0.03901328442827556,-0.04302283229342352,0.0012037886151818888,0.01200932324284465,-0.018443028756275903,-0.06590419313211515,-0.03830263415367241,-0.047542928853967825,-0.05171402079346987,-0.03539452369396323,-0.07541922341418561,-0.047894273517401165,-0.026099394994503644,-0.06199905828631169,-0.07026432843570163,-0.05724411543329533,-0.0236458189811114,-0.050692918951441346,-0.03754981242873168,-0.01531777828070402,-0.008887712073167076,0.02309494839691717,-0.11906911032388001
201209,0.06171522801800022,-0.01853567616000007,0.02838634774999993,0.050852315815147486,0.07190870466791521,0.047741914423601095,0.055347873591562236,0.056368682641804835,0.027220995205050835,0.053922285063296105,0.05390322896623134,0.06358093653577068,0.0750714528631311,0.05206749981454184,0.052958591079617756,0.048225957308595246,0.0794598629562071,0.03431962546333689,0.03746377447812921,0.05733771890914241,0.05567545781837113,0.06354386377186771,0.08644551628681785,0.05313561173185355,0.07804421959829688,0.06648483914261738,0.049721087372722295,0.10269683578508926
201212,0.0017454600960000732,0.009758516599999822,0.062315780351999805,-0.04713137363731745,-0.006843827123657498,0.01101389332043956,0.00941792665804786,0.04212982012554467,-0.02732919856953353,0.009666930832885612,0.02832018780905443,0.02680842491579405,0.06250076042603081,0.012864593918103795,0.0691099856430506,0.04473484482355161,0.060357272307448806,0.032231818323092964,0.03815399365163019,0.053580723476496894,0.02176794053829756,0.052652895695546986,0.05640712295643313,-0.030889184506164402,-0.006212281112218387,-0.012573396748036036,0.015903344871824432,0.09069324357344732
201303,0.11240916358399988,0.008190982603999863,0.009793151822000024,0.12624396758581913,0.11616270339242085,0.10922898510723233,0.11943931714473766,0.11887660676236678,0.13545944044574454,0.12572674231428893,0.12725867926984358,0.13502145130574572,0.109919067511562,0.10790404041836621,0.12818141146032747,0.12368392686546814,0.13892344269884993,0.1538232318779631,0.11712587016269049,0.12111948200967237,0.1305715720497589,0.15647682888222225,0.19036244367894373,0.08981730444487424,0.10660373616480445,0.11601121898393618,0.14426660707889583,0.11710899309248113
201306,0.03150835839999999,0.005607325151000042,0.031411930135999855,0.07068462102989259,0.03379705171082992,0.04375371747833001,0.06886735346853312,0.05197031450616896,0.06561277129689147,0.022377738895550392,0.03936222897640018,0.02388972395519473,0.08376519837643204,0.004857568759121911,0.051245683352211246,0.018179519030493196,0.03353460091979765,0.019043058588782413,0.03167358859097802,0.015895124009045247,-0.003931805980163516,0.03940311125017959,0.04151031112374648,0.01143582789900166,0.035434235025698646,0.03413726527515415,0.04675868804081973,0.08712877309639477
201309,0.06661950564500008,0.050978383136000005,-0.03329889380199991,0.12068000152171576,0.15927926761476807,0.12374067320174165,0.12151536431035392,0.10135192193061715,0.13698114340126244,0.1208530473195506,0.10786597659404884,0.09008436211029047,0.09866525282767391,0.12612749050233552,0.11609137207928688,0.0807668221475013,0.08430789716179121,0.09257559670854376,0.12067494524096123,0.08324604578957606,0.08530531826110432,0.11333488416739046,0.03830476565563701,0.08923799712713643,0.043094349340660365,0.03521944601645255,0.03432366666737141,0.046687821114205885
201312,0.10427899204699997,-0.00709246081599979,0.014123179999999902,0.0866774244589612,0.0998828559978735,0.10740800846685383,0.12919889875295065,0.09568688523182889,0.10227869401793122,0.05536485418779358,0.08333780009760305,0.0874434636963537,0.1112562994912627,0.07997428809255003,0.110244366162904,0.10798903352060463,0.10794758817908767,0.12314588205083998,0.07709911428155491,0.0984278644467822,0.06600923076452281,0.07602670349375029,0.13955689734054988,0.11036054156154096,0.10662169560903956,0.1097609937921129,0.07749506731927625,0.12282821133138144
201403,0.016203847383999825,-0.0059070827279998905,0.02452646284999993,0.033556638907950465,0.02343628392393815,0.018838552085017612,0.02879689587147416,0.026129600937884412,0.006080296557847253,0.009405532605974543,0.019066692379952288,0.02000427560839868,0.0007736933581004024,0.012747068153968755,0.013896117927894691,0.008074251136287458,0.055677105320280695,0.037083832599257516,0.009347412306023095,0.022428572748041997,0.041716633556043936,0.02051151716230648,0.07523283455877583,-0.0057531700595587765,0.03050005417658852,0.015678814169406197,0.03463652239359116,0.01747817962468634
201406,0.04514834059999995,-0.030842264349999926,0.004008366620000148,-0.06013786342602723,0.02230982126530745,-0.02609453202755152,0.0013679412153502213,-0.009043829496175437,-0.0022327809335555004,0.03243548991977496,0.04052797938926722,0.023466463402850524,0.03349895773981659,0.014199818676603915,0.041422918579333334,0.04156734173068655,0.040376083280351915,0.035591156927609724,0.04122768753423767,0.04475042186608058,0.07526021280780615,0.05275819726864728,0.047398043976473625,0.05963455242481208,0.027486738075977124,0.06458067000903478,0.07194127596174149,0.02454978506570038
201409,0.0012229901120002218,-0.07250359520000005,-0.02119840820800012,-0.13177566036429622,-0.07345504365433675,-0.10771250276524891,-0.05828448210428794,-0.07254528897591972,-0.0474380612867894,-0.05893021348272687,-0.06913067488472757,-0.06913017088300377,-0.08766322785800418,-0.024325563768930247,-0.07036886055200209,-0.06579557474421927,-0.07819860368226383,-0.06916462683425983,0.0032071889201519266,-0.031276645833872796,-0.03195958270899757,-0.0440575101788816,-0.041021041403580094,0.02513190652570252,0.026008034426997062,0.001199815744753252,-0.040057071067473915,0.03398406421949396
201412,0.05081688872000001,0.044551572679999873,-0.0273790608190001,0.1286606893400759,0.15427677744200752,0.09496445514857843,0.10508426136496252,0.05597541789060978,0.11192463307543665,0.09321131979729858,0.08583088278239814,0.07158356221387252,0.06341846933035278,0.10764210460654544,0.0931523769170175,0.041022877688318804,0.059473567098615066,0.043209139827238285,0.08025382422118321,0.032299919050853276,0.07650805765040958,0.0530029550072586,-0.01479053482051429,0.046056168423458166,0.05134950369099456,0.051662441115013724,0.011659992838048305,0.046972916686970345
201503,0.01698446332999981,0.030868945375999823,-0.055294574199999946,-0.003425032830943975,0.02704016380466534,0.028431302459892116,0.015893813776447496,0.0180705582134153,0.09524024092795802,0.062125016394609656,0.027611873061763603,0.03591268919013002,-0.012002919431949532,0.07252148248719781,0.07516072147743058,0.06154728979506818,0.02278731735392525,0.011272131980053945,0.07437134646483434,0.05002919413804374,0.07605721327428361,0.03320745687114268,0.028296697253621383,0.039825538378124525,0.010451109425481109,-0.00030638931071436115,-0.019859109920359108,-0.03771755770972962
201506,0.004181681384000102,0.008409580640000192,-0.001154307199999982,0.0426284286059424,0.04031791275069496,-0.0010309919975324267,-0.0006650473102201016,0.01711333486241018,0.0010645532127839807,0.034429425599083574,-0.00292514112341391,0.009966639641725283,0.00566833141747769,0.024706892905084654,0.010712475381830622,0.007682226955278315,-0.010071810564482031,0.000231552269417179,-0.009047990477285883,0.009693300330884114,-0.0011896712573954416,-0.02538812164029547,0.005786282021098765,0.01311542693070078,-0.01661513360673561,0.008591902882142843,-0.0009591847329571968,0.028165118489720475
201509,-0.07465451871599993,-0.06345083217299996,-0.009827841999999865,-0.209020720805558,-0.16491011999292282,-0.1512975927463195,-0.12565145939779698,-0.13055375210569276,-0.1878788887847902,-0.11479373955282601,-0.08999443387851391,-0.11494236782008926,-0.1371745182724472,-0.11958971480981984,-0.09334164558289126,-0.11589483151658575,-0.1373221925097512,-0.14233998677557758,-0.11208597478518745,-0.08684920431519538,-0.09102470247367933,-0.05479523544175868,-0.11428754252945772,-0.04622076635019201,-0.0585067317455602,-0.0727239257589345,-0.07122760005865003,-0.12291399356247301
201512,0.06034345237499994,-0.012432234160000055,-0.03435199834599989,0.07758215407722524,0.055772678879731696,0.039312616851921334,0.028473932046027217,0.018963023195317064,0.07986043486303451,0.047139998362343505,0.040173627402521506,0.04375982418574553,0.03387595162987145,0.03133470211927469,0.03128803517617773,0.03188440770452572,0.018258292579540703,-0.001479693241904001,0.035736690225108836,0.047191326578999826,0.03629469022640208,-0.015880523499595345,-0.0005959013580473238,0.07121024366197548,0.08516660599946935,0.05563779448343564,0.03881706823637909,0.0648967927326225
201603,0.00750583358000001,-0.019650311499999962,0.027052369375999863,-0.1287193899498944,-0.06618057959280765,-0.02888761561533293,-0.012842078704590643,-0.011193263721144486,-0.11997769782578882,0.007448196369979954,0.011903608997358095,0.008847361494127126,-0.002269986311365435,-0.06999150173631707,0.01357827095539399,0.027814043035570446,0.04155579889550842,0.05553902182196779,-0.015902820356848868,0.020554398410532304,0.024864405963213043,0.025165429390188176,-0.011006059246790656,0.003198212008151291,0.02246998341458517,0.0346022855553354,0.0368496188091163,-0.11528320253549751
201606,0.02685561087200017,0.011921456840000122,0.00034773243599994785,-0.0030330185703327794,0.034340126194565945,0.032283109901857454,0.014793077931917198,0.055572125857890065,0.07677923082274929,0.034256838745524876,-0.0021308617673138075,0.030335371801376576,0.04582559091478755,0.05344382224213784,-0.013673116673724395,0.020896531257358575,0.03425334334529273,0.03845636557437748,0.04557845841488195,0.010057800711525289,0.050826096519407615,0.031731040780691444,0.026427146336996277,0.009646836718511187,0.01020335438782105,0.07398219470342227,0.03195798761576163,0.019507751362694892
201609,0.047313191261999954,0.05856501313699991,0.006170521597999912,0.20546573837624638,0.11202066829213875,0.1652848887947722,0.12433801947244216,0.11027841270371153,0.137944034280284,0.11705284085188028,0.09171278574087238,0.08958715315001253,0.10706340799984515,0.05781157391199998,0.0794462208627178,0.10962280582871431,0.07858445919256063,0.0910176139439478,0.05767336359499908,0.04425107618890878,0.06625323881172163,0.01565705215000479,0.12199912282923076,0.04938541234940286,0.03315877127025346,0.02344409565377048,0.008053091126175582,0.09396879239864542
201612,0.04612130883400001,0.010742659520000197,0.1670775919999996,-0.033596122886100366,0.0299179551108264,0.08363708556657201,0.18476194115764177,0.1488375723814528,-0.038027794229034906,0.03732392254681027,0.09187168225955955,0.18062571649472536,0.13396884944203924,0.009949361513807986,0.051015201643118235,0.08714290210088094,0.1233681683083514,0.14815724672099884,-0.0009706068435755277,0.05130757529963326,0.07564831275976625,0.06804120181163786,0.18316779058447574,-0.0018805517588000864,0.03049783258701111,0.04670832053927554,0.11403023559578673,0.21692709631653972
201703,0.057383200790000144,-0.021721897995999995,-0.07407880878399997,0.06778095427353881,0.006862389342361608,0.04395730438616963,-0.0068086984937064665,-0.014033933427120782,0.1224752973689085,0.022398617865873938,-0.00767111407678045,-0.012302314174495788,-0.011342136009070858,0.08137305427262342,0.03040964783139688,0.03128901450032129,0.0017411051410163303,-0.01415847792138969,0.07793551420136269,0.06246902551757083,0.051622725945185355,0.032472732122660775,0.007458586709705228,0.09749809752318894,0.05776795150116909,0.01067971085657482,0.03767846905862671,0.00860112855734707
201706,0.029686322923999864,0.0033192709039999713,-0.043984342144000155,0.11016514678451306,0.051729615039868504,0.038082172431625816,0.032307574922501914,0.011282059606062766,0.10514064810790491,0.03421321266997723,0.016088108023781134,0.0015808859708408285,-0.0008241345640911391,0.05899436750521159,0.020409567894760006,0.014446366386704046,0.0005357270307690953,-0.03558641886549574,0.048268846594783366,0.025775911327676315,0.015015453488991026,0.017577164256310285,-0.0025238891586893963,0.04222250535080718,0.04213250532840318,0.001438217946251985,0.014209022173417685,0.017861892248305145
201709,0.04604762261599982,0.012164525675000037,0.007207133185000103,0.05116069111415644,0.02526105206896978,0.0690630234252314,0.06432512783671829,0.06911732053259434,0.04490004586537544,0.057356159258831196,0.0758120467706418,0.07093010005142775,0.049279085616399154,0.03786534075669956,0.029675920020483915,0.06168237831553691,0.05594316781647879,0.046155796490770395,0.054428796764758536,0.04931786000240601,0.05263651083711651,0.04328367307620273,0.04797745570005696,0.05574097780762566,0.033839069817826584,0.04298298250881771,0.0478761171065516,0.05443133302296288
201712,0.0656828742719997,-0.03805176856000003,0.0008990294149999745,-0.005044823529941511,0.01725395735943347,0.04867589434586983,0.0040754325580869555,0.04769900196165944,0.022268163704298738,0.07110090200901786,0.00352192203255286,0.01790081912093866,0.022350403248888817,0.07152773445913962,0.050370757016571455,0.0529250844676219,0.02312491983528231,0.07330285173569862,0.07723860808648952,0.0880231396475184,0.06739508837544017,0.03776827559343254,0.10463404483795702,0.08450527706085298,0.04467885871323385,0.08302920533100044,0.05010589396052523,0.0779160010695632
201803,-0.006539288679999977,0.01034077453999993,-0.026104284920000054,0.038970379528370236,-0.0029649516368128737,-0.016646105155663338,0.019033785899737587,-0.01256758056579732,0.0029189930285684618,0.004615282731687431,-0.0030273030917811194,-0.005781599106373436,-0.01330548692172595,0.038295291581119884,0.008871955017621946,-0.03177960627709997,0.0067569253014088115,-0.022021896423983223,0.008181766195945128,0.0025828861205337006,0.004566311264206702,-0.008875791755659002,-0.03166173545092443,0.03254968567361094,-0.04195457950599035,-0.01970475183196929,-0.036089950201038445,-0.012343595832227328
201806,0.03441574191799979,0.07568012987600015,-0.04895441241399989,0.182208153682633,0.1867073917241564,0.08258015019656995,0.08544273318199469,0.08873957314977843,0.09627650449238834,0.12330658425465124,0.07288220210960228,0.06405234598109755,0.09297414192414477,0.051901622070215314,0.06001670422002703,0.027080861586040506,0.06360146471935413,0.0285020815652981,0.05313165415625454,0.04829626133713871,0.010171782455694167,-0.002482840807355613,0.02996269062304302,0.05185421217346642,0.041653106331664747,0.01822356473536657,0.01171154932328089,-0.0443442391358464
201809,0.06824456239999988,-0.03341334195399992,-0.05100032687200007,-0.005460920540919845,0.05377922646873756,-0.009252179212045464,-0.025476358011687572,0.0013699354613063708,0.07171540515326491,0.06962388315911516,0.03829907005621025,-0.011642495894983229,0.027897852543941948,0.052967828161250896,0.06216714456393535,0.02112884390262848,0.004820388990544933,0.006174111845162811,0.08441954807029983,0.06280842480633408,-0.00487167397284749,0.020996847024095766,0.012934349500807185,0.09962930893408051,0.08184137934962421,0.04593745323854481,0.02697901407237202,0.047940492588600225
201812,-0.15041052167500013,-0.07561572439199993,0.018305667544000093,-0.2889106892572918,-0.26139466714116055,-0.2124129864007197,-0.20109933939653268,-0.22569412140065515,-0.2135851721222064,-0.20802491278184188,-0.2073177301120972,-0.21788981147871433,-0.19515667625993305,-0.2348895493915255,-0.1891459326929441,-0.17475540967049985,-0.17105473428882467,-0.23045296082003608,-0.17164594847907355,-0.1933010188761134,-0.15670609998453178,-0.19290692208685556,-0.172931698805326,-0.16430041477372592,-0.09652133850403632,-0.1302149628471202,-0.12991843889748034,-0.19645136454375312
201903,0.13309092793999966,0.016279844710000102,-0.07082506623999996,0.21712029811926725,0.15336155295821974,0.12664121588464972,0.077008739225215,0.10793129516207833,0.16383959862980557,0.1644055796075965,0.11957354734387615,0.08155180275454543,0.08352135463500843,0.1980168819384256,0.13947114940477623,0.15270674253297134,0.11792081956168854,0.12169835993141875,0.2061579238765261,0.16451287980599982,0.1265482134825633,0.13382777384056976,0.1110655909565641,0.15436797192569474,0.10872091029063502,0.141717351345368,0.06537802168056905,0.10887610417350135
201906,0.03539867792400009,-0.027922713820000222,-0.009982500703999864,0.014153158214119,0.020477281014687154,-0.023083299784272038,0.0028629488471476616,-0.02405594315956161,0.017491521648200337,0.020055228203516906,0.03771882717359931,-0.012431339517680273,-0.024647432192579144,0.06272464179772408,0.029888338459944652,0.05401932669508591,0.02562290368057396,-0.009187060430507432,0.0389866109186392,0.045679400475150844,0.045309078767755695,0.023927676481489524,0.023196908997818122,0.04015097991152916,0.024139165658441986,0.03944163147537871,0.03321684785090717,0.06710298848012308
201909,0.0003958075349999035,-0.05231415386799998,0.021758857400000053,-0.10840117575932662,-0.0744551606469015,-0.06324439340991961,-0.03859433164643111,-0.040742874399582574,-0.06072168237228848,-0.044757000522618884,-0.009237814980072034,-0.006624638999743304,-0.06551546653454998,-0.062068972774640185,-0.01867615554498181,-0.013178817963924061,-0.025766347274936208,-0.03658271334634822,-0.03670734990943225,-0.010029558200560396,0.015412925591490767,0.008054871366324656,-0.04113167198379941,0.012096880849843616,0.006606502149431481,0.01031320996507068,0.012762889053117954,-0.0119702161897145
201912,0.08956866019299992,0.01759482774400012,-0.022187516799999862,0.12349117623085104,0.18696704815721277,0.07061746131509916,0.0904693788081814,0.10275285387227329,0.1594388297489835,0.09971217651167152,0.10964139833713404,0.08774405644756889,0.10412508587366087,0.11470231816506704,0.08629169026740335,0.07167029820519621,0.09804660676463972,0.07188370955818657,0.0965934543787228,0.08252999720863041,0.06460693366828929,0.05282754521791744,0.05991413368374077,0.1052345118916913,0.07678201867319556,0.07080627017076391,0.07409545342458879,0.12736683337775068
202003,-0.20517871620499994,-0.06647171788000017,-0.22276724633199996,-0.27348188901853754,-0.21702812423529239,-0.29036179068099355,-0.370053995091028,-0.40608219868049855,-0.2798590870371259,-0.27689956696419304,-0.34468649723468814,-0.3619528850007173,-0.45117439306867835,-0.24324458835856377,-0.2550174750546178,-0.29568488798723014,-0.36904668347205904,-0.447161972699205,-0.17509041909682366,-0.2612963281299181,-0.28821971956432213,-0.4129196376792351,-0.4389290873138497,-0.1252350228431307,-0.1813291367486759,-0.24360519242573986,-0.33071279246241514,-0.39898948512005905
202006,0.22865744240000008,0.07762431999999975,-0.0830687590000001,0.5431498455895534,0.28394294787845054,0.30373215439918066,0.20879461340238237,0.2835262694952807,0.39102295480713845,0.2397181225000371,0.21232162648137698,0.14815269112348517,0.39244537662918333,0.38182896273187006,0.25530321214654994,0.15713327272732958,0.25256580850448396,0.21764554781028478,0.3211542992243479,0.2597237154630081,0.1706443186246982,0.23656026245500406,0.2193606796480181,0.26653170333479115,0.1873368917138909,0.13139228913868095,0.09696755858097528,0.21469865009617206
202009,0.09748495445599992,-0.024868271800000064,-0.07016382873599991,0.023352365155018262,0.05718126712250671,0.026217313463254177,0.011933243126479143,0.0630563974980618,0.09109345719213158,0.05478475156087548,0.028168921857661733,-0.023104751938082146,0.0647256054724934,0.06179424865738059,0.08196882070589928,0.013112347017121273,0.0647151828400605,-0.013374010935230718,0.11374567666960123,0.08425361911286755,0.07079869773122827,0.04956408452206662,0.0161397042251592,0.13893063309592302,0.08224677973053218,0.05546900883459327,-0.004567629159710318,-0.0001358395172592619
202012,0.15209181152000006,0.15933301915400033,0.046408207399999846,0.37684076264564337,0.2960113197497536,0.3056591677533045,0.3446468241421856,0.3546252499719369,0.3274382009326453,0.35255337020133504,0.3209403314195618,0.3654687337449831,0.3540531728928549,0.4012867474500059,0.30625602302717514,0.2699232895194872,0.3303571489645667,0.4342875061501832,0.23047965763306877,0.21028639959715623,0.23943176575410874,0.27547060113954314,0.2757597149203894,0.11233415267379154,0.11672703791988792,0.18185536895784593,0.17068119011605698,0.33100288288076585
202103,0.05994828646099992,0.06757439487599992,0.18784750239999992,0.19307939830374998,0.23320764342528366,0.2198176308233255,0.2692607046318529,0.5226400935412261,0.10584283720238319,0.13084204542102018,0.20582100521905056,0.22375329744162697,0.27467147738036646,-0.025061063413808538,0.11789461086833519,0.16831354941244658,0.21807632242612396,0.2649798305750173,0.01161931954526918,0.10378047105667942,0.13444564486734967,0.20927826777305358,0.23385706117531746,0.002961127486466042,0.0806116100451697,0.10710166605072957,0.1738142531894924,0.22729397671249685
202106,0.08149106889999991,-0.01741141540000024,-0.023793358911999962,0.07450307765710784,0.034726715171505385,0.04223468236015404,0.023601235250513497,0.13732426945276366,0.07578303908296968,0.054115677551249464,0.04800876581865143,0.014940245651870798,0.08908560631579343,0.04869394524683934,0.03290419307304471,0.021629336485415873,0.008922109798689348,0.033552779353348994,0.07522542378155284,0.03285094560698809,0.06813213272088015,0.030161740157064854,0.058351371404759655,0.10482439228777474,0.08163119896784221,0.05106240944763396,0.0606863487706959,0.08767135152720873
202109,-0.0027065742399998705,-0.03605390998400004,0.02990415967999982,-0.13220852710428466,-0.06831431344150951,-0.034800398698042856,-0.03466643125558089,0.022224659379123102,-0.10620841876662446,-0.045583138378960886,-0.038711773012347295,-0.012623786020226846,-0.005246491778992501,-0.04477549193337638,-0.03502298535688331,-0.025396435446032428,-0.04050195267166079,0.009089842563703598,-0.021203824656951697,-0.017351675082197482,-0.018305718265745674,-0.0016974251311188127,0.020679400537346737,0.010834575074303077,0.007511638374592344,-0.03482888989949695,-0.01029829887728495,0.013924009060437559
202112,0.08334977445799985,-0.05112685577799991,0.023227747324999992,-0.13080646477426716,-0.06352531893981284,-0.005794670252687761,0.002435982709694251,0.04101268869333263,-0.06318745245142554,-0.010413430230532428,0.10728300326207019,0.08331023927749981,0.03640413389681463,-0.042306398161095604,0.06186307665063251,0.05631889072882856,0.06685190511799544,0.04464922994931664,-0.015212078948453667,0.09556012332967057,0.07673197583250446,0.09495413745219605,0.03494368109017931,0.12670143051797855,0.0784401761801119,0.04516301195903627,0.06677358705082903,0.02015791708489112
202203,-0.05475178201600006,-0.05387667635999993,0.14103559195999993,-0.16428283374429453,-0.14103863743442935,-0.08903270571232536,-0.019491040124895664,0.03473982037917578,-0.1549374836862365,-0.07847995387575823,-0.0745698460256281,-0.024487966239862713,0.030942495581687268,-0.1335477620638863,-0.08875121938961206,-0.04146016787449225,-0.03797843015896729,0.08180438163629011,-0.12507809492278243,-0.05602005150786793,-0.0001495083434311928,0.0032406816441956643,0.11966186001544821,-0.0648657858859909,-0.07225711624107434,0.000756432023742093,0.07176475586835651,0.03524002015927241
202206,-0.17301693495999992,-0.011606788119999933,0.0823309647999999,-0.2606180595317801,-0.19921189903648573,-0.14518184982707394,-0.1267303481487132,-0.11155153571103815,-0.22375562709124175,-0.2004271721144596,-0.12763726411119214,-0.08979332448745503,-0.13399485875881623,-0.20268798311105363,-0.13670390881612582,-0.12364739669051339,-0.13172347552549113,-0.1517390701816177,-0.1966445958765458,-0.157969902505816,-0.11986504681998167,-0.14580189033125135,-0.12827233435667207,-0.20383691434330198,-0.1457969700253049,-0.12994188234367543,-0.12046946907149181,-0.12778246262247994
202209,-0.04408811307400007,0.03517567522399978,-0.03928621230199991,0.03311832301950535,0.024327663314592796,0.002559739219431645,-0.03323689051846046,-0.047150799893987294,0.06241870194269117,0.02239366263759912,-0.06076448103612808,-0.04829992712086495,-0.04728434085415678,-0.026355880305542256,-0.02441465703929513,-0.04441074107297782,-0.05477477378647799,-0.01504011122961657,-0.0029448509338800832,-0.03693957591347996,-0.09214728802933492,-0.041461558074608273,-0.045910531319977355,-0.04483965600638118,-0.03755037469281963,-0.09364892633314259,-0.025239592355867257,-0.048446890601781756
202212,0.056642364050000005,-0.04293298286799996,0.11036166610399989,-0.10096803093429585,-0.037863639063870025,0.030504809396826538,0.03025353479389392,0.06949915910808513,0.010812909627895495,-0.014722350606584333,0.0230240566921891,0.1065165882663488,0.09910708748191199,0.01211987875327658,0.0565262956350272,0.12122390359559332,0.13183329087221396,0.09016906084657106,0.03596879561497612,0.06878783125176868,0.11455238795176803,0.09106336423852546,0.0425923640143373,0.003852850125849905,0.09430170456205533,0.09313711918871559,0.1548841405135455,0.1267862483969464
202303,0.06446102050399993,0.0029763424600000032,-0.1333236256000001,-0.01767171135814194,-0.009180539181096847,0.007491227180520532,-0.01147123683623652,-0.05326333735095268,0.046546115051107506,0.0817310575726915,0.07048996757047465,-0.012156184756800359,-0.06573092734591501,0.08210106419653251,0.09232725869504321,0.04734012266911658,-0.0006129188676282649,-0.07335639877658306,0.07321360633017227,0.055357914579631684,0.012924400432555938,0.022478546229306895,-0.10638577918150849,0.14954099776905005,0.01944292807278547,0.01792392667449616,-0.05558415392909477,-0.05076979946961502
202306,0.07484260176799995,-0.0036109640799999454,-0.08020381152399991,0.13187272312673248,0.022521112867162074,0.06368474994318651,0.012796597330180237,-0.003572515181297309,0.04229220637510611,0.0981418184121794,0.06548656781335538,0.06509509940571889,-0.012507828275864608,0.033194818321807595,0.04973181209316002,0.01898055611536842,0.026867900184913918,0.01988596553465327,0.05152257572065877,0.035319654548143786,0.03253211990550264,0.035528135438515296,-0.023716233411768428,0.13305463620031022,0.04624708358687335,0.008507568288991019,-0.007322453194122058,0.029180819492941934
202309,-0.04496248961199989,-0.03615560875000012,0.044062596499999884,-0.18373349376392512,-0.13734051224319155,-0.14331919187039954,-0.060412412695544426,-0.05381473452128993,-0.13508768953595296,-0.08669892071441243,-0.03829364497001342,-0.042929441795392265,-0.024905926789152044,-0.07482566430120197,-0.07214474088204759,-0.08706577729525355,-0.05000621940330474,-0.06192226077789065,-0.08382315287893094,-0.04166326629068817,-0.06191053167228322,-0.008694674515792533,0.011518702962888927,-0.05431418780808095,-0.0054741141690746176,-0.01681634718233216,-0.013598262017344043,-0.04719628646600149
202312,0.10564618579999996,0.020545803395999984,0.06845385852399999,0.07763270954383583,0.13400327227019893,0.15512001248299412,0.17669352813981054,0.1221351139376603,0.10450964468617663,0.13685215119924599,0.10701964024445743,0.17008348381960214,0.17668668980257962,0.1222957416352719,0.10348108065919259,0.11429443658322369,0.1754545155796463,0.24664241490834238,0.10971122007771372,0.0934021881817686,0.09148383041321617,0.10373519770430684,0.11573113368920995,0.11533351003108838,0.05208603045146942,0.08296786686887958,0.09328158914764573,0.22129034481752075
202403,0.08842782112399994,-0.07654723600000013,-0.017966072943999878,0.060099560574842226,0.046906760368227385,0.07432818463236512,-0.01146978983141489,0.04073933396163931,0.04245669959128673,0.02936544269423158,0.04279299588081131,0.006527102931787265,-0.024382470685158197,-0.017961291462617157,0.03871039212627503,0.04562975044249984,0.013668788447361191,0.009198145245228329,0.0794392155711563,0.11772946509538329,0.05899769486677853,0.08150705680905301,0.06377981978365277,0.08889078033671871,0.06341261845407953,0.14560700191735054,0.13090774828250296,0.09850507940595676
202406,0.02264057339999992,-0.04806735579999999,-0.05074408095999994,-0.1134037949017278,-0.08511501681048872,-0.09642432336803819,-0.06965720855001056,-0.07386019826663537,-0.08044001289494551,-0.0800053111324659,-0.051247086119873275,-0.03892692124293229,-0.05692522839452985,-0.005039504603001177,-0.03662496372317037,-0.0505335580334797,-0.055330410046246614,-0.07527390279833746,-0.052382963913863656,-0.0739875889597813,-0.07307851551915023,-0.048763888110632925,-0.0643031241815828,0.06588265191188403,0.051483230822249926,-0.024315194339111557,-0.04128640582949583,-0.02171289300444823
202409,0.046083597440000235,0.029483239696999952,0.015275652893000036,0.10987298882128993,0.04934441826821723,0.0854333101215532,0.07241952100302163,0.1049254077538666,0.07001775520613651,0.09855570377472844,0.05494591708525021,0.07665352088522348,0.10412292881048946,0.09538580195692692,0.04966579268567717,0.07875421065024346,0.07619441111128977,0.09198202181644333,0.07338822632513664,0.1064504472666239,0.08350769609821418,0.10964169291752146,0.03967829750609897,0.023992528788845835,0.0911004237090578,0.031024771490650416,0.0842020710562088,0.019961659222025308
202412,0.02083124330000019,0.00702916684999999,-0.01714957702599995,0.08379192864618568,0.034367366792297016,-0.0025829932667447153,-0.014811411672048913,0.052003592434385126,0.07290631705262185,0.007838979157954507,-0.03257030970073482,0.009836238434549838,0.015626566548677,-0.01333889864928861,-0.01560788626429821,0.001083182288039719,-0.025919659523213734,0.00793484770409325,-0.015132097304575876,-0.03757579816793277,-0.03821034744999674,0.04039013994569873,0.06489156520680783,0.0465572956034872,-0.022189020176273444,-0.06433350001743865,0.007093759983715975,0.09932191628354836
202503,-0.061169583520000015,-0.10166394879999996,0.09747048780799994,-0.1938080114062687,-0.18013959102585275,-0.1545729181627381,-0.14885309665497182,-0.09963034931146753,-0.1660896368496768,-0.13970263223636048,-0.1401770807533136,-0.09690697536308057,-0.09925234003896066,-0.09068074371216772,-0.09936466830724722,-0.07868286422786375,-0.06714984219652131,-0.045550254317167305,-0.07873632022754085,-0.0935361192278249,-0.019422724509151168,-0.03967264270732174,-0.0033678543277047,-0.10247732970428469,-0.0050114517439288075,0.03469797239413075,0.055324766292842,0.010450670761451564
202506,0.10280314065599994,0.0074678231330000955,-0.07351643020699994,0.2756293224757853,0.12070927409309995,0.15256832824633904,0.07470969871093525,0.07681464282274053,0.09990743570036598,0.10183480331457195,0.10758986620524946,0.06258020236602801,0.02488551900634617,0.07887769186784621,0.05823975152509986,0.034809614232100605,0.003938506234508088,0.051570822359340074,0.0639592289183164,0.07257236729933414,0.027271314526943646,0.10464504101922056,0.037601677396622124,0.14298185475572112,0.08288329298151242,-0.022846371539140042,0.03846662830682801,0.09779601271276595
202509,0.07377165044800016,0.022061613799999824,0.018902418590000192,0.1499129886372892,0.18455203323700675,0.1663180724167912,0.12002486270946067,0.11843039038995529,0.12164344766975166,0.08736495484334017,0.1255196257165745,0.06426766378879756,0.10551360788543152,0.09890942718672924,0.0471836882657557,0.048887012824520015,0.07573387776841356,0.13134053472147422,0.04409630842720613,0.04798810319078117,0.05159446255078426,0.039730910690911836,0.027780936246740495,0.09252580614722294,0.023840399943459767,0.06157259909052781,0.04812906496569336,0.17057355821946207
202512,0.014608731727999924,-0.01210488288,0.028714823680000112,-0.03553869140144106,0.11475796953065531,0.03382186870124815,0.03441377670089052,0.031097381343711206,0.033647587686874925,0.0958264390978516,0.032877110567811396,0.008962867776125094,-0.0009350108410399738,0.003005354030297891,-0.003673527863211845,-0.0014179882438098979,0.01037228407838131,0.026221356716887634,-0.011136269322501668,0.018834351156409523,0.06607740245117677,0.029589583365011274,0.0337732861654767,0.010011095064524023,0.010867532258177715,0.04956622119375642,0.019108219308735963,0.11995522605083564
202603,-0.053241747582000065,0.0279379934720001,0.1021704055999999,-0.04800009303163022,0.007525946992152477,0.02611186326316295,0.05563860700239531,0.04338341261027989,-0.050425880446718474,-0.005369173436027275,0.014662333422060803,0.06762457365219432,0.11315569265871694,-0.008021540119575343,0.009842857476590305,-0.018691288246622473,0.07788573119272035,0.00772867077900008,-0.07846395563371666,0.022494460144841577,0.03245091407283618,0.057399653175820964,0.0707435873476503,-0.09479979555169082,-0.01667013227457581,0.06202897399539409,0.01936146350497925,-0.013269215350609431
202606,0.1411431556849998,0.01939416588099996,-0.001989640373999957,0.2427696318786272,0.1783954474777638,0.2507633989588036,0.1991773284908427,0.14395386207211258,0.30080454224221875,0.268957479294625,0.3429005260003639,0.15711838673015355,0.16165593886158813,0.2726560012285024,0.19952490418482283,0.1468809243462561,0.0942734829849432,0.10798738128049523,0.1720257308787767,0.12932391035716928,0.21048858853179486,0.05487962102703614,0.08492208833915771,0.13053814561702914,0.16259315764456161,0.19908929164907208,0.004251254000450677,0.6165301893049435
