date,s_lag,mkt_rf,s_mkt,SMALL LoBM,ME1 BM2,ME1 BM3,ME1 BM4,SMALL HiBM,ME2 BM1,ME2 BM2,ME2 BM3,ME2 BM4,ME2 BM5,ME3 BM1,ME3 BM2,ME3 BM3,ME3 BM4,ME3 BM5,ME4 BM1,ME4 BM2,ME4 BM3,ME4 BM4,ME4 BM5,BIG LoBM,ME5 BM2,ME5 BM3,ME5 BM4,BIG HiBM
197001,3.5196949451424544,-8.1,-28.50952905565388,-5.2172,-4.0023,-4.6822,-3.1366,-0.49849999999999994,-8.1478,-6.8393999999999995,-2.6779,-4.6998,-3.2395,-10.312199999999999,-7.4913,-8.7552,-4.4098,-3.8240000000000003,-8.2732,-11.947899999999999,-7.958399999999999,-7.138999999999999,-6.4901,-9.051499999999999,-7.578399999999999,-9.77,-9.6016,-4.866899999999999
197002,3.1850574280565107,5.14,16.371195180210464,1.5318999999999998,3.0164999999999997,3.675,2.6099,3.6821,3.7656,1.5221,2.6473,7.569500000000001,6.9062,2.6973,2.4995,5.644,4.9304,6.5815,3.0126999999999997,4.9084,5.6285,8.859300000000001,6.2862,2.944,5.3655,8.502600000000001,6.0811,7.5607999999999995
197003,2.4014622866625115,-1.06,-2.5455500238622624,-6.9972,-5.4492,-3.6626,0.2985000000000001,-1.8687,-6.732200000000001,-3.4524,-0.7403,-0.7162,0.3026000000000001,-4.1473,-2.1318,-1.0459999999999998,1.5301,0.7084,-4.8307,-0.33219999999999994,1.2633,-0.30099999999999993,1.6893000000000002,-3.0492,-0.16209999999999997,1.7328000000000001,0.4646,1.0206
197004,2.5891299418870135,-10.99,-28.45453806133828,-24.1734,-19.4231,-15.3771,-13.6027,-12.497,-23.237,-17.6412,-15.3094,-11.4185,-12.1576,-20.3262,-15.8279,-13.5001,-9.5311,-11.0444,-15.6578,-15.0823,-10.2532,-10.3377,-9.733,-11.0061,-8.6889,-9.1868,-7.6611,-8.5008
197005,2.363818076737393,-6.9,-16.310344729488012,-10.671999999999999,-10.5566,-9.4735,-8.1629,-11.059299999999999,-13.672799999999999,-9.1551,-11.276399999999999,-8.813699999999999,-8.9813,-11.9177,-12.0872,-13.1854,-7.3743,-8.548399999999999,-10.8682,-10.693399999999999,-8.2731,-7.3848,-8.1434,-8.8674,-5.747,-4.8108,-0.8504,-4.5208
197006,1.9636451689063394,-5.8,-11.389141979656769,-12.9486,-8.7584,-8.1793,-8.8364,-6.6329,-10.7539,-7.5729,-8.7966,-7.6606,-6.7464,-8.575,-5.6318,-6.144,-5.1665,-7.5747,-3.3108,-5.7022,-4.651,-3.842,-10.699,-7.054,-4.3026,-3.9178,-2.9467,-8.8152
197007,1.5334365160057437,6.92,10.611380690759747,4.1814,4.3237000000000005,5.2265999999999995,5.9754000000000005,3.2915,6.1629000000000005,7.550700000000001,5.173,10.597100000000001,6.699400000000001,7.4041,5.8154,8.231300000000001,5.1395,7.134499999999999,5.4977,8.8439,8.2261,8.700700000000001,10.9901,3.9784,7.7417,8.372,10.2189,5.6236999999999995
197008,1.5491210884495072,4.5,6.971044898022782,4.1861,6.2364999999999995,6.685099999999999,6.3613,5.9985,9.195,7.3647,6.8624,7.4688,3.9631999999999996,5.4803,7.5621,5.0167,6.019,6.513,4.0004,7.5203999999999995,3.3924000000000003,4.803,6.4199,3.5622999999999996,4.7748,3.8207999999999993,4.3823,5.7025999999999994
197009,1.1673939310360177,4.18,4.879706631730554,22.140900000000002,15.7344,15.1482,11.1435,11.047699999999999,17.3365,16.7333,11.801100000000002,6.4797,9.2208,14.3006,10.2,7.542800000000001,4.4824,6.1142,8.986999999999998,5.8514,4.1162,3.4627999999999997,7.311,6.5602,-0.1733,-0.8572,-0.28540000000000004,3.862
197010,1.0426640090317278,-2.27,-2.3668473005020223,-12.0394,-7.2767,-11.7093,-6.8446,-5.1115,-5.2204,-8.3594,-7.3077,-4.0318000000000005,-4.8039,-5.9259,-4.7364,-6.6002,-3.089,-5.2283,-3.403,-4.402200000000001,-3.6158,-3.8956,-6.8244,-0.5894,-1.5272,-3.8483,-0.4021,-4.2305
197011,0.7886101417027841,4.62,3.6433788546668624,-4.993,-2.4222,-2.6008999999999998,0.40109999999999996,-0.2857,0.4399,0.7213,2.195,5.4225,3.1829,2.7643,2.1884,4.8669,3.7689000000000004,1.6885,4.3423,3.0279,5.574,7.544099999999999,4.7898,4.6548,6.3321,4.8036,5.417,5.2227
197012,0.579341950203219,5.74,3.325422794166477,6.9142,6.5284,10.3823,11.362,10.1806,8.18,8.128,8.2341,8.8761,8.7094,5.8229,8.5815,10.0216,8.3014,8.1357,5.8156,10.3108,8.0082,9.6731,7.1563,4.3244,5.4291,6.9968,4.6778,6.4951
197101,0.40863767458665795,4.83,1.973719968253558,14.957799999999999,13.0931,15.357399999999998,13.726899999999999,15.482899999999999,7.4221,11.5444,12.077399999999999,10.2571,12.822299999999998,7.833800000000001,8.7106,9.8559,7.908399999999999,9.645399999999999,5.1569,6.6496,4.7979,8.007299999999999,13.369399999999999,3.6456,4.0773,2.7914000000000003,2.5916,3.6559999999999997
197102,0.4950252058515166,1.41,0.6979855402506384,7.5778,7.2141,5.5285,3.0502,3.7253,4.0306,2.1968,2.7933,1.8211999999999997,0.011799999999999977,4.2078999999999995,1.2723,2.1402,0.9208999999999998,1.7288999999999999,3.1919,2.5286999999999997,0.1285,2.8344,1.2888,1.9807000000000001,0.06309999999999999,0.2615,0.19749999999999995,0.9055
197103,0.1198482092701932,4.12,0.493774622193196,7.933700000000001,4.353400000000001,7.7025,5.9311,4.8001000000000005,7.2262,7.2116,5.2918,4.4359,1.3896,9.9775,8.764899999999999,3.0134000000000003,2.7430000000000003,4.3743,6.7845,6.0195,4.2797,1.9208999999999998,3.1981,5.4194,2.4792,4.8757,1.1104,2.2049000000000003
197104,0.0028226262449134636,3.15,0.00889127267147741,0.4324,3.1296999999999997,2.1132,2.7491000000000003,1.2241,1.7617,2.2102000000000004,1.9997999999999998,2.9046000000000003,6.3685,5.987299999999999,4.084099999999999,4.4081,1.9073,8.0862,2.6607000000000003,2.878,1.5223,3.8575,8.9364,3.2382,5.3609,0.3889,2.2594000000000003,5.8773
197105,-0.5135010362452379,-3.99,2.0488691346184993,-7.5151,-5.8907,-7.5552,-5.3689,-6.5282,-3.1372,-6.5181000000000004,-5.6007,-4.8424,-4.797,-4.4822,-3.0297,-5.4326,-3.7720000000000002,-4.2661999999999995,-2.125,-3.6565,-4.6234,-3.4008,-4.4304,-2.7565,-4.6128,-4.5503,-5.3157,-4.2179
197106,-0.7897971288549306,-0.09,0.07108174159694375,-1.4209999999999998,-3.7846,-2.5183,-1.5590000000000002,-2.5645000000000002,3.0313,-1.8441,0.17579999999999996,-2.5563000000000002,-3.7497000000000003,-1.7073999999999998,0.8842,-1.2722,-3.1083000000000003,-1.6920000000000002,0.6481,0.7291,1.8923,0.10249999999999998,-4.4097,0.8207000000000001,-1.4996,-0.0008000000000000229,0.3823,-0.3836
197107,-0.9743784321735808,-4.49,4.374959160459378,-9.093,-8.6536,-7.5377,-6.3026,-6.5274,-6.654,-5.421200000000001,-4.2452000000000005,-7.2894000000000005,-6.4689000000000005,-8.1801,-5.022600000000001,-3.4208,-6.0164,-5.2645,-3.7611,-4.577500000000001,-4.2308,-4.5529,-8.0865,-4.2997000000000005,-4.6359,-3.6809,-3.6967,-5.8943
197108,-0.8638062908940837,3.79,-3.273825842488577,2.8868,3.8853,2.7747,4.040900000000001,5.1205,3.3426,6.9808,3.0309,5.1775,7.8763,6.1052,4.083,1.8089000000000002,6.1019000000000005,8.6063,6.3931000000000004,3.3590999999999998,2.1426,2.8357,9.957099999999999,4.8777,4.397,-1.5943,1.4968000000000001,13.178899999999999
197109,-1.009700201077369,-0.86,0.8683421729265374,1.2328999999999999,1.4628,-0.819,-0.9617,-2.5238,1.8357999999999999,-1.2646,-2.2281,-2.2991,-2.6713,0.9720000000000001,-0.3174,-1.5177,-1.314,-3.5295,1.56,-1.3235999999999999,-0.5021,-0.6222,-4.9247000000000005,-0.07279999999999998,-1.6455000000000002,-1.5998,-1.8256999999999999,-2.5185
197110,-0.9332706145038026,-4.42,4.125056116106808,-7.9843,-7.431,-7.1332,-5.0293,-7.4925,-6.0751,-5.7362,-3.6806,-5.0069,-6.8535,-8.1664,-6.8500000000000005,-3.1008,-5.4527,-5.1211,-3.448,-3.7659000000000002,-2.615,-6.1028,-6.2204,-3.9113,-6.5229,-3.3875,-3.0771,-4.3909
197111,-0.9974607598551019,-0.46,0.4588319495333469,-3.8326000000000002,-6.3176000000000005,-3.9987,-4.8454,-5.8406,-2.4091,-2.6805000000000003,-2.0841,-3.1639,-2.4345,-2.1854,-1.5640999999999998,-1.564,-4.3262,-5.3085,-0.1727,-2.2258,-2.8595,0.377,-4.5732,0.6829999999999999,0.2982,-0.1195,-0.92,-0.08350000000000002
197112,-1.006460564845203,8.71,-8.766271519801718,13.745800000000001,13.590300000000001,10.6608,11.4617,12.592500000000001,12.443200000000001,13.6088,12.4023,10.716700000000001,12.119100000000001,13.2889,9.555200000000001,9.778,11.4465,11.4479,12.072700000000001,9.2134,8.252,7.632700000000001,12.1441,8.021700000000001,9.4687,8.1438,6.57,8.5755
197201,-1.0967624795174058,2.47,-2.7090033244079925,14.000900000000001,13.608500000000001,11.2559,10.4306,14.378,7.988499999999999,6.5027,5.1359,6.7006,10.1417,5.0739,4.1974,2.104,5.2207,7.7083,2.5202999999999998,1.6438,1.434,2.9188,7.6786,2.4537999999999998,0.3249,-0.9553,0.5273000000000001,6.1015
197202,-1.15541056921348,2.87,-3.3160283336426875,2.8549,5.3233,4.0938,4.0218,3.2096,4.9015,4.2614,3.9692999999999996,1.6749,3.444,6.2906,4.132,1.4447,0.259,1.8437999999999999,5.2801,1.2944,-0.2362,1.9211,0.1498,4.4363,2.204,0.8982000000000001,0.12580000000000002,-0.1907
197203,-1.2513908924191668,0.62,-0.7758623532998834,1.7609,0.23139999999999994,-2.0962,-1.6569,-1.1186,1.7605,1.3717,-1.1764999999999999,-1.0054,-1.6261,2.3555,0.7873999999999999,1.3483,0.5801999999999999,-1.6941,0.7164,-0.5484,2.907,1.3881999999999999,0.899,2.2721999999999998,0.2036,-3.3786,-2.1793,2.5862
197204,-1.267911350496221,0.29,-0.36769429164390405,-0.17169999999999996,0.301,-1.3259,0.7628999999999999,0.8816999999999999,-0.09769999999999998,0.31460000000000005,1.7690000000000001,1.2504,1.3276999999999999,1.5015,-1.274,-0.3166,0.8169,-0.4765,-1.2659,-0.9018999999999999,-0.6645,0.9622999999999999,3.2300999999999997,0.6914,0.9841,-0.10129999999999997,-0.13169999999999998,-1.3834
197205,-1.2215387537749283,1.29,-1.5757849923696574,-2.3590999999999998,-2.27,-4.0037,-2.4705,-2.7142,-0.7057,-1.875,-2.2418,-3.7782,-2.0592,1.1502999999999999,-2.4581999999999997,0.7055,-1.4291,-4.3373,3.8909000000000002,-2.2079999999999997,-1.6047,-0.4437,0.33270000000000005,2.978,-0.8755999999999999,2.7205000000000004,0.6967000000000001,-2.9838
197206,-1.1195374016306148,-2.43,2.720475885962394,-4.4886,-4.5556,-3.7904,-3.3035,-4.29,-4.232,-3.5906000000000002,-1.8447,-1.6459000000000001,0.6441000000000001,-0.12219999999999998,-2.251,-4.2456,-5.6219,-6.1558,-4.53,-2.5003,-2.4452,-4.8765,-8.097299999999999,-1.0018,-3.7658,-2.8774,-2.6338,-6.9653
197207,-1.0477659589943842,-0.8,0.8382127671955074,-7.0470999999999995,-5.3527,-3.8986,-3.9017,-3.1095,-5.6513,-5.1712,-3.7521,-2.2466,-4.5051,-3.6755,-1.7809000000000001,-3.4731,-1.2883,-0.6673,-3.9442,-3.1361,-2.3781,-0.3042,-2.8904,1.306,-1.849,-0.055999999999999994,-1.6846,-1.9551
197208,-1.02782354582245,3.27,-3.3609829948394117,-1.797,-2.6455,0.8338999999999999,-0.7568999999999999,1.9596,-0.7963,-1.9165,1.3423,1.3227,4.9634,-0.06489999999999999,1.8437999999999999,2.5198,5.3872,2.5555,-0.15789999999999998,2.4095,4.5951,4.9613,6.7315,0.46280000000000004,6.5295,7.1098,8.622300000000001,5.8766
197209,-0.9985302093421798,-1.14,1.1383244386500848,-5.1916,-5.1895999999999995,-4.801,-4.2829,-4.4995,-3.847,-4.1235,-2.409,-2.8691999999999998,-3.3158,-1.6599000000000002,-3.1935,-1.3379,-2.4288,-3.0568,-2.2683,-3.5890999999999997,-0.9186000000000001,-2.713,-4.4123,-0.18270000000000003,-1.969,-2.1587,1.6676,-4.1
197210,-0.9603197937682019,0.52,-0.499366292759465,-3.9696,-3.1271999999999998,-2.867,-2.6129,-2.3552,-4.468500000000001,-0.8292,1.1488,0.1279,-0.8729,-3.3586,-1.2236,1.1118999999999999,0.21819999999999995,-0.9841,-2.0237,-0.1501,0.6630999999999999,1.9506000000000001,-1.0988,0.5982,0.5907,1.7373000000000003,1.9989,0.6565
197211,-1.0165234458875627,4.6,-4.6760078510827885,0.2683,3.7649,3.9184,5.6263,5.5201,3.8084999999999996,4.3985,7.2756,4.3439,6.8015,2.7626999999999997,3.8572999999999995,6.131,7.4844,7.111,6.3818,6.5667,6.656,6.6991,10.553,1.2507000000000001,6.3854999999999995,6.2757,7.749,13.484
197212,-0.9311335824954017,0.62,-0.577302821147149,-2.2796,-3.3421000000000003,-3.2483,-2.9313000000000002,-1.9325999999999999,-0.9615,-3.0045,-0.1833,-3.6834000000000002,-2.7892,0.43220000000000003,-0.667,-0.8441000000000001,-1.6867999999999999,-3.2443,0.0242,-1.8056,-1.3336999999999999,-1.8704999999999998,-4.7943,3.3377,-0.4152,-1.006,-0.43069999999999997,-3.0058000000000002
197301,-0.8157258711536961,-3.27,2.667423598672586,-8.6753,-4.6103000000000005,-4.1818,-3.9821999999999997,-1.8436,-11.0643,-6.176100000000001,-7.2926,-3.0251,-6.4336,-7.8901,-8.1504,-6.426100000000001,-3.9935,-5.8089,-6.7945,-8.1612,-6.081200000000001,-3.8946,-4.9769000000000005,-2.0408,-4.3589,-1.4886,0.18849999999999995,-4.801100000000001
197302,-0.8089318540142905,-4.85,3.9233194919693086,-14.4924,-9.2925,-9.1373,-8.404200000000001,-6.3195,-14.1746,-8.4897,-7.7579,-6.1897,-5.9691,-11.7253,-8.669599999999999,-7.8449,-3.7874,-7.3872,-8.4246,-8.7408,-4.9291,-4.0502,-2.6967,-2.6473999999999998,-3.3697,-5.3609,-6.3609,-3.8064
197303,-0.5065978981763477,-1.3,0.6585772676292521,-6.8525,-4.5094,-2.9171,-1.4694,-2.3202000000000003,-5.4637,-2.9085,-2.9009,-2.637,-0.743,-4.9551,-4.8994,-2.665,-2.1121,0.5017,-4.4921999999999995,-4.4219,-2.2275,-2.8569,0.23899999999999993,-1.191,-1.4275,1.3582,1.4076,1.1084
197304,-0.5221783068065973,-5.68,2.9659727826614724,-13.030999999999999,-10.369299999999999,-7.217499999999999,-6.7036999999999995,-5.915900000000001,-14.4521,-9.927,-6.243,-4.6838999999999995,-5.518599999999999,-11.3225,-7.054500000000001,-4.3603000000000005,-4.3297,-4.942,-11.413599999999999,-8.4307,-3.6934,-3.3642,-4.796799999999999,-6.399900000000001,-3.8941,-2.649,-1.262,-3.2867
197305,-0.5693129796357207,-2.97,1.6908595495180905,-11.8872,-11.7402,-9.411999999999999,-8.3472,-8.8784,-11.6842,-9.6456,-8.308,-6.2541,-9.8194,-9.613999999999999,-9.050699999999999,-4.8408,-3.8593,-7.3355,-7.3583,-8.9153,-2.8204000000000002,-3.0685000000000002,-5.4105,-0.2904,-1.5817,-1.5032999999999999,-3.8307,-6.1594999999999995
197306,-0.9117659372635492,-1.57,1.4314725215037722,-5.5835,-4.4013,-5.361,-3.2937000000000003,-2.8674,-7.426699999999999,-4.1979,-3.4452999999999996,-2.6285999999999996,-2.4181999999999997,-6.5836,-3.5458999999999996,-2.1418,-1.7779,-3.2247000000000003,-5.0816,-4.3165000000000004,-3.6398,-1.4577,-4.3622,-0.8859,-0.854,0.3558,-1.2898,-2.5446
197307,-1.0949915659314118,5.04,-5.5187574922943154,18.432,15.528500000000001,11.3128,12.757,10.1337,20.822599999999998,13.395,10.774,6.1047,9.3891,18.2471,8.9839,7.3377,1.7153,7.0705,14.710899999999999,8.398,5.5719,3.1311,8.1038,4.785900000000001,5.0671,-0.8317,1.3314,3.5746999999999995
197308,-1.3276991905967752,-3.82,5.071810908079681,-6.0985000000000005,-7.537100000000001,-6.7458,-6.655,-5.2571,-3.4284999999999997,-8.0372,-5.4465,-5.932300000000001,-4.7975,-3.726,-5.168,-4.1728,-3.4348,-1.4739,-3.1562,-1.8394,-3.2192,-2.5711,-1.4866,-4.1389,-2.9276,-4.394,-3.2386,0.08340000000000003
197309,-1.2798626352108933,4.74,-6.066548890899634,11.3777,10.474400000000001,6.235600000000001,7.131200000000001,6.3707,10.3809,10.7421,11.168000000000001,6.3078,9.6559,10.6056,9.1205,9.4908,8.3313,9.846300000000001,9.21,11.2837,10.4634,9.321,10.727,-0.36560000000000004,6.3986,7.9442,7.9343,7.6005
197310,-1.439192325396748,-0.83,1.194529630079301,-3.1562,-0.1754,0.8077,-0.6912,0.6863,-3.6601,-3.6362,0.2178,1.1236000000000002,0.2298,-4.5058,1.6987,0.20950000000000002,-0.8804000000000001,0.8737,-2.9713,-2.5273,0.23109999999999997,-0.8776,0.9843000000000001,-0.11919999999999997,-1.4173,-0.4848,-3.6464,1.8891
197311,-1.6115909046252113,-12.78,20.5961317611102,-25.700899999999997,-21.6035,-19.845299999999998,-17.4961,-18.7553,-23.8038,-20.453599999999998,-20.019499999999997,-16.4026,-16.7233,-23.3601,-18.952399999999997,-16.8964,-12.603900000000001,-15.928700000000001,-20.866,-17.7275,-14.498700000000001,-13.2288,-15.302200000000001,-11.4464,-12.949900000000001,-11.4056,-6.8523,-8.8528
197312,-1.8713005193860581,0.59,-1.1040673064377742,-4.439,-5.3515,-3.4465000000000003,-4.5205,-4.9281,-1.1894,-4.9447,-1.3382,-1.6696,-1.7222,-1.8876,-0.22970000000000002,0.1542,0.48739999999999994,1.7357999999999998,-0.3578,1.6942999999999997,6.1616,2.4068,6.4213000000000005,-2.3362,0.14349999999999996,6.639,4.3941,10.5002
197401,-1.4932506407290038,-0.16,0.23892010251664061,9.754299999999999,13.853599999999998,14.2289,12.289,17.907500000000002,4.0520000000000005,9.9591,8.9055,9.625699999999998,13.2523,4.4104,4.2592,7.5584999999999996,6.4088,10.9307,-2.8261,2.1995,2.294,7.348,5.0102,-2.5323,0.12229999999999996,-3.6111,0.055400000000000005,-0.7111000000000001
197402,-1.706026281479411,-0.46,0.784772089480529,-1.0304,-1.5,-1.0817999999999999,-0.38469999999999993,0.5495,-0.20559999999999995,1.3201999999999998,0.6071000000000001,1.1937000000000002,3.3165999999999998,-3.3715,-0.13089999999999996,0.6026000000000001,-0.27199999999999996,1.7708,-3.0207,0.4141,1.815,1.5488,2.9861,-1.7385000000000002,1.0236,-1.424,2.187,3.2885
197403,-1.9005720960585617,-2.82,5.359613310885144,-0.41040000000000004,-1.2108,-0.26060000000000005,0.8658999999999999,1.5876000000000001,-2.0228,0.6451,-1.996,-1.4613,-0.019600000000000062,-2.1034,-1.4033000000000002,-3.5049,-2.3493,-1.5724,-3.117,-4.3521,-5.524000000000001,-3.3371,-2.7655,-1.9772,-4.2675,-2.959,-4.043,-5.3239
197404,-1.908147985580616,-5.28,10.075021363865654,-5.3952,-6.6599,-6.3544,-5.9532,-4.6899,-9.1199,-7.157,-6.9334,-4.1361,-4.003,-7.0108,-7.52,-4.3818,-6.434,-3.1289,-7.6866,-7.6369,-6.6556,-7.4259,-2.3888,-3.4744,-5.5807,-5.7767,-6.8689,-6.1854
197405,-2.195322597944235,-4.7,10.318016210337905,-9.0793,-8.161999999999999,-8.7566,-7.8311,-7.1117,-7.1969,-8.8231,-8.4226,-8.165199999999999,-8.1354,-8.0609,-9.6267,-7.592,-8.2287,-9.0739,-6.883,-9.4947,-6.1301,-6.7758,-8.0983,-1.6196000000000002,-4.0306999999999995,-6.435,-4.0931999999999995,-8.6085
197406,-2.2561717758875517,-2.84,6.407527843520646,-4.3151,-3.8725,-3.0467,-2.9285,-2.1347,-4.1324,-4.6445,-3.8368,-1.2787,-1.1829999999999998,-4.8626,-3.2343,-3.8272,-5.1555,-1.0817,-3.9051,-3.9972000000000003,-3.0006,-5.9079999999999995,-5.0222,-2.09,-3.7496,-2.3531,-2.6432,0.9684
197407,-2.160457463112915,-8.06,17.4132871526901,-9.1715,-6.242,-5.7901,-5.2178,-4.8467,-8.4825,-5.018800000000001,-5.0046,-4.2962,-3.5372000000000003,-7.3715,-2.9587000000000003,-3.1338999999999997,-3.8011999999999997,0.27,-9.200299999999999,-6.5840000000000005,-2.9151999999999996,-1.4463,-2.3177,-11.594399999999998,-4.8711,-4.3423,-4.82,-5.8544
197408,-2.2966887954630058,-9.39,21.565907789397624,-9.702399999999999,-8.9293,-8.108600000000001,-8.1209,-7.593299999999999,-10.183,-11.5999,-6.613099999999999,-8.2078,-6.077299999999999,-11.469199999999999,-11.0275,-7.3662,-7.879,-7.4996,-12.3833,-9.453899999999999,-9.1932,-6.5969,-7.1303,-10.607099999999999,-8.2464,-5.1925,-8.5405,-9.2889
197409,-2.436148562250731,-11.79,28.722191548936117,-13.7018,-9.4506,-7.768800000000001,-7.796900000000001,-9.4817,-12.9681,-8.3095,-8.7226,-8.4686,-8.194,-14.004800000000001,-9.0228,-7.6198,-5.5762,-7.2631,-12.3732,-7.661,-6.1046,-6.421799999999999,-8.4731,-15.7286,-10.785300000000001,-5.7395,-6.055199999999999,-7.4413
197410,-2.142293431389996,16.11,-34.51234717969284,15.8912,6.6561,6.7094000000000005,7.1912,8.345,15.9186,10.2228,6.2786,7.6287,6.246700000000001,18.2626,10.4598,6.8422,7.8484,9.701600000000001,20.6999,12.7078,10.997300000000001,9.5193,8.2718,21.693099999999998,13.3252,12.8301,10.0906,0.8823000000000001
197411,-2.4069404624139046,-4.53,10.903440294734988,-6.6518,-6.2032,-5.5886000000000005,-5.7683,-7.4762,-4.7792,-4.5804,-4.4307,-5.6926,-7.5924,-5.2526,-4.5082,-3.3986,-4.6893,-2.4926,-2.8283,-0.8965000000000001,-2.0644,-4.5403,-5.3337,-5.1068,-3.8543,-4.6259,-2.9432,-4.7231
197412,-2.5125406807529345,-3.44,8.643139941790094,-7.7853,-8.8334,-7.9474,-8.1998,-9.670499999999999,-7.0349,-6.8392,-5.9226,-7.5763,-6.344,-6.3020000000000005,-4.9270000000000005,-4.7872,-5.6878,-7.9481,-5.1703,-3.5228,-4.6626,-2.8129999999999997,-9.3745,-4.5274,-0.26979999999999993,0.6441000000000001,-1.8046,1.1779
197501,-2.0510669180220664,13.67,-28.03808476936165,24.6185,29.489,27.701400000000003,27.6856,32.6235,20.8654,26.0406,26.035300000000003,26.600800000000003,29.0742,18.3987,24.4551,21.4749,22.914900000000003,28.6401,15.0247,19.666,23.3073,23.489700000000003,27.2741,8.7212,13.397499999999999,13.352,19.2862,15.0997
197502,-1.9096017725007457,5.56,-10.617385855104144,7.2869,4.7578000000000005,2.7836999999999996,3.1767999999999996,4.5559,8.102400000000001,6.3567,1.1267,3.3863,1.5891,6.9885,2.7653,2.8123,4.1544,4.2354,6.0618,2.2781,1.3155000000000001,2.4019999999999997,2.3255999999999997,9.176400000000001,2.32,3.3371,1.7784000000000002,-3.6639000000000004
197503,-2.1622736989020703,2.66,-5.751648039079507,8.530899999999999,10.3624,8.397,7.591899999999999,9.3377,6.4058,6.7414,6.4666,5.4796,8.1242,5.5466999999999995,6.2246999999999995,3.8442999999999996,6.7021,4.8976999999999995,5.5157,5.7905,4.9021,4.6518999999999995,4.6316999999999995,2.2982,1.4329,-1.6042999999999998,5.8654,5.7413
197504,-2.2628004056122992,4.22,-9.549017711683902,6.802899999999999,5.8218,3.7293,2.449,2.6393,5.5851999999999995,3.343,2.3089,0.9263000000000001,3.5216,5.2296,4.4098,4.7443,3.3838,2.8376,6.527299999999999,2.8252,2.3461,4.4853,6.1652,5.280799999999999,4.3145999999999995,0.4257,5.0412,4.5709
197505,-2.336752850519372,5.2,-12.151114822700734,11.2889,10.7019,7.947,7.5028999999999995,6.6559,11.6982,7.414199999999999,6.5322,7.4059,7.2589999999999995,4.8195,7.7434,3.9432000000000005,7.556699999999999,0.8062,7.303999999999999,5.2237,5.0165,3.4796,5.3789,4.532299999999999,8.150500000000001,4.220999999999999,-0.8141,0.512
197506,-2.2013471033018535,4.87,-10.720560393080026,5.1952,7.2795,7.0767999999999995,8.548,7.731199999999999,9.117799999999999,6.923,6.7315,7.9778,2.5694999999999997,5.3831999999999995,4.8128,6.2242999999999995,5.1692,4.3588,4.8191,7.362,7.2349,10.134,8.5536,3.1427,6.7234,4.4552,6.3953999999999995,7.0150999999999994
197507,-2.2080838882841434,-6.6,14.573353662675345,-2.2152000000000003,-0.25129999999999997,-1.8611,-1.1558,-1.1019999999999999,-4.084,-3.7151,-2.7921,-3.9425,-4.569800000000001,-5.6417,-3.8902,-3.9312,-4.260199999999999,-6.455299999999999,-7.7591,-6.8741,-4.686400000000001,-4.7730999999999995,-7.3276,-8.6229,-4.5832,-5.107900000000001,-6.1861999999999995,-2.0347999999999997
197508,-2.0965919122905015,-2.84,5.954321030905024,-7.3087,-6.7574000000000005,-5.1418,-5.903700000000001,-8.297,-5.1966,-4.3416999999999994,-5.872400000000001,-4.5821000000000005,-8.386,-4.3891,-3.808,-3.6545,-4.7799,-6.127700000000001,-4.884600000000001,-3.8531,-3.6274,-2.9219,-1.1663999999999999,-2.4266,-2.3042,-2.2167,1.7008999999999999,-4.9436
197509,-2.340927643460501,-4.26,9.972351761141734,-6.020700000000001,-3.0846,-3.8464,-3.4974,-4.3671,-3.8162000000000003,-4.481,-4.022,-3.9823000000000004,-5.9783,-5.7918,-3.3644,-4.589700000000001,-4.7034,-4.556500000000001,-5.0477,-3.9687,-3.9897,-3.6780999999999997,-5.0032000000000005,-5.1565,-1.8394,-2.9432,-4.7687,-5.8842
197510,-2.207878135782295,5.32,-11.745911682361811,0.6711,0.7809999999999999,2.1431999999999998,2.3832,0.4542999999999999,1.6663999999999999,3.5715999999999997,0.8448,3.5452999999999997,3.6678,1.3121,3.3034,2.9706,4.6959,-0.19520000000000004,5.129899999999999,5.781599999999999,6.5306,5.016,6.371600000000001,6.608599999999999,5.064299999999999,3.853,6.283099999999999,3.3411999999999997
197511,-2.0518927606671564,2.65,-5.437515815767965,-0.49029999999999996,1.6214000000000002,1.4233,1.8937000000000002,3.3219,-0.4438,2.7441999999999998,1.7068999999999999,3.7583,3.7118,1.5451000000000001,2.4879,4.2244,3.8076999999999996,0.6977,2.5515,3.6692,3.5987,6.622199999999999,5.6513,2.8596,1.7254000000000003,2.8259,2.5629999999999997,4.3273
197512,-2.1248895766200886,-1.6,3.399823322592142,-1.3409,-1.6985999999999999,-1.6128,-1.7091,-1.7407,-3.1023,-1.9187,0.3902,-1.4984,-2.717,-1.3143,-1.9674,0.23199999999999998,-0.6933,2.6062,-2.9117,0.23020000000000007,-0.6456,-0.9025,-1.2457,-3.0786,0.43390000000000006,-0.24649999999999997,0.15890000000000004,4.7676
197601,-2.2870918189437606,12.15,-27.788165600166693,15.220899999999999,16.486800000000002,21.0211,23.024700000000003,26.457800000000002,12.562,15.996899999999998,16.0683,20.7634,26.291800000000002,15.715199999999998,14.610299999999999,16.5041,17.8583,21.1176,12.267999999999999,12.978299999999999,16.058400000000002,18.0987,22.1276,10.678899999999999,9.043299999999999,13.4133,16.5551,14.693299999999999
197602,-2.2760530298364707,0.31,-0.7055764392493059,9.8579,7.0518,9.7821,11.4414,15.4346,7.192,6.0703000000000005,7.0284,8.3447,10.9794,3.5559000000000003,3.427,5.168200000000001,6.7675,12.7554,0.39009999999999995,3.0338000000000003,3.9652000000000003,4.5645,3.5916,-2.6721,1.0753,-1.1782,-1.3465,9.1018
197603,-2.428561728446663,2.32,-5.634263209996258,2.8229,1.7417000000000002,1.6225,0.3255,1.0470000000000002,0.5157999999999999,0.6249999999999999,-0.23080000000000003,0.7911,2.3152,0.9066,0.4596,1.5781,1.5552000000000001,1.7419000000000002,0.48529999999999995,1.6607000000000003,0.8048000000000001,1.1671,6.404599999999999,2.7416,3.2845,2.5891,2.7458,-1.4106999999999998
197604,-2.3886431679629427,-1.49,3.559078320264785,-1.6803,-1.2574,-3.0932,-1.5299,-2.2972,-1.656,-2.0047,-1.0205,-1.4174,-2.5661,-1.9777,-0.389,-1.1087,-1.3883,-0.9138999999999999,-2.0300000000000002,-1.7984,-0.9492,-2.6987,-4.1545000000000005,-2.6938,-0.06729999999999997,1.1801000000000001,0.40830000000000005,0.7239
197605,-2.304807650129174,-1.34,3.088442251173093,-2.2321,-2.1809,-1.9138000000000002,-3.9948,-4.8635,-0.9459,-2.4424,-1.4038,-2.9984,-4.7712,-1.862,-1.8172000000000001,-2.0042,-1.8312,-3.3569,-2.7231,-1.5901999999999998,-1.3954,-4.6048,0.856,-1.4249999999999998,0.21860000000000002,-1.3357,-2.4207,1.0251000000000001
197606,-2.47447106014815,4.06,-10.046352504201488,3.8555999999999995,1.7815,1.5618,2.8901999999999997,1.6203999999999998,2.2163,2.6860999999999997,2.9732,3.159,5.657100000000001,3.9487,4.8941,6.1188,4.0976,7.710800000000001,3.6790999999999996,4.6103000000000005,6.5842,7.9453,3.4821999999999997,3.8787,3.5502,5.2031,5.3788,2.5130999999999997
197607,-2.3899703874804965,-1.06,2.5333686107293265,-1.4586000000000001,-2.3869,0.2993,-0.8128,0.6265000000000001,-1.5565,-0.6062,2.2477,-0.15949999999999998,1.0290000000000001,-1.9713,-1.0309,0.11540000000000006,0.0373,-0.1563,-2.0538,0.023400000000000032,-0.0024999999999999467,1.1378,0.9178,-2.0987,-0.2773,-0.23979999999999999,-1.2229,2.1696999999999997
197608,-2.3732173955997267,-0.57,1.352733915491844,-4.8098,-2.1741,-1.6587999999999998,-2.1342,-2.188,-4.917,-2.166,-2.8912999999999998,-1.7368999999999999,-2.0088,-3.0845,-1.8232,-1.3788,-0.5481,-4.5887,-3.0907999999999998,-0.1064,1.0837,-1.3672,0.005500000000000005,-0.6980999999999999,-0.0021999999999999797,1.4484000000000001,-0.9541999999999999,0.6459000000000001
197609,-2.461323758543823,2.06,-5.070326942600276,1.8965999999999998,1.5206,0.8438000000000001,1.9500000000000002,1.6638000000000002,3.9735,3.8539,2.3578,2.832,1.58,3.0457,2.3579,2.1216,2.3222,0.4045,1.8322000000000003,1.8109000000000002,2.6074,2.7874,0.8628,1.19,3.9566000000000003,2.8488,3.2578,-1.0699
197610,-2.4541546100438825,-2.42,5.939054156306195,-3.1584000000000003,-2.1488,-2.0272,-2.0408,-2.8973,-3.3002000000000002,-3.8954,-2.6966,-1.8637,-1.5434999999999999,-3.8304,-0.46959999999999996,-1.9111,-1.4666,-4.0797,-2.6423,-1.7575999999999998,-1.5393999999999999,-2.2309,-3.3600000000000003,-2.7838000000000003,-2.9089,-1.1239999999999999,-3.3449,-4.4254
197611,-2.2819322981339614,0.36,-0.821495627328226,5.225499999999999,3.0143,1.5968999999999998,1.9169,3.0236,2.4389000000000003,3.0643000000000002,2.7028,4.0569,4.1655999999999995,3.3549,3.0575,2.7625,3.9099999999999997,6.621499999999999,4.027299999999999,2.8413,2.9879000000000002,2.1963,1.2988,-2.0338,-0.2591,1.6629,1.3308,3.9755
197612,-2.5246702928862925,5.65,-14.264387154807554,10.2765,9.0519,9.3171,10.5845,9.424,8.786999999999999,8.772499999999999,8.8798,8.8276,11.3441,5.2555,9.0646,8.3591,8.1218,7.648199999999999,5.7059999999999995,6.6511,6.9887999999999995,9.074399999999999,9.136,3.4982,6.8957999999999995,5.2829999999999995,7.0438,6.276599999999999
197701,-2.456813684304313,-4.03,9.900959147746383,2.5868,3.7855000000000003,2.507,3.9867000000000004,5.1971,-0.6328,2.1185,-0.062,1.8341000000000003,2.8347,-2.4463,-0.5849,0.6623,0.5907,0.27859999999999996,-4.5844000000000005,-3.0519,-2.8335,-0.5618,1.2407,-8.2251,-3.6963,-1.3436,-1.9676,0.37070000000000003
197702,-2.2168472967827597,-1.94,4.300683755758554,-0.7803,-0.6439999999999999,-0.5317,-0.7412,-0.05449999999999999,-2.1359,-1.5038,-0.5397,-0.4846,-1.9846,-4.4857,-1.3486,-2.6246,-0.15439999999999998,-3.8335,-3.3589,-2.0679,-2.3491,-1.9965000000000002,-2.5685000000000002,-1.5520999999999998,-3.6225,-1.0661,-2.7043,-1.2782
197703,-2.056520775639891,-1.35,2.776303047113853,-0.06380000000000002,-0.15360000000000001,0.7108,1.2578999999999998,0.7476999999999999,0.12490000000000001,-1.1439,1.2854,-0.5963,-0.9416,-0.4335,1.0891000000000002,-0.6203000000000001,-0.5385,0.3097,-2.2653,-0.1529,0.5426,0.7523000000000001,4.5524000000000004,-2.073,-2.2065,-1.6932999999999998,-0.8926,-0.1569
197704,-1.847165287396738,0.15,-0.27707479310951066,0.9196000000000001,-0.13720000000000002,1.1622,1.9203999999999999,2.267,0.7415999999999999,1.1985999999999999,0.9977999999999999,1.7297000000000002,2.2911,0.1023,0.41600000000000004,1.6698,2.1282,1.9717000000000002,-1.0251000000000001,1.754,2.3778,2.0354,2.3434,-2.5515,1.7836000000000003,1.0398,3.2795,5.6176
197705,-1.8685537621132633,-1.47,2.746774030306497,-2.1086,-0.9022,0.08689999999999998,-0.08899999999999997,0.8595,0.4486,-1.254,-0.624,0.35640000000000005,-2.0681,-1.0391,-0.346,0.16959999999999997,0.08129999999999998,0.4414,-0.8422000000000001,-1.3973,-0.4194,-1.5722999999999998,-2.0297,-2.9389000000000003,-1.2323,0.20750000000000002,-1.8493,-3.4171
197706,-1.9373025228137073,4.72,-9.144067907680698,5.4909,6.1888,6.9944,5.022399999999999,7.006799999999999,8.1342,6.1403,5.951,5.1186,8.1088,8.5809,5.8572999999999995,5.6875,4.3694,5.525099999999999,6.0793,4.475,4.535299999999999,4.4295,6.5802,5.5862,3.5638,2.5144,4.8415,1.5827
197707,-1.986591062532093,-1.69,3.3573388956792374,0.8172000000000001,0.2283,0.9061000000000001,0.18209999999999998,0.49720000000000003,-1.3817,-0.4326,-0.9638,0.16650000000000004,-0.10409999999999997,-0.4269,-0.3029,-1.6903,-1.4611999999999998,-1.4727999999999999,-1.4682,-3.6895,-1.0519,-1.4770999999999999,-4.8828,-1.7108999999999999,-3.1843,-1.188,-0.5997,-5.3096
197708,-1.9470437063430086,-1.76,3.426796923163695,0.6069,-0.9161,-0.89,-1.7687,-2.2161,0.3887,-1.2496,-2.021,-1.3494,-1.9482,1.4013,-1.6956,-1.1417,-1.0722,-1.543,-1.8607,-1.7639,-2.4514,-2.471,-3.7467,0.6413,-3.9606,-3.3962,-5.303400000000001,-4.6566
197709,-1.8593796211485045,-0.27,0.5020324977100963,1.6687,2.0353999999999997,0.3999,1.3170000000000002,0.9048,0.1901,0.39920000000000005,1.1764000000000001,0.10930000000000001,0.05570000000000003,1.5335,1.0579,0.8243,-0.3398,-0.4625,0.5132000000000001,-0.11120000000000002,0.3694,0.31060000000000004,-1.6452,-1.3227,-1.2236,1.8334,-0.03999999999999998,-0.5423
197710,-1.8441321762039742,-4.39,8.095740253535446,-5.0587,-3.2521000000000004,-3.0416,-1.5424,-2.7237999999999998,-5.7903,-2.9116,-4.29,-0.5055999999999999,-3.4170999999999996,-4.0733,-2.7098000000000004,-2.8917,-2.8296,-3.2628000000000004,-4.432,-3.7298999999999998,-3.3853,-4.611400000000001,-5.4551,-5.0141,-4.5964,-5.5317,-2.9924999999999997,-4.0849
197711,-1.851451196989366,4.0,-7.405804787957464,8.984,8.0897,7.8217,6.3677,8.5621,7.974600000000001,9.0917,8.4305,6.5556,7.7075,6.2549,7.0852,5.5309,5.2625,8.0688,6.59,5.8677,5.1258,6.4659,7.4523,3.0976,2.8564,2.5003,2.4662,4.2229
197712,-1.715004069149227,0.27,-0.4630510986702913,4.3578,3.1201,2.2704000000000004,2.1517,1.3194,2.3571999999999997,1.082,0.24929999999999997,-0.02839999999999998,1.9625000000000001,1.1087,0.10060000000000002,1.5117,0.6567000000000001,0.06869999999999998,-0.10309999999999997,0.37539999999999996,0.07520000000000004,-0.6719999999999999,-1.1174,-0.45039999999999997,0.5778000000000001,0.7036,-0.1205,0.8594999999999999
197801,-1.7721894877433015,-6.0,10.633136926459809,-1.7096,-3.7487000000000004,-1.8554,-1.5522,-0.06240000000000001,-5.8678,-5.8947,-3.0161999999999995,-2.4819,-2.5225,-7.2877,-5.4833,-3.9429,-3.6262999999999996,-1.8558999999999999,-6.6125,-6.6972000000000005,-5.9736,-4.6702,-2.0323,-6.7861,-7.6928,-5.8981,-5.4565,-3.4215999999999998
197802,-1.6408578460723908,-1.39,2.2807924060406233,2.8052,2.4958,3.4482,2.811,3.2066,1.3323,0.9916,0.9222000000000001,1.6726,-0.018000000000000016,0.12220000000000003,1.3024,0.10369999999999996,0.06669999999999993,0.9143000000000001,-1.6881,-1.151,-1.2389000000000001,0.4622,-1.7729,-3.673,-2.0062,1.9714,-1.4743,-4.1125
197803,-1.7451752658032151,2.85,-4.973749507539163,7.841,6.5112,8.017900000000001,6.3155,7.631199999999999,5.6232,5.5199,7.1857999999999995,5.7287,7.0203999999999995,5.0333,4.9902,3.9177,4.2428,7.4653,4.5214,4.3384,4.2177,4.2208,4.5725,0.7107999999999999,3.3887,2.4955999999999996,2.33,2.8642000000000003
197804,-1.751290029298378,7.87,-13.782652530578234,9.7121,8.256799999999998,7.3585,6.5724,7.8843000000000005,9.6008,6.8455,7.653199999999999,6.7094,6.3185,9.3189,7.7479000000000005,7.2186,4.2799,6.1866,8.126000000000001,6.6578,4.7579,5.367,7.8044,11.360700000000001,8.059999999999999,4.1068,4.5687999999999995,4.7302
197805,-1.5221530732070148,1.76,-2.678989408844346,7.769299999999999,5.526800000000001,8.1522,6.0709,7.6363,6.113,6.7879000000000005,4.6764,3.409,4.3121,5.7982000000000005,5.0083,4.897600000000001,1.6660000000000001,3.401,4.3246,3.1571999999999996,0.8013999999999999,1.6805999999999999,3.1914,0.8289,0.8174999999999999,-0.59,0.6013,1.4856
197806,-1.528504233193663,-1.69,2.5831721540972903,0.09109999999999996,0.17569999999999997,-0.45080000000000003,-0.42660000000000003,-0.32030000000000003,-1.7388000000000001,-3.1475,-0.08840000000000003,2.5764,-0.3991,-1.191,-1.0573000000000001,0.22119999999999995,0.5539000000000001,0.4516,-1.5474,-1.1868,-0.5269,0.01969999999999994,-1.0316,-1.7399,-3.5572,-2.5385,-2.3262,-1.3586
197807,-1.5423146295317307,5.12,-7.896650903202461,5.841900000000001,5.966099999999999,5.285500000000001,4.0703,4.2622,7.3641000000000005,4.7879000000000005,5.329700000000001,4.417400000000001,7.59,5.756600000000001,4.6926000000000005,3.8467999999999996,3.6874,4.7249,5.567500000000001,5.4861,5.582699999999999,5.528499999999999,9.402999999999999,7.0586,4.3781,4.216799999999999,2.2654,4.2004
197808,-1.5743176414822104,3.78,-5.950920684802755,9.0687,8.9779,7.762499999999999,7.3024000000000004,9.897,8.663,7.345000000000001,9.2724,6.0646,8.655299999999999,7.274800000000001,9.6626,7.1083,4.487299999999999,8.142199999999999,6.968999999999999,5.7734000000000005,3.8706,3.2462999999999997,2.2678,2.0232,2.6978999999999997,4.2813,2.5147,-0.34580000000000005
197809,-1.6225696933158167,-1.44,2.336500358374776,-1.5826,-0.30219999999999997,-2.5876,-0.6249,-0.3726,-2.1868,-2.3572,-2.6926,0.06559999999999999,-2.4696,-4.2674,-3.3677,-2.0584,-0.9601,-1.5827,-3.8279,-2.8905000000000003,-0.06459999999999999,-0.6126,-1.7974999999999999,-3.8453,-0.4253,1.2341000000000002,0.4386,0.2663
197810,-1.5316175595357706,-11.9,18.226248958475672,-27.2936,-24.1643,-22.426099999999998,-19.3178,-21.8794,-25.6367,-20.005,-18.9071,-15.8689,-19.9715,-19.3449,-19.4933,-14.9373,-14.9201,-20.488,-16.2697,-13.8369,-14.3756,-12.7709,-15.501199999999999,-9.034799999999999,-10.021799999999999,-9.0838,-7.7836,-12.8342
197811,-1.4965415219522435,2.71,-4.05562752449058,7.8965000000000005,7.0838,6.2993999999999994,3.5098000000000003,3.7858,10.7461,4.6337,3.7561999999999998,2.3189,5.0065,6.414,4.3734,3.4722,2.1688,2.7131999999999996,3.9851,1.4852999999999998,2.8566000000000003,1.2477,2.04,1.715,2.0366,3.3553999999999995,2.6098999999999997,1.8331000000000002
197812,-1.527191176864597,0.87,-1.3286563238721993,2.8223000000000003,2.075,1.2556999999999998,0.3474999999999999,0.05989999999999995,2.2196,2.4203,0.49649999999999994,1.4993,1.3113,1.9873,1.3084999999999998,-0.5009,0.7692999999999999,2.4188,0.5176000000000001,1.0136,0.26649999999999996,-0.1493,-0.5082,2.6623,0.14869999999999994,0.08450000000000002,-0.8303,-1.5272999999999999
197901,-1.5366256629850106,4.22,-6.484560297796744,9.3214,9.0599,7.3386,9.7034,10.7949,8.001900000000001,7.4031,6.866,6.640700000000001,9.4091,6.2379,5.446300000000001,6.99,6.315899999999999,8.6065,4.706899999999999,4.6448,5.245699999999999,7.727500000000001,5.564,1.6814999999999998,4.2462,3.6635000000000004,3.9274999999999998,6.8713999999999995
197902,-1.0960272812786371,-3.56,3.901857121351948,-3.7061,-4.4544,-2.9013,-3.6255,-2.133,-3.677,-3.8995,-3.4443,-4.065799999999999,-3.0645,-5.4023,-3.2876,-2.4398999999999997,-2.2127999999999997,-1.7884,-4.678599999999999,-4.5456,-3.8781,-3.8113,-5.037599999999999,-4.7372,-3.2529,-3.4849,-2.0295,-3.5652
197903,-1.209755495978223,5.67,-6.8593136621965245,11.2892,8.7082,7.1915,6.4109,7.6366,11.464599999999999,8.213899999999999,7.615599999999999,6.458600000000001,7.673399999999999,9.7083,8.292499999999999,7.048500000000001,7.712399999999999,12.1984,6.8353,7.255799999999999,6.0868,7.2195,8.845699999999999,4.2074,5.2393,5.992800000000001,2.8727,5.7117
197904,-1.2432119085800555,-0.07,0.0870248336006039,2.2671,1.9067999999999998,1.4563,2.189,2.6750999999999996,0.8821999999999999,2.3079,1.3844999999999998,2.0438,1.3536,0.6033,-0.42830000000000007,2.0178000000000003,1.0940999999999999,3.3719,1.2263,0.16189999999999993,0.5996999999999999,-0.31290000000000007,0.8831,-0.9596,-0.12330000000000008,0.17409999999999992,-1.2935,-1.7939
197905,-1.1966822292228088,-2.2,2.6327009042901794,-3.4408999999999996,-1.8557000000000001,-2.1545,-1.4487999999999999,-1.9295,-2.9897,-2.6537,-1.1885999999999999,-1.1082999999999998,-1.3014999999999999,-4.2668,-3.8264,-1.0262,-0.2864,-2.9576,-1.1143999999999998,-2.1934,-2.4901,-1.3476,-1.847,-2.9461,-1.6781,-2.5555,-2.0569,-2.1439
197906,-1.1487287631537741,3.84,-4.411118450510492,5.0564,4.7501,4.617800000000001,3.6377,4.6151,6.6206,4.848000000000001,2.7845,5.2332,7.5853,2.5164999999999997,3.9766999999999997,5.6103000000000005,5.3086,5.3634,4.4184,6.4823,5.5045,7.1104,5.3049,1.4849,3.871,5.4551,3.8023000000000002,1.9139
197907,-0.9012164219403788,0.83,-0.7480096302105144,1.6578,2.2601,2.4963,2.4122,1.3283,1.1874,1.6507999999999998,2.258,4.080500000000001,3.2372,2.4825,2.9353,3.4941999999999998,2.0497,4.5846,0.7379,2.0965,2.1725,1.5646,2.367,-1.1772,0.9154,0.7406999999999999,0.5236000000000001,2.9045
197908,-0.60163125128631,5.54,-3.3330371321261576,7.979900000000001,7.926300000000001,5.402699999999999,6.2446,7.3246,7.7095,7.777700000000001,6.2704,5.9559999999999995,6.411099999999999,8.9832,6.8649000000000004,4.8725000000000005,5.0038,6.090199999999999,7.808200000000001,5.558999999999999,6.1759,3.9705,7.119300000000001,5.626099999999999,6.331300000000001,3.6559000000000004,4.645199999999999,4.543100000000001
197909,-0.6025914510876446,-0.83,0.500150904402745,-1.0198,-1.0088,-2.3458,-1.3224,-1.7839,-0.10059999999999991,-0.09999999999999998,-3.4204,-2.2103,-2.7608,0.695,-0.8901,-2.1818,-3.9295,-2.3278,-1.1592,-0.6874,-0.8599,-2.5137,-2.5488,-2.6518,0.12370000000000003,0.8037,-0.09349999999999992,-0.34019999999999995
197910,-0.4493315562735049,-8.1,3.6395856058153897,-11.994299999999999,-10.905299999999999,-12.4192,-10.445599999999999,-12.518999999999998,-9.709,-11.0133,-12.4521,-12.8316,-12.4301,-9.044699999999999,-9.5856,-11.1754,-8.5252,-13.1192,-8.4085,-8.6612,-9.1525,-10.937999999999999,-11.4939,-7.1463,-6.396,-6.5855,-7.9377,-8.0337
197911,-0.8193374198399225,5.22,-4.276941331564395,10.0384,7.4015,5.5516,4.1608,5.6049999999999995,9.961,7.126199999999999,5.7619,6.2074,6.489599999999999,10.4442,5.87,5.618799999999999,5.8129,4.4193,9.0068,6.3172999999999995,6.4192,5.1023,4.9786,3.9883999999999995,6.4078,3.1643999999999997,6.298,0.01089999999999991
197912,-0.7755913864236682,1.78,-1.3805526678341293,10.4687,7.2921000000000005,4.9268,5.8168,4.1579999999999995,7.7749,5.3031999999999995,4.7798,2.8331999999999997,3.9947,4.8372,2.3844000000000003,1.821,1.2458000000000002,6.8530999999999995,3.7077999999999998,2.8308,1.3230000000000002,0.9706000000000001,3.3312999999999997,0.9288000000000001,2.8015999999999996,-1.0575999999999999,-0.09849999999999992,1.3153
198001,-0.6720573841506007,5.5,-3.696315612828304,11.841099999999999,9.3132,7.7221,8.1799,10.1564,6.1096,6.7333,5.5475,3.8870000000000005,8.362,4.6067,5.7762,6.0494,5.2474,8.3079,6.644,5.8669,6.038,-0.07120000000000004,7.1924,2.5911999999999997,6.6669,4.8937,6.8993,9.4369
198002,-0.7345448567331639,-1.23,0.9034901737817916,-0.26960000000000006,-1.0297,-3.0146,-2.8956,-3.0979,-2.5034,-1.1886,-4.3694999999999995,-5.1225,-2.0306,-1.8875000000000002,-4.6331999999999995,-5.2543,-5.016299999999999,-3.5831,-3.3449,-2.2277,-3.7653000000000003,-5.9274,-2.4217,-5.2744,0.1514000000000001,3.1205000000000003,0.7655,1.6568
198003,-0.7142378702139315,-12.9,9.213668525759717,-23.3321,-20.4552,-18.8616,-16.7792,-18.8819,-20.314600000000002,-17.7423,-17.954,-15.8442,-19.3517,-17.2637,-16.3385,-17.820600000000002,-14.212900000000001,-20.1231,-13.3631,-15.390799999999999,-14.295200000000001,-12.2016,-18.0198,-7.4704,-12.953399999999998,-10.7668,-12.534099999999999,-14.1019
198004,-0.840561537191861,3.95,-3.320218071907851,5.081,5.2363,5.5134,4.1347000000000005,4.7546,4.843,3.5369,5.3767000000000005,6.7058,3.0743,5.8433,5.9295,6.0376,7.2094000000000005,4.9916,3.4363,5.11,5.9035,7.805,5.4362,1.719,2.5305,4.2071000000000005,6.5618,1.6100999999999999
198005,-0.6729078836192852,5.26,-3.53949546783744,6.3718,5.735899999999999,6.1907,5.8552,6.7852,8.0476,9.2145,5.8802,7.097899999999999,8.985999999999999,6.4114,6.270300000000001,7.963199999999999,7.0656,8.3718,6.7803,6.9291,8.4737,6.328799999999999,8.2333,4.2201,4.373799999999999,4.4978,3.2743999999999995,5.3847000000000005
198006,-0.3474501727734952,2.98,-1.0354015148650157,4.399299999999999,3.1251,2.8702,3.5038000000000005,4.8019,3.892,6.115399999999999,3.4680000000000004,5.0607,1.5371000000000001,4.3748,4.7924,3.5143999999999997,3.8685000000000005,1.9332000000000003,5.2478,3.2232000000000003,3.9789,2.7339,4.2092,1.5946000000000002,3.5055,1.3348,4.26,-0.35409999999999997
198007,-0.27584867230458393,6.51,-1.7957748567028413,11.474200000000002,11.898800000000001,9.645000000000001,7.712000000000001,8.5058,13.6296,10.815700000000001,9.7077,7.0289,7.741499999999999,12.705200000000001,7.8340000000000005,8.8345,4.843,5.523,10.6708,9.8459,7.1741,2.8327999999999998,4.297,10.6323,5.4826,2.9222,2.673,4.6339999999999995
198008,-0.44385049889597095,1.75,-0.7767383730679491,10.776299999999999,8.1009,5.986000000000001,6.5903,4.8978,7.3847,6.436100000000001,3.4887,2.3765,3.0037,6.0465,5.8212,1.6795999999999998,1.0989,0.09950000000000003,3.6908999999999996,1.4358999999999997,1.9045,-0.4504,0.007399999999999962,1.3559999999999999,0.32530000000000003,0.5032,1.5977999999999999,-0.6428
198009,-0.644810821541187,2.19,-1.4121356991751994,5.7038,2.2379,1.9891,0.5831,2.0369,4.0493,2.8701,2.8896,0.08140000000000003,0.41910000000000003,4.782,1.6488,1.9948000000000001,0.7165999999999999,-2.0669,5.223,3.6167999999999996,1.3443,-0.5074,-0.5123,2.3489,4.8887,2.4525,-1.8954,-0.6859999999999999
198010,-0.5219122319974177,1.04,-0.5427887212773144,6.7554,4.9037,3.5343999999999998,2.6567,1.2827,5.702,1.1434,-0.3314999999999999,2.2827,0.7339,1.4361,1.3252,1.8771000000000002,0.45999999999999996,-0.26169999999999993,1.2892,2.6163999999999996,-1.7033999999999998,-2.359,-1.117,-0.34739999999999993,3.1255999999999995,3.6468999999999996,-2.6898,-0.2864
198011,-0.48735360144059686,9.6,-4.67859457382973,15.344099999999997,5.1613,4.5698,0.0737000000000001,0.7986,12.372599999999998,6.29,3.784,5.5286,2.7177000000000002,10.505199999999999,6.158,2.5453,1.3784999999999998,2.0382000000000002,11.925,12.962900000000001,3.4317,2.0503,-0.09809999999999997,9.6966,13.295300000000001,17.5774,4.2251,2.9727
198012,-0.29699027298904956,-4.46,1.324576617531161,-7.514100000000001,-6.951499999999999,-4.992,-3.987,-4.8441,-6.441000000000001,-3.6465,-3.1547,-2.7491000000000003,-1.6352,-5.1152999999999995,-4.4974,-1.7653,-2.2831,-1.4351,-4.843,-5.7780000000000005,-2.1892,-0.8054,-1.7394,-1.2144000000000001,-6.901199999999999,-6.982799999999999,-2.5659,-1.4659
198101,0.042983893282717206,-5.06,-0.21749850001054905,-5.4249,-1.3893,0.3712,0.6392,2.2152,-5.7863,-1.7854,-1.0116,0.7935999999999999,2.0617,-5.2938,-2.6256,-2.0258000000000003,0.9587999999999999,1.6635999999999997,-7.866,-4.4915,-1.4171,-0.4889,0.3897999999999999,-7.178,-8.3514,-7.4557,-1.1083,1.2364000000000002
198102,0.06690662111385896,0.61,0.040813038879453964,-4.48,-2.274,0.18249999999999988,0.9677999999999998,1.2478,-1.416,0.7415,1.4909999999999999,2.2226999999999997,2.798,2.2836999999999996,1.3208999999999997,2.6921999999999997,-1.1165,0.2952999999999999,0.31169999999999987,1.3442,3.4223,0.5988,2.7489,2.2119,1.0130000000000001,-1.7048,2.0439,-1.5209000000000001
198103,0.45544633656804706,3.67,1.6714880552047326,6.1564,9.132100000000001,7.5505,7.794099999999999,6.0382,6.8694,7.1087,6.4654,6.3975,6.345,6.3541,6.443,6.6325,7.8951,5.767,7.7406999999999995,5.5098,7.248500000000001,7.0515,6.5187,2.0684,2.4396,-0.7958999999999999,2.1918,6.9881
198104,0.6724804940169844,-2.16,-1.4525578670766863,1.7071,3.4543,2.4593,3.5686999999999998,4.3325,0.5457999999999998,2.5002999999999997,2.4547,2.6161,2.9433,0.15900000000000003,2.2838,0.07599999999999985,-0.12430000000000008,2.6256,-1.0456,-1.9226,-0.4609000000000001,-1.3228,0.6239999999999999,-4.125,-5.8614,-3.7359,1.0897000000000001,-4.0524000000000004
198105,0.7311712020347803,0.13,0.09505225626452143,3.8553,4.0581,2.8878999999999997,1.4047,1.5229,5.026,0.7237,2.0115000000000003,-0.9281999999999999,1.3713000000000002,1.1494,1.8326000000000002,1.6248,0.3165,3.9835,2.2358000000000002,0.911,0.8332000000000002,-0.3317999999999999,2.2151,0.4415,-3.3439,-3.0854,2.5971,-0.3959999999999999
198106,0.5600856791353831,-2.34,-1.3106004891767964,-8.4375,-1.7745000000000002,-0.10740000000000016,1.3954,-0.031200000000000117,-8.4844,-1.9355000000000002,-2.1264000000000003,-1.2306000000000001,0.20839999999999992,-6.3437,-1.3991,-1.609,1.009,-3.0497,-6.529400000000001,-2.7822,-0.556,1.2471,-1.9385000000000001,-5.827999999999999,-0.11730000000000018,1.9571999999999998,-2.0043,-0.7404000000000001
198107,0.6851846165779062,-1.55,-1.0620361556957547,-5.8525,-4.6409,-3.9265999999999996,-3.2741,-3.4558,-3.6561000000000003,-4.6852,-2.0242,-2.5884,-3.2427,-2.5831,-3.2258,-4.237,-4.0884,-1.6143,1.0273,-2.472,-3.6849,-3.7165999999999997,-4.4088,0.3772,1.4117,-3.2668999999999997,-3.4779999999999998,-0.6423
198108,0.42230814506028064,-7.02,-2.96460317832317,-13.8706,-9.9104,-8.6051,-6.9272,-6.0734,-11.699,-9.609499999999999,-6.4427,-6.4791,-6.8743,-9.6313,-7.2860000000000005,-6.7987,-7.160200000000001,-4.6626,-8.328899999999999,-7.1065000000000005,-5.223,-6.5442,-4.3474,-7.472,-7.9354000000000005,-7.1252,-6.509,-1.7156
198109,0.6785259222666873,-7.19,-4.878601381097482,-14.6835,-9.3486,-8.7498,-7.8493,-7.6157,-11.627,-8.177299999999999,-7.647600000000001,-4.5741,-6.788,-10.5932,-7.1097,-7.3634,-2.8369,-5.1754,-10.3408,-9.2437,-7.791,-5.0218,-5.5696,-7.5360000000000005,-7.3056,-7.4265,-3.4092000000000002,-0.7257
198110,0.7161614411443248,4.92,3.523514290430078,9.294799999999999,6.5948,7.3389999999999995,5.92,3.7417,9.690000000000001,5.608,5.4914,6.5347,4.6345,9.4372,4.2323,6.0355,3.5972,3.1737,8.904399999999999,6.4839,3.9316000000000004,2.9440999999999997,2.5216,6.5901,6.0964,1.4289999999999998,0.4038999999999999,3.6032
198111,0.6540354517588445,3.4,2.223720535980071,-2.2441,0.9528000000000001,2.824,1.522,2.8849,0.45089999999999986,3.9781999999999993,3.8442,5.0629,4.5615,-0.5979000000000001,1.5876,3.2222,2.0790999999999995,4.366499999999999,3.1078,3.1369,2.2782,6.3331,3.7707999999999995,2.4863999999999997,4.9502999999999995,4.143,3.3713999999999995,2.6714
198112,0.9352222542986532,-3.63,-3.394856783104111,-5.0699000000000005,-2.6756,-1.3992,-1.3967,-2.0151,-2.5705,-1.1718,-2.9072,-3.1634,-2.3612,-2.7244,-3.0192,-1.778,-2.1019,-3.9189000000000003,-4.1509,-3.0505,-2.6601,-3.1329000000000002,-3.3309,-3.7572,-4.3102,-4.6175999999999995,-2.8914,-2.6325
198201,1.180095864740537,-3.23,-3.811709643111935,-3.9501999999999997,-1.0169000000000001,-2.4786,-2.6382000000000003,-0.7488,-6.3042,-4.183,-4.1942,-4.2575,-0.5474000000000001,-7.0934,-4.1616,-5.6842,-2.7880000000000003,0.542,-7.3164,-4.9815,-4.6813,-2.4694000000000003,-2.4419,-1.0436,-4.7485,-3.5556,-1.9502,0.6540999999999999
198202,0.8662885996103156,-5.86,-5.07645119371645,-8.4963,-4.8737,-3.9,-3.8245,-1.9381,-8.2551,-6.3921,-4.7287,-2.0146,-1.4352,-8.7568,-4.0707,-2.3376,-3.9776,-0.5567,-7.8387,-7.2604,-4.5231,-1.208,-0.12280000000000002,-8.2873,-8.3853,-3.5244,-2.1081,-4.9271
198203,0.7513221359681305,-1.82,-1.3674062874619974,-2.9533,-1.5069,-2.1683,-1.5,-0.4374,-4.942,-0.26480000000000004,-2.3565,1.1404,0.7994000000000001,-3.4415,-0.9696,0.131,-1.1932,1.8283999999999998,-4.075,-2.7464,-0.8446,-0.8119,0.08400000000000007,-4.4694,-0.43989999999999996,-2.5369,1.6107,1.0563000000000002
198204,0.893771751845603,3.24,2.895820475979754,5.2581,5.1086,4.682,3.3890000000000002,3.0113000000000003,5.6977,6.2254000000000005,4.6494,3.2157999999999998,3.0755,5.0884,4.6408000000000005,3.4604,3.8462000000000005,3.6327,5.1392,3.9930000000000003,3.4343000000000004,2.5377,3.8842,5.5228,2.7298,1.9162,1.8492000000000002,-1.5572
198205,0.8295994392361724,-3.93,-3.2603257961981575,-4.2822,-2.7601,-0.9662000000000001,-2.334,-1.2931000000000001,-4.98,-4.9836,-4.3136,-2.8693999999999997,-3.4114,-4.7034,-3.149,-4.4241,-3.7112,-2.2723,-5.664,-5.4839,-5.157500000000001,-5.0009,-3.6892,-5.1075,-2.9302,-2.6124,-4.4054,-1.4161000000000001
198206,1.0768193106072976,-3.08,-3.3166034766704766,-5.2952,-4.716200000000001,-3.3435,-2.0873,-2.4436999999999998,-5.4538,-1.932,-2.6176,-1.5800999999999998,-1.994,-4.833600000000001,-1.6124,-1.4078,-3.2705,-2.8598999999999997,-5.1533999999999995,-3.9901999999999997,-1.6625999999999999,-2.5075000000000003,-0.5376,-3.7803,-2.1565,-1.5055999999999998,-2.8480999999999996,-3.854
198207,1.0670741356339677,-3.2,-3.414637234028697,-5.0437,-3.6764,-0.7222000000000001,-1.8587,-1.4131,-4.5566,0.4696,-1.2924,-1.1640000000000001,-2.1608,-2.8045,-1.6708,-3.7638,-4.104,-2.9387,-2.8205,-5.1754,-3.5033000000000003,-4.3651,-3.8638000000000003,-0.4133,-4.8285,-5.356,-3.17,-3.2927
198208,0.7977603983815021,11.23,8.958849273824269,4.0157,6.3185,5.978000000000001,4.455900000000001,4.8432,7.1472,7.281000000000001,9.3089,7.4139,7.4117,9.8551,10.0381,11.6231,10.5227,10.2425,11.2651,11.7297,9.937800000000001,11.8646,13.3254,10.5861,11.4111,12.4146,12.820500000000001,13.3747
198209,0.3827459819014135,1.31,0.5013972362908518,1.7255999999999998,1.8269,5.078,3.2859,3.8417000000000003,1.7781999999999998,2.5124000000000004,4.5259,4.9901,4.8048,2.7751,4.7363,3.6517,3.6934000000000005,1.6531,2.099,1.9395,7.7499,1.9397,-0.5468,1.2173,1.3511,0.5909,-0.5637,-0.5575
198210,0.290430287149717,11.3,3.2818622447918027,17.139,12.6791,12.5271,12.4693,11.0712,16.8351,11.6546,12.5726,10.1783,10.902000000000001,14.1846,12.9875,12.0287,12.9452,12.187,15.025500000000001,13.9015,12.319700000000001,12.1777,12.2471,10.9713,10.756,9.5938,10.095600000000001,8.2239
198211,0.29007501644212974,4.68,1.3575510769491672,8.087299999999999,9.757499999999999,10.7617,9.591999999999999,9.9483,9.0169,8.424399999999999,7.1155,6.6689,8.245199999999999,9.956499999999998,8.133299999999998,6.0329,4.4146,8.084999999999999,6.6608,6.5982,3.5271,4.7755,6.6569,6.6084000000000005,3.4367,0.6536000000000001,1.8152,2.6699
198212,0.26025307114062174,0.56,0.14574171983874817,1.8493,1.4386999999999999,1.1875,1.3087999999999997,1.6648,-0.9843000000000001,1.557,0.6849,-0.8125,0.16059999999999997,-0.06480000000000008,-0.0052000000000000934,-1.8225000000000002,-0.37420000000000003,1.4821,0.39539999999999986,-0.533,1.4451,-0.3133,1.9797000000000002,1.6532,-0.6768000000000001,0.48830000000000007,0.027899999999999925,3.2995
198301,0.2809990199357777,3.59,1.0087864815694418,12.6189,7.775,8.067300000000001,8.238100000000001,6.83,7.576400000000001,7.298299999999999,2.9684,3.7654,4.0489999999999995,5.7331,2.2715,3.366,2.4666,3.3367999999999998,4.1387,2.7808,2.0473,1.7393999999999998,1.3923,1.3376000000000001,2.3810000000000002,3.1665,5.9397,0.9619
198302,0.2506417061094357,2.59,0.6491620188234384,2.4717,4.1033,7.3232,6.7148,7.9416,4.3136,4.4589,7.4507,5.4507,4.5884,4.3204,4.1724,4.9334999999999996,3.4269,4.8193,4.1494,2.1569,2.6612,2.7563999999999997,3.8629,1.8302,3.3266999999999998,2.4855,-0.0837,3.4944999999999995
198303,0.12639874027660383,2.81,0.3551804601772568,2.1213,4.9161,6.0181000000000004,4.0674,6.8678,1.0346000000000002,3.4112,5.8971,6.4684,4.2109000000000005,1.581,5.9369000000000005,3.7866999999999997,6.896,4.2561,0.0043999999999999595,2.0315000000000003,3.8855000000000004,4.9548000000000005,4.5253000000000005,2.7161,1.8852000000000002,3.4451,2.4087,2.8857
198304,-0.1792461505719144,6.66,-1.19377936280895,6.4153,6.6457,8.173100000000002,8.040500000000002,8.321200000000001,7.685300000000001,7.493900000000001,8.037700000000001,6.069,7.2382,6.1105,6.3112,6.4165,5.733,6.0691,4.2456,5.0360000000000005,7.077,6.1298,5.5301,5.8701,5.4035,8.173100000000002,7.7855,8.5548
198305,0.003275014378560362,0.51,0.0016702573330657847,11.7184,9.5911,7.965300000000001,8.037600000000001,6.9457,4.5138,5.452,4.661899999999999,3.3394999999999997,4.3391,4.791,4.5222999999999995,2.1155,1.6854,0.20120000000000005,4.3332,4.8157,3.3264,1.2594,0.34940000000000015,-1.6036,-2.9417999999999997,-1.1216,-2.0159000000000002,-1.0614999999999999
198306,-0.15879254286276984,3.07,-0.4874931065887034,3.6855,6.0431,2.932,2.5399000000000003,3.6959999999999997,6.2221,4.7768,0.5066,2.8971,2.4583,4.3816,4.7579,4.0411,1.0766999999999998,0.49319999999999997,5.5951,4.055,3.0795,-1.4894,1.1957,5.2097,4.5113,2.1622,0.5974,1.3354
198307,0.059108345390749426,-4.06,-0.23997988228644265,-6.8182,-2.9267000000000003,-1.6198000000000001,0.03480000000000005,-0.025900000000000034,-8.0146,-5.2573,-1.6926,0.9039999999999999,0.15080000000000005,-6.8885000000000005,-3.434,1.9381000000000002,0.22250000000000003,-0.05059999999999998,-5.3179,-4.0512,-5.4915,-1.5687,-1.3214000000000001,-5.5678,-6.7434,-4.4192,-0.9235,-2.9307
198308,0.2099363965997576,-0.5,-0.1049681982998788,-6.8843,-4.1881,-3.1534000000000004,-4.35,-2.0068,-6.2097,-4.1274,-3.4919000000000002,-1.8335,-0.01849999999999996,-4.7591,-4.8355,-2.2991,-1.6482999999999999,1.4423000000000001,-3.6269,-2.5311,-0.686,1.6493,2.9439,-1.3868,-1.1994,-0.47550000000000003,3.5408,5.8599000000000006
198309,0.15279190640150603,0.92,0.14056855388938555,-3.5938999999999997,-0.5633,-0.3806,0.9742999999999999,0.9642999999999999,0.6512,0.6582999999999999,3.412,4.0094,2.8532,1.134,3.1676,2.0161999999999995,4.1593,6.0114,2.4642,1.1932,2.7245999999999997,1.8026000000000002,0.7445999999999999,2.1178,1.1535,1.2038,-1.8657,-0.18030000000000002
198310,0.2354762306182777,-3.43,-0.8076834710206925,-11.2185,-6.8579,-6.005,-4.4127,-3.6439000000000004,-10.8475,-8.1418,-4.696,-2.4523,-3.8581000000000003,-9.1596,-5.5096,-3.532,-1.5341,-2.3228999999999997,-8.1129,-2.669,-2.5103999999999997,-2.5138,-1.1627,-3.2114000000000003,-3.1283000000000003,-1.0247,-0.7722,-1.4385
198311,0.9840105759509064,2.17,2.135302949813467,2.9777000000000005,2.8449999999999998,2.7748999999999997,2.0067000000000004,3.5102,5.1085,4.428599999999999,4.151,4.5134,4.2959,5.7145,3.3796999999999997,3.9959,3.4353999999999996,3.2432999999999996,4.896,1.5469000000000002,4.366099999999999,3.7371999999999996,3.1104000000000003,0.5175000000000001,2.6292,2.0903,0.9184000000000001,0.01640000000000008
198312,1.2331179497005316,-1.77,-2.182618770969941,-5.8047,-1.8835,-1.5034,-1.0505,0.06559999999999999,-3.8521,-1.8611,-0.6374,-0.7484,-0.4962,-3.9342,-1.9514,-1.1542,-1.7897,0.42910000000000004,-4.137700000000001,-1.2084,-3.0826,-2.2782999999999998,-1.2717,-0.8528,-0.7161,-2.946,-1.7824,-0.2319
198401,1.4005070091609058,-1.92,-2.688973457588939,-2.6822999999999997,-1.6981000000000002,-0.24470000000000003,0.5967,2.3613,-7.0134,-2.0564999999999998,-1.3147,-0.637,2.8871,-7.6804,-5.1616,-2.8804999999999996,-0.4742,-0.8604,-8.1565,-4.1925,-2.8743999999999996,-1.227,-0.2886,-6.5005,-1.5470000000000002,0.3858999999999999,0.8851,5.758900000000001
198402,2.073794088362573,-4.77,-9.891997801489474,-8.1325,-7.4813,-5.8636,-4.9765,-5.3613,-7.8285,-6.6882,-4.6043,-4.0598,-4.4350000000000005,-7.5974,-7.848,-5.5462,-5.3092,-2.967,-6.1585,-6.9873,-6.3079,-3.8299,-5.4113999999999995,-4.4805,-6.7783,-4.8801,-3.2336,0.20540000000000003
198403,2.446401311196334,0.65,1.5901608522776172,-1.6632,0.6133,-0.13380000000000003,1.1306,1.4299,-0.996,0.5049000000000001,0.45520000000000005,0.5225,1.3860000000000001,-0.06209999999999993,0.5365,1.4321000000000002,0.5968,2.5657,-0.5630999999999999,0.9459,1.6637,0.9771000000000001,3.5172000000000003,1.0611,2.3539,-0.5919,0.9159999999999999,-1.9835
198404,2.2703155389794945,-0.51,-1.1578609248795422,-4.6583000000000006,-2.5686,-1.3534000000000002,-0.8288000000000001,-1.7284000000000002,-2.0514,0.6780999999999999,-0.1866000000000001,-0.7240000000000001,-1.9802,-0.6157,0.1522,-1.03,-2.0653,-0.6487,-2.2923999999999998,-0.6980000000000001,-1.2971,-3.1161,-2.6541,0.6519999999999999,-1.4751,0.44320000000000004,0.8256999999999999,1.5253999999999999
198405,1.9225770725424562,-5.98,-11.497010893803889,-6.9452,-5.0568,-6.0581000000000005,-4.1708,-4.2684,-6.7936000000000005,-5.6036,-5.7756,-4.8622000000000005,-4.8221,-6.7780000000000005,-6.3,-6.644,-4.7791,-7.4029,-4.7771,-4.9467,-6.8125,-6.1309000000000005,-8.3499,-5.992,-4.1211,-7.0787,-4.825,-7.0679
198406,2.1641377200626852,1.81,3.9170892733134606,0.6263000000000001,2.6905,1.3929,0.8727,0.47130000000000005,3.3413000000000004,3.5027,1.2154,2.0545,0.2690999999999999,5.6158,4.5477,0.055300000000000016,0.7977000000000001,-1.126,5.1945,3.7853000000000003,1.0437,0.7924,1.7992,2.7355,4.5636,1.2784,-1.7671,3.9939
198407,2.118870624580985,-2.72,-5.7633280988602795,-8.030899999999999,-5.8867,-5.4866,-2.6319,-2.9916,-6.1051,-6.2094000000000005,-2.3098,-4.4235,-4.6026,-4.2904,-4.2052000000000005,-3.9387999999999996,-3.7895999999999996,-1.8123999999999998,-4.5839,-5.5027,-3.3366,-5.2884,-1.6806,-0.5471999999999999,-2.1481,-0.823,-3.8388,-3.1283999999999996
198408,2.12654230875972,10.27,21.839589510962327,10.6088,10.9012,7.8634,5.9651,7.894299999999999,15.0792,9.722,9.1256,8.3124,9.564,14.6013,12.0251,9.9839,11.2345,8.6425,12.0118,12.4051,11.5991,10.6383,9.2004,9.9435,9.3585,9.2044,10.8198,11.6851
198409,1.8786485271290996,-0.8,-1.5029188217032798,-3.4741,-2.4252,-0.45089999999999997,0.6146999999999999,1.5817,-6.4242,-0.4925,0.9885,0.5930000000000001,2.3494,-4.7375,0.5014,0.7692,1.1314000000000002,2.7493000000000003,-2.4954,-2.1452,-0.19469999999999998,0.5809000000000001,3.597,-3.554,-2.4566,-1.3754,1.0390000000000001,2.2676000000000003
198410,1.907432246336332,-0.84,-1.6022430869225188,-4.9826,-2.3949,-3.1739,-2.5629999999999997,-2.4071,-3.9524,-2.5048,-1.1616,-0.037900000000000045,-0.2511,-2.6737,-1.3818,0.36719999999999997,-2.6574,1.1322999999999999,-1.3703,-0.8672,-0.30279999999999996,-0.9387,0.7319,-0.18159999999999998,1.7172999999999998,0.26069999999999993,-1.4424000000000001,-2.4979
198411,1.5673716443784595,-1.77,-2.7742478105498733,-6.3614,-4.7271,-2.1088,-2.0934999999999997,-1.7226,-6.5822,-2.7795,-1.0463,-0.7787999999999999,0.4897,-4.5801,-0.485,0.4033,0.9148000000000001,0.6636,-4.0129,-1.366,-1.7443,-0.07519999999999993,1.2542,-3.2215,-1.6923,-2.3750999999999998,-1.4665,0.6251
198412,1.5335938561542157,1.84,2.8218126953237572,-0.28340000000000004,0.3577,0.39990000000000003,-0.16300000000000003,0.12209999999999999,1.4903999999999997,1.5949,1.0939,1.6101,1.8929,3.8028,2.8704,0.2804,0.7227,1.2759,2.6351,1.0838999999999999,1.6016999999999997,2.3388,2.8411,1.9663,1.7424,2.159,2.4417999999999997,0.7180000000000001
198501,1.2214652507504307,7.97,9.735078048480933,15.048499999999999,14.4289,9.9491,9.437899999999999,7.8246,15.399399999999998,12.184199999999999,8.315299999999999,8.9903,8.4107,13.0577,9.8637,8.9721,8.457699999999999,7.546199999999999,11.5766,11.994299999999999,7.780199999999999,7.3896999999999995,5.650399999999999,8.8843,7.2824,6.8839,6.2501,3.8341
198502,0.970103290527957,1.22,1.1835260144441075,3.2389,4.1517,2.789,2.1789,3.238,2.3188999999999997,2.6136,1.9011,1.436,0.6459,1.5225999999999997,0.33710000000000007,0.5607000000000001,0.8196,-1.1512,2.0322999999999998,-1.4141,1.4202,1.9100000000000001,0.5311,-0.37259999999999993,2.0482,0.9516000000000001,1.9324,2.1797
198503,0.9406500387740347,-0.83,-0.7807395321824488,-3.266,-3.5648,-1.9739,-1.7711999999999999,-1.0448,-5.1768,-4.0633,-1.3972,-0.22820000000000001,2.3899999999999997,-4.9342,-1.6916000000000002,-2.8177000000000003,-0.025699999999999945,2.9981,-3.4612000000000003,-2.7147,-0.5157,0.1824,4.0077,-2.179,0.24739999999999995,-1.2986,0.45509999999999995,0.9603
198504,1.0355470711948032,-0.96,-0.994125188347011,-2.9947,-2.3967,-0.44649999999999995,-0.22299999999999998,-1.4677,-3.8838,-1.9348,-1.0219,1.7646,-0.05259999999999998,-2.0042999999999997,-2.4268,-1.032,2.0122999999999998,0.6562000000000001,-1.9914,-3.8345000000000002,-0.2116,0.22540000000000004,0.17690000000000006,-2.3911,-3.0571,-1.9997,0.5274000000000001,2.1845999999999997
198505,0.9890535079682002,5.07,5.014501285398776,1.9156999999999997,3.4597999999999995,3.0237,1.9472,0.4314999999999999,3.2784,3.3444000000000003,2.4669,4.7217,2.2885999999999997,5.5084,4.8347999999999995,2.6414999999999997,3.6491999999999996,3.2803999999999998,6.0011,5.2456,4.859,3.6369,5.6453,5.0904,6.931,8.0101,4.8979,3.9344
198506,0.8236487112149484,1.27,1.0460338632429844,-0.11840000000000006,0.0028999999999999027,0.47829999999999995,0.6852,1.5723999999999998,0.30589999999999995,1.9547999999999999,1.8673,2.3671999999999995,2.9532999999999996,2.0841000000000003,1.3692,3.4722,1.8522,2.8166,1.3888,1.3544,1.72,3.0454,0.36249999999999993,0.14069999999999994,2.2157,0.8335999999999999,-0.18880000000000002,1.7817999999999998
198507,0.6847049995132102,-0.72,-0.49298759964951133,1.9409999999999998,2.1772,1.7931999999999997,0.8969999999999999,1.5655999999999999,2.6106,2.8091,3.9029,-0.5884,0.2653,0.6239,2.159,0.8687999999999999,0.3712,1.2766000000000002,-1.1896,-0.20829999999999999,0.5425000000000001,-2.7393,0.28369999999999995,0.012700000000000045,-1.0957,-2.2819,-2.1263,-2.9838
198508,0.7027893311118208,-1.01,-0.709817224422939,-2.2069,-1.5416,-1.2497,-0.5343,-1.2705000000000002,-2.5042999999999997,-1.538,0.4665999999999999,-0.14680000000000004,-0.23420000000000002,-3.0033000000000003,-1.369,-0.5769000000000001,-1.2491,-0.0040999999999999925,-2.3798000000000004,-0.7901,0.43909999999999993,-0.15890000000000004,-0.3047000000000001,-2.3967,-0.5507000000000001,-1.2389000000000001,-0.11130000000000007,0.22329999999999994
198509,0.7858039634164703,-4.51,-3.543975875008281,-8.664399999999999,-6.4735,-5.528,-4.598,-4.6769,-8.0361,-6.7973,-3.9427,-4.122,-6.125299999999999,-7.3727,-5.0135,-3.7807,-4.464799999999999,-4.1373999999999995,-5.643599999999999,-4.6777,-5.1811,-7.1046,-5.1968,-4.2542,-1.9081000000000001,-3.6619,-3.7887,-4.7367
198510,0.692081381211977,4.0,2.768325524847908,0.02859999999999996,1.2919999999999998,2.9184,2.561,1.2046000000000001,3.4613,2.9755000000000003,3.4667999999999997,5.134399999999999,2.6277,3.3181000000000003,3.7885000000000004,3.7151,1.6598000000000002,2.7022,5.0733999999999995,4.700399999999999,3.6313999999999997,4.867299999999999,4.5827,3.0656,3.5681,4.2364999999999995,5.1678999999999995,5.754899999999999
198511,0.7594341021744433,6.46,4.905944300046904,4.805499999999999,5.8576,5.7748,4.3784,3.9415,8.7535,6.6087,7.2393,6.302,6.112299999999999,7.0352,6.936299999999999,5.1932,5.7542,5.7581,8.1019,5.9828,7.840599999999999,4.9018999999999995,4.4413,9.409,7.3723,7.2509999999999994,3.3215000000000003,4.108899999999999
198512,0.6330391686071689,3.88,2.456191974195815,2.9377,4.615799999999999,3.4999,3.3142,2.6859,4.4916,3.5924,4.4899,3.1201,-0.35800000000000004,4.935099999999999,3.8249,2.0208,2.031,4.646,3.0685000000000002,3.6509000000000005,2.0844,4.3328,4.882899999999999,6.170599999999999,3.0654,4.1822,2.3782,3.7710000000000004
198601,0.6685851021578393,0.65,0.43458031640259553,3.2507,1.4556999999999998,2.0702,1.5735999999999999,2.562,0.46199999999999997,1.6132,0.12239999999999995,-0.34440000000000004,1.9171999999999998,1.2116,2.5272,1.1020999999999999,1.5878,2.0465,0.5751,-0.05630000000000002,1.405,2.1691,2.92,-0.13540000000000008,0.7619,1.1771,-1.9895,0.8609
198602,0.8701346134441423,7.14,6.212761139991176,5.3156,5.9464999999999995,5.9761999999999995,7.3457,4.9609,6.9247,6.5847999999999995,6.4223,8.744,4.5257,6.2364,9.0458,7.2961,6.6636,5.8626,7.338699999999999,8.9478,6.4936,6.7383,7.0016,7.0432999999999995,9.5211,8.246400000000001,5.959,6.6864
198603,0.7487090276921554,4.91,3.6761613259684833,4.0244,4.8424000000000005,4.436,3.9561999999999995,5.912,3.0535,4.5407,5.489800000000001,4.418200000000001,5.723800000000001,4.3975,6.761900000000001,4.326700000000001,5.3102,4.7786,5.3696,4.7,5.274500000000001,3.3722,4.3128,5.4032,6.6801,4.758500000000001,4.154800000000001,4.1372
198604,0.627079105757169,-1.28,-0.8026612553691763,2.226,1.8243,0.35,0.013599999999999945,-0.1023,1.8546,1.4288,-0.9412,0.5271999999999999,-2.0339,1.4719,1.8035,0.6061000000000001,0.6113999999999999,-1.6567,1.2590999999999999,-0.637,-1.5939,-2.9109,-5.2339,-0.0817,-1.4815,-2.8968,-3.2222,-3.2427
198605,0.628358234811994,4.62,2.9030150448314127,3.6366999999999994,3.0186,3.9958,3.3613999999999997,3.1993,2.7733999999999996,1.9109,4.7222,3.9463,1.7969000000000002,5.485799999999999,3.7391999999999994,5.7368999999999994,4.6861,2.9675000000000002,5.568,3.3086,5.2566999999999995,3.9265,3.8232999999999997,4.6948,5.7776,2.9625000000000004,6.1032,5.0565
198606,0.5694568815545088,1.06,0.6036242944477793,-0.357,-2.1431,-0.3487,0.8509,1.5452,0.1775,-0.352,1.8598,1.2804,1.7671999999999999,0.7646999999999999,-1.2898,1.8048000000000002,0.09240000000000004,1.8014000000000001,1.2464,0.5027999999999999,-0.42060000000000003,3.2587,0.7401,1.729,1.5636999999999999,0.3983,0.19730000000000003,2.3981
198607,0.7471332442166432,-6.43,-4.804066760313016,-10.6326,-9.0906,-8.9359,-6.6777,-9.2202,-11.9224,-10.3322,-9.399099999999999,-5.479100000000001,-7.377700000000001,-10.4897,-8.2358,-8.507,-6.5647,-6.4323,-9.0916,-8.074,-7.4697,-5.2332,-4.8782,-7.667999999999999,-6.374700000000001,-5.3948,-3.0272,-3.0913
198608,0.9655290956714756,6.07,5.8607616107258576,-0.16160000000000002,0.09910000000000002,1.8054999999999999,1.3407,1.2433,2.0380000000000003,3.7729,3.8335999999999997,5.0115,4.0985000000000005,3.761,3.355,5.6377,6.8703,8.079899999999999,3.8144,5.8562,6.6496,9.742199999999999,9.0057,3.8636999999999997,6.0604000000000005,5.6606,9.8836,10.277199999999999
198609,1.053140712690446,-8.59,-9.046478722010932,-8.5938,-6.7029000000000005,-5.7436,-4.8972,-3.7248,-9.190999999999999,-6.1832,-5.2655,-2.8837,-6.1165,-8.3878,-8.0191,-4.7947,-5.2408,-5.4025,-9.7395,-6.7052000000000005,-8.016499999999999,-7.1821,-6.5019,-10.852599999999999,-11.3773,-8.034699999999999,-8.3558,-6.8921
198610,0.8924387382963952,4.64,4.140915745695273,1.463,2.3914,1.3760000000000001,2.6377,0.3273,5.9562,3.9962,2.6737,2.3399,1.055,5.2877,2.1785,0.9293,1.5800999999999998,1.855,5.3607000000000005,6.1666,4.5245,5.3668000000000005,3.8846,4.4711,6.5561,6.3006,4.1503,5.4728
198611,1.3377398779838405,1.17,1.5651556572410934,-2.6703,-0.10550000000000004,-0.06259999999999999,0.01799999999999996,0.7978,-0.13040000000000002,-0.1013,-0.7469,-2.5347,-0.389,-0.3921,-0.03700000000000003,-1.5158,0.8221999999999999,-1.08,0.9101,0.8096,1.1280999999999999,-1.6359,0.9997999999999999,2.2439999999999998,1.4638,2.3537999999999997,2.0965,1.3148
198612,1.5132741871434738,-3.26,-4.9332738500877245,-6.061100000000001,-2.5868,-4.0763,-2.6516,-3.7394,-3.5997000000000003,-2.1895,-3.8366999999999996,-3.4370000000000003,0.3661,-3.0651,-2.1782,-4.3343,-2.5601000000000003,-1.157,-4.9495000000000005,-3.8396999999999997,-3.3742,-3.1162,-3.7423,-2.2912,-3.0206,-4.712000000000001,-3.316,-3.4640000000000004
198701,1.4969822714261072,12.45,18.637429279255034,10.5683,9.8004,10.1102,9.2576,9.1877,13.145,12.0061,10.0902,9.1089,10.3228,13.7295,12.5734,8.3862,10.0888,9.916,13.6393,11.7856,10.1514,11.8869,11.1878,13.1436,16.071099999999998,11.1536,12.0654,11.4864
198702,1.4986258450719718,4.38,6.5639812014152366,10.0075,7.9274000000000004,6.4908,6.7648,6.0014,9.2791,8.6411,5.9123,5.6029,5.1454,8.266,7.581200000000001,4.8573,3.8000000000000003,4.3106,6.5593,6.578600000000001,6.1771,2.7693,2.1688,7.848000000000001,5.4375,2.5239,-0.8766,-1.5231
198703,1.306149916112165,1.63,2.129024363262829,1.1424,3.3968999999999996,1.4627000000000001,2.907,4.0372,0.6198000000000001,2.5772000000000004,1.1695,2.2961,3.0126,-0.006999999999999951,0.9131,1.2044000000000001,2.144,2.9791999999999996,1.4999,1.0279,1.16,1.3777,-1.7796,0.9706000000000001,1.7390999999999999,0.16349999999999998,2.5149,4.3329
198704,1.2335446479427874,-2.09,-2.5781083142004255,-2.7539,-2.7506,-2.7984999999999998,-0.9964999999999999,-1.7675999999999998,-4.3845,-2.8354,-3.383,-4.732600000000001,-5.2039,-2.6273999999999997,-2.5678,-4.8653,-2.3345000000000002,-3.1846,-4.027,-2.6151999999999997,-3.0044,-2.2311,-2.0837,-1.6756,-1.6340999999999999,-2.5303,-1.1504,-0.9274
198705,1.152294298276795,0.11,0.12675237281044746,-0.7097,-1.6572,-0.4497,0.19609999999999994,2.9111000000000002,-1.2765,-0.4283,-0.3306,-0.1673,0.129,0.3046,0.06779999999999997,-1.2717,-0.147,0.15859999999999996,1.5553,0.05930000000000002,-0.8538,-0.8717,0.4184,1.4863,-0.9302,-0.6277,0.38449999999999995,0.15139999999999998
198706,0.945486638886315,3.91,3.696852758045492,-0.638,0.9810000000000001,2.5842,1.4111,4.129899999999999,1.2376,2.572,3.0493,1.7993000000000001,3.5162,1.8462999999999998,1.2562,5.302199999999999,5.0761,1.8897,4.6205,2.7126,3.7571999999999997,3.6237,3.2815,4.142899999999999,4.935499999999999,5.652100000000001,4.6647,4.6983999999999995
198707,0.9367843252325843,3.84,3.5972518088931236,1.1026,1.6808,1.459,2.4319,4.936,1.7492999999999999,1.5571000000000002,3.3255,2.9183,5.5001,2.0098000000000003,3.9789000000000003,3.3279,3.1241,7.6846000000000005,3.6965000000000003,4.4246,4.3702,3.5616000000000003,4.4589,5.4549,2.7086,5.7099,2.2068,2.5483000000000002
198708,0.708848471903105,3.52,2.4951466210989293,0.33830000000000005,1.5992,2.2762000000000002,1.9812,0.25350000000000006,2.0768000000000004,3.3178,3.4753,2.0475000000000003,3.5589000000000004,3.3636,2.9477,4.299300000000001,3.0991,0.0726,4.1930000000000005,3.6099000000000006,3.3391,3.359,1.168,4.475700000000001,4.8266,3.0016,4.1584,2.1256000000000004
198709,0.3983440945172728,-2.58,-1.0277277638545639,-3.2183,-0.6970000000000001,-1.5735999999999999,-0.8973,-1.4595,-2.4269000000000003,-2.9459,-1.0947,-1.1064,-3.0241000000000002,-3.7342,-2.6882,-2.7379000000000002,-2.8224,-1.4837,-2.3361,-1.8162,-2.3506,-2.0409,-0.6054,-2.6747,-4.4973,-0.677,-2.5532000000000004,-3.1289000000000002
198710,0.17233771810672044,-23.19,-3.9965116828948473,-34.7653,-31.277900000000002,-29.193,-28.9583,-29.084300000000002,-33.084900000000005,-32.5413,-29.2601,-25.2616,-29.854100000000003,-30.2956,-29.076400000000003,-25.511300000000002,-23.059700000000003,-27.6598,-26.147100000000002,-29.285800000000002,-24.6245,-19.0999,-24.068,-22.2513,-23.0499,-22.628400000000003,-16.0467,-19.3014
198711,0.33702881891645264,-7.76,-2.6153436347916723,-8.6973,-5.2519,-5.1834999999999996,-4.7722,-3.9606,-7.5402,-5.7277,-4.0033,-3.6058,-3.2523,-7.1975,-2.7983000000000002,-3.1321,-3.4249,-4.6014,-6.7634,-6.7161,-6.3222,-4.7353,-2.7612,-9.9622,-8.7366,-8.616,-8.1046,-7.6162
198712,0.592461376077477,6.82,4.040586584848393,2.3367,4.969200000000001,5.0235,4.436,3.0274,11.418199999999999,8.948699999999999,6.368200000000001,6.9073,4.7038,11.9188,9.276,5.8782000000000005,4.441800000000001,6.215800000000001,12.633099999999999,10.440999999999999,8.7647,3.5366999999999997,3.5524,7.9248,7.024900000000001,7.641000000000001,2.8987,5.9051
198801,-0.08771751868955682,4.21,-0.3692907536830342,5.7419,6.674,4.2044,4.6931,5.9315999999999995,1.5709,3.0665999999999998,4.8286999999999995,3.824,6.2478,0.9770999999999999,3.2702999999999998,3.5888999999999998,7.2363,6.1508,-0.23679999999999998,4.3996,4.6826,5.1178,4.5529,1.9503,1.2623,4.8284,8.756,8.489700000000001
198802,0.3385807181059244,4.77,1.6150300253652592,5.5789,6.9826,7.2047,7.1549,7.1375,8.2203,11.7828,7.597600000000001,8.4004,7.9393,8.2243,7.4025,6.5795,6.7514,6.0283,8.133799999999999,8.9531,5.919,4.282,5.7562,4.1171,5.0337,4.2617,1.3513,2.6009
198803,0.22147226533936762,-2.26,-0.5005273196669707,3.8674000000000004,4.924899999999999,5.7287,4.7127,4.3,1.6309,6.428699999999999,3.661,2.5025,4.051399999999999,2.3298,0.5857000000000001,0.7529000000000001,-0.4744,0.8187,-1.4063,0.9649000000000001,-0.4717,-0.7232000000000001,3.0165,-5.0394000000000005,-4.681900000000001,-4.4245,-4.2524,-0.8302
198804,0.0690116652391698,0.57,0.03933664918632678,0.44580000000000003,0.7614000000000001,2.1931,0.47769999999999996,3.3702,1.7040000000000002,4.1541,2.1943,1.6604,1.6463999999999999,-1.2744,-0.22440000000000002,1.4523000000000001,-0.014500000000000013,1.8925999999999998,-0.6938,0.19359999999999994,1.3958,-1.1018000000000001,0.2551999999999999,-1.2068,0.6648000000000001,0.6506000000000001,2.0039000000000002,1.5737999999999999
198805,-0.059879341188300864,-0.27,0.016167422120841234,-4.134,-2.4574,-1.6639,-2.1795999999999998,-1.3822,-4.9424,-2.8432000000000004,-3.0917000000000003,-1.548,-1.0119,-1.2091,-2.2649999999999997,-1.5754,0.8908,0.36329999999999996,-1.6365,-1.1742,-0.9335,1.7726,0.7037,-0.3977,-0.2117,-0.7757000000000001,2.0155000000000003,1.5845
198806,-0.034417760797991755,4.78,-0.1645168966144006,5.958699999999999,6.2127,5.442699999999999,5.8088999999999995,4.2597,6.8126999999999995,10.5742,7.524699999999999,5.0561,7.9665,6.513,7.0126,6.0543,5.487699999999999,4.4936,7.0149,5.914499999999999,5.9868999999999994,3.4821,7.8946000000000005,3.6826999999999996,6.5685,5.0846,2.5929,2.5181000000000004
198807,-0.19455123003687017,-1.25,0.2431890375460877,-1.3835000000000002,-1.2185000000000001,-1.2231,0.6144000000000001,-1.6461000000000001,-3.247,-2.7359999999999998,-0.5683,-0.11249999999999999,0.3981,-4.6387,-2.5995,-2.1041,-0.4381,-0.8775999999999999,-3.6656000000000004,-3.6914,-1.237,-0.4419,-0.22210000000000002,-1.5178,-1.3836,-0.1008,-0.4717,0.3772
198808,-0.3455787327383028,-3.31,1.1438656053637823,-4.665,-3.1145,-1.5325,-2.1728,-2.6115999999999997,-4.8831,-4.8986,-2.6477999999999997,-1.3956,-1.3295,-4.659,-3.2249,-2.7398,-0.4153,-1.5916000000000001,-4.1967,-3.6934,-1.7671999999999999,-0.4173,0.767,-3.4705,-5.7326,-3.0879,-1.9421,-3.7645999999999997
198809,-0.45522460149070637,3.31,-1.5067934309342381,0.4231999999999999,2.5802,1.8704,1.2993000000000001,1.988,2.1437,2.165,2.2024999999999997,2.3247,2.106,2.9991,1.6745,2.1279,0.8409000000000001,2.4335,3.9486999999999997,0.9345,3.2821,1.3698000000000001,3.982,5.0573,4.9375,1.4059999999999997,3.4530000000000003,3.4112999999999998
198810,-0.3861222439140417,1.16,-0.44790180294028836,-3.5871,-2.5165,-1.6915999999999998,-2.9427,-1.4032,-2.8346999999999998,-1.0911,-0.2309,-0.4396,-1.186,-2.2748,-0.44399999999999995,0.37570000000000003,0.03720000000000001,1.8980000000000001,-1.9526,0.09099999999999997,0.239,0.44200000000000006,1.963,1.2583000000000002,4.898899999999999,1.0025,1.8057000000000003,3.5892000000000004
198811,-0.4723776390681232,-2.27,1.0722972406846396,-5.485,-5.048900000000001,-3.9337999999999997,-3.9259999999999997,-4.767600000000001,-4.575,-3.9082999999999997,-2.2608,-3.6805999999999996,-2.6917999999999997,-3.4678999999999998,-3.2518,-4.393,-1.4245999999999999,-2.0385,-2.2387,-2.9541999999999997,-4.0475,-2.2241,-1.6999999999999997,-2.4917,-1.5463,-2.4289,-1.0735,-0.22649999999999992
198812,-0.4629507173779245,1.48,-0.6851670617193282,1.2181000000000002,3.6496000000000004,2.5449,4.206,1.8342,4.6323,3.7169,3.2869,3.8923000000000005,2.0337,3.7633,3.2904,2.5351,1.9050000000000002,2.0413,2.5019,2.6548000000000003,0.9095000000000001,1.4463,-1.3567,1.9888,1.3975,1.1837,-0.0857,-0.6094
198901,-0.4725885740093953,6.07,-2.8686126442370297,4.6135,5.282900000000001,3.9555,3.9607,4.887700000000001,3.3000999999999996,4.2287,4.2118,3.0568999999999997,6.7764,4.2083,4.7722,4.521,3.5214,4.7675,4.2954,5.0191,5.3023,5.1269,7.9601999999999995,7.16,6.2739,6.0096,5.8487,7.668
198902,-0.550699846081484,-2.23,1.2280606567617094,-1.5013,-0.5155,0.22999999999999998,0.8273,1.0003000000000002,0.2892,1.1715,0.8908999999999999,0.36929999999999996,0.9848,-0.5003,0.059799999999999964,-0.47019999999999995,0.8816,-0.4205,-0.9401999999999999,-0.6027,-1.5974,-0.2731,0.7855,-3.7146999999999997,-3.3404,-3.2285,-2.3059,-3.1774
198903,-0.5187869635122895,1.57,-0.8144955327142945,0.7051,2.3471,4.2149,1.6474000000000002,2.2948,0.9735999999999999,1.3610000000000002,1.7184,0.9159,2.5854,1.6376,0.9553999999999999,0.7432,2.6271,2.0528,-0.9226000000000001,1.1189,2.4738,-0.030299999999999994,2.7832,2.3586,-0.37070000000000003,3.3184,2.0460000000000003,0.47319999999999995
198904,-0.4954468979893578,4.35,-2.1551940062537063,2.0512,2.3837,3.1468000000000003,2.082,2.0736,4.063,4.2077,4.3362,1.9821,4.7135,4.9309,3.2571,3.9259000000000004,3.3414,3.1486,5.5784,4.6307,3.4254,4.7753,4.9008,5.5068,4.34,4.3134,3.761,2.9692000000000003
198905,-0.3739041762307649,3.28,-1.2264056980369087,2.0841,4.947,1.6738,2.7164,2.6715999999999998,4.2434,1.3708,3.6738999999999997,2.8822,2.9157,4.9889,3.7912,2.9384,3.4151,3.2116999999999996,3.7828999999999997,2.076,2.6286,3.2104,5.1909,3.8960999999999997,2.1097,3.7069,3.5622,2.4979999999999998
198906,-0.43545253284940133,-1.33,0.5791518686897038,-3.9721,-2.3015999999999996,-3.3158,0.13790000000000002,-0.22759999999999997,-5.1901,-2.2577,-1.4741,-1.2393,-2.4581999999999997,-3.9768,-2.275,-2.0014000000000003,-0.30169999999999997,1.4848,-2.649,-2.2441,-0.5063,1.375,2.5701,-1.2864,-1.1507,-2.0484,-1.2933,0.1756000000000001
198907,-0.2602443954828262,7.18,-1.868554759566692,2.0303000000000004,4.0316,1.6868999999999998,2.4269,0.9452,4.7497,4.2911,2.5952,3.2165999999999997,2.3958000000000004,4.5991,4.1594,2.4931,4.3084,2.6036,7.7678,7.8664,5.553999999999999,5.2907,5.8102,10.839300000000001,8.8053,6.0601,7.1162,5.9859
198908,-0.28825078096553874,1.43,-0.4121986167807204,1.5610000000000002,-0.6673,-0.06769999999999998,1.6562,0.9511000000000001,2.4703999999999997,2.1411,2.7393,2.9275,1.8517,2.3571,1.9565,4.4012,2.3451000000000004,1.4143000000000001,2.8925,3.2737999999999996,2.7469,2.8629,0.5093000000000001,-0.8583,1.5447,2.2332,0.9256,2.2157
198909,-0.4045470714395218,-0.76,0.3074557742940366,0.5373,-1.2497,-0.9409000000000001,-0.1271,-1.1628,1.6889000000000003,-0.44600000000000006,0.028799999999999937,0.13969999999999994,-1.6511,0.8516,-2.18,-1.9821,-0.8913,-1.4967000000000001,-0.308,-3.78,-4.0947000000000005,-1.4224,-0.006299999999999972,0.3841,-1.5129000000000001,-0.5105,0.08009999999999995,-1.2104
198910,-0.396492852415361,-3.65,1.4471989113160675,-5.7504,-6.247599999999999,-5.6529,-5.2047,-7.3294999999999995,-5.8408,-7.5004,-5.6282,-6.356999999999999,-8.4925,-4.3974,-6.6158,-7.1286,-5.5697,-5.9081,-3.5016000000000003,-4.952999999999999,-7.6345,-3.7798000000000003,-5.1564,-0.5070000000000001,-4.177,-3.3971,-3.9096,-0.9134
198911,-0.48041351032537966,1.04,-0.49963005073839484,-1.2621,-0.6882999999999999,-1.3224,-0.9322999999999999,-1.66,-0.3660999999999999,0.7925,0.02410000000000001,0.9992000000000001,-1.5531,0.9133,1.5906000000000002,-0.9443999999999999,0.2450000000000001,1.846,1.6254,1.1762000000000001,-0.30529999999999996,-0.02059999999999995,0.0034000000000000696,1.2233,1.7243,2.0305,0.542,0.13030000000000008
198912,-0.4266567099625872,1.18,-0.5034549177558528,-1.2467000000000001,-1.6179999999999999,-1.6688999999999998,-1.4224999999999999,-2.3003,0.39249999999999996,-0.7358,0.2711,0.10540000000000005,-0.28559999999999997,-0.24919999999999998,-0.10299999999999998,-2.0969,1.3006000000000002,-0.33649999999999997,1.9203000000000001,1.4203000000000001,0.9739000000000001,0.7122,1.5098000000000003,0.0837,0.39350000000000007,3.9445,4.2818,0.4375000000000001
199001,-0.41193497682346736,-7.8,3.2130928192230455,-8.8064,-7.968,-5.6787,-7.2022,-6.8722,-9.7257,-10.229700000000001,-7.763800000000001,-8.0854,-9.5847,-10.203,-9.780800000000001,-8.54,-7.1311,-8.266,-7.597300000000001,-5.9289000000000005,-9.1568,-9.0847,-10.5303,-8.2033,-6.3348,-7.7212000000000005,-7.891100000000001,-6.4632000000000005
199002,-0.2635182004072187,1.12,-0.295140384456085,1.3441,1.5087000000000002,0.5386000000000001,2.8787000000000003,0.9445,2.7479,3.0862000000000003,2.3042000000000002,2.7503,1.8094000000000001,2.7031,3.0061,1.6708000000000003,0.6876000000000001,2.5674,1.0569000000000002,1.0077000000000003,0.9173000000000001,1.2595,2.9617,-0.6527999999999999,1.2283,1.8049,0.8447000000000001,1.4863
199003,-0.18421680204432397,1.83,-0.3371167477411129,3.6562999999999994,1.6511,1.8460999999999999,3.0768,0.7377999999999999,4.000100000000001,4.126,4.349600000000001,2.5219,0.9007999999999999,4.476100000000001,2.1548,2.3615999999999997,0.4225,-0.8266,3.0875999999999997,3.6754000000000002,1.3220999999999998,1.2839,-1.0894,3.2136,3.1698,-0.19980000000000003,-0.10319999999999996,0.5622999999999999
199004,-0.2321530308691877,-3.36,0.7800341837204706,-3.1845,-3.3402,-2.5665,-3.2462,-4.2454,-4.724600000000001,-4.2667,-2.6534,-3.7209,-6.277799999999999,-3.0406999999999997,-2.5141,-4.1462,-6.0748,-6.644500000000001,-3.5051,-4.8629999999999995,-6.5458,-6.169499999999999,-6.631,-0.2879999999999999,-2.0206999999999997,-4.4674,-4.8492999999999995,-4.8309
199005,-0.17143590856398602,8.43,-1.445204709194402,7.8247,5.794700000000001,5.245500000000001,3.5117999999999996,2.9939999999999998,9.9711,8.0881,4.9077,4.8392,2.9612,8.7167,8.1437,6.8643,3.8882999999999996,5.7714,10.3356,7.144900000000001,9.5334,6.7523,7.9695,10.975200000000001,10.4417,7.0403,5.7804,7.0116000000000005
199006,-0.2630190445802225,-1.09,0.2866907585924426,0.4182,1.3521,2.0686,-0.24359999999999998,-0.9398,-0.4944,0.22450000000000003,-1.6885,-0.5316,-1.2412999999999998,1.2848000000000002,-0.1582,-1.0366,-2.2106,-1.2425000000000002,-0.05989999999999995,-2.4162,-2.5448,-2.4295,-0.6535,2.8041,-2.7676,-2.9566,-4.1162,-0.9306
199007,-0.2766674655444951,-1.9,0.5256681845345407,-5.4239999999999995,-5.7032,-4.1894,-3.7161,-5.2299,-6.169899999999999,-4.5377,-5.1373,-3.2519,-5.2844999999999995,-5.193,-2.1147,-3.9012000000000002,-5.5344999999999995,-4.933199999999999,-3.0318,-1.5225,-4.9529,-2.9439,-3.4979,-1.5205000000000002,-2.1778,1.4350999999999998,-2.0811,-2.7158
199008,-0.3603365498190016,-10.12,3.646605884168296,-16.9487,-15.414200000000001,-13.3109,-11.715,-12.8931,-15.2032,-14.0933,-13.2063,-11.106,-11.8268,-14.4914,-14.058,-11.4623,-9.5666,-10.4977,-10.1343,-11.5571,-11.7039,-10.1344,-11.215,-9.3477,-10.780100000000001,-7.2629,-10.2019,-11.2543
199009,-0.358484294466397,-6.11,2.190339039189686,-11.108699999999999,-9.833599999999999,-8.7034,-7.5004,-9.2792,-10.4345,-9.6022,-9.3623,-7.5499,-9.1706,-10.0358,-7.7756,-7.3004999999999995,-8.7735,-8.78,-6.4495,-6.8793,-10.3384,-7.1354999999999995,-8.5525,-5.8159,-5.851999999999999,-2.1149999999999998,-7.2357,-8.033900000000001
199010,-0.5460585692140746,-1.92,1.0484324528910232,-7.288799999999999,-7.33,-7.0007,-6.2014,-7.967099999999999,-6.993399999999999,-5.9504,-5.0369,-4.8145,-8.2058,-5.7515,-5.6635,-4.8450999999999995,-3.1949,-5.5408,-1.3655,-4.0269,-8.0004,-1.9344999999999999,-3.0598,0.8493,-2.311,-1.6520000000000001,-0.24800000000000005,0.22949999999999993
199011,-0.35385467004042526,6.35,-2.2469771547567,2.9351000000000003,5.132899999999999,3.4941,2.369,1.0537,11.2791,5.5916999999999994,6.4213,6.340599999999999,3.6988,10.3849,8.6339,7.1501,7.2143,6.5142999999999995,8.5557,7.3259,10.6955,8.5762,5.3301,5.8412999999999995,7.1726,5.3744,5.6604,3.7925
199012,-0.35357108438002444,2.46,-0.8697848675748601,-0.2517,-0.7947,-0.5306,1.6841999999999997,-0.2616,3.6667,5.260400000000001,3.7178,3.4176999999999995,3.2772,6.1485,3.7868999999999997,3.0469,3.2469,2.701,3.3669,3.266,4.284800000000001,3.8169999999999997,2.7653,2.7358,3.1003,1.0735000000000001,1.7972000000000001,0.2096
199101,-0.26864171774810086,4.69,-1.259929656238593,7.2857,6.637600000000001,10.2385,8.3686,10.666500000000001,9.4961,6.0870999999999995,6.7699,5.8787,8.418000000000001,8.7378,8.640500000000001,6.5295000000000005,7.425700000000001,3.1678,7.881,3.4879000000000002,7.2852,3.8446000000000002,4.933400000000001,4.6721,5.343299999999999,1.3926,5.517799999999999,3.4629
199102,-0.5366749096268927,7.19,-3.8586926002173585,13.9742,11.541699999999999,13.2427,11.774799999999999,11.212299999999999,11.4272,9.7668,9.5869,7.8263,13.4436,9.002699999999999,10.152099999999999,8.0283,7.918699999999999,8.0587,8.2041,8.8891,8.3072,6.974399999999999,6.1358999999999995,7.7308,6.3729,4.6508,5.6036,7.491199999999999
199103,-0.2571741220148144,2.66,-0.6840831645594063,9.870000000000001,8.200700000000001,7.4726,6.249199999999999,7.326499999999999,7.247,4.7932,5.396,5.757199999999999,5.621099999999999,7.2738,2.3627000000000002,1.7810000000000001,4.2538,5.565499999999999,4.629099999999999,3.5902,2.9306,3.2364,2.5116,4.106299999999999,1.4586000000000001,-0.1084,1.3111000000000002,0.7591000000000001
199104,-0.33568947951117584,-0.28,0.09399305426312925,0.41479999999999995,0.6022000000000001,0.6507000000000001,0.10629999999999995,-0.02429999999999999,-2.1041,0.361,0.2601,1.3009,1.3142,-3.2832999999999997,-1.1982,2.4212999999999996,1.9405,0.8628,-1.5226000000000002,0.029799999999999938,2.7514000000000003,1.1599,-1.033,-0.5076,-0.5313,-0.4761,1.1028,-0.7052
199105,-0.3009590559158126,3.66,-1.1015101446518742,2.3205999999999998,3.2981,4.2325,2.8865,3.2083000000000004,4.9806,2.3478000000000003,5.395300000000001,2.8593,2.9263000000000003,3.192,6.2035,4.3603000000000005,3.9489,-0.23729999999999998,6.0956,2.623,5.3725000000000005,4.1654,4.6747000000000005,3.5151000000000003,4.8344000000000005,1.2041,3.8221,6.4652
199106,0.13693589499891218,-4.94,-0.6764633212946262,-7.4525,-4.1366000000000005,-4.4987,-4.413,-4.2056000000000004,-5.6612,-5.3225999999999996,-3.4975,-3.316,-6.2186,-5.1683,-4.9736,-3.9646,-2.5488,-5.0215,-5.7051,-4.6699,-6.3054,-3.8226999999999998,-4.196400000000001,-4.8308,-6.0738,-4.077,-5.5537,-4.3856
199107,0.2192823627921235,4.24,0.9297572182386036,2.3354,3.4935,1.8252,2.8987999999999996,1.9873999999999998,3.657,3.1089,2.5091,3.4278000000000004,1.5683999999999998,5.6880999999999995,3.5987999999999998,3.1908000000000003,2.1895,6.8837,5.483,3.2102000000000004,2.4466,3.7701000000000002,6.8479,5.7378,2.7934,4.3793999999999995,4.1864,0.3256
199108,0.007819021927760853,2.32,0.018140130872405177,3.2708,4.4366,2.9130000000000003,0.3423,2.3347,3.5335,2.98,3.2317,2.8384,3.2802000000000002,5.0615,3.7226,2.1062,3.649,5.7511,1.1177000000000001,1.5312000000000001,2.793,2.2305,2.6527,3.8533999999999997,0.2385,2.1952,0.9822,1.2997
199109,-0.011024259918721396,-1.59,0.01752857327076702,3.9690000000000003,2.1134,-0.25980000000000003,-0.17370000000000002,-1.9698,0.10320000000000001,0.35699999999999993,1.4987000000000001,0.5042,-2.0865,-0.3426,-0.9097,-1.227,0.2786,-4.180400000000001,-0.7866,-2.2014,-1.3119,-0.4898,-1.6917,-2.6806,-1.5418,-1.4437,0.06429999999999997,-4.2906
199110,-0.056578344551465314,1.29,-0.07298606447139025,6.1552,3.7295,1.4424000000000001,3.4183,0.8513000000000002,1.9074,0.9829000000000001,2.9899,0.1385,0.8906000000000001,2.3466,0.6075000000000002,1.2124000000000001,2.5263,3.1873,2.1046,0.24120000000000003,0.8685,1.8967,2.4339,1.1126,0.5223,1.5251000000000001,2.8462,0.0842
199111,-0.012623202923363322,-4.2,0.05301745227812595,-2.2520000000000002,-3.6017,-4.5458,-3.6772,-2.9895,-5.174099999999999,-6.923,-3.2805,-5.5493999999999994,-7.2633,-4.0035,-5.2261,-4.3639,-5.4769,-6.151599999999999,-2.6944,-5.2634,-4.3513,-3.5007,-6.5149,-1.4773999999999998,-5.9712,-5.9466,-4.1302,-8.723500000000001
199112,0.11529459932061605,10.85,1.250946402628684,6.2170000000000005,3.2213000000000003,4.9421,4.0672,4.2712,11.0688,6.513,5.0401,5.3323,7.5963,14.1503,10.3765,7.2548,9.6406,10.8012,12.7553,8.396899999999999,10.2045,8.197099999999999,10.1756,14.900599999999999,8.939,7.9899,6.5495,12.507299999999999
199201,0.2587406518390594,-0.59,-0.15265698458504506,14.2752,15.4378,8.0946,12.7833,16.1036,8.020900000000001,4.2891,6.0657000000000005,7.223,9.2696,1.0975,4.5264,4.7779,5.1183000000000005,8.9536,-0.5845,1.6954999999999998,0.6062000000000001,0.33659999999999995,6.0733,-3.5048999999999997,-2.5149,-2.8002,-0.3345,6.4072000000000005
199202,0.396589468598039,1.08,0.42831662608588217,-0.44730000000000003,4.6053999999999995,3.2213000000000003,4.8605,9.5397,-0.07900000000000001,2.144,1.3668,4.2202,6.3027,-0.09540000000000004,2.3403,3.3244999999999996,2.6295,8.5606,-0.8462000000000001,2.7099,2.8185000000000002,1.9130999999999998,4.9087,-0.061000000000000026,-0.81,1.6493,3.9975999999999994,9.833
199203,0.4576802898503942,-2.65,-1.2128527681035446,-6.8572999999999995,-6.0216,-2.8684,-0.41590000000000005,-1.3718000000000001,-8.1496,-2.8428,-2.0314,-0.8492,-1.4299000000000002,-5.3770999999999995,-2.5646,-0.7767,-0.27540000000000003,-1.7559,-6.0304,-1.0901,-3.5821,-1.031,-2.4135,-3.2647,-2.0189,-0.20960000000000004,-1.8542,0.45339999999999997
199204,0.4131861181913436,1.09,0.45037286882856453,-10.339,-4.1446000000000005,-5.2586,-4.9218,-3.0964,-6.8299,-3.7455,-2.9084999999999996,-2.8709,0.20949999999999996,-5.4889,-1.8538000000000001,-1.4668,0.1839,2.2382,-2.3188,0.6641999999999999,1.918,2.5468,3.7672000000000003,-0.474,4.9815,5.1625,2.9609,7.1708
199205,0.5189973036607105,0.3,0.15569919109821315,-1.7695,-0.5573,-0.06790000000000002,-1.6193,1.3316,-0.465,0.01639999999999997,1.5856999999999999,0.4203,3.7500999999999998,-0.6536,-1.2056,1.5856,0.5593,2.2356,-0.10010000000000002,1.0937,1.0049,0.373,-0.4536,0.9564999999999999,0.13299999999999995,-0.3643,-0.19340000000000002,-0.28150000000000003
199206,0.5560732478368262,-2.33,-1.2956506674598052,-9.3072,-5.6059,-5.5076,-5.1604,-4.774900000000001,-5.6745,-6.368,-2.8748,-3.6443,-1.1811,-4.9466,-4.2742,-2.8329,-1.7048,0.30660000000000004,-2.0915,-4.367,-2.2882,-0.04620000000000002,-0.5395,-3.3657,-0.3091,-2.5734999999999997,0.0928,0.43370000000000003
199207,0.6241473901183509,3.78,2.359277134647366,0.4207,1.1021999999999998,1.2604,2.656,2.4774,2.4334,4.0985000000000005,2.7797,3.9453,2.4701,4.3022,4.399900000000001,3.5994,4.91,3.9707000000000003,4.8939,3.6946999999999997,3.3997,3.9195999999999995,1.7469999999999999,4.609800000000001,3.2072,3.7044,4.436400000000001,-0.5919
199208,0.49434772260583476,-2.38,-1.1765475798018867,-4.8144,-3.4166999999999996,-1.1478000000000002,-1.9866,-3.6769,-4.1761,-3.6486,-1.057,-0.46730000000000005,-3.9001,-4.4661,-2.7457000000000003,-2.3941999999999997,-1.4173,-3.1919000000000004,-1.5234,-2.8554000000000004,-2.5759,-1.84,-4.6819,-0.8425,-3.2683,-1.5107,-3.4349999999999996,-8.6402
199209,0.6680664075685431,1.19,0.7949990250065663,0.03620000000000001,1.2772,1.57,2.0164999999999997,1.0507,1.2957,1.5621,3.9657,2.0861,1.5733,2.8097000000000003,2.3743999999999996,1.2337,0.30579999999999996,1.5807,0.6665,3.1822999999999997,1.6933,0.8440000000000001,-0.09720000000000001,0.5361,3.0725999999999996,0.28879999999999995,0.8457999999999999,-0.08380000000000001
199210,0.722551163630537,1.02,0.7370021869031477,2.3083,1.6644,2.3388,1.8281,1.2688,4.7375,4.002,2.086,0.9694,3.0557,5.4171,3.7842,1.6002,2.2025,1.2396,4.546799999999999,0.7436,0.9105000000000001,1.879,4.5169999999999995,1.8276,1.2073,-2.7793,-0.04720000000000002,-0.19720000000000001
199211,0.7601878413145053,4.14,3.147177663042052,10.4194,10.864799999999999,8.0251,7.8568,7.616199999999999,8.976099999999999,8.0222,6.137099999999999,4.541099999999999,6.790699999999999,9.1625,6.3607,5.9303,4.7741,3.8960000000000004,6.8165,4.6308,3.8966999999999996,2.6952,3.5965,3.4468,4.7688,0.8352999999999999,2.7128,8.1243
199212,0.8158839362609719,1.53,1.248302422479287,1.3499999999999999,2.9158999999999997,4.770099999999999,4.1894,4.742,1.3288,2.2386999999999997,3.0054999999999996,6.0821,4.6126,3.4738999999999995,4.6856,2.6112,3.5180999999999996,4.7337,0.9461999999999999,2.391,3.3651999999999997,3.8534999999999995,4.3033,-0.9844,3.1763000000000003,0.7983,2.7199999999999998,2.7276
199301,0.8950489495565433,0.93,0.8323955230875854,2.6661,4.8735,4.0831,5.3717,7.724799999999999,-0.8737,2.8077,4.176399999999999,4.3392,7.9358,-2.6426,4.0671,3.7483,3.1817,3.4356,0.9425000000000001,1.5524,2.8435,2.4067,4.463399999999999,-2.6517,0.8924000000000001,0.6672,3.1309,8.7524
199302,0.8885594409696225,0.12,0.10662713291635469,-7.7097,-5.4489,-2.3113,-1.0418,0.5661,-8.372100000000001,-4.5287,-0.7989999999999999,2.4172,1.4293,-8.0807,-0.2051,1.0112,0.47630000000000006,2.7874999999999996,-5.298,1.2412,1.3723,2.9269,1.6488,-3.2949,1.8865999999999998,4.8382000000000005,4.4591,1.8997
199303,0.9573001544038804,2.32,2.2209363582170023,0.7675000000000001,1.5024,2.901,2.2965,4.7445,0.3952,2.3706,3.9429999999999996,2.2347,3.8151,4.6878,2.9068,2.9851,3.3773,5.5588,2.3058,4.7639,4.1312,3.4098,1.5943,0.45330000000000004,3.3455,2.5476,1.1439,3.253
199304,1.0241746746204994,-3.05,-3.123732757592523,-4.3764,-3.9481,-3.4711999999999996,-2.3484,-1.4574,-3.1552999999999995,-3.4025999999999996,-2.2225,-2.5412999999999997,-4.2477,-5.2151000000000005,-2.484,-2.7485999999999997,-1.9462,-1.9597,-5.2492,-2.7247000000000003,-2.1625,-2.0194,-1.6416,-6.243,-2.4185999999999996,-0.5168999999999999,-1.7301,0.6101
199305,0.6447983489834452,2.89,1.8634672285621567,5.6506,4.2224,3.6822,2.7192999999999996,4.314500000000001,6.743,4.099200000000001,3.231,1.7664,4.1585,7.7672,5.6003,3.6502,2.0027999999999997,2.0147,6.591,3.6294,2.1195,0.8839000000000001,2.7401999999999997,2.9280999999999997,4.2605,1.4012,1.0271000000000001,-0.5931
199306,0.4679828184797785,0.3,0.14039484554393356,-1.7088,-0.5099,0.26890000000000003,-1.0756000000000001,1.6568,-0.9654,0.5025,0.030500000000000027,0.4366,2.1464,-0.9066,0.00269999999999998,0.9654,2.3577,0.7114,0.5097,0.3641,1.7082,0.9859,3.6189,-2.7097,0.8199000000000001,0.8231999999999999,2.5114,4.4647
199307,0.35138308169244703,-0.34,-0.119470247775432,-1.7462,-0.5462,0.7174,1.4841,2.659,0.1109,-0.5047999999999999,1.4932,1.5735,2.5286,-1.0125,-0.2357,0.6792,2.3784,-0.7182999999999999,-3.4926000000000004,1.4644,0.9181999999999999,2.0953,1.1456,-3.3880999999999997,-0.41979999999999995,1.7931000000000001,1.323,-0.3721
199308,0.4610859572785135,3.72,1.7152397610760703,3.44,5.0862,3.3357,3.9657999999999998,2.8329,3.1395,5.8088,4.6404,4.9092,3.1592,3.7821,4.6654,3.6294,2.9515,2.0913,5.7674,3.8895,4.2748,3.5939,4.7546,3.2913,2.3808,3.8156999999999996,3.8955,3.7670000000000003
199309,0.3319769061500951,-0.12,-0.03983722873801141,2.0566000000000004,1.9873999999999998,3.0130999999999997,2.6672000000000002,2.7929000000000004,3.3874000000000004,3.3409000000000004,2.4089,1.9949000000000001,2.1727999999999996,3.8918,0.8253999999999999,0.8834,0.9843999999999999,0.07639999999999997,0.37739999999999996,1.0901,0.5781999999999999,-1.2546,-1.1091,-1.5655000000000001,-1.8748,-0.0406,1.1751,-0.7095
199310,0.35372570525737235,1.42,0.5022905014654687,5.2157,4.1182,4.472,4.4569,4.0307,3.7758,1.7984000000000002,1.5823,0.6016,0.41910000000000003,2.1479999999999997,-1.2697,-0.04469999999999999,-0.46640000000000004,2.8962,3.1645,0.4757,-0.02510000000000001,-0.8736999999999999,-2.4474,4.4990000000000006,1.1693,-0.964,-0.7109,-0.7069
199311,0.5441390877045977,-1.87,-1.0175400940075978,-4.2475000000000005,-3.1902,-2.0457,-2.3743,-1.9673,-3.4926,-2.6588,-2.7024,-4.3951,-4.6074,-2.7671,-2.1917,-3.4138,-3.8952,-0.6861999999999999,-2.5987,-2.7218,-2.498,-2.7848,-5.237,1.6352,-2.2321999999999997,-2.4102,-4.1787,0.45699999999999996
199312,0.824954879084159,1.65,1.3611755504888623,0.588,0.24839999999999998,1.6637,1.0019,0.8129,2.0883,4.1972,4.426399999999999,1.5734,3.5785,3.4282,6.0607,4.921099999999999,4.8514,2.0053,3.9823999999999997,6.164,3.8223,2.5978,2.4047,0.0041999999999999815,1.9966,0.6051,1.0046,1.5644
199401,0.7490184289824815,2.87,2.149682891179722,2.357,6.0083,5.2913,4.5482,5.5543,1.0212,1.5992,1.9912999999999998,2.3919,4.7246,1.5224,1.9026999999999998,1.0902,2.8606,5.9467,2.1514,2.9901,4.8523,2.972,1.7639,1.4084,4.5473,3.9219,2.7285,2.4917
199402,0.7518981270926722,-2.55,-1.917340224086314,-3.2279999999999998,0.5911000000000001,0.2714,-0.16949999999999998,-0.3418,-0.8525999999999999,0.28490000000000004,-0.1344,-2.1437,-1.387,-0.8789,1.3371,0.37660000000000005,-1.5529,-1.4179,-1.6597,0.09340000000000001,-1.4044999999999999,-2.7723,-5.2071,-2.0242,-2.2606,-3.67,-5.5622,-5.1814
199403,0.7459264118012346,-4.79,-3.572987512527914,-8.0923,-5.370100000000001,-5.1759,-4.742699999999999,-3.1662,-7.2097,-5.7486,-5.4231,-4.4216,-5.5243,-6.050599999999999,-5.0936,-4.7231000000000005,-4.4155,-5.3027999999999995,-6.3271,-5.2719000000000005,-5.2768999999999995,-3.2702,-1.162,-5.0718,-4.217700000000001,-3.5358,-4.375500000000001,-4.2393
199404,0.7005662255442926,0.68,0.476385033370119,-4.21,-0.2505,-1.7418,-1.2998,0.4245,-1.625,0.5715,0.8989,1.6739,1.729,-1.453,1.7502,0.8876999999999999,0.4153,0.8352999999999999,-0.5104,0.3769,0.7034,1.5551,1.7127,0.9347000000000001,-0.02260000000000001,1.9211,1.3639999999999999,1.8777
199405,0.4916332831540434,0.58,0.28514730422934514,-2.9964999999999997,-2.4892999999999996,-1.5430000000000001,-0.2528,-0.7054,-2.4320999999999997,-2.7422999999999997,-1.4713,-0.7118,1.0674,-2.5402,-1.6166,0.3029,-1.3723,-0.03250000000000003,-0.6633,-0.804,0.9681,-1.3204,-2.3907,0.7511999999999999,2.4006000000000003,2.3988,-0.2879,3.1129000000000002
199406,0.5540824185604958,-3.04,-1.6844105524239072,-6.802499999999999,-5.138,-4.744599999999999,-2.4929,-2.3327,-6.1799,-3.5359000000000003,-0.5122,-2.1845,-1.1089,-4.491899999999999,-3.3434,-0.0691,-1.8396000000000001,-2.1219,-5.295699999999999,-2.1454999999999997,-3.6533,-2.2557,-3.619,-3.1756,-2.956,-2.4965,-1.6429,-4.055
199407,0.6995162182523204,2.82,1.9726357354715434,-0.09140000000000004,-0.08200000000000002,-1.0658,0.6729999999999999,0.8826,1.9903000000000002,1.8895000000000002,1.4149,2.3356000000000003,2.0777,3.4363,1.4374,0.4927,3.5666,3.3080999999999996,1.8200999999999998,3.5946,2.9885,4.658399999999999,3.6322,2.8156,2.6437,4.0648,3.5758,1.1254
199408,0.6102144178217351,4.02,2.453061959643375,3.4451,3.7432,4.7516,2.1919,2.4541999999999997,9.331800000000001,5.747,3.7735000000000003,3.7531,4.2534,9.4373,5.1436,4.0759,2.4844999999999997,4.8506,7.4571,4.4117999999999995,2.6019,2.7685,4.1222,4.9037,3.0587999999999997,1.5041000000000002,3.4956,3.0181
199409,0.6837250356261223,-2.28,-1.5588930812275588,0.5349,1.5847000000000002,0.40359999999999996,2.3817999999999997,0.45110000000000006,-0.2442,0.4575,-1.6854999999999998,0.555,-1.8434,0.39,-1.6252,-2.3542,-2.0763,-1.4556,-1.2191999999999998,-2.3071,-3.1362,-3.7654,-2.9119,-1.5727000000000002,-3.8466,-2.7154000000000003,-4.4387,-6.5962000000000005
199410,0.6841636438223337,1.35,0.9236209191601507,-1.1215000000000002,0.5849,-0.609,0.8288000000000001,-0.148,1.496,-0.3861,-0.5827,-0.8019000000000001,-4.2374,2.8483,-0.7988,-0.4141,-1.0384,-3.0396,0.2973,0.7953,0.6728,-1.161,-2.3607,2.0142,1.9968,2.9745,1.4034,2.1249000000000002
199411,0.4506662604534585,-4.03,-1.8161850296274378,-4.8531,-3.5912,-3.1094,-3.5573,-3.4813,-3.3703000000000003,-4.0819,-4.1732,-4.4292,-5.3083,-6.0101,-4.6808000000000005,-4.9243,-3.2146,-5.4612,-4.2943,-4.1751,-4.3064,-4.4052,-5.7787,-2.4518,-5.5466,-3.1046,-5.4493,-3.1075
199412,0.4776512547227568,0.86,0.4107800790615709,-3.1902,-1.3349,-0.7072,-0.3621,-0.5748,1.2596,1.5936,2.0954,2.2003,0.6138000000000001,1.3840000000000001,2.7524,1.5969000000000002,2.1027,4.088699999999999,1.5085,0.911,-0.4581,0.4745,0.7511000000000001,1.1666,0.6108,0.7018,0.6852,-0.26980000000000004
199501,0.32351646112885607,1.8,0.5823296300319409,0.6866000000000001,1.9007,2.7718000000000003,1.8631000000000002,1.7903000000000002,-2.4107,-1.3391,-0.38639999999999997,-1.0193,-0.1139,-1.9435,-2.7586,-0.9605999999999999,-0.45999999999999996,0.17119999999999996,-0.4199,0.7598,0.5486,3.6321000000000003,4.2426,2.3491,1.2579,3.1251,3.891,6.0707
199502,0.4182543830025916,3.63,1.5182634102994075,2.0426,3.4224,1.5633,1.8087,2.9008000000000003,3.0811,4.1122,3.0327,2.6362,5.430599999999999,5.093299999999999,5.495699999999999,3.7939000000000003,4.3392,4.8637,3.8295,4.521,4.593,3.6151000000000004,4.4349,3.1546000000000003,4.263999999999999,2.5146,3.2227,7.1757
199503,0.4140132162099588,2.19,0.9066889434998098,0.30629999999999996,1.1207,0.8194000000000001,0.6245,0.3433,4.0977,0.6913,2.2101,1.7181000000000002,1.4201000000000001,3.1401,2.1072,1.308,-0.29990000000000006,0.6254,2.7734,2.7135000000000002,2.2379000000000002,1.0409,0.17060000000000003,2.2706,3.4835,3.1069,-0.012900000000000023,0.7071000000000001
199504,0.28760231686657106,2.11,0.6068408885884649,1.0941,2.462,2.8899,1.806,3.5161000000000002,-0.412,1.1267,2.9782,1.6656,3.1673,-0.5668,2.217,1.5355,3.2002,1.5955,0.0031999999999999806,1.2491,3.1514,0.7174,3.3029,2.2838000000000003,2.8777,2.2525,1.8975,5.5310999999999995
199505,0.04486024617391617,2.9,0.1300947139043569,0.9882,1.6526999999999998,1.3335,0.7661,2.6422,0.6452,0.6979,1.1252,2.1357,2.1095,1.5955,-1.0085000000000002,1.2799,2.4671,2.4481,1.3841999999999999,0.7987,1.9,2.608,4.5237,3.3095,2.4042,3.8452,5.8827,5.6254
199506,-0.029247388249740516,2.72,-0.0795528960392942,7.473800000000001,6.378,6.5959,4.5644,4.7373,9.4101,3.8954000000000004,4.1662,3.5664000000000007,4.2819,6.0796,3.6775,2.6168000000000005,2.6714,1.7038,6.1708,2.4425999999999997,2.1555999999999997,1.9768000000000001,2.343,2.8956,2.1451000000000002,-0.36339999999999995,1.0907,1.1127
199507,-0.12626360183069257,3.71,-0.46843796279186944,6.8621,6.408399999999999,4.660299999999999,4.5016,4.5266,8.755600000000001,6.0503,3.5391,4.6652,4.5935999999999995,7.6049999999999995,4.452,4.0539,3.359,4.0446,7.6773,4.1217,3.5126999999999997,3.8792,3.1725999999999996,2.529,3.4806,3.6059,2.2843999999999998,2.9516999999999998
199508,-0.17927042112673186,0.55,-0.09859873161970253,3.6665,4.3044,3.6895000000000007,3.2592999999999996,3.6767000000000003,0.2624000000000001,1.3349,0.3611,3.1214000000000004,2.9619,0.06330000000000002,1.6615,0.5803,3.7764000000000006,2.6151999999999997,-0.407,0.3184,2.0749000000000004,1.7935999999999999,3.9678000000000004,-0.3932,-0.10409999999999997,-0.2794,2.2356,3.9024
199509,-0.15105957070476106,3.36,-0.5075601575679971,3.0151999999999997,2.3888,1.5647,1.4491,2.0509,1.8034000000000001,0.9552,1.582,2.5235,0.12779999999999997,1.7126,0.679,1.1193,1.5430000000000001,0.5991,3.194,1.4717,1.0012,1.5919,3.053,5.0884,2.1022,3.097,4.3156,6.675800000000001
199510,-0.06092046429840354,-1.51,0.09198990109058934,-6.801,-6.205,-5.3418,-4.1198,-3.2389,-7.3738,-7.2387999999999995,-5.9371,-5.4089,-5.5428999999999995,-3.1342,-4.3011,-3.1100000000000003,-3.6186999999999996,-3.2495000000000003,-2.1649000000000003,-4.888199999999999,-2.7874,-1.3420999999999998,-1.5896,-0.12579999999999997,0.3336,0.31920000000000004,-3.6683000000000003,-3.8551
199511,-0.030609645564268807,3.96,-0.12121419643450447,1.7126000000000001,1.9849999999999999,0.3747,1.8982999999999999,1.1141,4.5158000000000005,4.5435,3.4562,4.206,5.5229,6.0432,3.0827,3.3872,4.358,4.7178,3.8363000000000005,4.6939,3.5655,4.3079,4.2505,4.4501,1.5732000000000002,4.4747,4.5309,4.9339
199512,0.03317009122335175,1.04,0.03449689487228583,1.9322000000000001,2.4611,1.2283,0.8409,0.9731000000000001,2.3907,1.7228,2.8916000000000004,2.7789,2.8467000000000002,0.8692,1.3438,2.4055999999999997,2.7965,0.9397,-2.1222000000000003,0.11040000000000005,0.7592000000000001,-0.2428,-0.08560000000000001,0.7135,0.4637,3.3917,0.5066,0.9952000000000001
199601,0.10451768434955672,2.26,0.23620996662999816,1.1072,0.0016999999999999793,0.9404000000000001,1.0505,0.3787,-0.5863,-1.6928999999999998,0.23769999999999997,-1.292,-0.04089999999999999,-2.1363,-0.032899999999999985,-0.5628,0.5732000000000002,0.37120000000000003,1.1733,1.9502,1.1573,1.6708,0.7785,3.5526999999999997,2.1170999999999998,2.9442999999999997,2.4995,3.8958
199602,0.3003237893333903,1.33,0.39943063981340915,3.4939999999999998,0.6637000000000001,3.2232,1.5064000000000002,3.1014999999999997,5.042000000000001,5.3269,1.8571,1.5614,0.9305,4.364800000000001,3.6104999999999996,1.7763,2.1677,1.2262,5.1439,0.6938000000000001,-0.06290000000000001,1.2652999999999999,-1.2696,0.16589999999999994,2.7022999999999997,1.1061,0.2127,2.5818
199603,0.31719938936177267,0.74,0.23472754812771177,2.3939,3.4183,2.7285999999999997,3.7083999999999997,1.5936,1.5659,2.8239,0.6199,1.4573999999999998,3.5408999999999997,2.6599999999999997,0.6538,2.9646999999999997,2.8245,1.5684999999999998,0.8203999999999999,0.6465,2.6106,0.3608,1.8037999999999998,-0.4571,1.7454999999999998,0.5339,1.3878,0.9712
199604,0.3214991402522407,2.06,0.6622882289196158,8.016699999999998,9.226199999999999,7.957,5.5644,5.2275,9.7076,8.671999999999999,2.2688,3.8159,6.0114,5.2298,4.1873000000000005,1.5361,0.8210999999999999,1.1341,5.8963,3.593,3.3778,-0.6991,-2.3278,0.8158000000000001,2.7756,0.7819,-0.8936,-1.8711
199605,0.34278596190230204,2.36,0.8089748700894328,8.1506,6.2780000000000005,7.097,5.9669,5.336,5.6685,4.0022,4.1534,4.4127,7.1331,2.4891,3.378,1.6689000000000003,0.9199000000000002,0.74,2.5386,0.032299999999999995,-0.05619999999999997,0.8463,1.1887,3.4384,0.9460000000000002,0.27420000000000005,2.5546,1.7819000000000003
199606,0.34260914736965936,-1.13,-0.387148336527715,-8.1182,-5.8843000000000005,-5.4196,-2.9406,-3.2788,-7.2762,-4.1919,-3.1425,-1.2418,-5.925000000000001,-7.48,-3.1506,-1.4405000000000001,-0.8011,-0.2559,-4.8413,-2.1809,-1.4444,-0.0021000000000000463,1.7837,1.0649000000000002,-1.2962,-0.24900000000000003,-1.2803,0.30289999999999995
199607,0.5120585001080832,-5.96,-3.0518686606441756,-15.4752,-10.0467,-9.1534,-4.9933000000000005,-5.9442,-15.553799999999999,-10.387799999999999,-8.4003,-6.0288,-5.8192,-11.9666,-8.0991,-6.5667,-5.383900000000001,-6.7733,-9.3782,-5.8481000000000005,-5.3263,-4.5638000000000005,-5.143,-5.4634,-5.2417,-3.3278000000000003,-3.8821000000000003,-4.9106000000000005
199608,0.6605963556913691,2.77,1.8298519052650923,4.1762999999999995,4.6354,3.9359,3.4223999999999997,3.4322,7.4312,5.4315999999999995,3.7339,4.2737,4.3902,7.7859,5.335,5.7543,6.3525,4.1165,5.164499999999999,4.803599999999999,5.5081999999999995,4.3846,3.6773999999999996,0.8576000000000001,2.6031999999999997,3.6883,1.61,2.7971
199609,0.8293455962715957,5.01,4.155021437320694,1.9775,3.5625000000000004,1.1334,3.027,2.1746,5.488499999999999,2.5473,1.6813000000000002,3.3962,3.5766000000000004,7.5849,3.6424,2.8126,2.7085,1.2096,5.2334,4.9498999999999995,2.1027,3.8543,3.0300000000000002,6.830699999999999,4.036899999999999,3.2016,2.9046,4.6331999999999995
199610,0.7842933306080013,0.87,0.6823351976289611,-5.9822,-3.2142,-1.7801,0.6315000000000002,0.5206,-5.8426,-1.8740999999999999,-0.2734,1.6040999999999999,0.6818,-6.9955,-2.8882,-0.1883,0.5313000000000001,1.0857,-4.3437,0.4079,1.8444000000000003,2.6581,2.9706,1.2408000000000001,0.7224000000000002,5.1955,5.0526,4.4845
199611,0.8725874201776888,6.25,5.453671376110555,-1.0367,1.5308000000000002,2.7912999999999997,3.8400999999999996,3.8636999999999997,0.7223000000000002,3.4087,4.0392,4.1209,3.4213,1.124,5.4515,5.8666,6.9024,3.5664,5.0139,5.0199,5.2279,6.1863,7.8878,7.0783,6.7996,7.841899999999999,8.2684,6.4266
199612,0.7823516862226008,-1.7,-1.3299978665784213,-0.6584,0.1416,1.9517000000000002,1.9841000000000002,1.2413,1.2324,1.585,2.7724,2.8271,1.6120999999999999,-0.7639,0.181,1.3318,0.10079999999999995,1.7237,-2.5328,-0.03350000000000003,-1.0227,-0.3268,1.5339,-2.4695,-0.9381,-3.0223,-3.0297,-1.9373
199701,0.7373024463310925,4.96,3.657020133802219,5.8536,4.1979999999999995,6.3137,4.3726,3.6117999999999997,3.6164999999999994,2.2403999999999997,1.5127,0.4682,1.341,-0.2343,3.5008999999999997,0.16160000000000002,2.4177,4.303,1.7094000000000003,3.2278,3.8716999999999997,1.506,4.5662,7.2282,4.6339,4.5221,4.8955,3.7238999999999995
199702,0.814804508163823,-0.48,-0.391106163918635,-6.2188,-5.5318,-2.9648000000000003,0.3712,0.29610000000000003,-9.3824,-3.2276000000000002,-1.0725,0.2258,2.2843,-6.7534,-2.1201,0.01849999999999996,1.2062,1.6381999999999999,-4.1322,0.7438999999999999,-0.312,2.0854,3.3566,0.4233,-1.9618000000000002,-0.456,2.5541,4.647
199703,0.829091238281983,-5.02,-4.162038016175554,-10.047,-6.5969,-4.443899999999999,-3.0174000000000003,-2.3422,-9.8333,-6.1578,-3.2818,-2.8965,-1.8578999999999999,-8.3905,-4.0346,-3.9723,-3.1673,-2.4653,-7.8827,-4.0908999999999995,-3.6104000000000003,-4.967099999999999,-4.1089,-5.9216999999999995,-1.3356,-4.3549999999999995,-6.2433,-6.0298
199704,0.7610593280534035,4.04,3.07467968533575,-5.5584999999999996,-4.3971,-3.7925,-1.8667,-2.9175,-4.8111999999999995,-0.662,-0.5825,1.471,-0.37629999999999997,-1.6662,2.0443,3.4879,2.6094,0.8500000000000001,1.631,2.0282999999999998,1.5588,2.7481,1.5530000000000002,7.531000000000001,2.0521,5.799,4.5864,1.095
199705,0.9254985172424436,6.73,6.228605021041646,12.0897,10.6949,10.5567,8.011,7.5009,16.6169,14.328,9.331999999999999,8.6464,8.0451,14.679,9.9801,7.3465,6.4274,6.5556,9.206,6.9411,5.0954,6.6834999999999996,6.5065,5.6297999999999995,6.6583,5.5622,3.9227,5.7574
199706,0.8106508312491664,4.1,3.323668408121582,3.6126,4.3396,5.4532,6.7839,6.9835,2.3535,5.3435,5.5046,5.1491,6.4483999999999995,3.8745000000000003,3.1719,4.7682,4.7278,4.8507,1.8659,3.4125,4.7376,2.3427,3.9512,4.3441,2.3325,4.7381,4.1034,3.4259999999999997
199707,0.7995168912664912,7.31,5.84446847515805,3.1416999999999997,4.7156,5.6025,5.7780000000000005,5.2183,5.1502,4.6704,3.6156,4.3287,4.9487000000000005,4.3866000000000005,6.9768,6.321000000000001,4.998600000000001,5.5876,6.727,6.241700000000001,6.0301,7.2641,5.2272,7.1338,8.4945,10.4079,5.976,7.664
199708,0.51514610738746,-4.1,-2.112099040288586,5.1377,4.4908,3.3175,3.0162,3.8296,3.0366999999999997,2.4261999999999997,3.4175999999999997,1.4956,3.2929,1.7750000000000001,2.2439,1.1183,-0.09339999999999998,0.6615,-0.14139999999999997,-0.24819999999999998,0.12769999999999998,-1.363,-0.01419999999999999,-7.4509,-3.7392000000000003,-5.416300000000001,-4.9133000000000004,-5.9363
199709,0.6118454377323493,5.34,3.2672546374907454,9.8688,9.3694,9.1262,7.2211,8.576400000000001,7.0465,7.576899999999999,6.6403,7.3191,6.855099999999999,6.5336,6.192399999999999,6.5492,6.551399999999999,6.6606,4.815799999999999,5.0987,4.9959,5.3045,3.6144000000000003,4.4486,4.8865,6.178699999999999,5.755299999999999,6.819
199710,0.7792497548094126,-3.8,-2.961149068275768,-6.1594,-4.0808,-4.5494,-1.0895,-1.5997999999999999,-6.4171,-5.389,-5.003,-3.4273,-2.9579,-6.9033999999999995,-3.5806,-4.2728,-2.9255,-3.5479,-6.8923,-6.5245999999999995,-3.1961999999999997,-4.8972999999999995,-5.0367999999999995,-3.102,-4.3478,-3.7816,-1.4236,-3.782
199711,0.512460348392356,2.99,1.5322564416931446,-3.6821,-3.8237,-2.9493,-0.5237,-0.6613,-3.7946,-3.0522,-0.8617,-0.6276,-0.5203,-3.7394000000000003,-2.305,0.5065,2.2216,1.1934999999999998,0.4377,-0.3936,3.8911000000000002,2.7872,3.1037,5.253500000000001,3.8539,2.0644,4.5162,3.524
199712,0.6241683773885645,1.33,0.8301439419267908,-6.325200000000001,-3.4215,-2.5579,0.2369,0.9104000000000001,-1.6089,-2.1487,0.7946,3.4991,1.7071999999999998,0.41500000000000004,-0.4402,1.9005,4.1015999999999995,2.7418,-2.1243,1.5634000000000001,2.4193000000000002,5.4084,0.6787000000000001,0.8447,1.3466,2.9044,4.1845,2.5348
199801,0.7077996234174635,0.15,0.10616994351261952,-0.14889999999999998,-1.2801,-1.9676,-0.9695,-1.2048,-0.061,-2.326,-2.2154000000000003,-2.5238,-2.3721,-1.1651,-1.1836,-2.2369,-4.884399999999999,1.2317,-1.7439,-0.9491,-2.3775,-2.2948,0.8220000000000001,3.2226999999999997,-0.9616,-3.6745,-0.4777,0.030100000000000016
199802,0.6549871536470865,7.03,4.604559690139018,5.980300000000001,6.5042,5.149,4.7409,6.1211,8.4139,8.178099999999999,8.8654,6.000900000000001,6.9992,8.7968,9.3363,6.4671,7.253900000000001,8.347299999999999,9.0468,7.301200000000001,6.6568000000000005,5.7142,5.7686,6.4124,6.7208000000000006,9.2427,6.9472000000000005,6.945600000000001
199803,0.4656709354716843,4.76,2.216593652845217,4.1080000000000005,5.8391,4.536700000000001,4.2424,4.6195,4.0699000000000005,6.0008,2.542,3.5585,4.3946000000000005,4.058400000000001,2.6069,4.8989,3.2756,5.4073,3.2759,4.6930000000000005,4.6866,4.0356000000000005,7.2945,4.812,3.3178,5.186,8.124699999999999,6.747
199804,0.34988342535505607,0.74,0.2589137347627415,1.997,2.1633999999999998,3.1847,1.6801000000000001,2.3665,-0.4612,0.8864000000000001,0.2806,1.7994999999999999,1.5669,0.9745000000000001,-0.22899999999999998,-0.216,-0.1916,0.39909999999999995,-0.30179999999999996,-0.5205,-0.4199,0.40320000000000006,0.05890000000000001,0.5783,1.8196999999999999,0.7398,2.1315999999999997,-1.1586
199805,0.12434960050948832,-3.07,-0.38175327356412914,-7.277200000000001,-6.7633,-4.3968,-3.6426,-2.695,-9.4415,-6.679,-5.333200000000001,-3.924,-3.0161,-8.0855,-6.5601,-5.4858,-4.9405,-2.8247,-5.3775,-3.3617,-3.7500999999999998,-3.4109,-3.9852,-2.7003999999999997,-1.9005999999999998,-2.1026,0.30389999999999995,-1.6857000000000002
199806,0.2983834325105795,3.19,0.9518431497087487,-0.6935,0.7043000000000001,-3.2002,-0.8096,-1.5604,1.5722,-2.6754000000000002,-0.17099999999999999,-1.4354,-0.21399999999999997,3.339,-2.4298,-1.2356,-0.4735,-0.17089999999999997,0.899,-0.9933000000000001,-0.23369999999999996,1.2035,0.4076,6.6609,1.1823000000000001,1.9863000000000002,4.7179,0.33980000000000005
199807,0.19465462201767703,-2.42,-0.4710641852827784,-7.9865,-7.5662,-6.1748,-6.8451,-5.830900000000001,-8.1457,-7.832400000000001,-8.2211,-9.532300000000001,-7.4759,-8.0413,-8.0523,-8.1682,-8.4478,-9.1004,-6.6978,-5.0156,-6.1603,-5.6275,-5.0615000000000006,0.05939999999999995,-2.8636999999999997,-1.763,-3.1860999999999997,-2.8939
199808,0.38876462884924884,-16.05,-6.239672293030444,-28.434,-21.7868,-20.8071,-19.6171,-18.897,-25.7579,-20.7848,-18.0464,-16.385,-19.061799999999998,-23.307199999999998,-22.0323,-17.9332,-16.7259,-18.916,-20.2354,-19.1037,-18.7374,-12.525,-12.3933,-13.3942,-17.3983,-18.1774,-15.9804,-13.003
199809,0.3681782090589676,6.19,2.2790231140750095,6.7548,3.0564,3.0311,3.1471,1.1128,12.194299999999998,7.7161,4.6984,3.984,5.2615,10.9835,4.9672,7.88,4.4629,2.1343,5.2001,6.5776,6.3581,5.7165,5.8645,8.081,3.4126,2.6172,3.2303,9.3233
199810,0.36474582470711026,6.98,2.5459258564556295,2.9345000000000003,2.733,0.9754,2.5519000000000003,0.7432999999999998,5.103,5.5084,3.2438000000000002,2.8129,1.6931,3.5848,6.183199999999999,4.5847,3.1978,3.6540000000000004,8.317499999999999,8.9749,6.1071,4.1555,2.7524,7.5218,7.5634999999999994,8.2269,8.0323,2.9183000000000003
199811,0.293334674272567,6.07,1.7805414728344817,10.3749,8.1169,5.6307,6.0079,8.5337,8.7607,6.8933,3.7556,3.4718999999999998,6.078,8.9293,6.317500000000001,2.3704,2.6853,2.7478,7.3612,1.9737,3.964,3.0557,2.9579999999999997,7.0533,5.7692000000000005,5.1923,4.710500000000001,4.516900000000001
199812,0.05604797810741291,6.15,0.3446950653605894,4.8378000000000005,0.8729999999999999,2.5898000000000003,1.2149,0.8625999999999999,6.7348,5.1337,2.8105,4.0202,4.639,11.1746,7.4577,3.3603,4.1949000000000005,2.7115,9.7609,5.1157,3.3441,3.1081000000000003,1.8744,8.514999999999999,1.9636,2.3878,2.5101,4.6462
199901,-0.1977931516926331,3.48,-0.6883201678903631,7.3597,5.6978,4.4169,3.7594999999999996,3.7799,6.0234000000000005,0.3417,-2.1901,-3.1368,0.44310000000000005,4.5257000000000005,0.07470000000000004,-1.7732,-2.3810000000000002,-1.4828000000000001,1.263,-3.8006,-2.0524999999999998,-3.5202,-3.1124,5.640300000000001,1.0812,1.6376,1.3328000000000002,-0.17099999999999999
199902,-0.12376247931096433,-4.08,0.5049509155887345,-8.1523,-8.5816,-6.4794,-6.0325999999999995,-6.0131,-9.603399999999999,-9.9179,-7.7299,-8.3071,-11.1183,-9.1741,-9.1835,-6.656,-6.0809999999999995,-6.6609,-5.960299999999999,-5.0385,-3.5916,-4.7066,-2.5836,-5.064,-1.0697,-0.29769999999999996,-1.2046000000000001,-1.6303
199903,0.012866023849928358,3.48,0.04477376299775068,-2.4345000000000003,-7.66,-1.4736,-4.1732,-3.3186,-0.373,0.32980000000000004,-0.19849999999999998,-0.42,-4.231,4.6012,1.7518,1.7031000000000003,-1.2769,-0.4855,3.3832999999999998,3.5246999999999997,1.3182,-0.14629999999999999,-0.2811,3.9666,2.6782,4.0747,2.943,1.7129999999999999
199904,-0.048570964640141046,4.34,-0.21079798653821213,7.2203,9.0813,12.303700000000001,11.508000000000001,7.9293000000000005,10.5206,10.4299,6.8082,7.987900000000001,7.0051,7.0487,12.355400000000001,8.480300000000002,10.7681,8.0128,5.6513,11.2622,7.4178999999999995,11.791400000000001,8.7353,0.4052,8.4291,7.1302,5.4238,2.0328999999999997
199905,-0.1958159866742868,-2.46,0.4817073272187455,1.4465,3.4013,1.9000000000000001,1.6532,3.8583,0.45769999999999994,-0.10440000000000002,2.5383,3.997,3.2975000000000003,-0.9366000000000001,-0.45180000000000003,0.42349999999999993,1.7514999999999998,2.3117,2.1316,-0.9242000000000001,1.2768,1.5234999999999999,1.1125999999999998,-3.6223,-1.8703,-2.4259999999999997,-1.006,2.4938000000000002
199906,-0.270913058629149,4.77,-1.2922552896610406,6.3138,7.5153,8.5151,4.860399999999999,5.7215,7.7478,6.991899999999999,6.486599999999999,4.0995,6.4845,4.521599999999999,5.8012999999999995,2.3366000000000002,0.9595999999999999,6.3572,6.8438,7.3454999999999995,2.4294000000000002,3.3432,3.2079,6.600899999999999,2.5543,2.3583000000000003,-0.3502,-0.4298
199907,-0.12375533333859098,-3.49,0.43190611335168255,0.6707,2.1511,1.1467999999999998,0.886,1.2275999999999998,-1.8558,-1.1308,-1.3373,-2.1955,-4.2164,-3.2292,-2.2414,-2.7285999999999997,-1.7090999999999998,-1.8416000000000001,-3.1757,-2.1232,-2.1932,-1.698,-1.4144999999999999,-3.2948999999999997,-4.6228,-5.4848,-2.77,-8.8848
199908,-0.19748281691942937,-1.37,0.27055145917961826,-3.6126,-2.3759,-2.2521,-2.0701,-3.9613,-3.0524,-4.4627,-5.2448999999999995,-3.1926,-4.6616,-2.3645,-5.646199999999999,-4.1979,-4.1308,-1.8767,-1.6739000000000002,-5.3824,-2.7653000000000003,-2.8155,-6.9605,0.22060000000000002,-2.8047,-3.5283,-4.693,-1.7772000000000001
199909,-0.36045117507855745,-2.77,0.9984497549676041,1.1248,-0.5772,-1.3967999999999998,-2.4349000000000003,-4.3738,-0.9053,1.0915,-1.2058,-2.4930000000000003,-2.0616,3.6426000000000003,0.7153999999999999,-2.8561,-3.6251,-2.4306,1.1351999999999998,-4.2258,-3.4981,-5.3245,-2.0211,-2.4385000000000003,-3.8814,-6.8651,-9.1251,-7.6126
199910,-0.16940981616722775,6.09,-1.0317057804584169,-0.8132,-0.9903,-1.166,-1.3317,-3.0262000000000002,2.2346,-1.1583,-1.7553,-1.4062000000000001,-5.5592999999999995,1.7986999999999997,0.0398,-1.0667,-2.0799,0.08360000000000001,7.2138,0.9054000000000001,1.6273,4.1105,3.7982,5.8444,9.914399999999999,7.4032,4.4493,7.207800000000001
199911,-0.34397536323430433,3.41,-1.1729559886289778,18.7633,12.7291,9.194,7.268199999999999,6.2871,11.6128,8.9681,4.2958,3.0219,2.5498000000000003,11.3259,7.049799999999999,-1.0,-0.31589999999999996,-0.15009999999999998,11.4115,-0.5915,-1.6421000000000001,0.1321,3.1324,3.7569000000000004,-0.23279999999999998,-3.7556,-5.3458000000000006,0.9506
199912,-0.16729338516026343,7.66,-1.2814673303276178,23.9243,26.025199999999998,7.251399999999999,12.0126,6.9693,16.8189,11.6129,3.9878000000000005,3.7238,6.0832,14.7192,9.1943,-0.1758,3.9568999999999996,2.6436,20.581,4.6719,0.29350000000000004,6.5116,3.1941,7.251099999999999,4.1190999999999995,-1.0268,0.46159999999999995,-0.2524
200001,-0.012174838548548063,-4.74,0.057708734720117824,9.2669,6.0295,4.0988999999999995,3.1275,4.2612,0.33490000000000003,-2.8768000000000002,-3.0119000000000002,0.1486,-3.4217,-3.6154,-5.0546,-1.6937,-5.0182,-6.1161,-4.3448,-3.2798000000000003,-4.4289000000000005,-4.4947,-9.3871,-5.1873000000000005,-4.5086,-5.6814,-6.4466,-6.2702
200002,0.6401201190697089,2.46,1.5746954929114838,35.9594,43.3561,19.8525,25.6342,14.3722,30.2394,18.9271,3.2228,8.7531,13.8712,22.1734,12.5332,1.3221,0.0010000000000000009,-1.7541,25.3831,0.6771,-2.7653000000000003,2.5248999999999997,-3.6463,-0.08439999999999998,-6.0241999999999996,-8.3383,-10.2246,-8.5886
200003,0.46900707451995494,5.21,2.443526858248965,-14.1956,-19.8265,-8.3672,-7.934,-2.9730999999999996,-14.176400000000001,-6.6837,0.14490000000000003,-0.9888,-3.1517,-13.249400000000001,-2.1873,9.7968,5.533,13.0154,-3.4519,11.8865,13.974599999999999,9.7965,12.2571,8.732899999999999,10.981499999999999,9.648299999999999,16.356,17.595100000000002
200004,0.8854596340347075,-6.39,-5.658087061481781,-23.303900000000002,-18.8608,-10.624,-11.381,-10.235800000000001,-13.5991,-9.1692,-6.487,-2.0797,-2.9937,-10.487,-0.7737,-2.0527,2.4085,-0.20280000000000004,-7.4006,-4.236400000000001,2.1134,0.4581,0.8764000000000001,-4.602,-3.2282,0.10349999999999998,0.7105000000000001,-4.6383
200005,0.3696156439342071,-4.39,-1.622612676871169,-14.6056,-9.7043,-6.2707,-7.9446,-7.5063,-10.1602,-6.1662,-6.0292,-7.2414,-1.9492,-5.7282,-3.1738,-2.6732,-0.9384,2.3168,-8.4225,-1.1311,-0.7629,-2.1176,0.7712000000000001,-4.0181000000000004,-1.9494,4.4516,0.8225,6.3187
200006,0.6929990914478485,4.68,3.243235747975931,27.566300000000002,28.838700000000003,17.0046,18.6034,9.695,14.232,11.2434,2.9475000000000002,4.0161,9.325099999999999,14.3506,2.1931000000000003,0.5414,-1.2551999999999999,1.6647000000000003,10.3586,2.6864,-4.2498000000000005,-3.3175,-4.8611,5.118099999999999,-5.011,-6.748,-7.3055,-5.257300000000001
200007,0.9697629233573464,-2.48,-2.405012049926219,-9.1842,-1.5913,0.13080000000000003,0.7350000000000001,0.8661000000000001,-7.586,-2.2822,1.1374,0.8303,0.37829999999999997,-10.2288,-1.4451999999999998,3.6851999999999996,1.8132000000000001,6.7874,-7.538,-1.5217,2.4552,1.3726,1.371,-3.4384,0.09050000000000002,3.9415,5.8338,1.8342999999999998
200008,1.3473568117232273,7.03,9.471918386414288,8.6617,8.0882,3.3781,5.0057,4.7617,7.6851,4.2606,3.3835,5.8581,6.3451,7.902799999999999,9.6296,5.6286,6.4242,6.8568,13.2881,5.6123,5.9697,6.7257,6.246,6.8496,6.1827,8.0976,5.9489,5.198
200009,1.2997081117191958,-5.44,-7.070412127752426,-11.0703,-1.5576,-3.5712,-0.806,-1.0801,-4.6267,-4.6719,-0.6635,-2.058,-2.5949999999999998,-10.7063,-3.4215,-0.825,2.1891999999999996,1.4878,-9.9781,-1.2231999999999998,-0.8077000000000001,1.5296,-1.202,-6.6154,-3.0887000000000002,0.8028,8.7825,-2.1494999999999997
200010,1.2760912524285244,-2.78,-3.5475336817512977,-12.3657,-11.081800000000001,-4.0297,-5.4833,-5.1776,-9.7995,-0.9674,-1.0714000000000001,-1.1434000000000002,-2.1593999999999998,-10.9475,-2.4562,-0.10760000000000003,-1.3531,1.8195999999999999,-6.4444,1.2589,1.5091,-2.693,3.4412999999999996,-2.5995,1.8805,-4.4584,1.3401999999999998,2.8345
200011,1.4351716704969957,-10.7,-15.356336874317853,-21.1522,-13.0476,-6.7412,-5.4986,-5.0668,-18.481900000000003,-7.305499999999999,-3.0663,-5.5289,-3.2531999999999996,-20.5699,-7.0369,-6.132099999999999,-1.163,0.9513,-19.3499,-2.4108,0.3409,0.8460000000000001,0.41090000000000004,-11.0144,-6.9087,-8.355500000000001,-0.7787999999999999,-0.40490000000000004
200012,1.9688749906335412,1.18,2.3232724889475787,-10.086,0.48050000000000004,0.29179999999999995,2.7512,2.2546,-0.772,6.0442,11.0911,10.1931,11.8947,1.6477,13.4286,10.2361,12.5342,10.7377,3.7847999999999997,7.874599999999999,11.2144,12.7408,10.8009,-2.003,8.1468,5.127,7.2186,0.3439
200101,2.0777499956634387,3.25,6.752687485906176,26.3749,17.0515,12.363900000000001,11.702300000000001,12.2775,13.5561,7.338,4.1183,5.733,4.8373,12.380400000000002,2.1704,-0.033600000000000074,-1.6901,2.3201,6.6821,1.0110999999999999,-1.0371000000000001,-4.0486,6.2514,2.8997,2.0615,7.6042,-5.2659,2.1802
200102,2.430079395270625,-10.03,-24.373696334564368,-13.4199,-10.495600000000001,-2.8625,0.04249999999999998,-0.6005,-14.234,-2.5008999999999997,-0.8927,-3.2942,1.2069999999999999,-17.4708,-4.1676,-1.4272999999999998,1.1177000000000001,-1.0324,-15.466800000000001,-2.9438999999999997,-0.5216000000000001,-0.1759,1.4977,-12.3253,-2.6601,-3.1193999999999997,2.6897,2.0140000000000002
200103,3.171696906087315,-7.25,-22.994802569133032,-13.044599999999999,-1.6665999999999999,-1.8306,-0.378,-2.16,-6.0123,-1.2856,-2.0063,-2.3699,-1.8536,-12.1521,-5.4787,-3.3598,-3.3186,-1.5345,-12.4869,-3.9945,-1.6432,-1.6559,-0.39499999999999996,-9.0008,-2.6042,-0.9480999999999999,-3.4848,-3.0616
200104,2.921017997818724,7.93,23.163672722702483,9.322999999999999,6.390000000000001,3.2458,4.0597,4.8448,10.261199999999999,4.655,6.500100000000001,3.9349000000000003,4.6061000000000005,10.786399999999999,8.536399999999999,6.2315000000000005,5.6099000000000006,3.1109999999999998,16.2018,6.7355,5.3086,7.8264000000000005,7.4339,8.695599999999999,4.840800000000001,3.5907999999999998,1.7992999999999997,7.092300000000001
200105,2.534113937500473,0.68,1.7231974775003216,12.212,10.9142,9.8567,11.0822,9.8368,1.4546999999999999,4.0992999999999995,1.9702999999999997,3.8499000000000003,5.4144,4.6208,-0.9438,3.1973000000000003,0.9991999999999999,1.4689999999999999,3.2545,3.9576,2.9891,0.26399999999999996,4.3092999999999995,-0.3086,0.9074,1.9292999999999998,3.9230000000000005,5.3145999999999995
200106,2.0487390216591086,-1.94,-3.9745537020186705,1.9096,2.1862000000000004,4.114999999999999,2.6695,0.6451,7.1133999999999995,10.2339,6.0416,6.1341,4.5394,4.9943,-1.3021,0.8671,0.1503,0.6565,3.0290999999999997,-1.7235,-1.0882,-3.9156000000000004,2.5429000000000004,-2.4863999999999997,-3.5429000000000004,-0.5063,-2.5271,-2.9716000000000005
200107,2.486650260240594,-2.13,-5.296565054312465,-9.1912,-7.4735,-4.5032,0.012900000000000023,-0.3901,-10.9589,-8.016,-6.1794,-3.8423,-4.4475999999999996,-9.639700000000001,-4.8873,-2.4657,-0.3439,-1.1323,-4.8008999999999995,-1.4072,-0.9761,1.5403,-1.177,-1.8494000000000002,-0.3265,-1.8055,-5.2584,7.067200000000001
200108,2.271564217179071,-6.4,-14.538010989946054,-9.2429,-5.9011,-3.5709,-1.9229,-1.292,-10.4475,-4.313199999999999,-3.3726000000000003,-1.7885,-1.3813,-7.698099999999999,-3.2099,-2.9627,-2.465,-0.5398000000000001,-7.2322,-4.600199999999999,-3.9353000000000002,-1.7547000000000001,-9.4205,-7.553599999999999,-4.361199999999999,-3.1824,-7.7235,-8.6594
200109,2.312129391595383,-9.24,-21.36407557834134,-16.798000000000002,-15.672899999999998,-10.2358,-10.2188,-12.9999,-19.063100000000002,-15.8837,-13.020399999999999,-15.232999999999999,-16.6464,-16.0518,-13.630099999999999,-11.662799999999999,-14.0672,-18.9718,-16.2072,-13.3956,-10.603499999999999,-14.455,-15.2987,-7.4397,-11.190399999999999,-7.3966,-11.4088,1.3644
200110,2.317923938274466,2.48,5.748451366920676,8.5681,7.8319,5.6554,4.9221,4.344,11.1191,8.3783,5.8212,2.7902,4.9045000000000005,13.1661,6.1606000000000005,3.3651,4.9108,8.5505,7.9424,3.9012,1.23,3.2531999999999996,1.7694,3.0724,-0.4582,-2.1128,1.6046,-14.8583
200111,1.8717274919402114,7.53,14.094108014309793,5.9641,10.7247,5.0562000000000005,5.4371,6.454,10.0746,7.9069,6.4591,9.149000000000001,12.0589,9.5018,5.8728,5.9002,9.5316,12.8702,10.1228,8.4712,6.6182,10.0801,8.3001,7.4061,8.2415,4.5595,10.8688,11.1176
200112,1.1565571604990657,1.61,1.8620570284034959,12.7567,5.9314,5.7783999999999995,5.4407,7.1441,7.9133,5.5278,6.4475999999999996,7.709899999999999,7.1399,5.6598,5.8306,7.3542,5.362299999999999,4.8222,3.6121000000000003,5.0851,4.7909,6.5545,3.2074000000000003,-0.1344,2.4681,3.489,0.31279999999999997,1.1583
200201,0.80879313594462,-1.44,-1.1646621157602528,-7.215,-1.6058,2.254,3.2251,4.8665,-6.4638,-2.8477,-0.30810000000000004,1.2280000000000002,1.0593,-5.379099999999999,-2.1668000000000003,-0.791,2.1877,4.952500000000001,-4.185499999999999,-0.26880000000000004,1.1109,2.1148,-3.6951,-0.9649,-2.4502,-0.675,-1.7707000000000002,-9.3276
200202,1.4729737355956223,-2.3,-3.387839591869931,-10.6438,-6.0168,-4.5484,-1.4131,-3.3228,-9.821700000000002,-4.516,-1.4707,0.4999,-0.189,-7.3862,-0.7097,0.1094,-0.5302,4.1474,-4.2524999999999995,0.6852,2.4351000000000003,-4.0455000000000005,2.0989,-2.7538,0.38670000000000004,0.309,-3.6069999999999998,-12.8931
200203,0.6692261151931653,4.24,2.8375187284190213,5.7454,7.3658,8.358099999999999,8.2098,9.0747,8.666799999999999,9.1297,7.2477,7.9638,11.2212,8.654499999999999,6.5929,6.7079,7.4927,8.9325,6.4113,6.8589,5.6982,4.9972,8.1085,2.8442000000000003,5.9431,3.4170000000000003,8.7211,-0.017100000000000004
200204,0.385133090753816,-5.21,-2.0065434028273814,-9.9234,-0.6512,1.7975,3.4925,4.879899999999999,-4.9381,0.2321,3.503,3.7559,4.757899999999999,-5.3657,0.7584,2.1181,0.7438,0.498,-3.1449,0.14770000000000003,-0.4123,-1.9667999999999999,1.1085,-8.1368,-3.0675,0.8084,-2.4726,-22.2963
200205,0.5074479316084403,-1.36,-0.6901291869874788,-6.781899999999999,-6.0966,-3.3389,1.2563,0.07909999999999998,-8.0653,-4.3095,-4.8578,-3.3893,-6.7634,-6.1749,-2.956,-4.209099999999999,-2.9434,-2.1443000000000003,-2.9827,-0.6365000000000001,-1.0822,-1.1671,0.15459999999999996,-1.4687000000000001,0.3147,0.4988,0.8666999999999999,-7.8469
200206,0.37612285650673744,-7.23,-2.719368252543712,-8.3817,-8.0168,-1.0105,0.8962,-1.1968,-7.898,-4.3078,-2.9697999999999998,-1.8205,-3.3567,-7.7993,-7.7611,-5.0873,-5.3296,-6.0817,-9.789900000000001,-7.1391,-7.2945,-5.9866,-9.2017,-7.709,-4.8492,-6.9228,-10.1578,-11.577900000000001
200207,0.36672879985164303,-8.19,-3.003508870784956,-19.519199999999998,-15.7507,-15.0237,-11.5396,-12.1913,-15.5693,-16.7472,-14.238100000000001,-15.5366,-18.567999999999998,-9.925600000000001,-9.001100000000001,-12.1357,-12.347900000000001,-17.6132,-9.9326,-8.8964,-9.3546,-13.284,-18.3954,-5.6348,-10.4041,-7.3203000000000005,-10.363100000000001,-14.8254
200208,-0.07712468090887324,0.5,-0.03856234045443662,-0.3254,-0.4905,-2.7499000000000002,-0.9758,-1.9005999999999998,0.6747,0.020699999999999996,-0.5298,0.8723,-1.3020999999999998,0.756,-0.6993,2.5549,1.3692000000000002,2.143,-1.4051,-0.2982,1.4668999999999999,-0.265,6.515300000000001,-0.2706,0.784,1.6036000000000001,5.2533,8.181199999999999
200209,-0.1330079753849957,-10.34,1.3753024654808554,-10.9761,-8.277700000000001,-8.0726,-7.0878,-6.9421,-8.0811,-6.7435,-5.9367,-7.4524,-9.5576,-7.7642,-8.8238,-9.654900000000001,-8.0043,-9.1927,-9.172500000000001,-8.6212,-11.9821,-11.620800000000001,-21.8824,-11.0051,-11.3924,-9.411800000000001,-8.4984,-6.335299999999999
200210,-0.5387593125144361,7.84,-4.223873010113179,5.630400000000001,4.4032,2.3133,1.9051,1.3805999999999998,10.092699999999999,2.3889,4.1206000000000005,1.3981,-1.5888,7.2102,2.6848,5.2965,3.2123999999999997,0.9611999999999999,6.8725000000000005,4.5335,3.7243,3.2188,4.6084000000000005,10.224699999999999,6.8462000000000005,4.5446,5.798,13.992799999999999
200211,-0.7411464476435258,5.96,-4.417232827955414,17.726499999999998,12.3732,10.219100000000001,8.397400000000001,9.1158,13.1071,10.9501,7.3159,6.0183,8.744800000000001,9.1286,7.436,6.4721,5.3816,11.532300000000001,10.4288,7.5027,7.5721,8.1186,17.7759,4.8370999999999995,5.9658,4.3547,5.761,6.9304
200212,-0.39110385576299683,-5.76,2.2527582091948615,-9.884599999999999,-5.7974000000000006,-5.2489,-2.6908,-2.7796,-10.327599999999999,-7.3543,-4.6059,-3.7792999999999997,-3.7565,-7.431900000000001,-4.5411,-2.8523,-3.9522999999999997,-6.8799,-7.025600000000001,-5.1974,-2.5683,-4.149500000000001,-3.8038,-6.3527000000000005,-6.3105,-3.4482999999999997,-3.7237,-9.8491
200301,-0.30148592652755396,-2.57,0.7748188311758136,-0.5536,-0.3738,-2.6158,-0.7716,0.1386,-3.4145,-3.2075,-3.4046000000000003,-1.5393000000000001,-2.6501,-1.5682,-4.2527,-3.4372000000000003,-3.8907000000000003,-2.7272000000000003,-1.2388000000000001,-3.4988,-0.5158,-2.7024,-5.1986,-2.9215,-2.8116,-1.2602,-5.2646999999999995,-5.6856
200302,-0.30805590777633646,-1.88,0.5791451066195125,-6.2478,-3.1534999999999997,-2.5372,-1.5047000000000001,-2.2386999999999997,-2.7091,-1.7641,-2.2165,-2.8167999999999997,-5.9346,-4.191,-1.106,-2.3173,-4.0283,-2.776,-2.8941,-1.6435000000000002,-2.2142,-2.0247,-5.6479,-1.1693,-2.8312999999999997,-2.5115,-3.4705999999999997,-5.0107
200303,-0.46563963090137334,1.09,-0.507547197682497,2.2915,1.0153999999999999,0.45010000000000006,1.9285999999999999,-0.08330000000000001,2.1892,1.2912,0.42769999999999997,1.4513999999999998,-0.48540000000000005,2.7826,0.7051000000000001,-0.2472,-0.5419,3.5281,1.4294,-0.5726,0.27780000000000005,2.0978,-4.5943,1.6085999999999998,0.39749999999999996,0.7505000000000001,-0.7229,-3.0494
200304,-0.281049765291501,8.18,-2.298987080084478,11.9257,10.7682,8.1834,7.4407000000000005,9.5398,10.8782,9.3199,9.1449,9.5402,10.0185,8.2325,8.0606,10.667300000000001,11.5398,10.063,8.6045,6.8554,9.1224,8.4609,8.9993,7.2132000000000005,9.4945,8.7043,8.7401,14.7181
200305,-0.6388511449599639,6.05,-3.865049427007781,19.727,15.2418,11.08,10.6234,11.1977,12.8097,9.4816,11.192400000000001,10.0015,11.4172,8.4635,8.8006,9.5851,9.3853,9.1635,9.6716,10.5313,7.989599999999999,10.517100000000001,9.863,4.1474,6.471,6.6939,6.5148,7.7562
200306,-0.5024211417022691,1.42,-0.7134380212172221,7.365900000000001,4.0323,4.7701,4.2747,5.5135000000000005,1.8458999999999999,0.5737,1.1930999999999998,2.0749999999999997,3.379,2.4886999999999997,1.488,0.38070000000000004,1.0966,1.9493999999999998,1.6425999999999998,0.8138,0.039699999999999985,-0.7531,7.0292,0.9081,2.3522,1.8196999999999999,-0.8601,3.5635
200307,-0.5030019289974578,2.33,-1.1719944945640766,8.5879,8.352599999999999,8.397599999999999,8.704699999999999,8.0951,8.7614,5.2936,5.850099999999999,6.561599999999999,7.6884999999999994,7.3719,4.621499999999999,1.256,4.3723,2.375,3.9576,3.3607,3.0297,4.9401,1.9726000000000001,0.5561,5.3521,1.7759,-0.49870000000000003,1.5569
200308,-0.7508972878922505,2.33,-1.7495906807889439,4.345,4.895499999999999,3.4457,4.507099999999999,6.2745,3.9349000000000003,3.1321000000000003,5.3458,4.87,5.9307,3.918,4.0636,4.8031999999999995,7.3152,7.715,4.5946,3.6163000000000003,4.041799999999999,4.8247,9.3291,1.4988,1.3538,1.9664,2.3763,1.2499
200309,-0.9421414057224071,-1.24,1.1682553430957847,3.4452,0.3026,-0.20790000000000003,2.0158,4.7928,-2.1829,-2.2088,-2.6799,-3.9953,-0.877,-2.0524,-3.3981,-2.3243,-1.2799,-0.8038,-1.6021,-2.6341,-0.8413999999999999,-1.2326000000000001,0.2364,-0.9661,-1.1659000000000002,-1.1863000000000001,-2.2994,-4.6347000000000005
200310,-0.621634437412482,6.08,-3.779537379467891,5.6735999999999995,8.6048,7.6762,10.4233,11.5039,8.175799999999999,8.3177,6.6681,10.1246,10.757,8.9672,6.5926,5.805,10.8996,12.5333,7.5599,7.7667,7.1308,9.583,8.145199999999999,3.4265000000000003,8.8315,7.9869,6.2238999999999995,2.7094
200311,-0.5395244465834177,1.35,-0.728358002887614,2.7226000000000004,3.0225,5.117299999999999,3.7491000000000003,6.6221,2.4570000000000003,3.6460000000000004,2.7698,3.6417,3.6303,3.7190000000000003,3.0742000000000003,2.1451000000000002,4.862699999999999,2.4279,1.2244,3.1211,3.6780000000000004,3.3760000000000003,4.4395,0.7163999999999999,0.3856,2.0096000000000003,0.23109999999999997,3.1605000000000003
200312,-0.5303284492436974,4.29,-2.275109047255462,0.16249999999999998,2.7145,3.0362999999999998,1.4094,3.6010999999999997,2.03,1.8554,3.1733,2.5021,2.6389,-0.8029,2.5269,4.3183,2.1482,5.5474,1.0445,3.3778,2.225,4.8789,3.0294,5.2421999999999995,4.5591,3.6222,6.1984,4.711
200401,-0.7990888242841369,2.15,-1.7180409722108942,6.1011,5.2793,5.4719999999999995,6.0421,8.6708,3.5249,3.6249000000000002,3.2739000000000003,3.3278000000000003,7.8283,3.2452,2.1447000000000003,1.4039,4.3563,5.732399999999999,2.2366,1.0151,4.3206,2.6468000000000003,5.110399999999999,1.6602,0.03539999999999999,3.4895,1.5878999999999999,6.7844
200402,-0.5113818047896409,1.4,-0.7159345267054972,-0.2905,-0.0264,0.2077,0.8221,0.1901,0.9434,2.1555,0.5282,0.0738,-0.1882,-0.1482,2.8563,2.9062,1.9244999999999999,1.2499,2.453,1.4482,2.8045999999999998,3.7472,0.6417999999999999,1.0716999999999999,1.0405,2.6776999999999997,0.7779,5.4339
200403,-0.2655165941137641,-1.32,0.3504819042301686,-1.5106000000000002,-0.8422999999999999,-0.7461,0.6181,-0.8802,2.3572,1.0506,0.19920000000000002,0.5113,1.5955,1.7418,1.4592999999999998,-0.0979,0.2401,0.7852,0.027300000000000005,-0.6289,0.30989999999999995,-0.819,-1.0454,-2.2342,-1.2162000000000002,-1.3099,-0.6588999999999999,-1.1786
200404,-0.42603027857359055,-1.81,0.7711148042181989,-4.1956,-4.8347,-3.9423,-4.0412,-6.3431,-4.0725,-4.413,-2.4742,-4.3911,-8.4364,-2.1599,-2.1116,-2.7809,-6.3177,-6.5509,-1.7754,-4.0421,-4.5126,-3.0304,-3.2659000000000002,0.5977,-3.2026,-4.5191,-2.4356,-1.8471
200405,-0.31647643835729217,1.18,-0.3734421972616047,-2.0015,-0.6008,-0.262,-0.7481,0.5662,0.9709999999999999,1.9928,1.155,1.6525999999999998,2.257,1.5102,1.9748999999999999,1.7078,1.5923,1.482,1.2469,2.152,2.2225,1.7328999999999999,4.0638000000000005,0.7596,1.9417,1.1105,0.0421,1.1795
200406,-0.2701753174542652,1.85,-0.49982433729039066,0.6377,4.4348,4.2584,3.4953,3.9343000000000004,3.5709999999999997,5.0696,5.6528,5.2638,7.5428999999999995,1.9333999999999998,4.4772,2.4153,1.2799,3.8117,1.1175,3.1512,1.8538,3.303,4.1738,1.7321,0.6089,0.3504,2.8327,2.1746
200407,-0.13358957545406921,-4.04,0.5397018848344396,-12.866299999999999,-7.435,-7.313599999999999,-5.797499999999999,-4.4086,-8.710799999999999,-8.7744,-4.9563,-5.4399999999999995,-4.616,-9.222,-5.811,-3.7465,-3.5678,-4.0916,-6.8241,-5.158099999999999,-3.6589,-5.6648,-3.4774000000000003,-5.000299999999999,-0.7372,-1.7971000000000001,-2.9050000000000002,-0.991
200408,0.03664044660070861,0.07,0.002564831262049603,-1.8782,-0.4112,-1.0418,-1.5653000000000001,-1.9453,-4.7654000000000005,-1.6715000000000002,-0.6194,0.6991,0.9427,-2.929,-0.5298,0.2647,0.9398000000000001,-2.7318,-0.9269999999999999,-1.3417000000000001,0.23570000000000002,0.2841,0.7838,-0.37579999999999997,1.3862999999999999,1.158,0.8863,-0.2183
200409,0.07544672602307503,1.6,0.12071476163692006,4.6511,4.7683,4.4209,4.762499999999999,3.6079000000000003,7.975699999999999,6.1514,5.4662,3.8405,3.6059,4.0748999999999995,4.0470999999999995,3.648,2.7796000000000003,4.6803,2.9758,2.947,5.0161,3.0247,2.3686000000000003,0.029800000000000007,1.1359,2.3342,1.7258,3.4959000000000002
200410,0.10190703048976847,1.42,0.14470798329547122,1.5957,2.2934,2.4615,1.1434,0.3317,3.2809,2.9729,1.0507,0.6916,2.2006,1.4765,3.463,2.2254,-0.0882,2.2641,3.1367000000000003,2.7877,2.0264,1.6524999999999999,-0.6194,1.2529,0.49770000000000003,2.6575,0.5115000000000001,2.4379
200411,0.17364597826513944,4.53,0.7866162815410818,10.6098,8.494399999999999,8.458499999999999,7.8665,8.6584,7.053999999999999,9.2774,9.261099999999999,9.102599999999999,9.4658,6.868099999999999,5.6065,7.8359,6.148499999999999,9.5159,5.6141,7.217499999999999,6.6027,6.7021999999999995,7.5062999999999995,2.9476,4.103899999999999,5.0672999999999995,3.499,5.9068
200412,0.18003425224343816,3.42,0.6157171426725585,4.9735,4.4553,4.2249,2.82,5.64,3.4987,3.4532,2.2043,2.3127999999999997,3.041,5.245,3.2026999999999997,2.0044,1.7501,2.2672,4.2539,4.0102,4.0487,3.8789,3.5810999999999997,3.5949,2.2039,2.3283,5.3469,2.6136999999999997
200501,0.14917824933153886,-2.75,-0.41024018566173187,-6.242900000000001,-4.5126,-4.390000000000001,-3.5273000000000003,-1.3784999999999998,-5.6353,-4.3811,-2.3163,-2.9338,-3.0024,-3.5737,-4.117,-3.8822,-0.4337,-3.4103000000000003,-3.1884,-3.7236000000000002,-2.8035,-2.0931,-2.5858000000000003,-3.1997,-2.1196,-1.3108,-2.0784000000000002,0.21430000000000002
200502,0.2589486253863749,1.88,0.4868234157263848,-1.4193,-0.1558,-0.4032,0.6164999999999999,2.8547,2.4449,1.7704,3.4589,3.1300999999999997,1.7504000000000002,0.8953999999999999,2.1288,2.6744999999999997,1.5090000000000001,4.1678,2.0147,2.1717,3.5896999999999997,2.463,2.9015,0.7843,4.2974,2.1380999999999997,0.5589999999999999,4.7145
200503,0.20609049542765753,-1.94,-0.3998155611296556,-6.3615,-2.5113,-3.3613,-3.0335,-2.9135,-4.3994,-2.6330999999999998,-2.8722,-0.6869999999999999,-0.5255,-1.9485,-2.3707,-2.5149,-2.604,-0.7658999999999999,-2.1734,-1.1239000000000001,-0.10149999999999999,-1.427,-1.3827,-1.3165,-4.099600000000001,-0.9096,-0.355,-0.5497
200504,0.1360244133470688,-2.61,-0.35502371883584954,-6.2909,-6.4952,-5.6874,-6.676,-6.3084,-7.908,-6.3501,-6.4940999999999995,-6.3271,-5.1599,-5.3544,-4.7714,-5.4623,-4.4531,-5.6416,-4.3327,-4.6748,-5.0064,-3.2535,-1.9311,-1.3529,-2.0984000000000003,-2.8992,-1.4019,-2.8323
200505,0.23259321703441835,3.65,0.848965242175627,6.5952,6.3983,4.7713,4.026,4.5649,9.0365,7.9076,7.1145,5.2801,6.8437,5.973,5.9037,5.1894,4.0735,6.797899999999999,5.8361,5.906499999999999,4.3514,5.9346,5.2054,3.6295,1.8484,1.7363,2.2859,3.9772999999999996
200506,0.18806383053853698,0.58,0.10907702171235144,3.8305000000000002,3.6165,3.4268,4.1365,5.2848,1.8516,4.0664,3.8957,4.0839,5.0816,1.4845,2.5844,2.4763,3.8882,3.4491,0.9338,2.1874000000000002,3.3838,4.178599999999999,2.9206,-1.8682,0.9076,1.9085,1.1543,3.0533
200507,0.2612889152441063,3.92,1.0242525477568967,7.2629,8.032399999999999,6.4748,6.5141,6.6273,7.103899999999999,6.392399999999999,7.5946,5.7482999999999995,5.2993999999999994,4.5872,6.3073,5.7804,5.498,3.2587,5.9529,5.1331999999999995,4.9342999999999995,5.418699999999999,3.9692999999999996,4.2805,2.9795,1.6777,2.2023,3.9512
200508,0.07939427221437276,-1.2,-0.09527312665724731,-3.1378999999999997,-1.0941,-1.4655,-1.3736000000000002,-0.8256999999999999,-2.4775,-1.7341,-1.4084,-2.518,-1.9476,-2.7702999999999998,-1.075,-1.1828,-1.3373000000000002,-1.3382,-2.5282999999999998,-0.2645,0.0252,1.3249,-2.0582,-1.7910000000000001,-1.395,-0.5886,0.24290000000000006,-0.4655
200509,0.16932008985409863,0.48,0.08127364312996734,0.8386,1.5118,0.12710000000000005,0.7645,-1.026,-0.34559999999999996,1.3898,0.7817000000000001,-0.9458,1.0546,-0.8821999999999999,1.9889999999999999,0.9268000000000001,-0.8079000000000001,0.47000000000000003,0.037900000000000045,0.21070000000000005,1.2852999999999999,2.6728,1.9253,-0.6367,0.8729,1.9996,0.6541000000000001,1.9712
200510,0.3211320239688274,-2.04,-0.6551093288964079,-3.9011,-4.2275,-2.7592,-2.6614,-2.335,-4.1187000000000005,-2.2827,-3.0671,-3.8334,-2.3498,-3.3563,-4.660299999999999,-2.315,-4.0651,-3.5105,-1.3079,-3.7018,-2.8224,-4.696,-3.2824,-0.37620000000000003,-3.6463,-1.9775,-1.2757,-1.2733
200511,0.3061710938895896,3.61,1.1052776489414182,4.8421,3.6992999999999996,4.331,3.9198999999999997,3.5115,4.863300000000001,4.2925,4.557600000000001,4.929200000000001,3.9341000000000004,6.7746,6.2866,3.6508,4.262300000000001,1.2052,4.7193000000000005,4.455,3.3299,3.7681,3.7703,3.3102,3.8667000000000002,3.3851999999999998,2.9908,2.1087
200512,0.2827117356927139,-0.24,-0.06785081656625133,-0.6164000000000001,-0.12940000000000002,-0.6739999999999999,-0.4823,0.5334000000000001,-0.0539,-1.131,-0.6483,-0.9839,-1.2112,0.6371,0.20990000000000003,0.018500000000000016,0.1446,-1.0814,-0.031399999999999983,1.2901,1.6813999999999998,1.4145999999999999,0.30060000000000003,-1.0983,-0.4757,0.7363999999999999,0.48469999999999996,-0.8029
200601,0.2936423695424616,3.03,0.8897363797136586,11.505700000000001,8.792,7.9854,7.976000000000001,8.1655,7.0654,8.9807,9.2836,9.2233,7.1013,5.683800000000001,7.6471,7.180300000000001,6.1127,5.6667000000000005,4.5467,4.8607000000000005,4.696700000000001,3.6774,3.6208,0.5938,2.9007,1.9663,3.4318,3.3251999999999997
200602,0.33159285841862607,-0.3,-0.09947785752558781,-0.8102,0.2152,0.12129999999999996,-1.0383,-0.3382,-0.5483,-0.8239000000000001,-0.9373,-0.9057999999999999,-0.8840000000000001,-0.02210000000000001,-1.5597,-0.5901000000000001,-2.7563999999999997,-0.8579000000000001,0.172,-0.36900000000000005,-1.2121,-2.0619,1.4397,-0.31270000000000003,0.02779999999999999,0.15889999999999999,0.2494,-1.2813
200603,0.20287640121836645,1.47,0.2982283097909987,3.5484,4.3183,4.4158,4.915,6.3576999999999995,2.808,4.4796,6.9148,3.7436,4.2431,4.4434,4.0153,2.7155,1.6566999999999998,1.4823,2.8344,1.9722,2.812,1.9796999999999998,1.7024999999999997,0.3607,1.7671999999999999,1.0828000000000002,0.4799,0.5093
200604,0.14017817073438724,0.73,0.10233006463610268,-1.2810000000000001,-1.8498,-0.9998,0.6727,1.0734,-0.8029,1.5652,1.7919,-0.4688,0.7747,-1.3652000000000002,-0.8774,1.4018000000000002,0.8180999999999999,0.9606,0.3799,0.7705000000000001,0.43610000000000004,1.3805,3.173,-0.9425,1.4064999999999999,1.3936000000000002,2.5820000000000003,4.7351
200605,0.059861649978437424,-3.56,-0.21310747392323723,-9.9815,-6.336399999999999,-5.2168,-4.6837,-4.3637,-6.5470999999999995,-6.948799999999999,-4.4292,-5.4954,-3.6797,-6.630599999999999,-5.6456,-4.0224,-3.621,-3.0018000000000002,-5.362,-3.8804000000000003,-2.9011,-4.0694,-3.208,-3.1527000000000003,-3.3975,-2.6311,-1.7928,-2.9297
200606,0.2861677468180938,-0.35,-0.10015871138633282,-1.3939,-0.7598,-1.9192,-0.3407,-0.8645,-0.26160000000000005,0.9343,-0.4319,0.3217,-0.7659,-1.1441,-0.8328,-0.9104,-1.1146,-0.4778,-0.4496,-2.7552,-0.7773000000000001,0.12270000000000003,-1.2926,-0.10900000000000004,-1.028,0.5864,-0.274,0.9364
200607,0.25752639984422726,-0.77,-0.198295327880055,-6.2865,-4.1443,-3.7577,-2.4847,-2.9062,-5.512300000000001,-5.214,-3.8738,-1.7025000000000001,-3.614,-6.8619,-3.63,-4.3782000000000005,-2.0192,-1.629,-4.859800000000001,-3.2851,-3.3215,-4.4199,-1.4045999999999998,-1.3385,0.9493999999999999,1.7818,1.8309000000000002,2.2582
200608,0.21676598265570624,2.03,0.4400349447910836,2.9915000000000003,1.9543,2.7919,1.7637,2.4531,2.7398000000000002,2.3486000000000002,2.9754,2.5374,1.3235000000000001,2.2167,1.4983,1.6336,2.5343,2.356,0.9888000000000001,2.9722,0.7356,2.7956,2.2433,3.3109,2.2684,1.6099999999999999,-0.3065,-0.40509999999999996
200609,0.425624520022798,1.84,0.7831491168419483,-0.4507,-0.1538,-0.3465,-0.036099999999999965,1.7409999999999999,-0.16659999999999997,0.9795,0.6705000000000001,1.6276,0.5815000000000001,1.1764000000000001,0.04240000000000005,1.5244,0.199,0.0605,1.5966000000000002,2.0118,0.5774000000000001,1.4539,0.3584,2.018,2.4303,1.7638,1.776,3.9589999999999996
200610,0.40222844552721043,3.22,1.2951755945976178,6.6795,5.7405,5.6682999999999995,4.5219,4.5618,6.0278,5.2135,4.1047,4.0748,4.8077,5.2581999999999995,4.3796,3.1287,3.1267,5.023,3.4823999999999997,4.3442,2.5479,3.4084999999999996,2.1881,3.1197999999999997,1.4147,2.8104999999999998,3.6486,4.0872
200611,0.40086366137109974,1.7,0.6814682243308695,0.5088999999999999,3.0791,1.2128,1.464,2.1755,1.5403,2.4131,1.7933,2.974,1.8848000000000003,3.0974,3.7545,3.4352,3.1902,3.5255,3.3138,3.0632,3.192,2.3047,3.9871,0.7883,2.2182,1.4322000000000001,1.6165000000000003,-0.3818
200612,0.5733302560933685,0.85,0.4873307176793632,0.28859999999999997,-0.1844,1.1080999999999999,1.9143,3.0569,-2.2265,-1.4859,0.45929999999999993,-0.24540000000000003,1.6493000000000002,-1.2272,-0.6382,0.5149,0.384,0.7279999999999999,-1.5043000000000002,-0.20510000000000003,-0.37120000000000003,1.3218999999999999,2.1019,-0.24230000000000002,0.8684999999999999,2.8355,2.2546,2.6808
200701,0.537752326612342,1.38,0.7420982107250318,0.9396,0.032799999999999996,-0.3416,-0.2004,2.5093,1.879,0.6071,0.315,0.5005999999999999,2.2701000000000002,4.2082,1.8901,1.4802,2.9855,0.8027,4.200399999999999,2.7873,1.8039,1.6839,0.7559,1.8186,0.27309999999999995,0.8506,0.3413,2.1174
200702,0.4697775197846194,-1.96,-0.920763938777854,-1.0301,-1.009,-1.2402,-1.0508,-0.4068,-1.3967999999999998,-0.6742,-0.29100000000000004,-1.9531999999999998,-0.2921,0.13839999999999997,0.07300000000000001,1.3098,-0.3421,0.7394999999999999,-0.7816000000000001,-0.17250000000000001,0.1764,0.35019999999999996,-0.09989999999999999,-2.8129,-1.6961,-3.5831999999999997,-1.4666000000000001,-3.4594
200703,0.7846577751990409,0.71,0.557107020391319,-0.06529999999999997,-0.35819999999999996,0.6221000000000001,0.931,0.008900000000000019,0.6335,0.7079,0.13799999999999996,0.3281,-1.1617,2.5006,2.1713999999999998,1.1172,0.29829999999999995,0.6447,0.7010000000000001,0.5613999999999999,0.4614,-0.5719,2.6096,0.2606,0.7330000000000001,1.8047000000000002,0.7699,-0.5801000000000001
200704,0.9072969530700327,3.49,3.166466366214414,2.923,0.445,-0.34450000000000003,-0.2573,0.9243000000000001,1.9357000000000002,2.1254,1.5367,0.14489999999999997,1.3265,3.8168,3.2899000000000003,4.1008,2.0307,1.6306000000000003,3.7959,4.417999999999999,4.458799999999999,3.4208,2.186,5.0390999999999995,3.4098,3.441,2.0457,4.4154
200705,1.0216303865649485,3.23,3.2998661486047838,1.7528,3.0444999999999998,1.7727000000000002,2.9069,2.1707,3.072,3.8423,3.7627999999999995,1.3116,3.2792,6.734999999999999,4.7547,4.7231,3.8543000000000003,3.0117,4.1487,2.7781,4.8025,4.4547,1.9204,2.3864,3.7577999999999996,3.8362,2.6732,2.2965
200706,0.8033569823124049,-1.96,-1.5745796853323137,-0.12620000000000003,-0.7076,-1.3003,-0.8502000000000001,-0.5621,-1.7692,-2.4516999999999998,-1.5691000000000002,-2.7382999999999997,-2.1643,-1.4384000000000001,-0.6103000000000001,-0.8356,-1.7803,-3.7656,-1.556,-1.9924,-2.7176,-3.9619999999999997,-2.2148,-2.1073,-0.6044,-2.5382,-3.138,-2.4556999999999998
200707,0.8362986917689696,-3.72,-3.111031133380567,-5.9413,-7.3100000000000005,-6.7713,-7.1364,-8.7893,-4.7843,-6.604100000000001,-5.2532000000000005,-8.093,-9.4772,-3.5934999999999997,-3.5742,-5.4569,-7.099600000000001,-6.847600000000001,-3.7353,-3.9916,-5.0681,-5.7477,-8.7187,-1.3526,-1.9119000000000002,-4.662100000000001,-5.897200000000001,-5.3102
200708,0.6406318608210203,0.94,0.6021939491717591,0.5507,0.6967000000000001,0.9281000000000001,0.7954000000000001,-3.6334,2.177,2.1057,2.2736,2.9595000000000002,-1.079,-1.0259,2.3893,0.14299999999999996,-0.22779999999999997,-2.779,0.7578,0.5763,-2.3517,-1.401,-1.946,1.4493,1.778,1.4242000000000001,1.4848000000000001,-0.3467
200709,0.5538751853616694,3.22,1.7834780968645754,1.8002999999999998,2.4904,0.07050000000000001,0.4211,-1.4913,2.8286000000000002,0.49279999999999996,0.31629999999999997,0.3324,-0.3974,3.2771000000000003,3.0493,1.1056,1.5111999999999999,1.0937999999999999,3.353,2.8043,0.44839999999999997,1.1993,0.13490000000000002,4.9603,3.1178000000000003,2.6294,2.0147000000000004,3.8887000000000005
200710,0.47033120388729316,1.79,0.8418928549582547,3.274,1.1948999999999999,-0.7561,0.5576000000000001,-1.6914,3.3682000000000003,3.8323000000000005,0.22359999999999997,1.7516,0.0393,4.2066,1.9376999999999998,3.7341,-0.4913,2.9919000000000002,3.0003,2.532,1.0792,1.9679999999999997,-3.5461,3.6233,1.2903,0.8412999999999999,-0.1446,-0.7539
200711,0.4726231296752455,-4.8,-2.2685910224411785,-10.119,-8.710799999999999,-8.136700000000001,-7.6974,-9.6016,-6.8984,-7.596,-6.7177,-6.7886999999999995,-8.6431,-5.7158999999999995,-7.0893999999999995,-5.8724,-6.7425999999999995,-4.9376,-4.6361,-4.6082,-7.5145,-5.6569,-7.3698,-3.5242,-2.629,-5.8187,-5.284,-5.7897
200712,0.476663726405454,-0.87,-0.414697441972745,-1.165,0.7993999999999999,-1.9687000000000001,-0.8305,-1.4755,0.9764999999999999,-0.2083,-0.2159,-0.11520000000000002,-1.0152999999999999,-1.3041,-1.5983,-0.44510000000000005,-1.6868,-0.8979,-0.2992,0.8402000000000001,-3.1118,-2.245,-3.028,-0.4924,-1.2167,-1.1236000000000002,-2.0241,1.0315
200801,0.3968450819611767,-6.33,-2.5120293688142485,-11.865900000000002,-8.770800000000001,-7.1826,-5.2459,-4.8823,-9.715200000000001,-7.1901,-8.0313,-3.0829,-4.2657,-6.927,-6.4871,-6.518,-3.0817,-6.8961,-6.9167,-8.355200000000002,-3.8836,-5.728,-2.9868,-8.3138,-5.5308,-4.5323,-3.0398,-4.7618
200802,0.511825901926238,-3.09,-1.5815420369520754,-5.7286,-4.1488,-4.785,-2.6214999999999997,-4.2881,-4.9575,-1.472,-1.8986,-3.6597,-3.6464,-2.9926,-1.3157999999999999,-2.5559,-1.1674000000000002,-3.0263999999999998,-1.0633,-1.5057999999999998,-2.1405,-3.1428,-5.904,-2.3011,-2.0145,-4.0387,-5.6264,-5.5009
200803,0.3351602115189578,-0.94,-0.3150505988278203,-3.8398,-1.869,1.3981000000000001,0.23629999999999998,-0.5868,-0.5551,0.8921,1.3627,1.8504,0.5924999999999999,-3.4227,0.9629,-1.4785,-1.4830999999999999,-0.45710000000000006,-0.5126000000000001,-2.4903999999999997,-2.9476999999999998,-2.3863,-0.8584,-0.2546,2.2566,-3.7481,-3.8576,0.9315999999999999
200804,0.19510734511877886,4.61,0.8994448609975706,3.4823,3.3388999999999998,0.9504000000000001,-0.13729999999999998,0.7224999999999999,2.9013,3.6058,3.1313999999999997,2.4263,0.6373,7.0892,6.8786000000000005,8.1164,9.5775,7.367500000000001,5.7103,6.4215,4.9469,7.1530000000000005,2.5465999999999998,4.2403,1.1977,7.1993,3.3546,6.004700000000001
200805,0.1060726736892439,1.87,0.19835589979888613,5.256600000000001,4.568700000000001,2.3767,3.0734,1.8696,6.6127,3.1601,7.881600000000001,4.7946,3.2369999999999997,3.6744999999999997,3.8981999999999997,6.3762,4.4424,3.9164,3.9419999999999997,5.0652,5.2333,4.2683,3.3512999999999997,2.7161999999999997,0.0006000000000000172,0.5018,-2.0692,1.6677
200806,-0.013169981465740953,-8.43,0.11102294375619623,-6.4595,-8.7774,-11.1221,-7.3072,-10.1373,-7.7862,-7.3454,-5.9833,-8.074300000000001,-10.6281,-7.5188,-7.4344,-6.3631,-9.518,-4.6566,-6.0938,-9.7367,-6.5371,-7.1365,-15.1215,-6.2209,-9.245,-8.5781,-14.5336,-10.2251
200807,0.0680043165052505,-0.75,-0.051003237378937874,4.9532,3.9854,4.8461,7.1513,3.3542,2.1715,2.4558,4.5724,4.422,5.584099999999999,0.5311,-0.6809000000000001,1.604,0.7046,5.1312999999999995,-1.2057,-0.6899000000000001,-6.731400000000001,-2.8592,-3.1872,-1.7438,-1.4465,-2.162,3.2012,8.0057
200808,0.053440844926581056,1.53,0.08176449273766902,0.6622,3.0913,2.6909,3.3917,6.4324,4.0818,4.11,4.3499,5.6434,10.3981,2.354,3.3936,4.7755,1.8935,5.5671,0.831,2.0786000000000002,2.8487,3.8575,1.7361,0.9803000000000001,1.3643999999999998,1.8875000000000002,-1.033,-0.4244
200809,0.12207041354390856,-9.35,-1.141358366635545,-13.4486,-9.676400000000001,-8.8173,-4.5601,-6.1197,-8.7608,-8.4882,-7.4965,-4.0442,-7.6778,-14.3183,-11.342600000000001,-7.2452000000000005,-7.2344,-7.1498,-13.959200000000001,-12.6561,-13.300600000000001,-10.2588,-12.21,-9.737,-9.0876,-7.128900000000001,-8.3328,-4.0442
200810,-0.1514130871083198,-17.2,2.6043050982631004,-24.0584,-19.306099999999997,-20.309299999999997,-16.307799999999997,-21.621599999999997,-22.9926,-23.38,-18.3998,-18.370299999999997,-22.813499999999998,-23.011799999999997,-19.188599999999997,-16.0271,-19.147699999999997,-20.3616,-20.4624,-20.1699,-25.144399999999997,-21.3559,-17.385199999999998,-15.0525,-15.0004,-14.858,-27.5945,-13.6829
200811,-0.31531318993554797,-7.74,2.440524090101141,-13.0467,-12.5765,-13.2557,-11.7534,-16.3322,-10.9719,-10.529499999999999,-11.2774,-9.181799999999999,-16.5197,-11.8048,-10.1884,-9.0078,-9.5056,-7.3299,-7.9899000000000004,-8.5908,-8.3722,-7.7613,-16.6136,-5.8785,-5.0884,-6.4979000000000005,-14.7653,-17.8534
200812,-0.835270620619774,1.77,-1.478428998497,3.4379,5.8256,6.6454,2.9288,3.7042,4.67,4.8299,6.934,6.1168,6.6997,6.6208,4.2905,1.3928,3.3932,10.0274,4.5572,6.8104,0.9487,3.5689,2.3643,1.4056,1.2558,0.509,-1.8576,3.74
200901,-0.6271545401255513,-8.09,5.07368022961571,-6.5346,-8.114,-9.7757,-16.3302,-15.2179,-6.6064,-7.0132,-10.6107,-13.7364,-18.0278,-6.3001,-8.5543,-7.9239,-8.9705,-17.3721,-4.7073,-6.4033,-6.5969,-8.8342,-16.0037,-3.4117,-9.02,-10.9206,-19.0638,-13.6171
200902,-0.5084937053335518,-10.14,5.156126172082216,-11.509599999999999,-10.5047,-12.4187,-13.953,-14.6266,-10.2547,-9.3135,-10.899,-14.5342,-19.2602,-6.903099999999999,-10.3136,-9.4866,-13.4731,-10.9787,-6.5428,-8.7338,-10.9964,-12.7496,-14.0288,-7.8754,-10.0918,-12.091899999999999,-19.2175,-12.3825
200903,-0.6694694477232559,9.01,-6.031919723986536,11.0192,10.667900000000001,10.2501,8.3133,10.0566,9.1605,10.0966,10.4519,8.5779,14.7057,9.0694,8.501100000000001,9.924900000000001,8.115400000000001,13.8218,8.2486,9.5714,9.1325,9.6416,10.1021,8.3711,7.924600000000001,9.3704,13.0653,12.174000000000001
200904,-0.6559739248165208,10.17,-6.6712548153840165,18.464599999999997,16.150599999999997,16.066699999999997,17.961,17.810599999999997,14.7436,19.0976,15.4916,15.0261,17.799599999999998,14.1378,18.674799999999998,12.1049,15.8791,16.0674,11.1969,13.5892,15.992099999999999,15.3143,17.3436,6.8645000000000005,6.916300000000001,11.8706,14.819700000000001,20.2598
200905,-0.8736752650104215,5.21,-4.551848130704296,6.7473,5.2222,5.5846,4.3701,3.5045,5.1197,2.8605,2.155,1.0863,5.6627,3.7489,0.9007,2.9517,1.673,-1.559,4.0197,2.2779,3.7358,9.4807,4.2194,4.8259,5.7251,4.8812,7.1385,9.936
200906,-0.8755571021135264,0.42,-0.3677339828876811,7.565300000000001,5.2212000000000005,5.7933,2.1754000000000002,2.9203,6.7506,1.599,0.6596,-1.3619,0.2836,1.8827,0.9972000000000001,-1.4618,1.6156,-0.1908,1.8116,0.8902,-0.7294,-1.5153,-0.1882,1.6689,-1.4318,-0.1254,-0.7648,-2.7868
200907,-0.8926007612489408,7.74,-6.908729892066802,8.4841,7.083600000000001,9.603,9.53,13.6257,6.0401,7.7184,11.266,11.9311,12.742,6.9938,9.669500000000001,10.4492,12.3369,15.864,8.027000000000001,7.412100000000001,9.7128,10.5045,10.6537,6.0296,8.96,7.3528,8.4662,9.5791
200908,-0.6494245445691749,3.33,-2.162583733415352,2.7722,1.6249,3.2627,3.8481,10.6179,0.0949,1.9836,1.8161,3.1583,8.543000000000001,0.8632,0.9371,4.439900000000001,4.0536,11.9916,2.0876,4.2593000000000005,3.0060000000000002,5.673900000000001,14.9299,1.1883,3.7775000000000003,3.1383,7.3264000000000005,11.9972
200909,-0.562030010602843,4.08,-2.2930824432595993,4.6864,6.2353000000000005,4.596900000000001,6.7557,8.7485,8.0168,7.101100000000001,5.6227,6.7182,7.4676,6.4871,3.9050000000000002,6.9971000000000005,7.7176,8.7124,6.7053,5.6633000000000004,5.8777,5.3,8.0048,3.3612,3.5781,2.6489000000000003,4.8973,2.8262
200910,-0.6244268387790851,-2.53,1.5797999021110851,-10.6082,-7.5552,-6.387,-7.7308,-8.9552,-7.4844,-5.8895,-5.7813,-8.7658,-10.2887,-5.1004,-3.2017,-5.9369,-6.2043,-10.2338,-4.3351,-2.6912,-4.304,-6.022,-6.2375,0.3081,-2.0086,-1.9718,-3.6416,-9.3136
200911,-0.663472431826929,5.63,-3.7353497911856106,0.628,-0.5472,2.5612,1.4592,1.5625,2.4338,1.2499,2.1379,3.4442,5.7268,3.1933,3.3847,2.3802,6.3211,6.1655,4.6889,4.827,4.1185,3.3426,5.3299,7.1598,5.753,3.6706,5.1067,4.0335
200912,-0.6465605547225796,2.8,-1.8103695532232227,6.1741,8.982000000000001,7.6134,8.0594,10.0827,9.3451,9.9659,8.5531,6.9618,8.9316,7.0392,6.992500000000001,7.0121,7.9999,7.5833,6.0120000000000005,4.4529000000000005,7.9508,5.3657,6.3367,0.8726,2.2824000000000004,4.0696,1.9767,-2.9737999999999998
201001,-0.7869447914497728,-3.35,2.636265051356739,-4.3132,-5.1905,-4.3596,-3.5444,-0.9807,-3.1729,-2.3572,-1.2698,-3.3993,-3.6509,-3.5218,-3.4321,-4.769,-3.5064,-2.3154,-3.5045,-3.9755,-5.1421,-1.6093,-2.1545,-4.2163,-3.5754,-0.4608,-4.576,-2.6238
201002,-0.9782265061075512,3.39,-3.316187855704599,4.17,4.7194,4.5035,5.4187,7.2253,2.0935,3.0575,2.9275,6.124,5.1675,4.3086,4.3212,4.6643,5.9532,9.3943,5.1436,6.8455,4.2044,4.0452,6.3108,2.5601,2.1349,3.995,4.2404,5.9117
201003,-0.9852321341585886,6.3,-6.206962445199108,6.984500000000001,6.6086,7.7239,7.3448,9.950000000000001,7.0861,7.6336,7.5516000000000005,8.0416,11.5372,9.2024,6.4485,9.8793,6.9007000000000005,7.7908,8.121,6.9833,7.7897,4.9714,11.750300000000001,4.9812,6.0266,5.7043,6.4039,8.411200000000001
201004,-1.002306051014863,1.99,-1.9945890415195773,6.5138,7.1993,6.0982,9.5234,11.6709,2.0151000000000003,5.6292,4.434,6.8442,7.539000000000001,2.8241,5.2732,3.3080000000000003,7.7868,5.1106,3.6759000000000004,3.6945,3.3504,6.968100000000001,4.8453,0.3705,2.6034,1.312,-0.4415,-0.3391
201005,-0.7609462632586408,-7.9,6.011475479743263,-7.103,-5.336399999999999,-7.2138,-8.9268,-10.5547,-4.714799999999999,-6.201,-7.0263,-9.231,-9.8063,-6.3091,-5.8369,-7.1212,-9.8125,-9.816699999999999,-5.373,-7.8822,-8.534699999999999,-7.1208,-8.3671,-7.447299999999999,-8.2615,-9.0432,-8.1703,-8.0121
201006,-0.8672498126623427,-5.56,4.821908958402625,-6.6857999999999995,-6.686,-6.9213,-7.023499999999999,-11.908,-5.4456,-5.5855,-6.894299999999999,-9.7859,-13.0003,-5.4108,-6.1182,-7.4909,-7.4876,-11.7948,-4.5137,-6.1731,-7.225,-8.066699999999999,-9.4986,-3.9274999999999998,-6.507,-3.2876999999999996,-7.1909,-9.5966
201007,-0.6158653200945476,6.92,-4.26178801505427,6.2333,4.7075000000000005,6.997,6.6737,5.750100000000001,6.8239,7.7893,6.2283,7.1856,6.7464,6.4496,7.2532000000000005,5.283,8.217,7.254300000000001,6.8372,6.535,8.0075,8.350200000000001,6.5675,7.268,5.4851,7.5019,7.0341000000000005,5.246
201008,-0.6237189368672196,-4.78,2.98137651822531,-8.7358,-8.754999999999999,-8.4405,-9.3753,-9.4228,-6.0262,-7.771599999999999,-7.0358,-7.5283999999999995,-7.7379,-4.5413,-6.2451,-7.6511,-6.7888,-6.8815,-4.2805,-4.3833,-5.4703,-3.5246999999999997,-6.2691,-3.8598,-4.2786,-1.5982,-6.6103,-8.9374
201009,-0.6047441269815114,9.55,-5.775306412673434,11.4588,11.006,12.5756,12.211500000000001,9.935,14.7317,15.0442,12.433300000000001,10.9498,11.642,12.9535,14.5683,12.7539,11.3152,10.9368,12.5033,10.9349,10.3694,7.9503,10.4208,10.2508,8.108600000000001,7.915500000000001,8.1332,7.0181000000000004
201010,-0.24695056925578132,3.87,-0.9556987030198737,7.0455000000000005,5.9885,5.7081,5.1353,3.4474,3.9641,4.1046000000000005,4.1357,2.9595000000000002,2.6081000000000003,4.4744,3.0171,5.5571,3.2560000000000002,4.2057,2.5272,5.0027,3.2838000000000003,3.0395000000000003,0.3823,4.9695,3.9644000000000004,3.9074000000000004,2.4171,-0.3018
201011,-0.33043944305131456,0.59,-0.19495927140027558,0.9158999999999999,3.9010000000000002,5.1376,4.8147,2.8462,3.2861000000000002,4.5646,3.636,3.6138000000000003,3.6903,3.8644000000000003,5.9665,1.5701,4.212000000000001,1.5151999999999999,4.2741,3.2474000000000003,2.5386,1.3114,-0.0029,-0.8519,1.8394,-1.1546,0.6678999999999999,-3.3076
201012,-0.4205109805871398,6.82,-2.8678848876042937,10.281600000000001,7.3808,7.4206,8.3293,9.3675,7.1812000000000005,6.8514,8.1411,8.155800000000001,10.5287,6.6802,8.4578,8.325000000000001,7.2963000000000005,7.2678,5.4227,6.884,7.5835,7.013,9.8534,4.7458,5.7602,6.5418,9.1804,13.8673
201101,-0.2687771210489494,1.98,-0.5321786996769198,-2.8594999999999997,-2.2399999999999998,-1.3202,-0.8228,-0.9013,0.4448,-0.7502,2.4333,0.12819999999999998,1.785,1.9507,1.7407,0.18919999999999998,3.3029,0.3189,1.9652,3.4851,1.9141,2.8255000000000003,0.2336,1.3403,3.4444000000000004,1.6553,3.4880000000000004,3.3314000000000004
201102,-0.1199523321425293,3.48,-0.417434115856002,2.2289000000000003,5.2754,4.6611,4.5029,6.0437,4.635400000000001,7.992700000000001,5.1134,5.605,5.2281,5.6187000000000005,6.3135,4.7324,5.4696,4.5746,3.8527,4.1356,4.1081,4.567,3.1437000000000004,2.2049000000000003,3.3468,4.7418000000000005,4.086,3.8840000000000003
201103,0.027850526383641983,0.45,0.012532736872638893,3.2925000000000004,4.1063,1.8066,1.8624,1.404,3.3897000000000004,3.4087,2.6608,1.7231,2.6204,4.1831000000000005,2.6275000000000004,2.8810000000000002,1.9117,1.4399,1.8961,3.3219000000000003,2.2567000000000004,2.079,-0.13790000000000002,0.3616,-0.8538,1.9146,-1.3789,-3.2236999999999996
201104,-0.06760497826318092,2.9,-0.19605443696322467,2.5571,0.4816,0.9124,1.1198,0.4138,3.8392,2.4364,1.5501,2.53,-0.2576,4.0668,3.7008,3.3634,2.9603,2.0015,3.6771,1.6383,1.9959,3.8409,1.7731,3.6679,4.3526,3.2693,0.3115,1.2607
201105,-0.005957867102770202,-1.27,0.0075664912205181565,-0.8966,-0.924,-1.9035,-4.5123,-2.768,-2.0745,-1.2674,-0.6537,-3.3105,-2.9027,-1.4082,-1.1276,-2.0253,-3.6785,-1.0721,-0.1825,-0.6216,-1.3652,-1.7826,-0.3412,-0.1751,-1.9842,-0.8251,-2.4985,-3.6887
201106,0.25577854972312225,-1.74,-0.4450546765182327,-4.6813,-3.5771,-2.6782,-1.4824,-2.5224,-0.4771,-1.8859,-1.6251,-0.3245,-1.3853,-1.3494,-1.9183,-2.1293,-0.9136,-3.7135,-1.4745,-2.0738,-2.7501,-1.0602,-2.7269,-1.2444,-1.6919,-1.6531,-1.6006,-2.7098
201107,0.1467159951074899,-2.35,-0.34478258850260124,-4.8531,-2.9841,-3.172,-1.3861,-1.3875,-3.4982,-3.7209,-4.9621,-3.1565,-5.1598,-4.8099,-3.8287,-3.3203,-5.4034,-3.5764,-3.9889,-3.6456,-3.3557,-2.0277,-3.4433,0.1163,-2.0157,-1.7168,-4.1174,-5.1126
201108,0.10864087017263396,-5.96,-0.6474995862288985,-11.7932,-12.0961,-9.0993,-10.5352,-9.5963,-9.3309,-8.2656,-10.4893,-8.0596,-10.9727,-7.840199999999999,-8.383,-8.1326,-9.3184,-8.431799999999999,-7.446,-8.378,-8.0145,-7.0557,-6.3785,-3.8482,-4.5972,-7.0831,-2.9469,-11.8485
201109,0.05923178240677916,-7.58,-0.4489769106433861,-11.4281,-12.5768,-10.5926,-10.6683,-10.1561,-10.2471,-11.4609,-12.6685,-9.2823,-11.3101,-10.4067,-11.7356,-13.1837,-11.0401,-10.5349,-8.9058,-11.4163,-11.3337,-7.8246,-9.4945,-6.3212,-5.0072,-6.9989,-5.3929,-14.118
201110,0.12481574645058874,11.33,1.4141624072851704,12.2452,15.0837,13.9165,14.9705,10.085,17.5435,14.3594,15.9967,14.8988,13.5583,14.3725,16.0392,16.6317,16.2288,11.5536,13.9237,15.543,14.3341,11.2145,12.3059,9.4188,10.425,12.4483,8.5997,15.1525
201111,-0.05290290861898687,-0.27,0.014283785327126455,-2.1926,-1.1675,-2.7726,-1.3953,-0.2565,0.3822,-1.6883,0.2943,1.5075,0.1534,-1.9749,1.0442,-0.8153,0.9162,0.3615,-0.5757,-0.3155,1.1431,1.1919,-1.5215,-0.3962,1.1349,0.5245,1.0492,-6.5387
201112,-0.23157662128680423,0.75,-0.17368246596510317,-0.5823,2.0578,0.7792,1.8577,1.2087,-0.8559,0.6387,0.8162,0.775,1.1836,-2.6451,-0.0783,1.2035,1.0941,1.5763,-2.3002,0.7149,-0.4372,3.644,-0.4931,-0.5341,1.2466,2.94,2.7267,0.9487
201201,-0.2621585665014672,5.05,-1.3239007608324092,12.3103,8.1143,7.8466,7.1251,7.7367,7.9543,5.6448,8.2365,5.5415,4.9327,8.9033,5.0666,6.7976,5.5588,3.6519,9.2528,6.2232,4.8935,2.5267,4.1817,7.066,2.3194,2.6981,1.3862,10.026
201202,-0.30545438756366955,4.42,-1.3501083930314195,1.2867,1.2187,1.0642,0.9861,2.7249,4.4547,3.9106,1.2292,2.8592,4.4485,4.4446,3.1424,3.564,3.8859,4.9291,4.6935,4.7186,4.2602,3.7912,6.0121,5.1896,3.014,3.5837,4.91,6.6916
201203,-0.26479874578089246,3.12,-0.8261720868363845,1.7824,3.9082,3.5446,3.4662,4.801,1.8867,1.7709,2.7379,3.334,2.8314,1.4495,1.9516,1.6925,1.7779,-0.2284,3.9058,0.4576,0.6311,1.9996,1.4174,4.0349,2.2665,1.1104,3.332,7.7521
201204,-0.20368053163443953,-0.85,0.1731284518892736,-4.1344,-1.8464,-2.0765,-1.3323,-0.254,0.0317,-1.5968,-2.6073,-2.0326,-1.9534,-2.1785,-0.8765,-1.3647,-0.9457,0.0557,-0.5096,-0.2752,-0.5028,1.2787,-2.9131,0.0173,-0.7155,-0.6957,-0.2142,-4.2516
201205,-0.2510089021606642,-6.17,1.5487249263312979,-8.857899999999999,-5.920999999999999,-7.097799999999999,-8.043899999999999,-4.654999999999999,-5.3993,-5.0195,-7.6593,-5.282,-7.1156999999999995,-7.9195,-6.0694,-8.007200000000001,-6.1253,-6.3959,-6.5194,-8.5658,-8.8232,-6.2621,-5.499899999999999,-6.4041999999999994,-4.8292,-5.3237,-2.4179999999999997,-12.8814
201206,-0.19898950656746717,3.89,-0.7740691805474473,7.3394,7.0179,5.6338,5.4737,5.2754,6.9423,5.0196,3.8655,3.6391,4.585,5.2776,3.6012,1.8963,2.3912,3.9863,0.8557,1.964,3.9208,2.8424,3.4698,2.8124,4.21,5.4172,5.0692,5.6085
201207,-0.31958564449911253,0.79,-0.2524726591542989,-2.0999,1.0145,-3.3153,-1.7732,-2.2102,-3.8722,-0.6008,-0.8013,-1.0086,-0.9613,-2.6861,-0.1278,-1.3357,0.4514,-3.7815,-2.126,0.0833,0.4596,0.2218,-1.1339,1.3732,2.505,1.408,1.1006,-1.7322
201208,-0.15780160250460412,2.54,-0.4008160703616945,2.6557000000000004,0.4843,3.9544,2.7238,3.2979000000000003,1.7964,2.3189,2.8309,3.2496,4.3752,5.119400000000001,3.548,4.6021,4.2019,3.4850000000000003,4.1901,3.8674000000000004,2.5758,3.6381,6.3322,2.0722,2.5284000000000004,1.5363,0.529,6.4350000000000005
201209,-0.06044313668093746,2.73,-0.16500976313895926,4.5621,5.6021,4.2445,4.5907,4.5753,4.9743,3.6258000000000004,3.3164000000000002,4.0597,3.9998000000000005,2.8454,1.8175999999999999,1.5671,3.1268000000000002,3.8769,1.7368999999999999,1.7116,2.4452000000000003,2.3932,3.3458,1.7773,2.5754,3.5757000000000003,3.2824000000000004,5.4283
201210,-0.0868228719185749,-1.76,0.15280825457669184,-5.0257,-4.9677999999999995,-3.7323,-3.2281999999999997,-1.32,-5.5752999999999995,-2.0353,-1.2554,-1.5144,-1.1599,-3.8670999999999998,0.3441,-0.4459,0.9994000000000001,-0.21730000000000002,-1.2441,0.1754,-0.5901,0.2542,1.5462,-3.3112999999999997,-1.4105,-2.602,-0.393,3.3079
201211,-0.02618334336575691,0.78,-0.020423007825290388,0.076,1.1217,0.6779999999999999,-0.20370000000000002,1.1806,-0.4774,-0.2787,1.0814,0.4754,2.2233,2.8696,2.6078,2.5013,2.0812000000000004,-0.1756,2.995,2.8362000000000003,-0.060500000000000005,1.0758,0.5612,1.208,0.5035,-0.14780000000000001,-0.30260000000000004,-1.5514000000000001
201212,-0.21422743964336555,1.18,-0.2527883787791713,0.2539,3.3482000000000003,4.3136,4.5218,4.3739,3.5049,3.3522000000000003,3.0247,3.7659000000000002,5.1577,2.4215000000000004,3.8352000000000004,2.3797,2.8449000000000004,3.6293,2.0656000000000003,2.2719,2.8451000000000004,3.8798000000000004,3.4505000000000003,-0.9657,0.2957,1.5309,2.3004000000000002,7.2389
201301,-0.21966698922191116,5.57,-1.2235451299660451,6.5747,4.9321,5.5631,5.6109,5.5677,7.0883,5.7665,7.4979,6.698,5.1371,5.4936,6.3832,6.2127,7.1309,7.6621,7.2488,6.6681,6.6681,8.3211,9.1309,3.6126,5.8335,5.6,6.7356,7.3615
201302,-0.16435455573813668,1.28,-0.21037383134481494,-1.9645,0.6075,-0.0344,1.7514,1.5188,0.8534,1.0963,0.909,1.8852,0.7071,0.502,1.4143,0.487,2.6138,1.9255,0.5247,1.0236,1.6982,1.1717,2.618,1.1784,1.2274,1.9792,2.2329,0.6953
201303,-0.04418073632412527,4.04,-0.1784901747494661,7.7941,5.7277,5.1135,4.1721,4.401,5.133,5.2809,3.9187,4.4087,4.8275,4.4964,4.5699,5.2829,3.6034,5.1462,3.6184,4.0386,4.2198,5.5273,6.2938,3.9569,3.293,3.6318,4.8642,3.3327
201304,-0.02454439589204106,1.56,-0.03828925759158405,0.4011,-0.5768,-0.9859,-0.7784,0.5791,-0.7138,-1.9222,-1.2214,-1.3263,1.5704,-2.0228,0.214,-0.7109,-0.8356,-1.775,1.1011,1.0655,-0.6672,1.9277,0.904,2.303,1.3019,1.8478,1.635,2.7605
201305,-0.09058438141018059,2.8,-0.25363626794850563,7.7388,4.6231,3.5717,6.5535,4.2678,5.4283,4.4615,5.6093,4.6704,7.8774,2.9833,5.8893,4.1347,5.0238,3.9285,4.1705,3.1473,1.5315,3.5833,4.5173,1.2043,2.557,1.3823,3.3372,8.9338
201306,-0.022453429453014616,-1.2,0.02694411534361754,-1.0192,-0.6152,1.7794,1.0997,0.3103,1.8013,-0.2106,-0.3673,-0.8648,-1.0906,-0.4107,-0.9342,-1.5247,-0.7612,-0.1758,-2.0416,-2.5486,-1.2367,-1.5531,-1.2432,-2.3098,-0.3357,0.1531,-0.3341,-2.8837
201307,0.08690205772269369,5.65,0.49099662613321937,6.9319,10.555,7.3033,8.9501,7.4394,7.0419,6.3373,6.385,7.0166,8.093,8.2928,7.6337,5.7981,7.738,9.0022,8.0176,4.6352,6.5184,7.9794,5.0203,5.9978,4.2681,4.6444,4.6924,7.1844
201308,0.008252695137983546,-2.71,-0.02236480382393541,-2.3217,-2.536,-2.3048,-3.7353,-3.1512,-0.5681,-0.6886,-3.1632,-3.944,-3.6975,-1.6534,-2.024,-3.4983,-4.6876,-3.8865,-1.6955,-2.0919,-3.1385,-2.4045,-4.3789,-1.4845,-2.5292,-3.5744,-3.6714,-4.5134
201309,0.04346077427690998,3.77,0.16384711902395063,7.2942,7.5884,7.1963,6.9327,5.8445,6.8252,6.1363,7.5391,6.0436,5.5432,5.7374,5.8356,5.8569,5.5928,4.2874,5.5387,5.7379,5.1904,5.6465,3.3946,4.3089,2.6355,2.5945,2.5619,2.2688
201310,0.009806248040656445,4.17,0.040892054329537374,-0.739,0.7764,2.1975,4.0429,2.87,0.6633,1.5231,1.2683,3.8146,4.2497,3.3835,3.4728,3.7265,4.2349,5.5606,2.1451,3.6554,2.806,4.6422,6.1959,4.8861,4.3822,5.4352,3.2953,3.7175
201311,-0.0269923551536186,3.11,-0.08394622452775384,7.7434,5.3439,5.7074,7.1859,4.9367,6.4781,3.6126,3.311,2.8899,5.7144,2.7704,3.2757,3.7207,2.5847,3.9181,2.2359,2.3322,0.8498,-0.4431,3.7551,3.1878,3.5527,1.6052,1.9314,6.2891
201312,-0.15271907793767425,2.81,-0.42914060900486467,1.6088,3.6044,2.509,1.2559,1.501,2.8395,0.3287,3.5485,1.8065,0.8336,1.6469,3.8949,2.9865,3.6152,2.3866,3.1418,3.5541,2.8176,3.2868,3.4234,2.593,2.3791,3.5924,2.3356,1.8527
201401,-0.02912623464549113,-3.32,0.09669909902303055,3.2675,-2.4428,-2.2922,-3.596,-3.1752,0.1207,-2.1841,-5.261,-3.9542,-6.2469,-0.3567,-2.9986,-4.1643,-2.6369,-2.2983,-2.5783,-3.3434,-0.8152,-5.059,-3.0156,-4.0348,-2.5045,-3.5102,-4.4332,-4.1117
201402,-0.27409018369758076,4.66,-1.2772602560307265,4.6905,4.0772,3.9063,5.8009,4.5226,4.8235,3.1074,6.0029,5.0177,4.0957,6.6358,4.5408,4.5552,6.9644,4.1514,5.9804,6.279,4.8088,5.4186,5.4397,5.1051,5.1728,2.9857,4.258,2.4437
201403,-0.23469083282819256,0.43,-0.1009170581161228,-4.3988,0.7966,0.3539,0.8661,1.3924,-4.1372,0.0844,1.4743,1.1256,2.5457,-4.6875,-0.0162,0.605,1.3672,1.917,-2.2404,-0.47,0.209,1.964,5.1469,-1.4273,0.4986,2.2111,3.8416,3.5796
201404,-0.19203966216563229,-0.18,0.03456713918981381,-8.5952,-6.5028,-5.379,-3.3099,-4.2455,-6.7967,-3.3685,-3.0005,-1.8995,-1.9624,-5.681,-1.5937,-2.0868,-1.4688,-3.1019,-3.0452,-0.9478,0.1289,0.1196,-0.5501,1.5398,-0.0731,1.4137,1.925,-2.1791
201405,-0.1860333597241266,2.05,-0.3813683874344595,-2.7099,-0.742,-0.6314,-0.585,-0.3132,-0.4401,0.2627,1.466,-0.5565,-0.3647,1.2433,0.4539,2.5203,0.594,1.7474,2.7405,1.6332,3.3027,1.1566,1.6349,3.1845,1.5127,2.3498,1.8439,1.2388
201406,-0.15866203229976242,2.6,-0.4125212839793823,5.6882,10.1586,3.581,4.1741,3.8144,7.526,6.5626,5.7216,4.9122,5.8045,6.2082,5.3507,3.7615,4.965,5.0388,4.5285,3.7798,3.9543,3.9478,3.625,1.1359,1.2916,2.564,3.2655,3.4557
201407,-0.10660120938023897,-2.03,0.21640045504188507,-9.2607,-7.5266,-6.5266,-4.321,-4.9873,-5.0242,-6.6461,-5.5099,-6.2596,-5.848,-5.4705,-5.4971,-6.0663,-6.4442,-4.2765,-2.3915,-4.4172,-3.3145,-3.7503,-3.8087,-1.6618,-0.8785,-0.4222,-2.716,-1.4254
201408,0.008661194487759257,4.24,0.03672346462809925,2.9355,4.6341,2.8737,4.4624,3.4066,5.5697,5.2829,4.0594,4.6173,5.2244,6.3988,4.1871,4.4977,5.5168,4.5515,6.1773,4.7651,4.848,4.0481,4.6271,4.8826,4.4484,2.2102,2.6307,5.1222
201409,-0.024248897259959924,-1.96,0.04752783862952145,-7.0453,-4.2417,-7.2076,-5.78,-5.602,-4.9962,-4.2516,-5.3281,-5.0798,-7.9107,-2.9935,-5.5827,-4.827,-6.6219,-6.9912,-3.2009,-3.2606,-4.5069,-4.5451,-4.714,-0.6074,-0.8983,-1.6297,-3.855,-0.2175
201410,0.06842991227203878,2.51,0.17175907980281732,6.2621,7.0908,5.7929,7.2509,4.3991,8.3606,6.5875,6.1126,5.3694,4.2247,5.8786,5.5072,3.9518,4.088,3.9068,4.043,0.5491,3.8236,3.6884,-0.3144,2.283,2.8195,1.9633,0.185,1.5011
201411,-0.07697624908406919,2.56,-0.19705919765521715,0.2015,0.6734,-1.827,-1.2612,-2.6107,1.6146,-0.331,-0.4914,-0.9908,-0.9115,2.7658,2.7462,-0.3724,0.1903,0.0401,3.3009,2.902,3.348,0.7125,-1.8721,3.5515,3.7097,3.3343,-0.0309,1.0042
201412,-0.045107127548395104,-0.05,0.002255356377419755,6.0012,7.0639,5.4269,4.3534,3.8594,0.9829,2.9053,2.8335,2.7155,2.9699,1.7988,0.84,0.5191,1.593,0.3583,0.5099,-0.2291,0.3273,0.8361,0.7172,-1.2368,-1.4056,-0.1868,1.0104,2.1234
201501,0.042147464458959116,-3.1,-0.13065713982277327,-3.5068,-6.5388,-4.9784,-5.091,-5.0432,-1.2307,-4.909,-4.3235,-4.446,-7.0946,-0.5831,-1.509,-3.8677,-4.6629,-5.2849,-1.179,-2.3421,-1.0601,-1.5434,-3.7405,-0.8353,-2.6449,-4.1801,-4.099,-7.57
201502,0.19418012301427534,6.13,1.1903241540775078,4.1648,6.7002,6.4212,5.1146,5.9324,7.4649,8.9569,6.5447,5.4782,4.9398,7.3006,7.9359,8.5639,6.0563,5.7,7.6343,6.929,7.5713,5.5284,7.3378,5.9661,6.0165,6.7385,4.0288,5.8128
201503,0.21358295089389384,-1.11,-0.23707707549222218,-0.8501,2.989,1.7009,1.8305,1.2099,3.186,2.5136,0.8073,2.7807,1.3385,0.5411,1.1372,1.7149,1.1549,1.0122,1.0077,0.5538,1.1038,-0.5572,-0.4773,-1.0453,-2.0999,-2.256,-1.7547,-1.6099
201504,0.18371421878677935,0.59,0.1083913890841998,-3.9431,-2.7356,-2.7999,-2.0565,-0.5592,-3.9124,-2.4785,-2.7893,0.0211,-0.8274,-3.1006,-1.3492,-0.9998,-1.011,-0.4171,-1.5829,-0.1486,-0.926,-1.6378,0.4603,0.2214,1.1071,1.3814,2.8452,1.7763
201505,-0.019044418385795146,1.37,-0.02609085318853935,3.6122,4.7494,0.4012,-0.1646,0.4206,2.8908,4.7682,2.8258,1.2534,-0.0165,4.4006,2.2313,2.9717,2.0129,0.6682,2.1767,1.4021,2.9853,1.4924,-0.063,1.5755,0.6504,1.1985,0.5754,1.6744
201506,0.06307679033233263,-1.52,-0.0958767213051456,4.7587,2.1082,2.3638,2.2,1.8549,1.2554,1.2444,-0.2503,-0.2746,1.4226,1.2921,0.2174,-1.1516,-1.9694,-0.2246,-1.456,-0.2786,-2.1078,-2.373,0.1809,-0.4802,-3.3668,-1.6933,-3.4155,-0.6416
201507,0.13208506732001474,1.57,0.20737355569242313,-5.3488,-1.2835,-5.0053,-5.5373,-6.5863,-0.1721,-1.3585,-0.6629,-4.1521,-4.7266,1.9176,0.263,-3.3357,-3.5205,-6.6324,2.453,0.2539,-0.198,0.7795,-1.9212,3.1311,3.5654,0.1147,-0.0167,0.7132
201508,-0.07604670534327086,-6.02,0.4578011661664906,-8.6497,-6.812,-4.8378,-3.5985,-1.2915,-10.0334,-5.4307,-3.4871,-4.8959,-4.3364,-8.0326,-5.552,-3.5791,-5.0275,-2.7244,-8.003,-5.1396,-4.7488,-3.407,-5.5153,-5.9184,-6.5664,-5.6437,-5.3109,-7.6843
201509,-0.1190361106509023,-3.06,0.36425049859176106,-8.5194,-9.2214,-6.116,-3.9847,-5.7074,-9.5752,-5.1069,-5.0823,-2.9066,-5.3317,-6.0705,-4.2563,-5.1436,-5.851,-5.5689,-5.7953,-3.9812,-4.3814,-2.9025,-4.4224,-1.7,-2.703,-1.8387,-1.8971,-5.6634
201510,-0.19599130441541884,7.75,-1.5189326092194961,6.2238,6.5469,5.86,5.297,4.3502,3.069,7.0943,6.3448,5.5989,5.3023,3.8969,6.2808,7.4104,4.9146,7.096,5.9667,7.1169,7.451,2.4404,6.2327,8.5501,8.8143,8.5874,6.1509,7.657
201511,-0.21988985021167112,0.57,-0.12533721462065253,5.3444,4.6671,3.0673,3.0741,2.2571,8.0711,2.4142,3.0003,4.9992,5.0634,1.9986,1.9056,0.7963,2.9941,2.4575,1.0888,0.8101,0.9557,1.5557,0.8819,0.0862,0.3173,-0.5096,0.1068,3.2273
201512,-0.2467226867719212,-2.15,0.5304537765596306,-3.7030999999999996,-5.3294999999999995,-4.7446,-5.2402,-4.5076,-3.0549999999999997,-4.5283999999999995,-5.0386,-5.8651,-6.551,-2.6803999999999997,-4.781,-4.6903999999999995,-5.7663,-9.001199999999999,-3.3116999999999996,-3.0248,-4.4703,-5.4045,-6.7462,-1.4023,-0.5898,-2.2872999999999997,-2.2426999999999997,-4.1777999999999995
201601,-0.21814488101186078,-5.74,1.2521516170080809,-13.4113,-14.1433,-9.1105,-6.3109,-7.6129999999999995,-17.726000000000003,-6.4483999999999995,-8.3493,-6.8395,-8.3387,-11.6805,-7.0531999999999995,-6.9014,-6.4608,-7.132099999999999,-9.8845,-6.8248999999999995,-6.4822999999999995,-6.3491,-8.0612,-6.0294,-3.534,-4.1299,-3.5269999999999997,-12.0612
201602,-0.36486809416469623,-0.06,0.021892085649881772,-3.1116,0.3882,-0.0683,-1.329,0.4654,-1.4549,0.5761,1.8563,1.0612,0.15730000000000002,-0.3074,1.4207,2.3566,0.9435,1.7587,1.0671,1.8504,0.08689999999999999,0.8043,-1.9213,0.2448,-0.34850000000000003,1.3335,0.041999999999999996,-6.419099999999999
201603,-0.4095881686801252,6.95,-2.8466377723268703,3.8606,8.3481,6.9203,6.785500000000001,6.5341000000000005,8.548,7.0726,8.397,7.1546,8.6796,5.6288,7.522,7.8586,10.308200000000001,11.6948,8.0525,7.540900000000001,9.4951,8.5931,9.6793,6.4964,6.3631,6.496300000000001,7.4297,7.5125
201604,-0.36233079113619493,0.92,-0.3333443278452993,3.1389,2.5780000000000003,2.7411000000000003,1.5972,5.8026,4.563400000000001,0.12200000000000001,-0.0122,2.8241,3.6222000000000003,1.1406,-0.3704,1.5905,3.3238000000000003,4.6706,1.9885,0.4324,1.8391,1.7744,5.1756,-0.7247,-1.0464,2.5825,2.6153000000000004,7.1176
201605,-0.3750669418165378,1.78,-0.6676191564334374,0.9255,2.3375000000000004,1.3609,-0.8257,-1.2473,3.3755,1.9546,0.692,2.0227000000000004,1.0962,3.3178,1.6272,0.5908,0.9263,1.1098999999999999,3.3549,1.7923,4.5414,1.4716,1.8241,1.6504,2.1326,2.1744000000000003,-0.5045,1.9428
201606,-0.3629682633743991,-0.03,0.010889047901231972,-4.2242,-1.4698,-0.8758,0.7152,1.0267,-0.3861,1.3184,-0.8868,-1.784,-0.1689,0.8102,-2.5856,-0.0995,-0.8215,-1.8785,-0.8099000000000001,-1.2003,-1.2991,-0.0968,-4.157699999999999,0.050199999999999995,-0.0434,2.4646,1.0748,-6.638599999999999
201607,-0.3186801017297146,3.94,-1.2555996008150756,4.7233,5.950100000000001,6.827400000000001,4.868200000000001,5.541,8.05,6.2983,5.845000000000001,4.7586,6.3971,7.002700000000001,5.1855,6.5376,4.1371,6.122800000000001,5.1146,4.1192,3.2962,2.3627,6.338900000000001,5.162100000000001,3.514,1.693,1.0119,4.4
201608,-0.23139003737301153,0.49,-0.11338111831277564,2.9833,2.3053,4.5373,4.0845,3.2684,0.3479,3.2702,2.1458,3.0949,3.0986,-1.124,2.2786,3.7691,2.1729,1.4853,1.059,0.6275999999999999,2.1093,-0.7409,5.8729000000000005,-0.7359,-0.4076,-0.1676,2.4655,4.571700000000001
201609,-0.21055622852563485,0.27,-0.056850181701921416,11.7676,2.5879,4.340800000000001,3.0026,1.8653,4.946300000000001,1.7547,0.9725,0.8836999999999999,0.9191,-0.02,0.3339,0.36619999999999997,1.3679,1.2991,-0.43560000000000004,-0.33340000000000003,1.0881,-0.038599999999999995,-0.34550000000000003,0.5253,0.21580000000000002,0.8086,-2.6061,0.2018
201610,-0.30443196630018343,-2.01,0.6119082522633686,-11.1358,-9.1532,-6.9284,-3.6125,-3.0627,-9.944099999999999,-6.8914,-5.6838,-2.5709,-4.7825999999999995,-4.9117,-4.7089,-2.9725,-2.8552,-3.6587,-3.7328,-1.9046,-0.9031,-2.126,-0.5423,-2.3949,-1.9356,-2.1276,0.6519,2.3655
201611,-0.23972277227987596,4.86,-1.1650526732801971,7.2504,9.2189,13.6233,13.821,13.5826,9.3007,9.9818,13.073500000000001,15.9375,14.5271,5.9059,8.4984,10.3164,13.2319,17.1372,3.7017,7.0002,7.2349000000000006,7.2521,16.5982,1.0456,3.7143,4.6186,6.477,14.1298
201612,-0.24814496059766591,1.81,-0.4491423786817753,1.3995,3.7976,2.4663000000000004,7.983899999999999,4.335,-2.2697999999999996,1.2963,2.3777000000000004,4.5127,3.9805000000000006,0.28780000000000006,1.6534,1.5627,2.1199000000000003,1.7339,0.072,0.1579,1.2184,1.7423,2.0197000000000003,1.2029,1.319,2.2228000000000003,3.9443,4.1545
201701,-0.27935285436535434,1.94,-0.5419445374687875,1.8959,-3.9686,-0.2316,-1.9257,-0.127,2.4991,1.8966,-0.5674,-2.0292,-0.135,2.4815,1.8465,1.3063,-0.2031,0.8306,3.0196,3.6317,1.4897,1.7245,1.5435999999999999,3.3637,2.4194999999999998,-0.5753,1.1909,-0.3262
201702,-0.31899648804709024,3.55,-1.1324375325671703,2.7566,1.6326,2.2394,0.4795,-1.4256,5.7984,-0.1472,0.5826,1.5021,1.0752,3.9148,1.4355,1.0746,1.1806999999999999,0.2295,3.9299,2.5524999999999998,3.0187,1.7322,2.7893,4.6972,2.9595,2.3052,3.8651999999999997,4.4726
201703,-0.29169404522127973,0.17,-0.04958798768761756,1.9755,3.1621,2.3429,0.7864,0.1507,3.5008000000000004,0.48319999999999996,-0.7783,-0.6755,-2.0526999999999997,1.5382,-0.261,0.7146,-0.7934,-2.4505999999999997,0.6724,-0.032299999999999995,0.5789,-0.2334,-3.4781,1.4082999999999999,0.3055,-0.6384000000000001,-1.2719,-3.1422
201704,-0.2909754565399189,1.08,-0.31425349306311245,3.7817000000000003,0.3474,0.7576999999999999,2.2389,0.2197,3.8779000000000003,1.2507,0.9598,1.531,0.3887,1.7118,1.0511,1.4159,-0.1731,-2.5359,1.7597,1.6282999999999999,0.1077,-0.3544,-0.9154,1.8705,1.8729,0.3839,-0.4431,-0.8101
201705,-0.3593648263324884,1.07,-0.38452036417576263,-2.0533,-3.8475,-1.6328,-2.7055000000000002,-3.2519,0.3525,-0.8058000000000001,-2.4538,-4.1513,-4.374499999999999,1.6161999999999999,-0.9664999999999999,-2.6073,-1.9805000000000001,-4.2094,1.4899,-0.5916999999999999,0.21150000000000002,-0.3681,-3.0746,2.8293,2.1441,0.4106,-0.3121,-2.4649
201706,-0.2639411808124964,0.79,-0.20851353284187216,9.2014,8.996599999999999,4.7334000000000005,3.774,4.2968,6.0034,2.9697,3.1726,2.9199,4.0838,2.4548,1.9627,2.7044,2.2521,3.3033,1.4966,1.5319,1.1766999999999999,2.495,3.8628,-0.511,0.1454,-0.6473,2.1896999999999998,5.2088
201707,-0.399007108073505,1.88,-0.7501333631781893,-0.8808,-2.8901,-0.8506,-0.8886000000000001,-0.30820000000000003,-0.1407,0.5892,0.9939,1.2782,2.2599,0.7232000000000001,0.4763,1.3874,-0.020100000000000007,2.5442,1.6012,1.1214,0.9892999999999998,2.8427000000000002,1.9061,2.4923,2.1753,1.4226999999999999,2.1181,2.2196000000000002
201708,-0.39066109517743336,0.18,-0.070318997131938,-0.99,-0.1752,-1.9201000000000001,-2.1083,-1.6354000000000002,-0.9222,-1.2312,-1.9839,-3.1877999999999997,-3.9865,0.7053,-1.9486,-2.0629,-1.0324,-3.2961,0.811,0.0635,-0.2671,-1.9417,-2.5856,2.0210000000000004,-0.018799999999999997,-0.712,-0.1149,-1.7683
201709,-0.3728292224136155,2.49,-0.9283447638099026,7.1023000000000005,5.759,9.9229,9.6889,9.0139,5.6039,6.4172,8.666,9.2112,6.8607000000000005,2.3136,4.5111,6.9108,6.7082,5.4892,2.9375,3.6943,4.5031,3.4459,5.5589,0.9574000000000001,1.1962,3.5656000000000003,2.7243,5.0013000000000005
201710,-0.1904339106708427,2.26,-0.43038063811610444,-3.0751,-2.6098999999999997,2.8931,-0.1041,0.8173,0.1557,1.4041,0.13720000000000002,-0.134,0.7748,2.2992000000000004,1.8159999999999998,1.3318999999999999,0.44500000000000006,3.2594000000000003,2.5316,3.1491000000000002,1.8571,-0.4911,1.9143000000000001,4.1384,0.6949000000000001,2.0706,1.1173,4.1564000000000005
201711,-0.18533759308966985,3.12,-0.5782532904397699,1.3221999999999998,4.4452,2.4351,2.0539,3.781,2.0876,3.1868,2.2944,2.1207,1.3371,3.7662999999999998,3.3975,3.5882,3.3106999999999998,3.6087,4.7055,4.7532,4.229,3.1717999999999997,4.7584,3.1446,2.3467,4.5706,2.7234,2.3365
201712,-0.1685878201153746,1.06,-0.1787030893222971,1.3133,0.002600000000000005,-0.5119,-1.5116,0.1264,-0.0232,2.3531,-2.0339,-0.19319999999999998,0.1066,0.9309999999999999,-0.2346,0.3004,-1.4091,0.31020000000000003,0.32989999999999997,0.6803,0.5304,1.0762999999999998,3.4484000000000004,0.9523,1.3605999999999998,1.4546999999999999,1.0886,1.1148
201801,-0.2524395773323073,5.58,-1.408612841514275,3.4072,2.8871,2.3117,2.629,0.4213,2.7032000000000003,2.2833,2.8865000000000003,2.0974,2.0057,4.966399999999999,3.6157,3.2916000000000003,3.5253,2.3484000000000003,4.944999999999999,5.5146999999999995,4.402699999999999,3.4326000000000003,1.5735,7.9468000000000005,5.2336,4.9616,4.133699999999999,5.9304
201802,-0.10661582321563305,-3.64,0.3880815965049043,-2.3215,-2.0806,-4.2891,-3.3322,-3.9467,-4.1982,-2.1216,-4.1099,-3.7971,-4.0864,-3.0475,-3.6451,-5.2469,-4.2085,-4.7376000000000005,-3.3693,-5.0582,-3.5803,-4.6776,-4.8299,-1.4719000000000002,-5.0529,-5.322900000000001,-5.7457,-2.0947999999999998
201803,-0.010188162101654586,-2.35,0.02394218093888828,2.8529999999999998,-1.0347,0.4245,2.7114,2.3723,1.9308,0.3468,1.0541,1.2243,0.8536,2.0176,1.048,-1.0655999999999999,1.5183,0.311,-0.5848,0.0797,-0.208,0.5273,0.1794,-2.9251,-4.1062,-1.3494000000000002,-1.7846000000000002,-4.7668
201804,0.060325743866660286,0.27,0.01628795084399828,-0.04180000000000002,4.5408,0.5828,1.0173999999999999,0.8416,-0.03890000000000002,1.2195999999999998,0.747,0.7187,4.3723,-0.3366,0.1578,-1.7955999999999999,1.1782,-0.14780000000000001,-0.15050000000000002,-0.861,-0.8374,-0.6727,2.1961999999999997,0.08919999999999997,0.7906,1.3064999999999998,0.5063,-0.24380000000000002
201805,-0.1893674869558507,2.66,-0.5037175153025629,14.1349,10.3453,7.3631,6.4076,6.2179,8.5213,6.3166,6.8420000000000005,7.027500000000001,3.6477,5.9557,5.1462,4.5434,5.3746,4.540100000000001,3.9652,4.4545,2.3087999999999997,1.8662999999999998,1.4136000000000002,4.2938,2.0606999999999998,0.6948,0.2798,-1.7366000000000001
201806,-0.1416740763408887,0.49,-0.06942029740703545,3.5791999999999997,2.8295,0.22799999999999998,0.9586,1.6221999999999999,1.0341,4.352200000000001,-0.3458,-1.3075,1.0097,-0.401,0.6389,0.033299999999999996,-0.25670000000000004,-1.4786000000000001,1.435,1.2176999999999998,-0.4315,-1.412,-0.63,0.7512,1.2503000000000002,-0.18930000000000002,0.37739999999999996,-2.4951000000000003
201807,-0.19618830149165642,3.2,-0.6278025647733005,-1.5632,-1.016,1.0509000000000002,-0.5038,0.038000000000000006,1.2914,3.9852999999999996,3.693,0.5192,2.2935,1.0689000000000002,2.4463999999999997,1.7985,2.2927999999999997,-0.3786,2.19,2.9577999999999998,2.2957,1.3376000000000001,2.7561999999999998,2.8316,5.0908,3.3244,3.3278999999999996,5.4414
201808,-0.16363110650799953,3.45,-0.5645273174525984,4.7825999999999995,7.995699999999999,2.4486999999999997,1.5538,2.667,7.5302,4.4414,3.8914,2.0336,2.3163,6.378,4.9729,2.6694999999999998,2.4653,3.8053,7.226,2.9903,-0.7831,0.7673,-1.202,6.0581,1.792,1.7518,0.47809999999999997,1.1978
201809,-0.16609612899161655,0.06,-0.009965767739496992,-3.5765,-1.4381,-4.296,-3.5446999999999997,-2.5016,-1.6244999999999998,-1.5309,-3.6294,-3.6307,-1.7977999999999998,-2.0784,-1.2490999999999999,-2.3054,-4.1348,-2.7043999999999997,-1.057,0.21220000000000003,-1.9509999999999998,-0.02149999999999999,-0.22820000000000001,0.7988,1.1077000000000001,-0.5277,-1.0906,-1.8040999999999998
201810,-0.26889734720577096,-7.65,2.057064706124148,-14.6363,-14.6656,-10.828999999999999,-9.441099999999999,-8.219299999999999,-12.8774,-12.0907,-12.4504,-11.5971,-8.838899999999999,-13.684199999999999,-10.79,-8.6814,-7.6816,-9.1477,-9.8052,-10.2005,-8.360999999999999,-6.911700000000001,-9.2973,-9.0395,-5.281700000000001,-5.0316,-4.9614,-7.7305
201811,-0.27749063649721134,1.71,-0.47450898841023137,-2.2607000000000004,-0.07329999999999999,-0.3174,0.0695,-3.5518,3.1153,1.8322,2.7205,1.5352000000000001,0.7129000000000001,0.16770000000000002,2.2952,2.6138,2.298,-0.7663,2.4568,1.722,3.3396,-0.7603,5.016100000000001,0.6486000000000001,3.0334999999999996,2.07,2.5576,0.14750000000000002
201812,-0.3784320510230786,-9.55,3.6140260872704006,-14.638,-13.2648,-11.304599999999999,-11.758199999999999,-12.430399999999999,-12.372399999999999,-11.4432,-11.770299999999999,-12.7747,-12.256599999999999,-11.404,-11.0688,-11.8624,-12.157399999999999,-14.5453,-10.2922,-11.6077,-10.889,-12.554699999999999,-13.1039,-8.6495,-7.3862000000000005,-10.220799999999999,-10.683499999999999,-12.9607
201901,-0.36475002467521267,8.37,-3.05295770653153,12.524899999999999,10.380199999999999,9.585099999999999,8.217899999999998,10.5803,10.2913,11.063199999999998,9.5185,10.173399999999999,10.4942,14.0521,9.834499999999998,11.302999999999999,10.518799999999999,13.687999999999999,11.091,10.318,10.3601,11.7959,11.5466,7.917700000000001,6.203,9.9591,6.2605,12.944999999999999
201902,-0.13720508339525908,3.42,-0.46924138521178604,7.4912,5.3903,6.0937,4.738300000000001,4.2161,6.0529,6.4909,5.6638,5.0497000000000005,0.8444,6.605300000000001,5.8394,4.6055,3.6995999999999998,2.4760999999999997,6.789000000000001,4.7214,2.8443,2.1153999999999997,2.9484,3.7178,2.6611,3.7462999999999997,1.1560000000000001,1.5659
201903,-0.059192430570281986,1.1,-0.06511167362731018,0.5598000000000001,-0.9036,-3.1365,-5.006,-3.8961,-0.5509,-1.6007,-3.2917,-6.577800000000001,-2.7875,-1.5278,-2.0245,-1.0438,-2.4951,-3.7584,1.6069,0.7475,-0.7853000000000001,-0.7250000000000001,-3.2833,3.0818,1.653,0.035500000000000004,-0.9074,-3.3706
201904,0.027360045509594564,3.97,0.10861938067309042,0.5517000000000001,1.3253000000000001,1.8313000000000001,3.6782,1.6582000000000001,2.9497,1.6587,3.6719,3.594,2.8881,2.9645,4.2549,6.6889,5.5862,3.9221000000000004,3.0045,3.8075,4.0276,5.0787,4.2964,4.1815,2.9067,3.4622,5.0256,8.7463
201905,0.16153110872343418,-6.92,-1.1177952723661646,-6.0113,-5.2252,-8.1189,-9.127600000000001,-8.1593,-8.9587,-7.6315,-7.9742,-10.639600000000002,-10.931700000000001,-5.6249,-8.491700000000002,-7.9556,-8.7132,-10.4655,-5.7226,-7.9256,-7.556,-9.173,-8.080400000000001,-7.1133,-5.7905999999999995,-5.1979,-8.4435,-8.984100000000002
201906,0.10560256044591367,6.99,0.7381618975169365,7.3006,6.254700000000001,4.4192,6.439500000000001,4.5392,8.5477,8.619,8.7504,6.682300000000001,6.4388000000000005,9.3355,7.936400000000001,7.3076,6.3937,6.4861,6.9722,9.3804,8.6746,7.2714,6.716,7.4665,5.6261,5.9562,7.4329,7.7832
201907,0.22687342945820518,1.23,0.2790543182335924,-3.2992,-1.5229,-1.424,-2.0485,-2.2801,-3.0709,0.8965000000000001,0.548,0.6981999999999999,-0.2528,2.9032,1.5256,0.5169999999999999,-0.28,1.1987,1.9282,1.0369000000000002,1.8184,0.185,-0.2165,1.3704,1.8309000000000002,1.5101,0.36410000000000003,3.0112
201908,0.2066187662637152,-2.55,-0.5268778539724737,-4.179,-5.8318,-7.3945,-6.7739,-8.9016,-1.3019999999999998,-7.0212,-4.9528,-6.3716,-9.9537,-5.5399,-4.3657,-4.2061,-7.9632000000000005,-10.3748,-2.152,-4.7706,-5.0528,-5.038,-8.3483,-0.3911,-2.4363,-3.1673,-3.4701,-8.7825
201909,0.268544781084469,1.41,0.37864814132910124,-3.7349,-0.1644,2.6422,5.2984,7.7725,-1.7956999999999999,1.8428000000000002,3.675,5.3653,4.0682,-3.4839,1.0778,2.4907,6.1605,6.236000000000001,-3.4011,2.8939999999999997,5.0303,5.955100000000001,4.8647,0.22949999999999998,1.3175000000000001,2.7807999999999997,4.5323,5.155200000000001
201910,0.2983404922982101,2.07,0.6175648190572948,0.42589999999999995,0.0040999999999999925,0.8774000000000001,0.9879999999999999,-0.7228,3.4756,4.4045,1.5923,2.5614,1.6389,3.7354000000000003,2.4455,1.5219,2.532,0.22590000000000002,2.6153,1.3552000000000002,-0.2982,0.11939999999999998,-3.3489,2.868,1.6211,2.6143,1.5269000000000001,3.5473
201911,0.15468455903036513,3.87,0.598629243447513,7.8206999999999995,5.3303,3.381,3.3136,3.8845,7.8828000000000005,3.3577,2.8792,3.4295999999999998,1.666,7.2989999999999995,2.8984,1.3328000000000002,5.0,3.6235999999999997,7.4921,3.9688,3.1854999999999998,2.8697,3.7135,3.7516,4.4097,2.0656,2.8150999999999997,4.7665
201912,0.08332285099926962,2.77,0.23080429726797683,3.7262999999999997,12.6373,2.641,4.493200000000001,6.897200000000001,3.8234999999999997,1.8853,6.1399,2.5187,6.825,0.11819999999999997,3.0271999999999997,4.1534,1.9684999999999997,3.1877999999999997,-0.6084,2.707,3.4652,2.2094,5.720000000000001,3.5303999999999998,1.4653,2.2224999999999997,2.8782,3.8896
202001,0.21464329087564918,-0.11,-0.023610761996321408,-1.4878,-3.2739,-4.6925,-6.0476,-9.821100000000001,-2.948,-2.4061,-5.5586,-6.5725,-9.2834,-1.1475,-1.2784,-2.7668999999999997,-5.1591,-8.6707,0.8847999999999999,-1.9314,-1.7651,-2.7544,-3.5366,2.3294,0.3751,-0.7505000000000001,-5.5842,-4.3717999999999995
202002,0.312050265619886,-8.15,-2.5432096648020712,-6.2252,-4.3645000000000005,-4.4719,-8.4909,-8.6009,-7.7541,-8.3883,-10.982899999999999,-10.3697,-10.7144,-6.7314,-6.9237,-11.311499999999999,-9.1656,-11.5848,-6.7548,-7.2553,-9.345799999999999,-10.7889,-13.4751,-7.147,-8.1565,-9.2051,-10.972999999999999,-11.8479
202003,0.2013123828460184,-13.37,-2.691546558651266,-21.2792,-15.298599999999999,-21.974700000000002,-26.616500000000002,-27.8123,-19.4804,-19.043,-21.943,-23.692,-32.0928,-17.8533,-18.8523,-18.2365,-26.6474,-31.3887,-12.2618,-18.7083,-19.9895,-32.2033,-32.6384,-7.9015,-11.145299999999999,-15.9924,-20.2726,-28.5796
202004,0.7556156421800381,13.6,10.276372733648518,24.3389,18.1061,15.1495,10.8935,15.782,19.3768,12.3242,12.5835,9.9268,25.9626,17.5214,13.5259,10.2267,15.1394,19.4908,16.5635,14.5135,11.6597,16.2651,17.4705,14.0905,13.5805,9.8223,10.5089,14.6389
202005,1.0458430654440445,5.57,5.825345874523328,12.2345,6.4279,6.2174000000000005,4.381600000000001,4.1302,10.2605,7.3571,3.7945,1.5416,7.157,12.415700000000001,9.1813,5.0392,4.1825,1.6522,10.8531,9.1103,5.8058000000000005,3.4649,1.9094,5.6338,5.4862,3.6808,1.1531,3.8104
202006,0.3577185334154997,2.45,0.8764104068679743,10.574,2.1415,6.5898,4.4266000000000005,6.4565,5.676,2.8031,3.7425,2.8591,3.1563000000000003,4.5907,1.2726,-0.0609,4.4162,0.24319999999999997,2.2415000000000003,0.8182,-0.9149,2.7919,1.8533,5.0872,-0.9025,-0.6391,-1.8683,2.0664000000000002
202007,0.21220031790138216,5.83,1.237127853365058,0.3205,0.0979,3.2559,-0.8163,3.6397000000000004,0.7152999999999999,3.5805000000000002,3.5919000000000003,1.7574,2.809,1.0945,3.7842000000000002,2.5794,4.2885,2.4269000000000003,5.9934,7.4389,6.0567,2.5761000000000003,2.4697,7.715,5.3771,4.397,1.7782,2.9327
202008,0.028444394510016326,7.62,0.2167462861663244,3.4107000000000003,5.8316,3.7687000000000004,5.6066,6.0596000000000005,7.9762,6.9078,4.5869,3.0272,9.1447,8.409600000000001,5.5115,3.208,5.464,3.8013000000000003,4.196400000000001,3.5249,4.827,5.5535000000000005,3.798,10.7872,6.3151,2.3728000000000002,2.6114,3.4765
202009,0.045463400845469404,-3.64,-0.16548677907750864,-1.3566,-0.20600000000000002,-4.2242,-3.3905999999999996,-3.2891999999999997,0.3301,-4.7485,-5.1015999999999995,-6.818,-5.1148,-3.1186999999999996,-1.1954,-4.3064,-3.1973,-7.2024,0.843,-2.5195,-3.6856999999999998,-3.0637999999999996,-4.4639,-4.5621,-3.3996999999999997,-1.2429000000000001,-4.6849,-6.1259
202010,-0.0709902498951512,-2.08,0.1476597197819145,-2.6853,-0.9398,-0.4541,3.4174,1.2495,-1.9909000000000001,3.3550000000000004,2.4676,5.6562,6.1653,3.0288000000000004,2.0669000000000004,3.0533,5.0101,7.4852,1.3959,1.5128,1.4727999999999999,1.9321,1.5125,-4.5843,0.1571,0.001299999999999999,-2.2901999999999996,0.9798
202011,0.05436169359626519,12.45,0.6768030852735016,25.75,21.4474,19.901699999999998,20.142799999999998,24.5186,21.469099999999997,18.805799999999998,18.319699999999997,18.6937,19.037399999999998,20.7456,17.595599999999997,15.2573,16.6588,22.914299999999997,13.5494,12.6734,16.8067,16.129399999999997,20.374899999999997,10.7181,9.5337,14.2512,16.0794,21.987599999999997
202012,0.17983324762863992,4.63,0.8326279365206029,12.5056,7.7214,9.3859,8.217,7.441,11.496500000000001,10.1447,8.948,8.8772,7.1391,12.635,8.826,6.9127,8.5923,8.5576,6.869400000000001,5.811100000000001,4.5656,7.7455,4.3987,5.2902000000000005,1.7908,3.4391000000000003,3.2126,8.0458
202101,0.27137854539926903,-0.07,-0.018996498177948833,16.5083,14.6098,8.2666,7.4101,41.2114,11.6678,4.9816,7.7042,4.2029,8.9893,2.4415,0.942,2.6253,1.8859,4.3525,-0.2337,0.6644,-0.2059,2.3801,2.5945,-0.9351,-0.4263,-2.0906,0.8233,1.0958
202102,0.5623365316767213,2.81,1.5801656540115867,8.3909,6.2924,10.6119,11.2949,-3.5384,4.0745,8.6155,9.566,12.2259,8.839,-0.0483,7.9959,8.3383,12.4743,13.8744,3.4689,5.2711,9.2254,12.1902,12.7692,-0.5854,3.3434,6.7356,8.4093,14.3346
202103,1.1313896895815123,3.17,3.586505315973394,-5.5244,1.2307,1.8588,6.177,11.7823,-4.8473,-0.8262,2.182,4.6456,7.4558,-4.7837,2.5467,5.0807,6.2936,6.4522,-2.0006,4.1592,4.0771,5.2824,6.6474,1.839,5.0128,5.9385,7.392,6.1788
202104,0.919113623115943,4.95,4.549612434423918,-2.7003,-2.4029,1.7138,0.8277,-1.0157,3.2353,1.5677,2.3396,0.6733,1.2305,2.869,3.9993,3.9311,2.2207,2.9652,4.3697,3.1215,5.8012,3.2792,6.2121,5.9373,5.7761,4.0311,4.7877,4.5694
202105,1.154458690990229,0.3,0.3463376072970687,1.8956,0.6597,0.8568,2.1009,10.7327,-2.5949,0.2446,1.1055,2.6615,7.1065,-3.3421,-0.7853,0.368,1.9771,6.5904,-2.0314,-0.0996,2.2358,3.7667,4.5177,-1.3515,0.8179,3.3246,3.6587,8.0383
202106,0.6799056099597748,2.74,1.862941371289783,8.3779,5.3254,1.5969,-0.5691,3.7629,6.983,3.5313,1.2853,-1.7984,0.4465,5.4695,0.1045,-2.0617,-3.2132,-5.8275,5.157,0.2585,-1.2513,-3.8754,-4.662,5.7192,1.4271,-2.2174,-2.3503,-3.7246
202107,0.7507037840343846,1.34,1.0059430706060755,-10.3342,-7.5508,-3.9027,-4.7649,-1.5695,-7.5376,-2.8278,-1.8155,-2.2034,-6.0784,-2.501,-0.8307,-1.4361,-0.9893,-4.4843,-0.8614,1.8915,-1.2862,1.3609,-4.5576,3.2936,3.1948,0.3887,-1.5461,-3.4375
202108,1.0422971180717677,2.94,3.064353527130997,2.5586,5.447,4.2598,2.7964,3.808,2.0545,2.4312,1.3589,1.685,2.4565,1.9022,1.354,1.9025,1.8473,3.5352,3.1631,1.5678,1.6428,3.2297,5.0378,3.3156,4.1276,0.556,1.2886,4.297
202109,1.3584567600535322,-4.4,-5.977209744235542,-5.6338,-4.4277,-3.6639,-1.3942,0.0428,-5.2806,-4.1121,-3.4063,-0.7108,3.3738,-3.8561,-3.9939,-2.9657,-4.8492,2.0392,-4.2971,-5.048,-2.1588,-4.5915,1.8128,-5.2802,-6.2381,-4.3882,-0.7545,0.6758
202110,1.5691855625549533,6.63,10.40370027973934,1.8208,0.1521,1.2365,1.7536,4.1354,2.4457,2.3534,3.9859,4.9723,2.8453,4.6626,3.8484,3.9369,3.9037,4.1177,4.7924,5.5583,5.3756,4.5505,4.6196,8.9956,5.6413,0.8145,5.5337,7.528
202111,1.6762568211528162,-1.58,-2.64848577742145,-8.429,-6.949,-3.9551,-3.6812,-3.3466,-8.0613,-3.4555,0.57,-2.6919,-4.0391,-8.576,-2.1291,-2.552,-2.4358,-3.9369,-6.3866,-1.9604,-3.0463,-1.3633,-4.7186,1.2325,-3.0068,-3.0199,-4.5384,-6.6679
202112,2.1369665442429038,3.23,6.902401937904579,-6.7764999999999995,0.4889,2.2506000000000004,2.2814,3.4285,-0.5366,0.1439,5.88,6.0543000000000005,5.0149,0.0868,4.4755,4.2922,5.2403,4.4454,0.3866,5.8622000000000005,5.3907,6.1769,3.8235,2.1118,5.2495,6.9004,5.8893,1.6517
202201,2.5461160809374426,-6.16,-15.684075058574647,-15.8681,-14.4752,-10.1461,-3.6912,-1.9091,-16.3775,-11.6597,-9.5829,-5.249,0.3868,-14.2109,-10.1419,-6.3419,-3.9308,1.7767,-12.7141,-7.1201,-4.1405,-2.7948,5.9416,-7.7613,-6.3404,-1.8309,3.027,7.5582
202202,2.554232617990949,-2.28,-5.823650369019363,-1.5223,-1.312,0.8251,0.5067,2.9208,-0.1611,2.0508,0.5483,3.1228,2.7265,-0.7716,0.5679,1.5302,-0.2388,3.0461,0.1103,0.4318,0.6859,2.007,3.5105,-3.3277,-4.3294,0.2844,0.0341,-0.8703
202203,2.4032247023354136,3.08,7.401932083193074,0.8697,1.7694,0.5535,1.2956,2.4942,1.2199,2.2185,1.7931,-0.1624,-0.0287,1.7833,0.8371,0.8021,0.3781,3.1499,0.1259,1.1975,3.5932,1.1779,2.1024,4.8718,3.5373,1.653,3.9921,-2.9057
202204,1.788180259370296,-9.41,-16.826776240674487,-16.1376,-13.1485,-10.0427,-6.3042,-4.0798,-18.0685,-11.9564,-8.0424,-6.3465,-6.0679,-11.7955,-7.6092,-6.4057,-6.6351,-5.3818,-10.7022,-7.864,-4.8852,-5.7821,-6.9234,-10.863,-9.2215,-7.1109,-5.704,-7.0986
202205,1.3254249855938118,-0.34,-0.4506444951018961,-5.5595,-3.5423999999999998,-0.9866,-0.1564,2.8979000000000004,-3.3066,-2.9038,2.3142,4.010199999999999,5.9266,-5.3377,0.9016,1.1866999999999999,4.1867,6.0838,-2.9124,1.049,4.4071,0.8784,8.325000000000001,-3.0378999999999996,-0.34929999999999994,2.7471,6.305,6.754
202206,1.5490106155793033,-8.4,-13.011689170866148,-6.6198,-4.3942,-4.0163,-6.643199999999999,-9.9799,-1.9938,-6.4521,-7.2715,-6.553,-12.9577,-4.491899999999999,-7.386299999999999,-7.4574,-10.7321,-15.4847,-7.3225,-9.549000000000001,-11.366800000000001,-10.1195,-13.535400000000001,-7.866899999999999,-5.561599999999999,-8.830300000000001,-12.2537,-12.047500000000001
202207,1.5715025314352769,9.57,15.0392792258356,14.8852,13.124,7.7931,9.4965,5.8175,12.7746,13.4302,11.5172,9.7337,9.1458,11.5468,11.7087,9.623099999999999,7.634,9.3629,13.004199999999999,10.7325,6.8156,9.5705,6.0793,12.6369,5.3282,4.0953,7.2552,6.7492
202208,1.5575490868934836,-3.77,-5.871960057588433,3.4447,0.22699999999999998,0.6007,-0.006200000000000011,-0.5245,3.4843,-0.9829000000000001,-4.6454,-4.0515,-2.6671,-4.0441,-3.625,-3.0951,-1.9884,-1.5679999999999998,-2.7081,-3.4716,-4.1445,-2.7427,-0.5588,-5.5398000000000005,-3.238,-2.1034,-0.1467,-3.1665
202209,1.555893281403016,-9.34,-14.532043248304168,-13.0915,-9.6754,-7.5566,-11.705,-9.473099999999999,-8.992199999999999,-8.9904,-11.6703,-9.6077,-10.317599999999999,-9.0412,-9.388399999999999,-10.0444,-10.3942,-8.508099999999999,-9.3253,-9.9024,-11.3156,-10.0513,-9.548399999999999,-10.2288,-5.561800000000001,-11.0395,-8.9857,-7.940600000000001
202210,1.374333565591951,7.85,10.788518489896816,3.0799,5.0812,8.752799999999999,8.463899999999999,9.6883,7.3843,9.046199999999999,10.2166,12.53,15.4999,3.2339,9.036999999999999,12.1611,14.2477,14.662799999999999,5.554399999999999,7.734699999999999,11.629999999999999,8.583,11.3119,5.058299999999999,7.177099999999999,9.0906,15.6405,12.9271
202211,1.2327059296717993,4.65,5.732082572973867,-6.3305,-3.4789,0.27610000000000007,0.4561,1.2788,-0.5215,-2.1041,0.1522,4.1159,1.1779,2.8472,5.1391,6.0621,6.5811,2.5622,4.0318,4.9805,5.0785,6.5472,2.133,4.4554,6.3448,4.4202,4.445,5.7449
202212,1.005048576130491,-6.38,-6.412209915712532,-6.8345,-5.1233,-5.5279,-5.4687,-3.7699000000000003,-5.3889000000000005,-7.7057,-7.3433,-5.6168000000000005,-6.0063,-4.6833,-7.8771,-5.8144,-7.1206000000000005,-7.3542000000000005,-5.6826,-5.5421000000000005,-5.0452,-5.7441,-8.3242,-8.5333,-4.041399999999999,-4.0897,-4.4634,-5.7098
202301,0.6793795762637168,6.61,4.490698999103168,15.0606,13.156,13.418700000000001,9.6857,6.7503,13.7921,15.663200000000002,11.96,7.8598,6.338100000000001,10.2676,12.3805,10.2004,7.3353,6.567500000000001,9.341700000000001,9.2582,7.764000000000001,10.9013,6.423,8.3717,1.5737999999999999,6.0544,3.1902,5.655
202302,0.4034715872076509,-2.57,-1.0369219791236628,-4.4171,-5.7688999999999995,-4.0777,-2.6382,-1.3612000000000002,-4.406499999999999,-3.2483999999999997,-0.805,-2.9657999999999998,-1.8486,-0.7018,-1.5927,-2.0018,-1.9853,-1.6806,-2.7647999999999997,-2.6239,-3.2458,-3.5974999999999997,-4.7039,-1.657,-2.5063,-4.1768,-4.5351,-3.2114
202303,0.6170632851274659,2.48,1.5303169471161153,-10.6745,-7.0751,-7.403300000000001,-7.429600000000001,-10.056799999999999,-3.8232,-3.3893999999999997,-3.6565,-5.6086,-10.4458,-1.2252,-1.287,-3.0511,-5.0064,-11.5144,0.8948999999999999,-0.8412,-2.8619,-4.3792,-11.8163,7.7656,2.9315,0.1523,-4.0913,-7.1436
202304,0.5390207045195422,0.62,0.33419283680211614,1.5539999999999998,-2.8461000000000003,-1.7414,-2.9689,-4.5192,-3.1467,-0.2526,-3.6149,-3.4239,-3.2629,-3.6015,-0.8257,-1.7367,-1.6322999999999999,-1.7077999999999998,-2.2476,-2.5256000000000003,-0.744,-1.9539,0.10320000000000001,0.779,1.084,0.8381,2.0692,3.155
202305,0.0534946489483018,0.34,0.018188180642422613,4.1864,2.1773000000000002,2.9092000000000002,-1.6461999999999999,-2.2359,0.8913000000000001,3.0774,1.5958,1.6907,-5.3048,0.6889,-2.4791,-4.015,-4.0133,-4.9705,-0.20199999999999999,-2.4314,-4.3608,-3.5873,-8.2898,5.1391,-1.5053999999999998,-5.44,-7.5848,-4.9782
202306,0.00029004494984683437,6.46,0.00187369037601055,6.888,2.9891,5.1486,6.1175,6.7504,6.6349,6.7376,8.7615,8.4055,7.8103,6.422899999999999,8.5021,8.0236,8.7363,9.1738,7.7509999999999994,8.8361,8.7469,9.5205,6.363099999999999,6.8447,5.0518,5.760599999999999,5.2433,4.9758
202307,-0.014068309609526038,3.21,-0.045159273846578585,1.9017000000000002,2.4246999999999996,3.5155999999999996,6.9596,10.023100000000001,3.7032,5.1158,5.7044,7.9562,9.7872,4.8831,2.8169,3.4432,8.237400000000001,7.6232999999999995,0.7995000000000001,3.8647,4.4651,9.253900000000002,8.0667,1.9338,5.8084,3.5393999999999997,4.7707,6.2808
202308,0.19395534677516307,-2.36,-0.45773461838938484,-12.0552,-8.0644,-10.9254,-6.186100000000001,-8.1387,-7.6454,-7.472700000000001,-4.1361,-5.4854,-4.6675,-5.7894000000000005,-4.8726,-5.6568000000000005,-6.9787,-5.6277,-2.9147000000000003,-2.8188,-3.2442,-4.234,-2.5789,-1.2826,-1.2610000000000001,-3.1564,-3.357,-7.8558
202309,0.22640504637710504,-5.23,-1.1840983925522595,-8.7319,-8.2577,-6.9525,-6.3104,-6.3378,-9.5671,-6.0195,-5.0611,-6.1655,-6.815799999999999,-6.3027,-5.0687,-6.374499999999999,-5.603899999999999,-7.5866,-6.303599999999999,-5.0195,-7.1357,-5.2486999999999995,-3.9314,-5.9719999999999995,-4.8022,-1.9331,-2.5696000000000003,-2.6665
202310,0.2683244147472268,-3.15,-0.8452219064537644,-10.173300000000001,-9.373800000000001,-8.427,-6.7277,-8.3156,-10.6157,-8.074300000000001,-7.441599999999999,-4.3885,-7.503299999999999,-7.8228,-6.676,-5.917199999999999,-5.2557,-7.1034,-6.558,-6.3315,-7.6121,-5.9459,-6.7526,-1.4653999999999998,-5.3786,-3.008,-3.1548999999999996,-4.5085
202311,0.23597873410800727,8.88,2.0954911588791045,4.5512,7.7274,10.2835,8.2916,6.691,10.4346,8.6418,8.1693,8.268600000000001,10.218200000000001,10.6724,6.9818999999999996,8.017100000000001,10.808900000000001,14.8969,9.4374,8.6522,8.6599,8.091000000000001,7.409999999999999,9.450700000000001,6.5009,6.6376,8.224300000000001,14.848500000000001
202312,-0.004363314887741111,4.85,-0.021162077205544385,14.6598,16.0207,14.2342,16.3347,14.595,11.7871,13.703100000000001,10.4674,12.8832,15.2583,9.8991,10.4268,9.542,11.811300000000001,16.5862,8.417,7.3486,8.6379,8.4712,11.289,3.3224,4.3521,4.6321,4.2296000000000005,11.1782
202401,-0.059756684757091165,0.73,-0.04362237987267655,0.22650000000000003,-3.7629,-3.976,-4.670599999999999,-4.0434,-4.4046,-4.354,-4.0445,-5.465599999999999,-6.441199999999999,-4.6861,-3.5690999999999997,-4.5005999999999995,-3.8958000000000004,-5.806299999999999,-2.1605,-0.48869999999999997,-1.9638,-3.7554999999999996,-2.9199,1.7968,-0.9813999999999999,3.085,2.1959999999999997,-1.3584999999999998
202402,-0.023608353983797424,5.07,-0.11969435469785294,9.4901,7.1202,11.3199,2.1311,3.9265,9.0437,5.8572,6.392,4.0855,0.38720000000000004,2.8315,5.101,4.9329,1.2257,0.8483,6.6109,7.636800000000001,3.1954000000000002,4.1930000000000005,2.1256,5.5991,1.2418,7.580500000000001,4.5729,2.5009
202403,-0.4085343308894483,2.84,-1.1602374997260332,-3.4477,1.5099,0.43839999999999996,1.5401,4.3226,-0.03560000000000002,1.6384999999999998,2.1052,2.2830999999999997,3.8951999999999996,0.20839999999999997,2.4512,4.2999,4.1839,6.2266,3.4173,4.2556,4.6235,7.774100000000001,7.237900000000001,1.2233,6.0215000000000005,3.1881999999999997,5.7157,8.5595
202404,-0.3719648816470907,-4.65,1.7296366996589718,-12.9677,-8.1291,-7.572,-7.8495,-8.0452,-7.385199999999999,-8.602,-7.041799999999999,-6.114,-7.1975999999999996,-6.755999999999999,-6.7581999999999995,-6.4234,-6.9326,-8.1644,-6.2027,-6.896,-6.5348999999999995,-7.3267999999999995,-6.204,-4.4893,0.772,-4.9325,-5.4664,-5.9447
202405,-0.5107671545983407,4.33,-2.211621779410815,6.8957999999999995,2.7368,4.1014,3.548,3.8804000000000003,1.4878,2.807,4.827299999999999,4.3068,5.1262,4.2082999999999995,4.6754,3.7714000000000003,4.887499999999999,3.6125000000000003,2.1133,1.7386,2.0992,4.8538,3.1668,5.5198,3.5878,2.7291,3.6081999999999996,3.8230999999999997
202406,-0.3710517744474776,2.8,-1.0389449684529373,-4.6006,-2.9921,-6.0048,-2.4389000000000003,-2.9802,-2.0937,-2.0185,-2.5943,-1.8282999999999998,-3.285,2.3958999999999997,-1.265,-2.1801,-3.1788000000000003,-2.7504,-1.0169,-2.1729,-2.8003,-2.0665,-3.2467,5.6992,0.6860000000000002,-0.0761,-2.0816,0.19829999999999998
202407,-0.47049193927724897,1.22,-0.5740001659182438,10.969700000000001,8.4601,13.8777,13.7363,14.0637,7.059699999999999,9.1859,9.394400000000001,11.6022,14.4824,6.0474,5.5991,8.678600000000001,9.961400000000001,11.0609,2.7632999999999996,6.8288,6.2177,6.3111999999999995,6.6076999999999995,-1.3013,1.7829,3.5602,6.1489,2.4646999999999997
202408,-0.49799092853239074,1.6,-0.7967854856518253,-2.6611,-4.781599999999999,-2.9941,-4.1929,-2.6003,0.19640000000000002,-0.2792,-4.1021,-2.718,-2.3152,-0.6272,-2.5429,-1.4434,-1.8743,-1.5161,1.2984,1.5832000000000002,1.1002,1.0001,-0.8016,1.6743000000000001,3.4052000000000002,-1.124,3.6700000000000004,0.45920000000000005
202409,-0.6145977147249012,1.72,-1.05710806932683,2.6587,1.5621999999999998,-1.8124000000000002,-1.645,-0.6295000000000001,-0.3069,0.8156,0.5113,-0.8959,-1.3528,3.8634999999999997,1.9503,0.6492999999999999,-0.3234,-0.23820000000000002,3.0516,1.8730000000000002,0.8305999999999999,3.2539000000000002,-1.721,2.0194,3.5933,0.6625,-1.5409000000000002,-0.9287
202410,-0.5668392500100902,-1.0,0.5668392500100902,4.3245000000000005,0.12070000000000003,-1.0088,-1.2732999999999999,0.2732,-1.1968,-1.271,-3.6364,-0.8751,-1.3515000000000001,-2.0488,-3.1189,-1.6730999999999998,-1.7724000000000002,-0.2622,-1.3965,-2.3277,-1.8420999999999998,1.2096999999999998,0.9128,-1.1824,-1.6964000000000001,-1.4678,-0.027600000000000013,5.4981
202411,-0.6335289406169451,6.49,-4.111602824603974,11.123899999999999,9.3075,9.0269,8.6752,10.351799999999999,13.658,12.8864,10.4871,12.2278,10.857,9.879299999999999,10.793199999999999,11.1833,9.379199999999999,11.5435,9.3341,6.5756,5.2844999999999995,10.0277,12.1219,5.9182,4.9371,4.781199999999999,8.507,10.909799999999999
202412,-0.4605041231338737,-3.17,1.4597980703343796,-6.5679,-5.5089,-7.5825000000000005,-8.166,-4.9638,-4.5089,-9.578399999999998,-9.112699999999998,-9.2326,-7.1404000000000005,-8.3178,-8.2798,-8.430499999999999,-9.3197,-9.4064,-8.6351,-7.5155,-6.9052,-6.6009,-5.9269,-0.043399999999999994,-5.1943,-9.324,-7.1657,-6.1115
202501,-0.333255889649282,2.8,-0.9331164910179895,1.2376,-0.0696,0.5844,0.9178000000000001,-0.4609,0.18320000000000003,2.3676,3.2321,2.7013,2.1724,5.0094,2.4809,4.2661,2.3632,3.5726,3.8937999999999997,4.0138,4.6471,6.3814,4.0549,1.1185,7.4940999999999995,1.7125999999999997,5.5445,7.0108
202502,-0.244490632644394,-2.44,0.5965571436523214,-6.9487,-6.4571000000000005,-7.2284,-6.2385,-2.6808,-8.7794,-9.0484,-8.6242,-5.981,-4.5689,-6.0228,-5.2652,-5.2452,-3.1059,-3.1296,-4.6125,-7.1913,-2.5394,-3.141,-2.1169,-3.4409,-2.214,2.2159,2.5362999999999998,1.2199
202503,-0.3472487979844523,-6.39,2.21891981912065,-14.2727,-12.155899999999999,-9.2812,-9.935599999999999,-6.9818999999999996,-8.620099999999999,-7.492,-8.7426,-6.4007,-7.5474,-7.7909999999999995,-7.1596,-6.6899,-5.8994,-4.8376,-6.9821,-6.0298,-3.8411,-6.773,-2.1459,-8.0033,-5.338,-0.5006,-2.5191999999999997,-6.7194
202504,-0.3500920258842873,-0.84,0.29407730174280133,0.1904,1.0125000000000002,0.7503000000000001,-0.8838,-2.8758,0.3349,-1.2372,-2.9179,-3.5339,-6.4147,-0.3949,-2.9483,-4.2147,-5.4596,-4.458399999999999,-1.2266,-1.6656,-2.2893,-4.2776,-7.407699999999999,1.0606,-3.3612,-7.7367,-1.6972,-3.1441
202505,-0.5689528483793569,6.06,-3.4478542611789025,11.1822,5.25,5.277,3.9173,5.3386000000000005,3.8147,4.9229,6.5721,4.6087,4.9625,4.5587,5.3456,3.9749,3.3307,5.0731,5.8777,4.7941,3.001,7.7375,6.1979,7.4277,5.7496,1.4607,2.2356000000000003,6.1884
202506,-0.5695110067620301,4.86,-2.767823492863467,14.3452,5.3344000000000005,8.5639,4.291,5.1981,5.5282,6.2603,6.9793,5.2538,4.3173,3.5402,3.4659,3.8792999999999997,2.7655000000000003,4.7136000000000005,1.6950999999999998,4.0348,2.0519000000000003,7.0415,5.4931,5.1879,5.9051,4.4005,3.3024,6.6709000000000005
202507,-0.5798196835027806,1.98,-1.1480429733355055,1.1573,5.4648,0.8152999999999999,1.6511,0.6863999999999999,1.3260999999999998,1.5903999999999998,2.1959,0.4416999999999999,1.4647,1.9098999999999997,1.4195,0.9378,0.5581,2.4209,3.0793,1.8522999999999998,0.5591999999999999,-0.3336,-2.2702999999999998,2.956,1.0678999999999998,0.8822999999999999,-0.12130000000000002,-1.7144000000000001
202508,-0.6894741789245357,1.84,-1.2686324892211456,8.482399999999998,8.558599999999998,9.2008,8.656099999999999,9.713899999999999,9.0917,5.0259,7.7055,7.9411,10.454699999999999,4.994,4.0773,5.5418,5.6321,9.162299999999998,3.2728,1.2366000000000001,1.9692000000000003,5.11,6.7542,0.7811,0.8135,2.6768,5.1045,8.6999
202509,-0.575713903916464,3.39,-1.9516701342768132,4.6953,3.3543,5.8395,1.3327,1.174,1.3973,1.8567999999999998,2.1776999999999997,-1.8757000000000001,-1.4200000000000002,2.6398,-0.8222,-1.5725,1.2246,1.1100999999999999,-1.9473,1.6038,2.5204,-0.7755000000000001,-1.5049000000000001,5.2309,0.46859999999999996,2.4447,-0.18680000000000002,9.4583
202511,-0.5718629973447962,-0.13,0.0743421896548235,-4.9373,6.2321,0.6524000000000001,3.1932,3.3414,-1.5713000000000001,3.8798000000000004,2.2981000000000003,2.0429000000000004,2.6228000000000002,1.4424,0.768,2.6303,4.2142,3.1639000000000004,-2.1818,1.5503,4.551,4.4830000000000005,4.2621,-1.36,0.0464,1.9197,3.7353000000000005,2.3288
202512,-0.3407342463051601,-0.36,0.12266432866985763,-0.013900000000000023,1.0361,-1.4908000000000001,1.4126999999999998,0.7292999999999998,2.3797,0.7081,-0.2853,2.2338,-1.6607,-3.0610999999999997,-0.3395,-0.5212,-1.3451000000000002,2.3738,-0.08780000000000004,-0.4526,1.5480999999999998,0.6884999999999999,3.487,-1.014,0.021299999999999986,2.5355000000000003,0.8687,3.9224000000000006
