196401,0.022400000000000003,-0.0024,0.0158,0.035925,0.025727999999999997,0.039220000000000005,0.03749299999999999,0.046503,-0.023289999999999998,-0.005406,0.033367999999999995,0.012616000000000002,0.038813,-0.002385,0.0011780000000000002,0.024132999999999998,0.035643,0.029166,-0.007314,0.015731000000000002,0.009447999999999998,0.033020999999999995,0.030329,0.027631,0.028960999999999997,0.013725000000000001,0.017134,0.013236000000000001
196402,0.0155,0.0011,0.0277,0.026226,0.02559,0.020423999999999998,0.0007360000000000001,0.042144,0.013598,0.013753,0.023531000000000003,0.018853,0.058443,-0.0024779999999999997,0.026466000000000003,0.014087,0.034218,0.037540000000000004,0.023343000000000003,0.013448,0.025844,0.069447,0.043521,0.015670999999999997,0.002632,0.007594000000000002,0.037389,0.034967
196403,0.0141,0.0095,0.033,0.0016530000000000004,0.011760999999999999,0.017612000000000003,0.033918000000000004,0.022128000000000002,0.020418,0.030132,0.030467,0.053506,0.058522000000000005,-0.010273000000000001,0.024615,0.041445,0.051285000000000004,0.064619,0.014649999999999998,0.026693,0.049396999999999996,0.068187,0.004147,0.008475,0.004534999999999999,0.033137,0.035282,-0.0016089999999999998
196404,0.001,-0.013500000000000002,-0.005600000000000001,-0.018667,0.023218000000000003,-0.0074659999999999995,-0.012086,-0.01043,-0.012022,-0.042892,0.0046700000000000005,-0.019587,-0.009475,-0.024302999999999998,-0.014820999999999999,-0.0006579999999999997,-0.009774,-0.013148,-0.029945,0.0006680000000000002,0.016884,-0.029283999999999998,-0.025705,-0.0006279999999999997,0.011845,0.005182000000000001,-0.011954,0.021247
196405,0.0141,-0.0084,0.0182,-0.014990000000000002,-0.014853,0.0016500000000000004,0.0022180000000000004,0.010980000000000002,0.028843,-0.00020899999999999998,0.027188999999999998,0.015862,0.034808000000000006,-0.008166,0.016459,-0.005886,0.017483000000000005,0.022343000000000002,0.009314000000000001,0.020116000000000002,0.010959000000000002,0.010681000000000001,0.03839,0.017999,0.0007040000000000002,0.009176,0.040259,0.031368
196406,0.0127,-0.0023,0.0069,0.016444,0.0012780000000000005,0.009083999999999998,0.005024999999999999,0.008334999999999999,0.005850999999999999,0.015533000000000002,0.015667,0.008354,0.019155000000000002,0.005770999999999999,0.017466000000000002,0.020795,0.021354,0.009486999999999999,0.007927,0.011754,0.008035,0.021965000000000002,0.028118999999999998,0.006744000000000001,0.025644,0.001437,0.010682,0.021217
196407,0.0174,0.002,0.0079,0.008367,0.033021999999999996,0.040394,0.021646,0.044309999999999995,0.005709,0.017631,0.03619,0.027459,0.021535000000000002,0.025096999999999998,0.023282999999999998,0.027991000000000002,0.028914,0.013694000000000001,0.012586,0.030062000000000002,0.013201000000000001,0.014744,0.029276,0.022598,0.003934,0.035954,0.015783000000000002,0.0069310000000000005
196408,-0.0144,0.0003,0.0007000000000000001,0.014173000000000002,-0.028318,-0.02161,-0.010046,-0.007631,-0.020959000000000002,-0.025178,-0.014893,-3.600000000000044e-05,-0.02146,-0.030651,-0.007050000000000001,-0.0009330000000000005,-0.003932000000000001,-0.024280000000000003,-0.013622,-0.0017170000000000004,0.0068319999999999995,-0.002939,-0.015257000000000001,-0.015539,-0.018404,-0.0035920000000000006,-0.011764,-0.03183
196409,0.0269,-0.0062,0.0172,0.051562,0.026990999999999998,0.060778,0.024305999999999998,0.036417000000000005,0.030706999999999995,0.024852,0.019482000000000003,0.019094999999999997,0.04428700000000001,0.014821999999999998,0.017733000000000002,0.031509999999999996,0.027960999999999996,0.033931,0.0285,0.030462,0.038621,0.043836,0.040838,0.028065,0.010669999999999999,0.04003000000000001,0.042321,0.065738
196410,0.006,0.005,0.0108,0.016091,-0.001995,0.046856,0.017797999999999998,0.030428999999999998,-0.016335999999999996,0.0092,0.022834,0.010013,0.010673,0.029219000000000002,0.03199,0.016559,0.008681,0.023698999999999998,0.006405000000000001,0.010055000000000001,0.009925,0.029759,0.035601,0.0003210000000000001,0.008002,0.0027989999999999994,0.002397,0.030022
196411,-0.0001,0.0068000000000000005,-0.0204,-0.005907,-0.004409,0.004876,0.004721,0.002398000000000001,-0.01257,-0.0012259999999999999,-0.004,-0.010221,-0.020569999999999998,0.013226000000000002,0.003129,-0.0018939999999999999,0.001117,-0.005598,0.003653,0.013537999999999998,-0.013052000000000001,-0.011272,-0.049706,0.007317000000000001,-0.006573,0.013522000000000003,-0.01576,-0.049741999999999995
196412,0.0004,-0.0027,-0.024300000000000002,-0.017825999999999998,-0.015479,-0.034742,-0.029664999999999997,-0.021027999999999998,0.011389,-0.004586,0.008323,-0.026474,-0.012564,-0.0019399999999999999,0.00278,-0.005775000000000001,-0.019948999999999998,-0.009042,0.011014,-0.002998,-0.018126999999999997,-0.01265,-0.017478,0.00489,0.011109,-0.012609,-0.013788,-0.016483
196501,0.0354,0.0253,0.0036,0.081766,0.06077300000000001,0.063349,0.065765,0.08476800000000001,0.075949,0.05186199999999999,0.053384,0.057739,0.058984999999999996,0.049274,0.05924600000000001,0.048333,0.056809,0.068955,0.052462999999999996,0.04006699999999999,0.048609,0.048365000000000005,0.064111,0.044402,0.009722,0.025429,0.032554,0.033200999999999994
196502,0.0044,0.0332,0.0022,0.015638,0.002099,0.025223,0.026805000000000002,0.033524,0.030795,0.039289,0.033038,0.032628,0.032903999999999996,0.035989999999999994,0.04137199999999999,0.044925,0.029174999999999996,0.034566,0.010902000000000002,0.031228000000000002,0.036336,0.029034,0.007501,-0.0011420000000000002,-0.003448,-0.00426,-0.008376999999999999,-0.014935
196503,-0.0134,0.0181,0.0115,0.012976000000000001,0.019632,0.005876999999999999,0.024269000000000002,0.028314,0.017360999999999998,-0.022893999999999998,0.009909000000000001,0.015624000000000002,0.0021940000000000006,-0.006507000000000001,-0.00416,-0.006810999999999999,0.009699,0.009017,-0.011584999999999998,-0.0068319999999999995,-0.00651,0.0007490000000000005,0.008836,-0.016836,-0.0194,-0.021643,-0.010765,-0.00019700000000000013
196504,0.0311,0.0111,0.0073,0.037573,0.041028999999999996,0.052583,0.036083,0.042786,-0.0015409999999999998,0.047205000000000004,0.035960000000000006,0.043922,0.047212000000000004,0.024950000000000003,0.028103,0.035498,0.034142000000000006,0.056996,0.023091,0.028843,0.043185,0.040821,0.024047000000000002,0.042762999999999995,0.015638,0.018567000000000004,0.018964,0.041399000000000005
196505,-0.0078000000000000005,0.0005,-0.0155,-0.007646,-0.029056,-0.018834999999999998,-0.008989,-0.015223,0.007437000000000001,-0.010492,-0.013845,-0.0035329999999999997,-0.024304,-0.008879,-0.0005959999999999997,-0.013393000000000002,-0.011771,-0.00333,-0.012751,-0.00277,-0.01419,-0.006776,-0.04394699999999999,-0.010643999999999999,0.005202,-0.003949,-0.006711,-0.03881
196506,-0.055099999999999996,-0.0407,0.0023,-0.129386,-0.10791300000000001,-0.09606700000000001,-0.08361900000000001,-0.09919900000000001,-0.10706700000000001,-0.089631,-0.092609,-0.088334,-0.086495,-0.069823,-0.09571,-0.08867200000000001,-0.088807,-0.08891600000000001,-0.067068,-0.073268,-0.082886,-0.090279,-0.086679,-0.047806,-0.040174,-0.052864999999999995,-0.041555999999999996,-0.05828799999999999
196507,0.0144,0.0086,0.0219,0.020978,0.031628,0.033433000000000004,0.018933000000000002,0.038872,0.034655000000000005,0.013487,0.026137000000000004,0.031688,0.04197,0.01216,0.043167,0.022795000000000003,0.0405,0.043766000000000006,0.022935,0.028614,0.035886,0.023444,0.0594,0.012135,-0.003121,0.016097,0.037781,0.045177
196508,0.0273,0.0285,-0.0098,0.021736,0.051053999999999995,0.048265,0.036279000000000006,0.036833000000000005,0.069691,0.03906,0.045947,0.045906,0.03613,0.077768,0.04235800000000001,0.074212,0.029217999999999997,0.062199000000000004,0.034779000000000004,0.038456000000000004,0.049724,0.026682,0.045452000000000006,0.029345,0.009651,0.031094999999999994,0.007967000000000002,0.018512
196509,0.0286,0.0063,-0.0014000000000000002,0.031611,0.056172,0.009644,0.036887,0.030611000000000006,0.055216999999999995,0.034815000000000006,0.02578,0.043013,0.023059,0.021431000000000002,0.028561999999999997,0.030062,0.04895,0.041935,0.029893000000000003,0.037914,0.012528,0.025904,0.035390000000000005,0.036189,0.019918,0.020666,0.032169,0.029183
196510,0.026000000000000002,0.0252,0.0155,0.058484,0.08643799999999999,0.05746300000000001,0.053497,0.087533,0.037841,0.075556,0.034485,0.055102,0.049035,0.040900000000000006,0.03937,0.052775,0.054229,0.047337000000000004,0.03748,0.030583,0.025671000000000003,0.041719000000000006,0.07768599999999999,0.028289,-0.0009599999999999999,0.027447000000000003,0.041126,0.049116
196511,-0.0003,0.046900000000000004,0.0016,0.038045999999999996,0.063899,0.02359,0.075163,0.06115799999999999,0.010654,0.047432,0.039701,0.048665,0.037022,0.030046,0.027630000000000002,0.053465,0.021693,0.027072,0.033404,0.023167,0.032978999999999994,0.006960000000000001,0.051182000000000005,-0.00667,-0.021793,0.009000000000000001,-0.016398,-0.02671
196512,0.0101,0.0207,0.0215,0.069063,0.064126,0.018085,0.035299000000000004,0.047185,0.03432,0.034445,0.028959000000000002,0.030594,0.07022,0.023102,0.005787,0.036206,0.015992,0.050429,0.009425,0.009198999999999999,0.012233999999999998,0.039969000000000005,0.049791,0.006817000000000001,-0.005535,0.010003999999999999,0.024693999999999997,0.023868
196601,0.0072,0.04019999999999999,0.0327,0.052088,0.061974,0.07743100000000001,0.09424600000000001,0.092596,0.060639,0.060542,0.04343,0.047476000000000004,0.053935000000000004,0.040661,0.02022,0.02519,0.044055000000000004,0.045764000000000006,0.0052049999999999996,0.014975,0.048413000000000005,0.038716,0.057652,-0.0075309999999999995,-0.00951,0.013199,0.026733,0.027625
196602,-0.0121,0.0444,0.0038,0.065668,0.054521,0.014619,0.043209,0.060303999999999996,0.051416,0.042883000000000004,0.012988,-0.0033759999999999997,0.028369000000000002,-0.007411,0.01118,0.042824,0.015309,0.042562,0.009311,-0.010962,0.0009320000000000005,0.0026040000000000013,0.021831000000000003,-0.016835999999999997,-0.026607000000000002,-0.020611,-0.023365999999999998,-0.020776
196603,-0.025099999999999997,0.0086,-0.0213,0.014208,-0.018919000000000002,-0.028817000000000002,-0.010832,-0.018487,-0.0019390000000000002,-0.023939000000000002,-0.025263999999999998,-0.041519,-0.024137000000000002,-0.020097,-0.051428,-0.027927,-0.038079,-0.041747,-0.0012239999999999998,-0.018113,-0.039089,-0.02772,-0.037644,-0.018516,-0.038361,-0.014378,-0.025235,-0.054427
196604,0.0213,0.0344,-0.0036,0.10615399999999998,0.042519999999999995,0.050876,0.062904,0.042404,0.020584,0.044367,0.036694000000000004,0.071353,0.08453,0.033562,0.034313,0.03184,0.041456999999999994,0.02239,0.035866999999999996,0.023798000000000003,0.032347,0.044863999999999994,0.004106,0.017703999999999998,0.016595,0.008345,0.020666,0.014525
196605,-0.0567,-0.046,-0.016,-0.126167,-0.136238,-0.107459,-0.11132700000000001,-0.12339900000000001,-0.10367599999999999,-0.102188,-0.09062400000000001,-0.10539799999999999,-0.09165399999999999,-0.063553,-0.07111999999999999,-0.086173,-0.105467,-0.10230800000000001,-0.054561,-0.055302,-0.074324,-0.09229100000000001,-0.106488,-0.046061000000000005,-0.043592,-0.052771,-0.059302999999999995,-0.058863
196606,-0.0144,0.0102,0.0049,-0.011670999999999999,-0.004793,0.009240000000000002,0.010233,-0.0002729999999999998,0.012948,-0.002943,-0.004501,-0.010695,-0.0012890000000000002,-0.001539,-0.0055320000000000005,0.021897,-0.009168,-0.008205,-0.011718,-0.007072,-0.005045,0.029573,0.006683,-0.023806,-0.018666,-0.009961,0.004736000000000001,-0.015769000000000002
196607,-0.0163,-0.0034000000000000002,0.0091,-0.024532,-0.021225,-0.026208,-0.0047079999999999995,-0.012953,-0.035172999999999996,-0.02196,-0.01278,-0.02068,-0.017914,-0.013422,-0.024307000000000002,-0.011462,-0.014096000000000001,-0.016932999999999997,-0.010110000000000001,-0.019976999999999998,-0.023075,-0.029144,-0.025952,-0.02052,-0.017737999999999997,-0.011078999999999999,0.00561,-0.016769
196608,-0.0794,-0.0327,0.0051,-0.126204,-0.107597,-0.100579,-0.11180099999999998,-0.10866799999999999,-0.131877,-0.109428,-0.101689,-0.101663,-0.113236,-0.111481,-0.08890100000000001,-0.08554999999999999,-0.10361200000000001,-0.090839,-0.102103,-0.07947099999999999,-0.084974,-0.07675100000000001,-0.09642599999999998,-0.076549,-0.090559,-0.060680000000000005,-0.06633,-0.083977
196609,-0.0106,-0.009899999999999999,0.004699999999999999,-0.023817,-0.025242999999999998,-0.02187,-0.021657,-0.015656999999999997,-0.022287,0.00803,-0.021186,-0.019616,-0.025545,-0.026966,-0.048915,-0.0009650000000000001,-0.010994,-0.016485,-0.015204,-0.003618,-0.011182,-0.035907999999999995,-0.010263999999999999,-0.016528,0.0026390000000000007,0.0020040000000000006,-0.001314,-0.020183
196610,0.038599999999999995,-0.06559999999999999,0.0268,-0.083091,-0.052740999999999996,-0.046966999999999995,-0.019341,-0.019422000000000002,-0.058146,-0.011217999999999999,-0.012318,-0.0038100000000000005,-0.007023000000000001,-0.020618,0.00656,0.032368999999999995,0.042505,0.012725999999999998,0.0009989999999999999,0.04332,0.03672600000000001,0.026524,0.012979999999999998,0.026654,0.048097,0.08701899999999999,0.05827099999999999,0.060621999999999995
196611,0.0138,0.0416,-0.047400000000000005,0.07745899999999999,0.03808400000000001,0.04274800000000001,0.019740999999999998,0.031416,0.07107799999999999,0.025799000000000002,0.068768,0.012964,0.021615000000000002,0.088015,0.056431999999999996,0.01067,0.04064999999999999,-0.00437,0.081828,0.012944999999999998,0.004659,0.025291,0.003816999999999999,0.031383999999999995,0.017507,-0.028568,-0.018548000000000002,-0.014891
196612,0.0013,0.0199,-0.010700000000000001,0.03437899999999999,0.023466,0.018101000000000003,0.008453,-0.0018520000000000003,0.04351000000000001,0.027410999999999994,0.010104,0.016985,0.0038729999999999997,0.023632,0.027471,0.008193,0.027096,-0.0013820000000000004,0.027386999999999998,0.020944,0.006363000000000001,0.032907000000000006,0.014842000000000001,-0.012373,-0.005105,0.011439000000000001,-0.005389,-0.005215
196701,0.0815,0.0823,0.0222,0.203949,0.186495,0.18352,0.206279,0.169162,0.16547399999999998,0.16054200000000002,0.16708,0.17478200000000002,0.196437,0.16389099999999998,0.138109,0.11847900000000001,0.130024,0.139351,0.094735,0.062448000000000004,0.09336400000000002,0.11668200000000001,0.132715,0.072697,0.067034,0.045429000000000004,0.074276,0.133538
196702,0.0077,0.0333,-0.0225,0.064939,0.055290000000000006,0.050825999999999996,0.035969,0.055136,0.028821000000000006,0.027109,0.006997000000000001,0.030549,0.013101000000000002,0.017438000000000002,0.019483999999999998,0.013318,0.002817000000000001,0.004105999999999999,0.024767,-0.007385,-0.007713,0.012944,-0.0020689999999999997,0.018756,0.00589,-0.012421000000000001,-0.012487000000000002,-0.016991
196703,0.039900000000000005,0.0154,0.0040999999999999995,0.06874999999999999,0.056796,0.048549,0.071424,0.047714000000000006,0.06479399999999999,0.058038000000000006,0.068386,0.061779,0.057387,0.049851,0.049574,0.039781,0.074243,0.03824,0.057117,0.035392,0.048269,0.048399,0.061051999999999995,0.038496999999999997,0.025688999999999997,0.029861,0.042836000000000006,0.049214999999999995
196704,0.038900000000000004,0.0043,-0.0227,0.06116499999999999,0.033305,0.031351,0.039545,0.033843,0.028503999999999995,0.035246,0.051854,0.033351,0.031883,0.053439,0.032033,0.028090999999999998,0.053325,0.027038,0.06468700000000001,0.025376,0.035717,0.034534,0.025509999999999998,0.064824,0.027371,-0.001979,0.032282,0.014441
196705,-0.0432,0.0209,0.0084,-0.004796,0.004179,-0.007713,-0.012379000000000001,-0.011817999999999999,-0.015404999999999999,0.0021279999999999997,-0.011092000000000001,-0.026702,-0.038644,-0.032985,-0.014263999999999999,-0.016728,-0.010032,-0.023012,-0.025156,-0.0073560000000000006,-0.031882999999999995,-0.007307,-0.011009999999999999,-0.059609999999999996,-0.04563799999999999,-0.045575,-0.040681999999999996,-0.040135
196706,0.0242,0.0588,0.0078000000000000005,0.152757,0.105592,0.130918,0.12034700000000001,0.08946,0.099746,0.065696,0.062428000000000004,0.07982900000000001,0.06391200000000001,0.050921,0.080009,0.036899999999999995,0.05005299999999999,0.032244999999999996,0.029488,0.019891999999999996,0.025998,0.072621,0.05795,0.011181,0.002033,0.014646,0.026324999999999998,0.028248000000000002
196707,0.0458,0.0319,0.0278,0.093258,0.09051700000000001,0.100009,0.07372400000000001,0.118251,0.066798,0.059695000000000005,0.08978400000000002,0.09138399999999999,0.08097,0.050638999999999997,0.047288,0.056344,0.07150300000000001,0.11389300000000001,0.043649,0.042173999999999996,0.049467,0.06267700000000001,0.087158,0.041297999999999994,0.054383,0.017238,0.055484,0.061308999999999995
196708,-0.009000000000000001,0.0043,0.0143,-0.011452,0.002962,0.0038710000000000007,-0.0016969999999999997,0.017479,-0.013557000000000001,-0.015246,0.002584,0.0009369999999999999,0.007191999999999999,-0.033458999999999996,0.006097999999999999,0.011874000000000001,0.009703,-0.00944,-0.011372,-0.012324,-0.016118,0.014740999999999999,0.034825,-0.008925,-0.014336999999999999,-0.016697999999999998,0.0014160000000000002,0.010265
196709,0.031,0.0302,-0.0242,0.11221,0.09497000000000001,0.084903,0.072372,0.045073,0.045929,0.054818,0.06990500000000001,0.051171999999999995,0.027482999999999997,0.053434,0.014714,0.026994,0.042044,0.024221999999999997,0.034058,0.011365,0.023783999999999996,0.037573,0.0008039999999999996,0.034982,0.028131999999999997,0.029681,0.013104,-0.0007750000000000001
196710,-0.0308,0.0147,-0.0329,0.013191000000000001,-0.04571600000000001,-0.019592,-0.018259,-0.029434,-0.017997,-0.023204,0.0032609999999999996,-0.033389,-0.051969,-0.03898,-0.011186,-0.037360000000000004,-0.034559,-0.030836000000000002,-0.045340000000000005,-0.061761,-0.060936,-0.029570000000000003,-0.056932,-0.007456000000000001,-0.043626,-0.03115,-0.06314299999999999,-0.06905
196711,0.0037,0.0017000000000000001,-0.017,-0.013397,0.035003,-0.014252,-0.019388,-0.015533000000000002,0.00687,0.0014400000000000003,0.022821,-0.002989,-0.001385,0.023389,-0.001153,0.004629,-0.006769,-0.011831000000000001,0.027383,0.002098,-0.003031,0.002143000000000001,-0.010471000000000001,0.009669999999999998,0.000941,-0.00334,-0.009042,-0.003068
196712,0.0305,0.0565,-0.0059,0.125716,0.101924,0.08292500000000001,0.090392,0.098546,0.12384,0.061935000000000004,0.087935,0.062989,0.09456400000000001,0.073736,0.055786999999999996,0.04882,0.048549,0.06289600000000001,0.011123999999999998,0.024365,0.038319000000000006,0.043403000000000004,0.033899000000000006,0.016217,0.027877,0.01847,0.05277300000000001,0.024602999999999996
196801,-0.0403,0.039900000000000005,0.048499999999999995,0.027811,0.017568,0.031262,0.028325,0.05978199999999999,-0.04959999999999999,-0.031014999999999997,-0.004197,0.006813,0.020032,-0.072766,-0.008339,-0.010702,-0.009234,0.027684999999999998,-0.084064,-0.003175,-0.032779,-0.003589,-0.008315,-0.067427,-0.061055,0.0018939999999999999,-0.026886000000000004,-0.042571
196802,-0.0374,-0.029500000000000002,0.0125,-0.105832,-0.073664,-0.057498,-0.072866,-0.063847,-0.074887,-0.061152,-0.093878,-0.033972,-0.061572999999999996,-0.072929,-0.043052,-0.034923,-0.025097,-0.050882,-0.05717,-0.040601000000000005,-0.031688,-0.056482000000000004,-0.042237,-0.033722999999999996,-0.027435,-0.023988,-0.036539999999999996,-0.022463
196803,0.0021,-0.0128,-0.0066,-0.016642,-0.003892,-0.006344000000000001,-0.024048,-0.005551,-0.013891,-0.018946,-0.001705,-0.016449,-0.007835,0.016249999999999997,-0.012806999999999999,-0.023605,0.0035919999999999993,-0.009945,0.0026200000000000004,-0.006764,-0.018975000000000002,-0.006559,-0.006646,0.026899,-0.016693,-0.006575,-0.021689,0.016592
196804,0.0902,0.0567,-0.0111,0.207288,0.172366,0.158906,0.157834,0.152556,0.18401299999999998,0.127318,0.16994700000000001,0.113804,0.12643000000000001,0.15736799999999998,0.109748,0.07934000000000001,0.09886,0.173212,0.12251300000000001,0.06638100000000001,0.08444,0.11905900000000001,0.112321,0.103573,0.06820200000000001,0.029595000000000003,0.089817,0.100892
196805,0.022799999999999997,0.06309999999999999,0.0079,0.10138499999999999,0.12043899999999999,0.102936,0.11284899999999999,0.11334999999999999,0.111747,0.07425999999999999,0.075706,0.065464,0.061616000000000004,0.08350599999999998,0.03571200000000001,0.049633,0.04650399999999999,0.067606,0.040184,0.042113,0.022940000000000002,0.021932999999999998,0.057619000000000004,0.018407999999999997,0.006588999999999999,-0.011314000000000001,-0.014419000000000001,0.042144
196806,0.006999999999999999,-0.0018,0.006500000000000001,-0.015092999999999999,-0.002291,0.008803,0.018091999999999997,-0.002785,-0.010879,0.011065,-0.020427,0.009434999999999999,0.004078,-0.024535,0.025673,0.027387,0.012185,0.006836999999999999,-0.004009,0.030736,0.031805,0.025423,-0.030035,-0.005107,0.004470999999999999,0.035958000000000004,0.027500999999999998,-0.020262000000000002
196807,-0.0269,-0.0127,0.0533,-0.05158499999999999,-0.050979,-0.043331,-0.012698999999999998,0.0024990000000000004,-0.094158,-0.034585,-0.024841000000000002,-0.009064,-0.007711,-0.061849,-0.050928999999999995,-0.03689,-0.013589,-0.006704,-0.061375,-0.035537,-0.039653999999999995,-0.019797,-0.026048999999999996,-0.056883,-0.016940999999999998,0.024947,0.00461,0.0016010000000000009
196808,0.013500000000000002,0.0239,0.0098,0.041268,0.055159999999999994,0.04446699999999999,0.044351999999999996,0.043593,0.013089000000000003,0.025275,0.031469,0.0073809999999999995,0.066334,0.025114,0.024395000000000003,0.022636000000000003,0.023888000000000003,0.045419999999999995,0.012717000000000003,0.009306000000000002,0.013619000000000003,0.015507,0.025424000000000002,0.007761999999999999,-0.0003849999999999995,0.017953999999999998,0.012385000000000004,0.020388000000000003
196809,0.0405,0.0274,0.003,0.06882400000000001,0.080348,0.066143,0.054421,0.05884,0.067596,0.057711000000000005,0.06710100000000001,0.053324,0.057189000000000004,0.069955,0.06443800000000001,0.034429,0.052259,0.057598,0.063682,0.05390400000000001,0.049645999999999996,0.064554,0.056525,0.01518,0.049473,0.019722000000000003,0.037629,0.08244
196810,0.0043,-0.0052,0.0282,-0.021050000000000003,-0.004485,0.009701999999999999,-0.002386,0.014033999999999998,-0.00801,0.004167999999999999,0.011224999999999999,0.020657999999999996,0.005081,-0.004079,0.019357,0.022465,0.023736999999999998,0.005360999999999999,-0.0019990000000000003,-0.004384,0.021714999999999998,0.005536,0.019750999999999998,-0.021701,0.01612,0.016236999999999998,0.032825,0.007224
196811,0.054299999999999994,0.0233,-0.0095,0.067238,0.073258,0.060899,0.058871,0.064653,0.095571,0.089162,0.071804,0.087256,0.054687999999999994,0.081436,0.068542,0.078864,0.08991500000000001,0.07330700000000001,0.0654,0.07116600000000001,0.06689200000000001,0.070046,0.075492,0.058524,0.025513,0.05414399999999999,0.0411,0.036813
196812,-0.0393,0.0338,0.0004,0.033196,0.020343,0.0026579999999999998,-0.00718,0.0013569999999999997,-0.003478,0.0016240000000000004,-0.020416999999999998,-0.035304999999999996,-0.038854,-0.030502999999999995,-0.04493,-0.015026,-0.004211,-0.032327,-0.047264,-0.046082000000000005,-0.04595,-0.018965999999999997,-0.011498,-0.056794,-0.046576,-0.036232,-0.039328,-0.035006
196901,-0.0125,-0.0062,0.0167,-0.010291999999999999,-0.027836,-0.0231,-0.014605,-0.017701,-0.035584,-0.012355999999999999,-0.021199,0.007163,0.00011000000000000072,-0.040158,-0.013484,-0.0015249999999999999,-0.019375,-0.017378,-0.025814,-0.002091,-0.008765,-0.007046,0.0056349999999999985,-0.026938,-0.009307,0.002528,-0.009019,0.008568
196902,-0.058600000000000006,-0.039599999999999996,0.0088,-0.13019699999999998,-0.11033499999999999,-0.09690000000000001,-0.09192,-0.093358,-0.11307500000000001,-0.088387,-0.056443,-0.072691,-0.08216400000000001,-0.09636,-0.09031,-0.073236,-0.06748399999999999,-0.062697,-0.08771999999999999,-0.07494200000000001,-0.057493999999999996,-0.07680200000000001,-0.089177,-0.037115999999999996,-0.039497,-0.053834,-0.050755,-0.06681300000000001
196903,0.026600000000000002,-0.0026,-0.0043,0.027175000000000005,0.018774000000000002,0.033258,0.031685,0.020155,0.037270000000000005,0.007318999999999999,0.01525,-0.001232,0.050159,0.0106,0.021139,0.011689000000000001,0.015175000000000001,0.022810999999999998,0.041843000000000005,-0.025194,0.019788999999999998,0.009916,0.028845999999999997,0.038037999999999995,0.022827999999999998,0.035474,0.015398000000000002,0.042976
196904,0.0146,-0.008199999999999999,0.0003,0.008014999999999998,-0.013860999999999998,0.011960000000000002,0.011392,-0.00016600000000000035,0.012862000000000002,0.011888000000000003,0.004195,-0.010134,0.041494,0.014957000000000002,0.0009229999999999993,0.005444,0.007848,-0.0004330000000000002,0.02449,0.015780000000000002,-0.002467,-0.009302999999999999,0.011839000000000002,0.032150000000000005,0.004332,0.004965,0.025142,0.0021479999999999997
196905,-0.0009,-0.0031,0.0062,0.004821,0.004906,0.002838000000000001,0.006272000000000001,-0.007612,-0.020343,-0.022675999999999998,-0.013881999999999999,-0.0035259999999999996,5.7000000000000627e-05,-0.005487,0.0026119999999999997,0.015293999999999999,0.0036420000000000003,-0.023798999999999997,-0.006945,-0.011300999999999999,0.008988,0.004004,-0.022637,-0.009541000000000001,0.002525000000000001,0.004662,0.009990000000000002,-0.0006869999999999992
196906,-0.0719,-0.0535,-0.0109,-0.147777,-0.13433699999999998,-0.14226,-0.13114699999999999,-0.127059,-0.127363,-0.117983,-0.096753,-0.104635,-0.11465399999999998,-0.109343,-0.10256799999999999,-0.116483,-0.103457,-0.09587600000000002,-0.07481299999999999,-0.09443599999999999,-0.07700599999999999,-0.09202199999999999,-0.087373,-0.02308,-0.070217,-0.083792,-0.07150699999999999,-0.089786
196907,-0.07,-0.032400000000000005,0.0118,-0.136186,-0.121092,-0.111955,-0.10976999999999999,-0.084686,-0.11103,-0.106649,-0.08935900000000001,-0.077027,-0.086198,-0.10612200000000001,-0.110283,-0.072684,-0.06124299999999999,-0.085935,-0.070708,-0.081273,-0.068408,-0.070279,-0.083276,-0.046321999999999995,-0.06261,-0.07695099999999999,-0.08011,-0.06166
196908,0.046900000000000004,0.008100000000000001,-0.0375,0.046664000000000004,0.042177,0.04201800000000001,0.026947999999999996,0.022791999999999996,0.065376,0.06178200000000001,0.034889,0.029014999999999996,0.027166,0.091532,0.083147,0.063607,0.023186,0.049995000000000005,0.090114,0.055438,0.034946000000000005,0.035895,0.018996,0.065853,0.04070000000000001,0.035266000000000006,0.038748,0.01431
196909,-0.0297,0.0123,-0.0322,-0.034283999999999995,-0.051637999999999996,-0.062159,-0.030152,-0.040612999999999996,0.0060609999999999995,-0.015167,-0.025522,-0.015113999999999999,-0.020741,0.0003630000000000005,-0.007219,-0.023957000000000003,-0.031374,-0.039666999999999994,-0.0028510000000000002,-0.01688,-0.02808,-0.041407,-0.042678,-0.01117,-0.029032,-0.040325,-0.056877,-0.052107
196910,0.0506,0.0392,-0.031200000000000002,0.135141,0.12412999999999999,0.08502199999999999,0.07598099999999999,0.057338999999999994,0.10361999999999999,0.07932999999999998,0.06079299999999999,0.057694,0.066704,0.083481,0.068783,0.069712,0.08559499999999999,0.062412,0.083949,0.052591,0.076967,0.058223000000000004,0.043406,0.054671000000000004,0.046493,0.038303000000000004,0.015168,0.031795000000000004
196911,-0.038,-0.0255,-0.0125,-0.09257,-0.07929599999999999,-0.060409000000000004,-0.069809,-0.07868699999999999,-0.038324,-0.058843000000000006,-0.039155999999999996,-0.06339,-0.062119999999999995,-0.050115999999999994,-0.052934999999999996,-0.069231,-0.038937,-0.06018899999999999,-0.027713,-0.043938000000000005,-0.032621,-0.062102000000000004,-0.065165,-0.019801,-0.038314,-0.042696,-0.053165000000000004,-0.024736
196912,-0.0263,-0.0368,-0.0288,-0.088361,-0.083878,-0.055166,-0.095408,-0.093015,-0.051812000000000004,-0.06814,-0.07696800000000001,-0.07,-0.066106,-0.030293,-0.027416,-0.046052,-0.05818,-0.058572000000000006,-6.200000000000042e-05,-0.05294,-0.024591,-0.027798,-0.046322,0.002457,-0.023438999999999998,-0.017274,-0.028692999999999996,-0.059167000000000004
197001,-0.081,0.0291,0.0317,-0.052172,-0.040022999999999996,-0.046822,-0.031366,-0.004985,-0.081478,-0.068394,-0.026779000000000004,-0.046998,-0.032395,-0.10312199999999999,-0.07491300000000001,-0.08755200000000002,-0.044098,-0.03824,-0.082732,-0.119479,-0.079584,-0.07139000000000001,-0.064901,-0.090515,-0.075784,-0.09770000000000001,-0.096016,-0.048669
197002,0.051399999999999994,-0.0239,0.0369,0.015319,0.030165,0.036750000000000005,0.026099,0.036821000000000007,0.037656,0.015221000000000002,0.026473,0.07569500000000001,0.069062,0.026973,0.024995,0.056440000000000004,0.049304,0.065815,0.030126999999999998,0.04908400000000001,0.056285,0.088593,0.062862,0.029439999999999997,0.053655,0.085026,0.060811000000000004,0.075608
197003,-0.0106,-0.0231,0.0408,-0.06997199999999999,-0.054492,-0.036626,0.0029850000000000007,-0.018687,-0.067322,-0.034524,-0.007403,-0.007161999999999999,0.0030260000000000018,-0.041472999999999996,-0.021318,-0.010459999999999999,0.015300999999999999,0.007084000000000001,-0.048306999999999996,-0.0033219999999999994,0.012632999999999998,-0.0030099999999999992,0.016893000000000002,-0.030492000000000002,-0.0016209999999999992,0.017328,0.004646,0.010206
197004,-0.1099,-0.061399999999999996,0.061399999999999996,-0.241734,-0.19423100000000001,-0.15377100000000002,-0.136027,-0.12497,-0.23237,-0.176412,-0.153094,-0.11418500000000001,-0.121576,-0.203262,-0.158279,-0.135001,-0.095311,-0.110444,-0.156578,-0.150823,-0.102532,-0.103377,-0.09733000000000001,-0.110061,-0.08688900000000001,-0.091868,-0.07661100000000001,-0.085008
197005,-0.069,-0.0461,0.0332,-0.10672,-0.10556600000000001,-0.094735,-0.08162900000000001,-0.110593,-0.136728,-0.091551,-0.11276399999999999,-0.088137,-0.089813,-0.119177,-0.120872,-0.131854,-0.07374299999999999,-0.08548399999999999,-0.108682,-0.10693399999999999,-0.082731,-0.073848,-0.081434,-0.088674,-0.05746999999999999,-0.048108,-0.008504000000000001,-0.045208
197006,-0.057999999999999996,-0.0208,0.0044,-0.129486,-0.087584,-0.081793,-0.088364,-0.066329,-0.107539,-0.07572899999999999,-0.087966,-0.076606,-0.067464,-0.08575,-0.056318,-0.06144,-0.051665,-0.075747,-0.033108,-0.057022,-0.046509999999999996,-0.03842,-0.10699,-0.07054,-0.043026,-0.039178,-0.029466999999999997,-0.08815200000000001
197007,0.0692,-0.0054,0.0088,0.04181399999999999,0.043237,0.05226599999999999,0.059754,0.032915,0.061629,0.075507,0.05173,0.10597100000000001,0.06699400000000001,0.07404100000000001,0.058154,0.08231300000000001,0.05139500000000001,0.071345,0.054977,0.08843899999999999,0.082261,0.08700700000000001,0.109901,0.039784,0.077417,0.08372,0.102189,0.056236999999999995
197008,0.045,0.0148,0.0139,0.041861,0.062365000000000004,0.066851,0.063613,0.059985,0.09195,0.073647,0.068624,0.074688,0.039632,0.054803,0.07562100000000001,0.050167,0.06019000000000001,0.06513000000000001,0.040004000000000005,0.075204,0.033924,0.04803,0.064199,0.035623,0.047748000000000006,0.038208,0.043823,0.057026
197009,0.0418,0.0863,-0.054400000000000004,0.22140900000000002,0.157344,0.151482,0.111435,0.11047699999999999,0.17336500000000002,0.167333,0.118011,0.06479700000000001,0.092208,0.14300600000000002,0.102,0.07542800000000001,0.044824,0.061142,0.08986999999999999,0.058514,0.041162,0.03462799999999999,0.07311,0.065602,-0.0017330000000000002,-0.008572,-0.002854,0.03862
197010,-0.0227,-0.0417,0.0023,-0.120394,-0.072767,-0.117093,-0.068446,-0.051115,-0.052204,-0.083594,-0.073077,-0.040318,-0.048039,-0.059259000000000006,-0.047363999999999996,-0.066002,-0.03089,-0.052283,-0.034030000000000005,-0.044022,-0.036158,-0.038956,-0.068244,-0.005894,-0.015271999999999999,-0.038483,-0.004021,-0.042305
197011,0.0462,-0.0397,0.015600000000000001,-0.04993,-0.024222,-0.026008999999999997,0.004011000000000001,-0.0028569999999999997,0.004399,0.007213000000000001,0.021949999999999997,0.054225,0.031829,0.027643,0.021884,0.048669000000000004,0.037689,0.016884999999999997,0.043422999999999996,0.030279,0.05574,0.07544099999999998,0.047897999999999996,0.046548,0.06332099999999999,0.048036,0.054169999999999996,0.052226999999999996
197012,0.0574,0.0282,0.010700000000000001,0.06914200000000001,0.06528400000000001,0.10382300000000001,0.11362,0.10180600000000001,0.0818,0.08128,0.082341,0.08876099999999999,0.087094,0.058228999999999996,0.085815,0.100216,0.08301399999999999,0.081357,0.05815599999999999,0.103108,0.08008200000000001,0.096731,0.071563,0.043244,0.054291,0.069968,0.046778,0.06495100000000001
197101,0.0483,0.0727,0.015700000000000002,0.149578,0.13093100000000002,0.153574,0.137269,0.154829,0.07422100000000001,0.115444,0.120774,0.10257100000000001,0.128223,0.078338,0.087106,0.09855900000000001,0.079084,0.096454,0.051569000000000004,0.066496,0.047979,0.080073,0.133694,0.036456,0.040773000000000004,0.027913999999999998,0.025915999999999998,0.036559999999999995
197102,0.0141,0.018600000000000002,-0.0125,0.075778,0.07214100000000001,0.05528500000000001,0.030501999999999998,0.037253,0.040306,0.021968,0.027933,0.018211999999999996,0.00011800000000000005,0.042079,0.012722999999999998,0.021402,0.009208999999999998,0.017289,0.031919,0.025286999999999997,0.0012850000000000006,0.028343999999999998,0.012888,0.019807,0.0006310000000000005,0.002615,0.0019749999999999993,0.009055
197103,0.0412,0.026000000000000002,-0.04,0.079337,0.043534,0.077025,0.059310999999999996,0.048001,0.07226199999999999,0.072116,0.052918,0.044358999999999996,0.013896000000000002,0.099775,0.08764899999999999,0.030134000000000005,0.027430000000000003,0.043743,0.067845,0.060195,0.042796999999999995,0.019209,0.031980999999999996,0.054194,0.024791999999999998,0.048756999999999995,0.011104,0.022049000000000003
197104,0.0315,-0.0049,0.0089,0.004324,0.031297000000000005,0.021132,0.027491,0.012241,0.017617,0.022102,0.019998,0.029046,0.063685,0.059872999999999996,0.040841,0.04408100000000001,0.019073,0.08086199999999999,0.026607000000000002,0.028779999999999997,0.015223,0.038575,0.089364,0.03238200000000001,0.053609000000000004,0.003889,0.022594,0.058773000000000006
197105,-0.039900000000000005,-0.0103,-0.013300000000000001,-0.07515100000000001,-0.058907,-0.075552,-0.053689,-0.065282,-0.031372,-0.065181,-0.056006999999999994,-0.048423999999999995,-0.04797,-0.044821999999999994,-0.030297,-0.054326,-0.037720000000000004,-0.042662,-0.021249999999999998,-0.036565,-0.046234000000000004,-0.034008,-0.044303999999999996,-0.027565,-0.046128,-0.045503,-0.053156999999999996,-0.042179
197106,-0.0009,-0.015300000000000001,-0.019799999999999998,-0.014209999999999999,-0.037846000000000005,-0.025182999999999997,-0.015590000000000001,-0.025645,0.030313,-0.018441,0.0017579999999999991,-0.025563000000000002,-0.037497,-0.017074,0.008842,-0.012722,-0.031083,-0.01692,0.006481000000000001,0.007290999999999999,0.018923000000000002,0.0010249999999999999,-0.044097,0.008207,-0.014995999999999999,-8.000000000000628e-06,0.003822999999999999,-0.003836
197107,-0.0449,-0.0151,-0.0002,-0.09093,-0.086536,-0.075377,-0.063026,-0.065274,-0.06654,-0.05421200000000001,-0.042452000000000004,-0.072894,-0.064689,-0.081801,-0.05022600000000001,-0.034208,-0.060163999999999995,-0.052645,-0.037611000000000006,-0.045774999999999996,-0.042308,-0.045529,-0.080865,-0.04299700000000001,-0.046359,-0.036808999999999995,-0.036967,-0.058942999999999995
197108,0.0379,-0.0022,0.0264,0.028868,0.038853,0.027746999999999997,0.040409,0.051205,0.033426,0.06980800000000001,0.030309,0.051775,0.078763,0.061051999999999995,0.040830000000000005,0.018089,0.061019000000000004,0.086063,0.063931,0.033590999999999996,0.021426,0.028356999999999997,0.09957099999999999,0.048777,0.043969999999999995,-0.015943,0.014968000000000002,0.131789
197109,-0.0086,0.005,-0.028999999999999998,0.012329000000000001,0.014628,-0.00819,-0.009617,-0.025237999999999997,0.018358,-0.012646,-0.022281000000000002,-0.022990999999999998,-0.026713,0.009720000000000001,-0.003174,-0.015177,-0.013139999999999999,-0.035295,0.015599999999999998,-0.013236,-0.005021,-0.006222,-0.049247000000000006,-0.0007279999999999999,-0.016455,-0.015998,-0.018257000000000002,-0.025185
197110,-0.044199999999999996,-0.0175,-0.0051,-0.079843,-0.07431,-0.07133199999999999,-0.050293000000000004,-0.07492499999999999,-0.060751,-0.057362,-0.036806,-0.050069,-0.068535,-0.081664,-0.0685,-0.031008,-0.054527,-0.051211,-0.03448,-0.037659000000000005,-0.02615,-0.061028000000000006,-0.062203999999999995,-0.039113,-0.065229,-0.033875,-0.030771,-0.043909000000000004
197111,-0.0046,-0.0277,-0.0167,-0.038326000000000006,-0.063176,-0.039987,-0.048454,-0.058406000000000007,-0.024091,-0.026805000000000002,-0.020841,-0.031639,-0.024345,-0.021854,-0.015641000000000002,-0.01564,-0.043262,-0.05308500000000001,-0.0017270000000000002,-0.022258,-0.028595000000000002,0.00377,-0.045732,0.006829999999999999,0.0029820000000000003,-0.0011950000000000003,-0.0092,-0.0008350000000000002
197112,0.08710000000000001,0.0329,-0.0038,0.137458,0.135903,0.106608,0.114617,0.12592499999999998,0.124432,0.136088,0.12402300000000001,0.10716700000000001,0.12119100000000001,0.13288899999999998,0.09555200000000001,0.09778,0.114465,0.114479,0.12072700000000001,0.092134,0.08252000000000001,0.07632700000000002,0.12144100000000001,0.08021700000000001,0.094687,0.081438,0.06570000000000001,0.085755
197201,0.024700000000000003,0.0584,0.0212,0.140009,0.136085,0.11255899999999999,0.104306,0.14378000000000002,0.079885,0.065027,0.051359,0.067006,0.101417,0.050739,0.041974,0.021040000000000003,0.052206999999999996,0.077083,0.025203,0.016438,0.014339999999999999,0.029188,0.07678600000000001,0.024537999999999997,0.003249,-0.009552999999999999,0.005273,0.061015
197202,0.0287,0.0132,-0.028300000000000002,0.028549000000000005,0.053232999999999996,0.040937999999999995,0.040218,0.032096,0.049015,0.042614,0.03969299999999999,0.016749000000000003,0.03444,0.062906,0.041319999999999996,0.014447,0.00259,0.018438,0.052801,0.012943999999999999,-0.002362,0.019211000000000002,0.0014979999999999998,0.044363,0.022040000000000004,0.008982,0.001258,-0.001907
197203,0.0062,-0.0029,-0.0161,0.017609,0.0023139999999999992,-0.020962,-0.016569,-0.011186000000000001,0.017605,0.013717,-0.011765000000000001,-0.010054,-0.016261,0.023555,0.007873999999999999,0.013482999999999998,0.005801999999999999,-0.016940999999999998,0.007164000000000001,-0.005484,0.02907,0.013881999999999999,0.008990000000000001,0.022721999999999996,0.0020360000000000005,-0.033786,-0.021793,0.025861999999999996
197204,0.0029,0.0016,0.0003,-0.0017169999999999998,0.0030099999999999997,-0.013259,0.007629,0.008817,-0.0009769999999999998,0.0031460000000000004,0.01769,0.012504,0.013277,0.015015,-0.01274,-0.0031659999999999995,0.008169000000000001,-0.004765,-0.012659,-0.009019,-0.006645,0.009623,0.032300999999999996,0.006914,0.009841,-0.0010129999999999998,-0.0013169999999999998,-0.013833999999999999
197205,0.0129,-0.0271,-0.027200000000000002,-0.023590999999999997,-0.022699999999999998,-0.040037,-0.024705,-0.027142,-0.007057,-0.01875,-0.022418,-0.037782,-0.020592,0.011503,-0.024582,0.007055000000000001,-0.014291000000000002,-0.043373,0.038909,-0.02208,-0.016047,-0.004437,0.003327,0.029780000000000004,-0.008756,0.027205000000000003,0.006967,-0.029838
197206,-0.024300000000000002,0.0028000000000000004,-0.0246,-0.044885999999999995,-0.045556,-0.037904,-0.033035,-0.0429,-0.04232,-0.035906,-0.018446999999999998,-0.016459,0.0064410000000000005,-0.0012219999999999998,-0.022510000000000002,-0.042456,-0.056219,-0.061558,-0.0453,-0.025003,-0.024451999999999998,-0.048765,-0.080973,-0.010017999999999999,-0.037658,-0.028774,-0.026338,-0.069653
197207,-0.008,-0.028999999999999998,0.006,-0.070471,-0.053527,-0.038986,-0.039016999999999996,-0.031095,-0.056513,-0.051712,-0.037521,-0.022466,-0.045051,-0.036754999999999996,-0.017809000000000002,-0.034731,-0.012883,-0.006673,-0.039442,-0.031361,-0.023780999999999997,-0.003042,-0.028904,0.01306,-0.01849,-0.0005599999999999997,-0.016846,-0.019551
197208,0.0327,-0.039900000000000005,0.045599999999999995,-0.01797,-0.026455000000000003,0.008339,-0.007568999999999999,0.019596000000000002,-0.007963,-0.019165,0.013423000000000001,0.013227,0.049634,-0.0006489999999999998,0.018438,0.025198,0.053872,0.025554999999999998,-0.0015789999999999999,0.024095000000000002,0.045951000000000006,0.049613,0.067315,0.004628,0.06529499999999999,0.071098,0.08622300000000001,0.058766
197209,-0.011399999999999999,-0.026600000000000002,0.0049,-0.051916000000000004,-0.051896,-0.048010000000000004,-0.042829,-0.04499500000000001,-0.038470000000000004,-0.041235,-0.02409,-0.028692,-0.033158,-0.016599000000000003,-0.031935,-0.013379,-0.024288,-0.030568,-0.022683,-0.035891,-0.009186,-0.02713,-0.044123,-0.0018270000000000003,-0.01969,-0.021587,0.016676,-0.040999999999999995
197210,0.0052,-0.0273,0.012199999999999999,-0.039695999999999995,-0.031271999999999994,-0.02867,-0.026129,-0.023552,-0.044685,-0.008292,0.011488,0.0012790000000000006,-0.008729,-0.033586000000000005,-0.012236,0.011119,0.002182,-0.009840999999999999,-0.020236999999999998,-0.0015010000000000002,0.006631,0.019506,-0.010988,0.0059819999999999995,0.005907000000000001,0.017373000000000003,0.019988999999999996,0.006565
197211,0.046,-0.0118,0.048799999999999996,0.0026829999999999996,0.037648999999999995,0.039184000000000004,0.056262999999999994,0.055201,0.038084999999999994,0.043985,0.072756,0.043439,0.068015,0.027627,0.038572999999999996,0.061309999999999996,0.07484400000000001,0.07111,0.06381800000000001,0.065667,0.06656000000000001,0.06699100000000001,0.10553,0.012506999999999999,0.063855,0.06275700000000001,0.07749,0.13484
197212,0.0062,-0.0195,-0.0218,-0.022795999999999997,-0.033421,-0.032483,-0.029313,-0.019326000000000003,-0.009615,-0.030045000000000002,-0.0018330000000000002,-0.036834000000000006,-0.027892,0.0043219999999999995,-0.006670000000000001,-0.008441,-0.016868,-0.032443,0.00024200000000000003,-0.018056000000000003,-0.013337,-0.018705,-0.047943,0.033377,-0.004152,-0.01006,-0.004307,-0.030058
197301,-0.0327,-0.0349,0.027000000000000003,-0.08675300000000001,-0.046103000000000005,-0.041818,-0.039821999999999996,-0.018436,-0.110643,-0.061761,-0.072926,-0.030251000000000004,-0.06433599999999999,-0.078901,-0.08150400000000001,-0.064261,-0.039935000000000005,-0.058089,-0.067945,-0.081612,-0.060812000000000005,-0.038946,-0.049769,-0.020408000000000003,-0.043589,-0.014886,0.0018849999999999995,-0.048011000000000005
197302,-0.048499999999999995,-0.038900000000000004,0.016399999999999998,-0.144924,-0.092925,-0.091373,-0.084042,-0.063195,-0.141746,-0.08489699999999999,-0.077579,-0.06189700000000001,-0.059691,-0.11725300000000001,-0.08669599999999998,-0.07844899999999999,-0.037874000000000005,-0.073872,-0.084246,-0.087408,-0.049291,-0.040502,-0.026966999999999998,-0.026473999999999998,-0.033697,-0.053609000000000004,-0.063609,-0.038064
197303,-0.013000000000000001,-0.0278,0.025699999999999997,-0.068525,-0.045094,-0.029171,-0.014694,-0.023202,-0.054637000000000005,-0.029085,-0.029009,-0.02637,-0.007429999999999999,-0.049551,-0.048994,-0.02665,-0.021120999999999997,0.005017000000000001,-0.044922,-0.044219,-0.022275,-0.028569,0.0023899999999999998,-0.01191,-0.014275,0.013582,0.014075999999999998,0.011084
197304,-0.056799999999999996,-0.0384,0.053899999999999997,-0.13031,-0.103693,-0.07217499999999999,-0.067037,-0.059159,-0.144521,-0.09927,-0.06243,-0.046839000000000006,-0.055186,-0.11322499999999999,-0.070545,-0.043603,-0.043297,-0.04941999999999999,-0.11413599999999999,-0.08430699999999999,-0.036933999999999995,-0.033642,-0.047968,-0.063999,-0.038941,-0.02649,-0.01262,-0.032867
197305,-0.0297,-0.06269999999999999,0.0038,-0.118872,-0.117402,-0.09411999999999998,-0.08347199999999999,-0.088784,-0.116842,-0.09645600000000001,-0.08307999999999999,-0.06254100000000001,-0.098194,-0.09614,-0.090507,-0.048408,-0.038593,-0.073355,-0.07358300000000001,-0.08915300000000001,-0.028204,-0.030685,-0.054105,-0.0029040000000000003,-0.015817,-0.015033,-0.038307,-0.061595
197306,-0.015700000000000002,-0.028399999999999998,0.011399999999999999,-0.055835,-0.044013000000000004,-0.05361,-0.032937,-0.028674,-0.074267,-0.041979,-0.034453,-0.026285999999999997,-0.024182,-0.065836,-0.035459,-0.021418,-0.017779000000000003,-0.032247,-0.050816,-0.043165,-0.036398,-0.014577,-0.043622,-0.008859,-0.00854,0.0035580000000000004,-0.012898,-0.025446000000000003
197307,0.0504,0.07919999999999999,-0.0526,0.18432,0.15528500000000003,0.11312799999999999,0.12757000000000002,0.101337,0.208226,0.13395,0.10773999999999999,0.06104699999999999,0.09389099999999999,0.18247100000000002,0.089839,0.073377,0.017153,0.07070499999999999,0.14710900000000002,0.08398,0.055719,0.031311,0.081038,0.047859,0.050670999999999994,-0.008317,0.013314,0.035746999999999994
197308,-0.0382,-0.02,0.0103,-0.060985000000000004,-0.075371,-0.06745799999999999,-0.06655,-0.052571,-0.034284999999999996,-0.080372,-0.054465,-0.059323,-0.047975000000000004,-0.03726,-0.05168,-0.041728,-0.034348,-0.014738999999999999,-0.031562,-0.018394,-0.032192,-0.025710999999999998,-0.014865999999999999,-0.041388999999999995,-0.029275999999999996,-0.04394,-0.032386,0.0008340000000000014
197309,0.047400000000000005,0.029300000000000003,0.0222,0.113777,0.104744,0.06235600000000001,0.071312,0.063707,0.103809,0.107421,0.11168,0.063078,0.096559,0.10605600000000001,0.091205,0.09490799999999999,0.083313,0.09846300000000001,0.0921,0.11283699999999999,0.10463399999999999,0.09320999999999999,0.10727,-0.0036560000000000004,0.063986,0.079442,0.079343,0.076005
197310,-0.0083,-0.0021,0.0166,-0.031562,-0.0017540000000000004,0.008076999999999999,-0.006912000000000001,0.006862999999999999,-0.036601,-0.036362000000000005,0.0021779999999999994,0.011236000000000001,0.0022979999999999997,-0.045058,0.016987000000000002,0.0020949999999999996,-0.008804000000000001,0.008737,-0.029712999999999996,-0.025272999999999997,0.002310999999999999,-0.008776,0.009843,-0.0011920000000000004,-0.014173000000000002,-0.004848000000000001,-0.036464,0.018890999999999998
197311,-0.1278,-0.07719999999999999,0.0409,-0.257009,-0.216035,-0.198453,-0.17496099999999998,-0.187553,-0.238038,-0.204536,-0.20019499999999998,-0.16402599999999998,-0.167233,-0.233601,-0.18952399999999997,-0.168964,-0.126039,-0.159287,-0.20866,-0.177275,-0.144987,-0.132288,-0.153022,-0.11446400000000001,-0.129499,-0.11405599999999999,-0.068523,-0.088528
197312,0.0059,-0.054000000000000006,0.0401,-0.04439,-0.053515,-0.034465,-0.045205,-0.049281000000000005,-0.011894,-0.049447000000000005,-0.013382000000000002,-0.016696000000000003,-0.017222,-0.018876,-0.0022970000000000004,0.001541999999999999,0.004873999999999999,0.017358,-0.0035780000000000005,0.016943,0.06161599999999999,0.024068000000000003,0.06421299999999999,-0.023361999999999997,0.0014349999999999996,0.06638999999999999,0.043940999999999994,0.105002
197401,-0.0016,0.0968,0.059500000000000004,0.09754299999999999,0.138536,0.142289,0.12289,0.179075,0.04052,0.099591,0.08905500000000001,0.096257,0.132523,0.044104,0.042592,0.075585,0.064088,0.109307,-0.028260999999999998,0.021995,0.02294,0.07348,0.050102,-0.025323000000000002,0.0012229999999999993,-0.036111000000000004,0.0005539999999999998,-0.007111
197402,-0.0046,0.0,0.024700000000000003,-0.010304,-0.015,-0.010818,-0.0038469999999999997,0.005495,-0.0020559999999999997,0.013201999999999998,0.006071,0.011937,0.033166,-0.033715,-0.0013089999999999994,0.006026000000000002,-0.0027199999999999998,0.017708,-0.030207,0.004141000000000001,0.01815,0.015488000000000002,0.029861,-0.017385,0.010235999999999999,-0.01424,0.02187,0.032885
197403,-0.0282,0.025,-0.0014000000000000002,-0.004104000000000001,-0.012108,-0.0026060000000000007,0.008658999999999998,0.015876,-0.020228000000000003,0.006451,-0.01996,-0.014613000000000001,-0.00019600000000000086,-0.021034000000000004,-0.014033000000000002,-0.035049,-0.023493,-0.015724000000000002,-0.03117,-0.043521000000000004,-0.055240000000000004,-0.033371,-0.027655,-0.019772,-0.042675,-0.02959,-0.04043,-0.053238999999999995
197404,-0.0528,-0.0068000000000000005,0.0092,-0.053952,-0.066599,-0.063544,-0.059531999999999995,-0.046899,-0.091199,-0.07157,-0.069334,-0.041361,-0.04003,-0.070108,-0.07519999999999999,-0.043818,-0.06434000000000001,-0.031289,-0.07686599999999999,-0.07636899999999999,-0.066556,-0.07425899999999999,-0.023888,-0.034744,-0.055807,-0.057767,-0.068689,-0.06185399999999999
197405,-0.047,-0.029300000000000003,-0.0208,-0.09079300000000001,-0.08162,-0.087566,-0.07831099999999999,-0.07111699999999999,-0.071969,-0.088231,-0.084226,-0.081652,-0.08135400000000001,-0.08060900000000001,-0.09626699999999999,-0.07591999999999999,-0.082287,-0.09073900000000001,-0.06883,-0.094947,-0.061300999999999994,-0.06775800000000001,-0.080983,-0.016196000000000002,-0.040307,-0.06434999999999999,-0.040931999999999996,-0.086085
197406,-0.028399999999999998,-0.0024,0.0083,-0.043151,-0.038724999999999996,-0.030467,-0.029285,-0.021346999999999998,-0.041324,-0.046445,-0.038368,-0.012787,-0.01183,-0.048625999999999996,-0.032343000000000004,-0.038271999999999994,-0.051555000000000004,-0.010817,-0.039050999999999995,-0.039972,-0.030005999999999998,-0.059079999999999994,-0.050222,-0.020900000000000002,-0.037495999999999995,-0.023531000000000003,-0.026432000000000004,0.009684
197407,-0.0806,0.0078000000000000005,0.0516,-0.09171500000000002,-0.062419999999999996,-0.057900999999999994,-0.052178,-0.048467,-0.08482499999999998,-0.050188,-0.050046,-0.042962,-0.035372,-0.073715,-0.029587000000000002,-0.031339,-0.038012,0.002700000000000001,-0.092003,-0.06584000000000001,-0.029151999999999997,-0.014463,-0.023177,-0.11594399999999999,-0.048711,-0.043423,-0.0482,-0.058544
197408,-0.09390000000000001,-0.0069,0.026099999999999998,-0.097024,-0.08929300000000001,-0.081086,-0.081209,-0.075933,-0.10183,-0.115999,-0.066131,-0.08207800000000001,-0.060772999999999994,-0.114692,-0.11027500000000001,-0.073662,-0.07879,-0.07499600000000001,-0.12383300000000001,-0.094539,-0.091932,-0.065969,-0.071303,-0.106071,-0.08246400000000001,-0.051925,-0.08540500000000001,-0.09288900000000001
197409,-0.11789999999999999,0.0027,0.054299999999999994,-0.137018,-0.09450599999999999,-0.077688,-0.077969,-0.09481699999999998,-0.129681,-0.083095,-0.087226,-0.084686,-0.08194,-0.140048,-0.09022799999999999,-0.076198,-0.055762000000000006,-0.072631,-0.123732,-0.07661,-0.061046,-0.064218,-0.084731,-0.15728599999999998,-0.107853,-0.057395,-0.060552,-0.074413
197410,0.1611,-0.034300000000000004,-0.09910000000000001,0.158912,0.06656100000000001,0.06709400000000001,0.071912,0.08345,0.159186,0.10222799999999999,0.06278600000000001,0.076287,0.062467,0.182626,0.104598,0.06842200000000001,0.078484,0.09701600000000002,0.20699900000000002,0.12707800000000002,0.10997300000000002,0.095193,0.08271800000000001,0.21693099999999998,0.133252,0.128301,0.100906,0.008823000000000001
197411,-0.0453,-0.011699999999999999,-0.0025,-0.066518,-0.062032,-0.055886000000000005,-0.057683,-0.07476200000000001,-0.04779200000000001,-0.045804000000000004,-0.044307,-0.056926,-0.07592399999999999,-0.052526,-0.045082000000000004,-0.033986,-0.046893000000000004,-0.024925999999999997,-0.028283000000000003,-0.008965,-0.020644000000000003,-0.045403000000000006,-0.053337,-0.051068,-0.038543,-0.046259,-0.029432,-0.047230999999999995
197412,-0.0344,-0.047400000000000005,0.0012,-0.077853,-0.088334,-0.07947399999999999,-0.08199799999999999,-0.09670499999999999,-0.070349,-0.068392,-0.059226,-0.075763,-0.06344,-0.06301999999999999,-0.04927,-0.047872,-0.056878,-0.079481,-0.051703,-0.035227999999999995,-0.046626,-0.02813,-0.093745,-0.045274,-0.002697999999999999,0.006441000000000002,-0.018046,0.011779000000000001
197501,0.1367,0.1106,0.08259999999999999,0.24618500000000001,0.29489,0.277014,0.276856,0.32623499999999994,0.208654,0.260406,0.26035300000000006,0.266008,0.29074199999999994,0.183987,0.244551,0.214749,0.22914900000000002,0.286401,0.150247,0.19665999999999997,0.233073,0.23489700000000002,0.272741,0.087212,0.13397499999999998,0.13352,0.192862,0.150997
197502,0.0556,0.0012,-0.0447,0.072869,0.047578,0.027837,0.031768,0.045559,0.08102400000000001,0.063567,0.011267,0.033863000000000004,0.015891000000000002,0.069885,0.027653000000000004,0.028123000000000002,0.041544,0.042354,0.06061799999999999,0.022781000000000003,0.013155000000000002,0.02402,0.023256,0.09176400000000001,0.0232,0.033371000000000005,0.017784,-0.036639
197503,0.026600000000000002,0.0375,0.0242,0.085309,0.103624,0.08397000000000002,0.07591899999999999,0.09337699999999999,0.064058,0.067414,0.064666,0.054796,0.08124200000000001,0.055466999999999995,0.06224699999999999,0.038443,0.067021,0.048977,0.055157,0.057905,0.049021,0.046519,0.046317,0.022982000000000002,0.014329000000000001,-0.016042999999999998,0.058654000000000005,0.057413
197504,0.042199999999999994,-0.0064,-0.0113,0.06802899999999999,0.058218000000000006,0.037293,0.024489999999999998,0.026393,0.055852,0.03343,0.023089,0.009263,0.035216,0.052295999999999995,0.044098,0.047443,0.033838,0.028376,0.065273,0.028252,0.023460999999999996,0.044853,0.061652,0.052807999999999994,0.043146,0.0042569999999999995,0.050412,0.045709
197505,0.052000000000000005,0.0393,-0.0405,0.11288899999999999,0.10701899999999999,0.07947,0.075029,0.06655900000000001,0.11698199999999999,0.074142,0.065322,0.074059,0.07259,0.048195,0.077434,0.039432,0.075567,0.008062,0.07304,0.052237000000000006,0.050165,0.034796,0.053789000000000003,0.045322999999999995,0.08150500000000001,0.04221,-0.008141,0.005119999999999999
197506,0.0487,0.008100000000000001,0.013500000000000002,0.051952,0.072795,0.070768,0.08548,0.07731199999999999,0.09117799999999998,0.06923000000000001,0.06731499999999999,0.07977800000000002,0.025695,0.053832,0.048128000000000004,0.062243,0.051692,0.043587999999999995,0.048191,0.07361999999999999,0.072349,0.10134000000000001,0.085536,0.031427000000000004,0.06723399999999999,0.044552,0.06395400000000001,0.07015099999999999
197507,-0.066,0.026600000000000002,0.0176,-0.022151999999999998,-0.0025129999999999996,-0.018611,-0.011557999999999999,-0.011019999999999999,-0.04084,-0.037150999999999997,-0.027920999999999998,-0.039424999999999995,-0.045698,-0.056416999999999995,-0.038902,-0.039312,-0.042601999999999994,-0.064553,-0.077591,-0.068741,-0.046864,-0.047730999999999996,-0.073276,-0.08622899999999999,-0.045832,-0.051079,-0.061862,-0.020347999999999998
197508,-0.028399999999999998,-0.0317,-0.0091,-0.073087,-0.067574,-0.051418000000000005,-0.059037,-0.08297,-0.051966,-0.043417,-0.058724,-0.045821,-0.08385999999999999,-0.043891,-0.038079999999999996,-0.036545,-0.047799,-0.061277000000000005,-0.048846,-0.038530999999999996,-0.036274,-0.029219,-0.011664,-0.024266,-0.023042,-0.022167,0.017009,-0.049435999999999994
197509,-0.0426,-0.0016,0.0033,-0.060207000000000004,-0.030846000000000002,-0.038464,-0.034974,-0.043671,-0.038162,-0.04481,-0.04022,-0.039823,-0.059782999999999996,-0.057918,-0.033644,-0.045897,-0.047034,-0.045565,-0.050476999999999994,-0.039687,-0.039897,-0.036781,-0.050032,-0.051565,-0.018394,-0.029431999999999996,-0.04768699999999999,-0.058842
197510,0.053200000000000004,-0.0408,0.0034999999999999996,0.006711,0.007809999999999999,0.021431999999999996,0.023832,0.004542999999999998,0.016663999999999998,0.035716,0.008447999999999999,0.035453,0.036678,0.013121,0.033034,0.029706000000000003,0.046958999999999994,-0.0019520000000000006,0.051299,0.057816,0.065306,0.050159999999999996,0.063716,0.066086,0.050643,0.03853,0.062831,0.033412
197511,0.0265,-0.012199999999999999,0.0203,-0.004902999999999999,0.016214000000000003,0.014232999999999999,0.018937000000000002,0.033219,-0.004437999999999999,0.027442,0.017068999999999997,0.037583000000000005,0.037118000000000005,0.015451,0.024879,0.042244000000000004,0.038077,0.006976999999999999,0.025515,0.036692,0.035987000000000005,0.066222,0.056513,0.028596000000000003,0.017254000000000002,0.028259,0.02563,0.043273000000000006
197512,-0.016,-0.0087,0.017,-0.013409,-0.016985999999999998,-0.016128,-0.017091000000000002,-0.017407,-0.031023,-0.019187,0.003902,-0.014984,-0.02717,-0.013142999999999998,-0.019674,0.00232,-0.006933,0.026062,-0.029117,0.002302000000000001,-0.006456,-0.009024999999999998,-0.012457,-0.030785999999999997,0.004339000000000002,-0.0024649999999999993,0.001589000000000001,0.047676
197601,0.1215,0.0487,0.0863,0.15220899999999998,0.16486800000000001,0.21021099999999998,0.230247,0.26457800000000004,0.12561999999999998,0.15996899999999997,0.160683,0.20763399999999999,0.26291800000000004,0.157152,0.14610299999999998,0.165041,0.17858299999999996,0.21117599999999997,0.12268,0.12978299999999998,0.160584,0.18098699999999998,0.221276,0.106789,0.090433,0.134133,0.16555099999999998,0.14693299999999998
197602,0.0031,0.0697,0.0571,0.098579,0.070518,0.09782099999999999,0.114414,0.15434599999999998,0.07192,0.06070300000000001,0.070284,0.083447,0.109794,0.035559,0.03427,0.051682000000000006,0.067675,0.127554,0.003900999999999999,0.030338000000000004,0.039652,0.045645,0.035916,-0.026721,0.010753,-0.011781999999999999,-0.013465,0.091018
197603,0.0232,-0.011699999999999999,-0.0011,0.028229,0.017417000000000002,0.016225,0.003255,0.01047,0.005157999999999999,0.006249999999999999,-0.002308,0.007911,0.023152,0.009066,0.004595999999999999,0.015781,0.015552,0.017419,0.004853,0.016607,0.008048000000000001,0.011671,0.06404599999999999,0.027416,0.032845,0.025891,0.027458,-0.014107
197604,-0.0149,-0.0008,-0.0016,-0.016803,-0.012573999999999998,-0.030931999999999998,-0.015299,-0.022972,-0.01656,-0.020047,-0.010204999999999999,-0.014173999999999999,-0.025661,-0.019777,-0.00389,-0.011087,-0.013883,-0.009139,-0.0203,-0.017984,-0.009492,-0.026987,-0.041545000000000006,-0.026938,-0.0006729999999999996,0.011801000000000002,0.004083000000000001,0.007239
197605,-0.0134,-0.011899999999999999,-0.0129,-0.022321,-0.021809000000000002,-0.019138000000000002,-0.039948000000000004,-0.048635000000000005,-0.009458999999999999,-0.024424,-0.014038,-0.029984000000000004,-0.047712000000000004,-0.018619999999999998,-0.018172,-0.020042000000000004,-0.018312000000000002,-0.033569,-0.027230999999999998,-0.015902,-0.013954000000000001,-0.046048,0.00856,-0.014249999999999999,0.0021859999999999996,-0.013357,-0.024207,0.010251
197606,0.0406,-0.0132,0.0073,0.038556,0.017814999999999998,0.015618000000000002,0.028901999999999997,0.016203999999999996,0.022163000000000002,0.026860999999999996,0.029732,0.03159,0.056571,0.039487,0.048941,0.061188000000000006,0.040976,0.07710800000000001,0.036791,0.046103000000000005,0.065842,0.079453,0.034822,0.038787,0.035502,0.052031,0.053788,0.025131
197607,-0.0106,0.0028000000000000004,0.0174,-0.014586,-0.023869,0.002993000000000001,-0.008128,0.0062650000000000015,-0.015564999999999999,-0.006062,0.022476999999999997,-0.0015949999999999992,0.010290000000000002,-0.019713,-0.010308999999999999,0.0011540000000000014,0.00037300000000000007,-0.0015629999999999997,-0.020538,0.0002340000000000007,-2.499999999999898e-05,0.011378,0.009178,-0.020987,-0.0027729999999999994,-0.0023979999999999995,-0.012229,0.021697
197608,-0.005699999999999999,-0.020499999999999997,0.0079,-0.048098,-0.021741,-0.016588,-0.021342,-0.02188,-0.04917,-0.02166,-0.028912999999999998,-0.017369,-0.020087999999999998,-0.030844999999999997,-0.018231999999999998,-0.013787999999999998,-0.005481,-0.045887000000000004,-0.030907999999999998,-0.0010639999999999998,0.010837,-0.013672,5.500000000000036e-05,-0.006980999999999999,-2.199999999999945e-05,0.014484,-0.009542,0.006459
197609,0.0206,0.0008,-0.0031,0.018965999999999997,0.015205999999999997,0.008438000000000001,0.0195,0.016638,0.039735,0.038539,0.023577999999999998,0.028319999999999998,0.015799999999999998,0.030456999999999998,0.023578999999999996,0.021216,0.023222,0.004045000000000001,0.018322,0.018109,0.026074,0.027873999999999996,0.008628,0.011899999999999997,0.039566000000000004,0.028488,0.032577999999999996,-0.010699
197610,-0.0242,0.0014000000000000002,-0.0017000000000000001,-0.031584,-0.021488,-0.020272,-0.020408,-0.028973,-0.033002000000000004,-0.038953999999999996,-0.026966,-0.018637,-0.015434999999999999,-0.038304,-0.004696,-0.019111000000000003,-0.014665999999999998,-0.040797,-0.026423,-0.017575999999999998,-0.015394,-0.022309,-0.033600000000000005,-0.027838,-0.029088999999999997,-0.01124,-0.033449,-0.044253999999999995
197611,0.0036,0.023399999999999997,0.015300000000000001,0.052254999999999996,0.030143,0.015969,0.019169,0.030236000000000002,0.024389,0.030643,0.027027999999999996,0.040568999999999994,0.041656,0.033548999999999995,0.030575,0.027625,0.039099999999999996,0.066215,0.040273,0.028412999999999997,0.029879,0.021963,0.012988,-0.020338,-0.0025910000000000004,0.016628999999999998,0.013308,0.039755
197612,0.0565,0.030299999999999997,0.0223,0.10276500000000001,0.090519,0.093171,0.10584500000000001,0.09423999999999999,0.08786999999999999,0.087725,0.08879799999999999,0.08827600000000001,0.11344099999999999,0.052555000000000004,0.090646,0.083591,0.081218,0.076482,0.05706,0.066511,0.06988799999999999,0.09074399999999999,0.09136,0.034982,0.06895799999999999,0.05283,0.070438,0.06276599999999999
197701,-0.0403,0.0475,0.0432,0.025868000000000002,0.037855,0.025070000000000002,0.03986700000000001,0.051971,-0.006328,0.021185,-0.0006199999999999999,0.018341000000000003,0.028347000000000004,-0.024463,-0.005849,0.0066229999999999995,0.005907,0.0027859999999999994,-0.045844,-0.030518999999999998,-0.028335,-0.005618,0.012407000000000001,-0.082251,-0.036963,-0.013436,-0.019676,0.0037070000000000002
197702,-0.0194,0.0103,0.0045000000000000005,-0.007803,-0.0064399999999999995,-0.005317,-0.007411999999999999,-0.0005449999999999999,-0.021359,-0.015038,-0.005397,-0.004846,-0.019846,-0.044856999999999994,-0.013486,-0.026246,-0.0015439999999999998,-0.038334999999999994,-0.033589,-0.020679,-0.023491,-0.019965,-0.025685,-0.015520999999999998,-0.03622499999999999,-0.010661,-0.027042999999999998,-0.012782
197703,-0.013500000000000002,0.009899999999999999,0.0109,-0.0006380000000000001,-0.001536,0.007108,0.012578999999999998,0.007476999999999999,0.0012490000000000005,-0.011439,0.012853999999999999,-0.0059629999999999996,-0.009415999999999999,-0.004335,0.010891000000000001,-0.006203,-0.005385,0.0030969999999999995,-0.022653,-0.001529,0.005426,0.007523000000000002,0.04552400000000001,-0.020730000000000002,-0.022065,-0.016933,-0.008926,-0.001569
197704,0.0015,-0.0013,0.0338,0.009196000000000001,-0.001372,0.011622,0.019203999999999995,0.022669999999999996,0.007415999999999999,0.011986000000000002,0.009977999999999999,0.017297,0.022910999999999997,0.001023,0.0041600000000000005,0.016697999999999998,0.021282,0.019717,-0.010251,0.017539999999999997,0.023778,0.020353999999999997,0.023433999999999996,-0.025515,0.017836,0.010398,0.032795000000000005,0.056176000000000004
197705,-0.0147,0.0125,0.008100000000000001,-0.021086,-0.009022,0.000869,-0.0008899999999999997,0.008595,0.004486,-0.01254,-0.006240000000000001,0.0035640000000000003,-0.020680999999999998,-0.010391000000000001,-0.00346,0.0016959999999999996,0.0008129999999999995,0.0044139999999999995,-0.008422,-0.013973000000000001,-0.004194,-0.015723,-0.020297000000000003,-0.029389000000000005,-0.012322999999999999,0.0020749999999999996,-0.018493000000000002,-0.034171
197706,0.0472,0.0207,-0.0062,0.054909,0.061888,0.06994399999999999,0.05022399999999999,0.07006799999999999,0.081342,0.061403,0.05950999999999999,0.051185999999999995,0.08108800000000001,0.085809,0.058573,0.05687500000000001,0.043694,0.055250999999999995,0.060793,0.04475,0.045353000000000004,0.044295,0.065802,0.055861999999999995,0.035638,0.025144,0.048415,0.015826999999999997
197707,-0.0169,0.0209,-0.006,0.008172000000000002,0.0022830000000000003,0.009061,0.0018209999999999997,0.004972,-0.013817,-0.004326,-0.009637999999999999,0.0016650000000000007,-0.0010409999999999994,-0.004268999999999999,-0.0030289999999999996,-0.016902999999999998,-0.014612,-0.014727999999999998,-0.014682,-0.036895000000000004,-0.010519,-0.014771,-0.048827999999999996,-0.017109,-0.031843,-0.01188,-0.005997,-0.053096
197708,-0.0176,0.0155,-0.0277,0.006068999999999999,-0.009161,-0.008900000000000002,-0.017687,-0.022161,0.003886999999999999,-0.012496,-0.020210000000000002,-0.013493999999999999,-0.019482,0.014012999999999998,-0.016956000000000002,-0.011417,-0.010721999999999999,-0.01543,-0.018607000000000002,-0.017639000000000002,-0.024514,-0.024710000000000003,-0.037467,0.006412999999999999,-0.039606,-0.033962,-0.053034000000000005,-0.046565999999999996
197709,-0.0027,0.015,-0.0026,0.016687,0.020353999999999997,0.003998999999999999,0.01317,0.009048,0.001901,0.003992000000000001,0.011764000000000002,0.0010930000000000002,0.0005570000000000002,0.015335,0.010579,0.008243,-0.003398,-0.004625,0.005132000000000001,-0.0011120000000000001,0.0036939999999999994,0.0031060000000000003,-0.016452,-0.013227000000000001,-0.012236,0.018333999999999996,-0.00039999999999999975,-0.005423
197710,-0.043899999999999995,0.011899999999999999,0.016200000000000003,-0.050587,-0.032521,-0.030416,-0.015424,-0.027238,-0.057903,-0.029116000000000003,-0.0429,-0.005056,-0.034171,-0.040733,-0.027098000000000004,-0.028916999999999998,-0.028296,-0.032628000000000004,-0.044320000000000005,-0.037299,-0.033853,-0.046114,-0.054550999999999995,-0.050141,-0.045964,-0.055317,-0.029925,-0.040849
197711,0.04,0.0368,0.0023,0.08983999999999999,0.080897,0.078217,0.063677,0.08562099999999999,0.079746,0.09091699999999998,0.084305,0.065556,0.07707499999999999,0.062549,0.070852,0.055309000000000004,0.052625000000000005,0.080688,0.0659,0.058677,0.051258000000000005,0.064659,0.07452299999999999,0.030976,0.028563999999999996,0.025003,0.024662,0.042229
197712,0.0027,0.013600000000000001,-0.0029,0.043578,0.031201,0.022704000000000002,0.021517,0.013193999999999999,0.023572000000000003,0.010820000000000001,0.0024929999999999996,-0.00028399999999999953,0.019625000000000004,0.011087000000000001,0.001006,0.015117,0.006567,0.0006870000000000001,-0.0010309999999999998,0.0037540000000000004,0.0007520000000000009,-0.00672,-0.011174,-0.004504,0.005778,0.007036000000000001,-0.001205,0.008595
197801,-0.06,0.022799999999999997,0.0338,-0.017096,-0.037487000000000006,-0.018554,-0.015522,-0.0006240000000000004,-0.058678,-0.058947,-0.030161999999999994,-0.024819,-0.025225000000000004,-0.072877,-0.054833,-0.039429000000000006,-0.036263000000000004,-0.018559,-0.06612499999999999,-0.066972,-0.059736000000000004,-0.046702,-0.020323,-0.067861,-0.076928,-0.058981000000000006,-0.054565,-0.034215999999999996
197802,-0.0139,0.0359,0.008100000000000001,0.028052,0.024958,0.034482,0.028109999999999996,0.032066,0.013323000000000002,0.009916,0.009222000000000001,0.016726,-0.0001799999999999996,0.0012220000000000009,0.013024,0.0010369999999999997,0.0006669999999999992,0.009143,-0.016881,-0.01151,-0.012389,0.004622000000000001,-0.017729,-0.03673,-0.020062,0.019714,-0.014743,-0.041125
197803,0.0285,0.0344,0.0115,0.07841000000000001,0.065112,0.080179,0.063155,0.07631199999999999,0.056232000000000004,0.055199,0.071858,0.057287000000000005,0.070204,0.050333,0.049902,0.039177000000000003,0.042428,0.074653,0.045214000000000004,0.043384000000000006,0.042177,0.042208,0.045725,0.007107999999999999,0.033887,0.024956,0.0233,0.028642
197804,0.0787,0.0036,-0.0354,0.097121,0.08256799999999999,0.073585,0.065724,0.07884300000000001,0.096008,0.068455,0.07653199999999999,0.067094,0.063185,0.093189,0.077479,0.072186,0.042799,0.061866000000000004,0.08126,0.066578,0.047579,0.053669999999999995,0.078044,0.113607,0.08059999999999999,0.04106799999999999,0.04568799999999999,0.047302
197805,0.0176,0.0453,-0.0055000000000000005,0.07769299999999998,0.055268000000000005,0.08152200000000001,0.06070899999999999,0.07636300000000001,0.06113,0.067879,0.046764,0.03409,0.043121,0.057982,0.050083,0.048976000000000006,0.01666,0.03401,0.043246,0.031571999999999996,0.008013999999999999,0.016805999999999998,0.031914,0.008289,0.008174999999999998,-0.005900000000000001,0.006012999999999999,0.014856000000000001
197806,-0.0169,0.0174,0.006,0.0009109999999999995,0.0017569999999999999,-0.004508,-0.004266000000000001,-0.003203,-0.017388,-0.031475,-0.0008840000000000002,0.025764000000000002,-0.003991000000000001,-0.01191,-0.010572999999999999,0.0022119999999999996,0.0055390000000000005,0.004516000000000001,-0.015474000000000002,-0.011868,-0.005269,0.00019699999999999926,-0.010316,-0.017398999999999998,-0.035572,-0.025384999999999998,-0.023261999999999998,-0.013586
197807,0.0512,0.0029,-0.01,0.058419000000000006,0.059661,0.052855000000000006,0.040703,0.04262199999999999,0.07364100000000001,0.047879,0.053297000000000004,0.044174000000000005,0.0759,0.057566,0.046926,0.038467999999999995,0.036874,0.047249000000000006,0.055675,0.054861,0.055826999999999995,0.055284999999999994,0.09403,0.07058600000000001,0.043781,0.042168,0.022654,0.042004
197808,0.0378,0.0506,-0.0066,0.09068699999999999,0.089779,0.077625,0.073024,0.09897,0.08663000000000001,0.07345000000000002,0.092724,0.060646,0.08655299999999999,0.07274800000000001,0.09662599999999999,0.07108300000000001,0.044872999999999996,0.081422,0.06969,0.057734,0.038706,0.032463,0.022677999999999997,0.020232,0.026978999999999996,0.042813000000000004,0.025147,-0.003458000000000001
197809,-0.0144,-0.0049,0.018799999999999997,-0.015826,-0.0030219999999999995,-0.025876,-0.006248999999999999,-0.0037259999999999997,-0.021868000000000002,-0.023572000000000003,-0.026926000000000002,0.0006560000000000003,-0.024696,-0.042674,-0.033677,-0.020583999999999998,-0.009601,-0.015827,-0.038278999999999994,-0.028905000000000004,-0.0006459999999999999,-0.0061259999999999995,-0.017975,-0.038452999999999994,-0.004253,0.012341000000000001,0.004386,0.0026629999999999996
197810,-0.11900000000000001,-0.0989,0.0126,-0.27293600000000007,-0.24164300000000002,-0.224261,-0.193178,-0.21879400000000002,-0.256367,-0.20005,-0.189071,-0.158689,-0.199715,-0.19344899999999998,-0.19493300000000002,-0.149373,-0.149201,-0.20488,-0.162697,-0.138369,-0.143756,-0.127709,-0.15501199999999998,-0.090348,-0.10021799999999999,-0.090838,-0.077836,-0.128342
197811,0.0271,0.030600000000000002,-0.0208,0.07896500000000001,0.07083800000000001,0.062994,0.035098000000000004,0.037858,0.107461,0.046337,0.037562,0.023189,0.050065000000000005,0.06414,0.043734,0.034722,0.021688,0.027131999999999996,0.039851000000000004,0.014852999999999998,0.028566,0.012477000000000002,0.0204,0.017150000000000002,0.020366000000000002,0.033554,0.026098999999999997,0.018331000000000004
197812,0.0087,0.011899999999999999,-0.021400000000000002,0.028222999999999998,0.020749999999999998,0.012556999999999999,0.003475,0.0005989999999999997,0.022196,0.024202999999999995,0.004965,0.014993,0.013113,0.019873,0.013084999999999996,-0.005009,0.007692999999999999,0.024187999999999994,0.005176000000000001,0.010136,0.002665,-0.0014930000000000004,-0.005082000000000001,0.026623,0.0014869999999999996,0.0008449999999999994,-0.008303000000000001,-0.015273
197901,0.042199999999999994,0.0355,0.0219,0.093214,0.090599,0.07338599999999999,0.097034,0.107949,0.080019,0.074031,0.06866,0.06640700000000001,0.09409100000000001,0.062379000000000004,0.054463000000000004,0.0699,0.06315899999999999,0.086065,0.047069,0.046447999999999996,0.052457,0.07727500000000001,0.055639999999999995,0.016814999999999997,0.04246200000000001,0.03663500000000001,0.039275,0.068714
197902,-0.0356,0.0044,0.011699999999999999,-0.037061000000000004,-0.044544,-0.029013,-0.036255,-0.021330000000000002,-0.03677,-0.038995,-0.034443,-0.040658,-0.030645,-0.054023,-0.032875999999999996,-0.024399,-0.022128,-0.017884,-0.046786,-0.045455999999999996,-0.038781,-0.038113,-0.050376,-0.047372000000000004,-0.032528999999999995,-0.034849,-0.020295,-0.035651999999999996
197903,0.0567,0.032,-0.0068000000000000005,0.112892,0.087082,0.071915,0.06410900000000001,0.076366,0.114646,0.082139,0.076156,0.064586,0.076734,0.097083,0.082925,0.070485,0.077124,0.12198400000000001,0.068353,0.072558,0.060868,0.07219500000000001,0.088457,0.042074,0.052392999999999995,0.059928,0.028726999999999996,0.057116999999999994
197904,-0.0007000000000000001,0.0217,0.011200000000000002,0.022671,0.019067999999999998,0.014563,0.02189,0.026750999999999997,0.008822,0.023079,0.013845,0.020437999999999998,0.013536,0.006033,-0.004283,0.020178,0.010941,0.033719,0.012263,0.001618999999999999,0.005996999999999999,-0.0031290000000000007,0.008830999999999999,-0.009596,-0.0012330000000000006,0.0017409999999999995,-0.012935,-0.017939
197905,-0.022000000000000002,0.0021,0.0132,-0.034408999999999995,-0.018556999999999997,-0.021545,-0.014488,-0.019295,-0.029897,-0.026537,-0.011885999999999999,-0.011082999999999999,-0.013014999999999999,-0.042668,-0.038264,-0.010261999999999999,-0.0028639999999999994,-0.029575999999999998,-0.011144,-0.021934,-0.024901,-0.013475999999999998,-0.01847,-0.029461,-0.016780999999999997,-0.025554999999999998,-0.020569,-0.021439
197906,0.0384,0.0113,0.014199999999999999,0.05056399999999999,0.047501,0.046178000000000004,0.036377,0.04615099999999999,0.066206,0.04848,0.027844999999999995,0.052332,0.075853,0.025164999999999993,0.039767,0.05610299999999999,0.053085999999999994,0.053633999999999994,0.044183999999999994,0.064823,0.05504499999999999,0.071104,0.05304899999999999,0.014849,0.038709999999999994,0.054550999999999995,0.038023,0.019138999999999996
197907,0.0083,0.0129,0.0178,0.016578000000000002,0.022601000000000003,0.024963000000000006,0.024121999999999998,0.013283000000000001,0.011874000000000001,0.016507999999999995,0.022580000000000003,0.040805,0.032372000000000005,0.024825,0.029352999999999997,0.034942,0.020497,0.045846,0.007379,0.020964999999999998,0.021725,0.015646,0.023670000000000004,-0.011772000000000001,0.009154,0.007406999999999999,0.005236000000000001,0.029045
197908,0.0554,0.019799999999999998,-0.0158,0.07979900000000001,0.07926300000000001,0.054027,0.062446,0.073246,0.077095,0.07777700000000001,0.062704,0.05956,0.064111,0.089832,0.068649,0.048725000000000004,0.050038,0.060902,0.07808200000000001,0.05559,0.061758999999999994,0.039705000000000004,0.071193,0.05626099999999999,0.06331300000000001,0.03655900000000001,0.046452,0.045431000000000006
197909,-0.0083,-0.0026,-0.009399999999999999,-0.010198,-0.010088,-0.023458,-0.013224,-0.017839,-0.001006,-0.001,-0.034204,-0.022103,-0.027608,0.00695,-0.008901,-0.021817999999999997,-0.039295,-0.023278,-0.011592,-0.006874,-0.008599,-0.025137,-0.025488000000000004,-0.026518,0.0012370000000000003,0.008037,-0.0009350000000000001,-0.0034019999999999996
197910,-0.081,-0.0338,-0.0183,-0.119943,-0.109053,-0.12419200000000001,-0.104456,-0.12519,-0.09709000000000001,-0.110133,-0.124521,-0.12831599999999999,-0.12430100000000001,-0.090447,-0.095856,-0.111754,-0.085252,-0.131192,-0.084085,-0.086612,-0.09152500000000001,-0.10937999999999999,-0.11493900000000001,-0.071463,-0.06395999999999999,-0.065855,-0.079377,-0.080337
197911,0.052199999999999996,0.0281,-0.0321,0.100384,0.074015,0.055516,0.041608000000000006,0.056049999999999996,0.09961,0.07126199999999999,0.057619,0.062074,0.06489600000000001,0.10444200000000001,0.05870000000000001,0.056187999999999995,0.05812900000000001,0.044193,0.09006800000000001,0.063173,0.064192,0.051023,0.049786000000000004,0.039883999999999996,0.064078,0.031644,0.06298000000000001,0.00010899999999999972
197912,0.0178,0.041299999999999996,-0.0213,0.104687,0.07292100000000001,0.049268,0.058168000000000004,0.04157999999999999,0.077749,0.05303199999999999,0.047798,0.028331999999999996,0.039946999999999996,0.048372000000000005,0.023843999999999997,0.018209999999999997,0.012458000000000002,0.06853100000000001,0.037078,0.028308,0.01323,0.009706000000000001,0.033312999999999995,0.009288,0.028016,-0.010576,-0.0009849999999999998,0.013153
198001,0.055,0.016200000000000003,0.018500000000000003,0.11841099999999999,0.09313200000000002,0.07722100000000001,0.08179900000000001,0.10156400000000002,0.061096000000000004,0.067333,0.055475000000000003,0.03887,0.08362,0.046067,0.057762,0.060494,0.052474,0.08307900000000001,0.06644,0.058669000000000006,0.060379999999999996,-0.000712,0.07192399999999999,0.025911999999999998,0.066669,0.048936999999999994,0.068993,0.09436900000000001
198002,-0.0123,-0.018600000000000002,0.0059,-0.0026960000000000005,-0.010297,-0.030146,-0.028955999999999996,-0.030979,-0.025034,-0.011886,-0.043695,-0.051225,-0.020306,-0.018875000000000003,-0.046332,-0.052543,-0.05016299999999999,-0.035830999999999995,-0.033449,-0.022276999999999998,-0.037653,-0.059274,-0.024217000000000002,-0.052744,0.0015140000000000015,0.031205000000000004,0.007655,0.016568
198003,-0.129,-0.067,-0.0096,-0.233321,-0.204552,-0.18861599999999998,-0.167792,-0.18881900000000001,-0.20314600000000002,-0.177423,-0.17954,-0.158442,-0.193517,-0.17263699999999998,-0.163385,-0.178206,-0.142129,-0.201231,-0.133631,-0.153908,-0.142952,-0.122016,-0.180198,-0.07470399999999999,-0.12953399999999998,-0.10766800000000001,-0.12534099999999998,-0.141019
198004,0.0395,0.0105,0.0103,0.05081000000000001,0.05236299999999999,0.055134,0.041347,0.047546,0.04843,0.035369,0.05376700000000001,0.06705799999999999,0.030743,0.058433,0.059295,0.060376,0.072094,0.049916,0.034363,0.051100000000000007,0.059035000000000004,0.07805,0.05436200000000001,0.01719,0.025305,0.042071000000000004,0.065618,0.016100999999999997
198005,0.0526,0.020499999999999997,0.0038,0.063718,0.057358999999999986,0.061907,0.058551999999999986,0.06785200000000001,0.080476,0.092145,0.058802,0.070979,0.08986,0.064114,0.06270300000000001,0.079632,0.07065600000000001,0.08371800000000001,0.067803,0.069291,0.084737,0.063288,0.082333,0.042200999999999995,0.04373799999999999,0.044978,0.032743999999999995,0.053847
198006,0.0298,0.0166,-0.008,0.043993,0.031251,0.028702,0.035038,0.048019,0.038919999999999996,0.06115399999999999,0.03468,0.050607,0.015371000000000001,0.043747999999999995,0.047924,0.035143999999999995,0.038685000000000004,0.019332000000000002,0.052478,0.032232000000000004,0.039789,0.027339000000000002,0.042092000000000004,0.015946000000000002,0.035054999999999996,0.013348,0.0426,-0.0035409999999999994
198007,0.06509999999999999,0.040999999999999995,-0.0629,0.11474200000000001,0.11898800000000001,0.09645000000000001,0.07712000000000001,0.085058,0.136296,0.108157,0.097077,0.070289,0.077415,0.127052,0.07834,0.08834499999999999,0.04843,0.05523,0.106708,0.09845899999999999,0.071741,0.028328,0.04297,0.106323,0.054826,0.029221999999999998,0.026729999999999997,0.04634
198008,0.0175,0.039,-0.0246,0.107763,0.081009,0.05986,0.06590299999999999,0.048977999999999994,0.073847,0.064361,0.034887,0.023765,0.030036999999999998,0.06046499999999999,0.058212,0.016796,0.010988999999999999,0.0009950000000000002,0.036909,0.014359,0.019045000000000003,-0.004504,7.399999999999941e-05,0.01356,0.003253,0.005031999999999999,0.015978,-0.0064280000000000006
198009,0.0219,0.0096,-0.0461,0.057038,0.022379,0.019891000000000002,0.005830999999999999,0.020369,0.040492999999999994,0.028700999999999997,0.028896000000000005,0.0008140000000000005,0.004191,0.04782,0.016488,0.019948,0.007165999999999999,-0.020669,0.05223,0.036168,0.013443,-0.0050739999999999995,-0.005123,0.023489,0.048887,0.024524999999999998,-0.018954,-0.00686
198010,0.0104,0.0239,-0.029300000000000003,0.067554,0.049037,0.035344,0.026567,0.012827,0.057019999999999994,0.011433999999999998,-0.0033149999999999994,0.022827,0.007339,0.014361,0.013251999999999998,0.018771000000000003,0.0046,-0.0026169999999999995,0.012891999999999999,0.026164,-0.017034,-0.02359,-0.01117,-0.0034739999999999997,0.03125599999999999,0.036468999999999994,-0.026898,-0.0028640000000000002
198011,0.096,-0.0327,-0.08109999999999999,0.153441,0.051613,0.045698,0.0007370000000000015,0.007986000000000002,0.123726,0.0629,0.03784,0.055286,0.027177000000000007,0.10505199999999999,0.06158000000000001,0.025453000000000003,0.013785,0.020382000000000004,0.11925,0.129629,0.03431700000000001,0.020503,-0.0009809999999999992,0.096966,0.13295300000000002,0.175774,0.042251000000000004,0.029727000000000003
198012,-0.0446,-0.0028000000000000004,0.027999999999999997,-0.07514100000000001,-0.069515,-0.04992,-0.03987,-0.048441,-0.06441,-0.036465,-0.031547000000000006,-0.027491,-0.016352,-0.051153,-0.044974,-0.017653000000000002,-0.022831,-0.014351000000000001,-0.04843,-0.05778,-0.021892000000000002,-0.008054,-0.017394,-0.012144,-0.06901199999999999,-0.069828,-0.025659,-0.014659
198101,-0.0506,0.0291,0.0674,-0.054249,-0.013892999999999999,0.003712,0.006392000000000002,0.022151999999999998,-0.057863,-0.017854,-0.010116,0.007935999999999999,0.020617000000000003,-0.052938,-0.026255999999999998,-0.020257999999999998,0.009588,0.016635999999999998,-0.07866000000000001,-0.044915,-0.014171,-0.004888999999999999,0.0038980000000000004,-0.07178,-0.083514,-0.07455700000000001,-0.011082999999999999,0.012364000000000003
198102,0.0060999999999999995,-0.004699999999999999,0.0097,-0.0448,-0.022740000000000003,0.0018249999999999985,0.009677999999999996,0.012478,-0.01416,0.0074150000000000015,0.01491,0.022226999999999997,0.027979999999999998,0.022836999999999996,0.013208999999999999,0.026922,-0.011165000000000001,0.002952999999999999,0.0031169999999999982,0.013441999999999999,0.034223,0.005988,0.027489,0.022119,0.01013,-0.017048,0.020439,-0.015209
198103,0.036699999999999997,0.0334,0.0060999999999999995,0.061563999999999994,0.091321,0.075505,0.077941,0.06038199999999999,0.06869399999999999,0.071087,0.064654,0.063975,0.06344999999999999,0.063541,0.06443,0.06632500000000001,0.07895100000000001,0.05767,0.07740699999999999,0.05509800000000001,0.07248500000000001,0.070515,0.065187,0.020684,0.024396,-0.007958999999999999,0.021918,0.069881
198104,-0.0216,0.045,0.022799999999999997,0.017071,0.034543000000000004,0.024593,0.035686999999999997,0.043325,0.005457999999999998,0.025003,0.024546999999999996,0.026161,0.029432999999999997,0.0015900000000000011,0.022838,0.0007599999999999985,-0.001243000000000001,0.026255999999999998,-0.010456,-0.019226,-0.004609000000000001,-0.013228,0.006239999999999999,-0.041249999999999995,-0.058614,-0.037359,0.010897,-0.040524000000000004
198105,0.0013,0.0194,-0.0043,0.038553000000000004,0.040581000000000006,0.028879,0.014047,0.015229,0.05026,0.007237,0.020115000000000004,-0.009282,0.013713,0.011494,0.018326000000000002,0.016248,0.0031649999999999994,0.039834999999999995,0.022358,0.00911,0.008332000000000003,-0.0033179999999999998,0.022151,0.004414999999999999,-0.033438999999999997,-0.030854,0.025971000000000004,-0.00396
198106,-0.023399999999999997,-0.0083,0.051399999999999994,-0.084375,-0.017745,-0.001074000000000002,0.013953999999999998,-0.0003120000000000015,-0.084844,-0.019355,-0.021264,-0.012306000000000001,0.002083999999999999,-0.063437,-0.013991000000000002,-0.01609,0.010089999999999998,-0.030497,-0.065294,-0.027822,-0.005560000000000001,0.012471,-0.019385000000000003,-0.05828,-0.0011730000000000022,0.019571999999999996,-0.020043000000000002,-0.007404000000000001
198107,-0.0155,-0.0207,-0.0060999999999999995,-0.058525,-0.046409,-0.039265999999999995,-0.032741,-0.034558,-0.036561,-0.046852,-0.020242,-0.025884,-0.032427,-0.025831,-0.032258,-0.04237,-0.040884,-0.016143,0.010273000000000003,-0.02472,-0.036849,-0.037166,-0.044088,0.0037719999999999993,0.014117,-0.032669,-0.03478,-0.006423
198108,-0.0702,-0.0195,0.0471,-0.138706,-0.099104,-0.086051,-0.069272,-0.060734,-0.11699000000000001,-0.096095,-0.064427,-0.064791,-0.068743,-0.09631300000000001,-0.07286000000000001,-0.067987,-0.071602,-0.046626,-0.083289,-0.071065,-0.05223,-0.065442,-0.043474,-0.07472000000000001,-0.07935400000000001,-0.07125200000000001,-0.06509000000000001,-0.017156
198109,-0.0719,-0.0268,0.051100000000000007,-0.146835,-0.09348599999999999,-0.08749799999999999,-0.078493,-0.076157,-0.11627,-0.08177299999999998,-0.076476,-0.045741,-0.06788,-0.10593199999999998,-0.071097,-0.073634,-0.028369,-0.051754,-0.10340799999999999,-0.09243699999999999,-0.07791,-0.050218,-0.055696,-0.07536,-0.073056,-0.074265,-0.034092,-0.0072569999999999996
198110,0.0492,0.0213,-0.0409,0.09294799999999999,0.065948,0.07339,0.0592,0.037417,0.0969,0.05607999999999999,0.05491399999999999,0.065347,0.046345,0.094372,0.042323000000000006,0.06035499999999999,0.035972,0.031737,0.089044,0.06483900000000001,0.039316000000000004,0.029440999999999995,0.025215999999999995,0.065901,0.060964000000000004,0.014289999999999997,0.004039000000000001,0.036032
198111,0.034,-0.0109,0.0191,-0.022441000000000003,0.009528000000000002,0.02824,0.015220000000000001,0.028849,0.004508999999999997,0.039782,0.038442,0.050629,0.045614999999999996,-0.005979000000000001,0.015875999999999998,0.032222,0.020790999999999997,0.043664999999999995,0.031078,0.031369,0.022781999999999997,0.063331,0.037708,0.024863999999999997,0.049503,0.04143,0.033713999999999994,0.026714
198112,-0.0363,0.0118,0.0079,-0.050699,-0.026756000000000002,-0.013992,-0.013966999999999999,-0.020151,-0.025705,-0.011718,-0.029071999999999997,-0.031633999999999995,-0.023612,-0.027244,-0.030192,-0.017779999999999997,-0.021019,-0.039189,-0.041509,-0.030504999999999997,-0.026601,-0.031328999999999996,-0.033309000000000005,-0.037571999999999994,-0.043102,-0.046175999999999995,-0.028914,-0.026324999999999998
198201,-0.0323,-0.0125,0.0319,-0.039502,-0.010169000000000001,-0.024786000000000002,-0.026382,-0.007488,-0.063042,-0.04183,-0.041942,-0.042575,-0.005474,-0.070934,-0.041616,-0.056842,-0.02788,0.005420000000000001,-0.073164,-0.049815,-0.046813,-0.024694,-0.024419,-0.010436,-0.047485,-0.035556,-0.019502,0.006541
198202,-0.058600000000000006,0.0046,0.060899999999999996,-0.084963,-0.048737,-0.039,-0.038245,-0.019381000000000002,-0.082551,-0.063921,-0.047287,-0.020146,-0.014352,-0.08756800000000001,-0.040707,-0.023376,-0.039776,-0.005567,-0.078387,-0.072604,-0.045231,-0.01208,-0.001228,-0.082873,-0.083853,-0.035244,-0.021081,-0.049271
198203,-0.0182,-0.0019,0.037599999999999995,-0.029533,-0.015068999999999999,-0.021683,-0.015,-0.004374,-0.049420000000000006,-0.002648,-0.023565000000000003,0.011404000000000001,0.007994000000000001,-0.034415,-0.009696,0.0013100000000000004,-0.011932,0.018283999999999998,-0.04075,-0.027464,-0.008446,-0.008119,0.0008400000000000005,-0.044694,-0.004398999999999999,-0.025369,0.016107,0.010563000000000003
198204,0.032400000000000005,0.016399999999999998,-0.0308,0.052580999999999996,0.051086,0.04682000000000001,0.03389,0.030113000000000008,0.05697700000000001,0.06225400000000001,0.046494,0.032158,0.030754999999999998,0.050884,0.046408000000000005,0.034604,0.038462,0.036327,0.051392,0.03993000000000001,0.034343000000000005,0.025377000000000004,0.038842,0.055228000000000006,0.027298000000000003,0.019162,0.018492,-0.015571999999999999
198205,-0.0393,0.0017000000000000001,0.0178,-0.042822,-0.027601,-0.009662,-0.02334,-0.012931,-0.0498,-0.049836,-0.043136,-0.028693999999999997,-0.034114,-0.047034,-0.03149,-0.044241,-0.037112,-0.022723,-0.056639999999999996,-0.054839,-0.051575,-0.050009,-0.036892,-0.051075,-0.029302,-0.026124,-0.044054,-0.014161
198206,-0.0308,-0.0043,0.015600000000000001,-0.052952,-0.047162,-0.033435,-0.020873,-0.024437,-0.054538,-0.019319999999999997,-0.026175999999999998,-0.015801,-0.01994,-0.048336,-0.016124,-0.014077999999999999,-0.032705,-0.028599,-0.051533999999999996,-0.039902,-0.016626,-0.025075,-0.005375999999999999,-0.037802999999999996,-0.021564999999999997,-0.015056,-0.028481,-0.03854
198207,-0.032,0.0091,0.0007000000000000001,-0.050437,-0.036764,-0.007222000000000001,-0.018587,-0.014131000000000001,-0.045566,0.0046960000000000005,-0.012924000000000001,-0.011640000000000001,-0.021608000000000002,-0.028045,-0.016708,-0.037638,-0.04104,-0.029387000000000003,-0.028205,-0.051754,-0.035033,-0.043651,-0.038638,-0.004133,-0.048285,-0.05356,-0.0317,-0.032927000000000005
198208,0.11230000000000001,-0.042800000000000005,0.0109,0.04015699999999999,0.063185,0.05978000000000001,0.044559,0.048431999999999996,0.071472,0.07281000000000001,0.09308899999999999,0.074139,0.074117,0.098551,0.100381,0.11623100000000001,0.105227,0.102425,0.112651,0.117297,0.09937800000000001,0.118646,0.133254,0.105861,0.11411099999999999,0.124146,0.128205,0.133747
198209,0.0131,0.0287,0.0023,0.017255999999999997,0.018269,0.05078,0.032859,0.038417,0.017782,0.025124,0.045259,0.049900999999999994,0.048048,0.027750999999999998,0.047362999999999995,0.036516999999999994,0.036934,0.016531,0.020989999999999998,0.019395,0.07749900000000001,0.019397,-0.005468000000000001,0.012173,0.013510999999999999,0.005908999999999999,-0.0056370000000000005,-0.005575
198210,0.113,0.023799999999999998,-0.0362,0.17139000000000001,0.12679100000000001,0.12527100000000002,0.12469300000000001,0.11071199999999999,0.16835100000000003,0.116546,0.125726,0.101783,0.10902,0.141846,0.12987500000000002,0.12028699999999999,0.129452,0.12186999999999999,0.15025500000000003,0.13901500000000003,0.12319700000000001,0.12177699999999998,0.12247099999999998,0.10971299999999999,0.10756,0.095938,0.100956,0.082239
198211,0.046799999999999994,0.0463,-0.018000000000000002,0.080873,0.097575,0.107617,0.09591999999999999,0.099483,0.090169,0.084244,0.071155,0.066689,0.082452,0.09956499999999999,0.08133299999999999,0.060328999999999994,0.044146,0.08085,0.066608,0.065982,0.035271,0.047755,0.066569,0.066084,0.034367,0.006536,0.018151999999999998,0.026699
198212,0.005600000000000001,-0.0031,-0.0006,0.018493,0.014386999999999997,0.011874999999999997,0.013087999999999999,0.016648,-0.009843000000000001,0.015569999999999997,0.006849,-0.008125,0.0016060000000000007,-0.000648000000000001,-5.200000000000083e-05,-0.018225,-0.003742,0.014820999999999997,0.003953999999999998,-0.00533,0.014450999999999999,-0.003133,0.019797000000000002,0.016531999999999998,-0.006768000000000001,0.004883000000000001,0.00027899999999999973,0.032995000000000003
198301,0.0359,0.0282,-0.0072,0.126189,0.07775,0.08067300000000001,0.082381,0.06829999999999999,0.07576400000000001,0.07298299999999999,0.029684,0.03765400000000001,0.04049,0.05733099999999999,0.022715,0.033659999999999995,0.024666000000000004,0.033367999999999995,0.04138700000000001,0.027808000000000003,0.020472999999999998,0.017393999999999996,0.013923000000000001,0.013376000000000002,0.02381,0.031665,0.05939699999999999,0.009618999999999999
198302,0.0259,0.0318,0.0066,0.024717,0.041033,0.073232,0.06714800000000001,0.079416,0.04313600000000001,0.044589000000000004,0.074507,0.05450700000000001,0.045884,0.043204000000000006,0.041724,0.049335,0.034269,0.04819300000000001,0.041494,0.021568999999999998,0.026612,0.027563999999999995,0.038629000000000004,0.018302000000000002,0.033267000000000005,0.024855000000000002,-0.0008370000000000001,0.034945
198303,0.0281,0.0175,0.0206,0.021213,0.049161,0.060181,0.040674,0.068678,0.010346000000000001,0.034111999999999996,0.058970999999999996,0.06468399999999999,0.04210900000000001,0.015809999999999998,0.059369000000000005,0.037867,0.06896,0.042561,4.399999999999977e-05,0.020315000000000003,0.038855,0.049548,0.045253,0.027160999999999998,0.018852,0.034451,0.024087,0.028857
198304,0.0666,0.0046,0.0043,0.064153,0.066457,0.08173100000000001,0.080405,0.08321200000000001,0.076853,0.07493900000000002,0.080377,0.06069,0.072382,0.061105,0.063112,0.064165,0.05733,0.06069099999999999,0.042455999999999994,0.05036,0.07077,0.061298,0.055300999999999996,0.058700999999999996,0.054035,0.08173100000000001,0.07785500000000001,0.085548
198305,0.0051,0.062,-0.013999999999999999,0.117184,0.095911,0.079653,0.080376,0.06945699999999999,0.045138,0.05452,0.046618999999999994,0.033394999999999994,0.043391,0.047909999999999994,0.045223,0.021155,0.016854,0.002012,0.043331999999999996,0.048157000000000005,0.033264,0.012594000000000001,0.0034940000000000006,-0.016036,-0.029417999999999996,-0.011216,-0.020159,-0.010615
198306,0.030699999999999998,0.009300000000000001,-0.038900000000000004,0.036855000000000006,0.060431,0.029319999999999995,0.025399,0.03696,0.062221,0.047768,0.005066,0.028971,0.024582999999999997,0.043816,0.047579,0.040411,0.010766999999999999,0.004932,0.055951,0.040549999999999996,0.030795,-0.014894000000000001,0.011956999999999999,0.052097,0.04511300000000001,0.021622,0.005974000000000001,0.013353999999999998
198307,-0.0406,0.015,0.0555,-0.06818199999999999,-0.029267,-0.016198,0.0003480000000000002,-0.00025900000000000055,-0.08014600000000001,-0.052572999999999995,-0.016926,0.00904,0.0015080000000000007,-0.068885,-0.034339999999999996,0.019381000000000002,0.0022249999999999995,-0.0005060000000000004,-0.05317899999999999,-0.040512000000000006,-0.054915000000000005,-0.015687,-0.013214,-0.055678000000000005,-0.06743400000000001,-0.044191999999999995,-0.009235,-0.029307
198308,-0.005,-0.0429,0.0559,-0.068843,-0.041881,-0.031534,-0.043500000000000004,-0.020068,-0.062097,-0.041274000000000005,-0.034919,-0.018335,-0.0001849999999999994,-0.047591,-0.048355,-0.022990999999999998,-0.016483,0.014423000000000002,-0.036268999999999996,-0.025310999999999997,-0.00686,0.016493,0.029439000000000003,-0.013868,-0.011994000000000001,-0.0047550000000000005,0.035407999999999995,0.058599000000000005
198309,0.0092,0.0060999999999999995,0.009899999999999999,-0.035939,-0.005633,-0.003806,0.009743000000000002,0.009642999999999999,0.0065119999999999996,0.0065829999999999994,0.03412,0.040094,0.028532,0.01134,0.031675999999999996,0.020162,0.041593,0.060113999999999994,0.024642,0.011932000000000002,0.027246000000000003,0.018026000000000004,0.007445999999999999,0.021178000000000002,0.011535,0.012038,-0.018657,-0.001803
198310,-0.034300000000000004,-0.0355,0.0496,-0.112185,-0.068579,-0.060050000000000006,-0.044127,-0.036439,-0.108475,-0.08141799999999999,-0.04696,-0.024523,-0.038581000000000004,-0.091596,-0.055096000000000006,-0.03532,-0.015341,-0.023229,-0.08112899999999999,-0.02669,-0.025103999999999998,-0.025138,-0.011627,-0.032114000000000004,-0.031283,-0.010247,-0.007722,-0.014385
198311,0.0217,0.0202,-0.0073,0.029777000000000005,0.028450000000000003,0.027749000000000003,0.020067,0.035102,0.051085000000000005,0.044286,0.04151,0.045134,0.042959,0.05714500000000001,0.033797,0.039959,0.034353999999999996,0.032433,0.048960000000000004,0.015469000000000004,0.043661,0.037371999999999996,0.031104,0.005175000000000001,0.026292000000000003,0.020902999999999998,0.009184000000000001,0.00016400000000000095
198312,-0.0177,-0.0025,0.0175,-0.058047,-0.018835,-0.015033999999999999,-0.010505,0.0006559999999999995,-0.038521,-0.018611,-0.006374,-0.007484,-0.004961999999999999,-0.039342,-0.019514,-0.011542,-0.017897,0.0042910000000000005,-0.041377000000000004,-0.012084000000000001,-0.030826,-0.022783,-0.012717,-0.008528,-0.007161,-0.029460000000000004,-0.017824,-0.002319
198401,-0.0192,-0.0034999999999999996,0.0748,-0.026823,-0.016981,-0.0024470000000000004,0.005967000000000001,0.023613000000000002,-0.070134,-0.020565,-0.013146999999999999,-0.00637,0.028871000000000004,-0.076804,-0.051616,-0.028804999999999997,-0.004742,-0.008604,-0.081565,-0.041925000000000004,-0.028744,-0.01227,-0.0028860000000000005,-0.065005,-0.015470000000000001,0.0038589999999999987,0.008851000000000001,0.057588999999999994
198402,-0.04769999999999999,-0.0168,0.0341,-0.081325,-0.07481299999999999,-0.058636,-0.049765,-0.053613,-0.078285,-0.066882,-0.046043,-0.040598,-0.04435,-0.075974,-0.07848,-0.055462,-0.053092,-0.02967,-0.061585,-0.069873,-0.063079,-0.038299,-0.054113999999999995,-0.044805000000000005,-0.067783,-0.048801,-0.032336000000000004,0.002054000000000001
198403,0.006500000000000001,0.001,0.0053,-0.016632,0.006132999999999999,-0.0013380000000000006,0.011306,0.014299,-0.00996,0.0050490000000000005,0.004552,0.005225,0.01386,-0.0006209999999999992,0.005364999999999999,0.014321,0.005968,0.025657,-0.005631000000000001,0.009458999999999999,0.016637,0.009770999999999998,0.035172,0.010610999999999999,0.023538999999999997,-0.005919,0.009159999999999998,-0.019835000000000002
198404,-0.0051,-0.0116,0.011899999999999999,-0.046583000000000006,-0.025686,-0.013534000000000001,-0.008288000000000002,-0.017284,-0.020514000000000004,0.006780999999999999,-0.0018660000000000013,-0.007240000000000002,-0.019802,-0.006157000000000001,0.001521999999999999,-0.010300000000000002,-0.020653000000000005,-0.0064870000000000014,-0.022924,-0.006980000000000001,-0.012971,-0.031161,-0.026541000000000002,0.006519999999999998,-0.014751000000000002,0.004432,0.008256999999999999,0.015253999999999998
198405,-0.059800000000000006,0.0007000000000000001,0.0026,-0.069452,-0.050568,-0.060581,-0.041708,-0.042684,-0.067936,-0.056036,-0.057755999999999995,-0.048622000000000005,-0.048221,-0.06778,-0.063,-0.06644,-0.047791,-0.074029,-0.047771,-0.049467,-0.06812499999999999,-0.061309,-0.083499,-0.05992,-0.041211,-0.070787,-0.04825,-0.07067899999999999
198406,0.0181,-0.0024,-0.0275,0.006263000000000001,0.026905,0.013929,0.008727000000000002,0.004713,0.033413000000000005,0.035027,0.012154000000000002,0.020545,0.002690999999999999,0.056158000000000007,0.045477,0.0005529999999999997,0.007977000000000001,-0.01126,0.051945,0.037853000000000005,0.010437000000000002,0.007924,0.017992,0.027354999999999997,0.045636,0.012784,-0.017671,0.039939
198407,-0.027200000000000002,-0.022099999999999998,0.0031,-0.08030899999999999,-0.058866999999999996,-0.054866,-0.026319,-0.029916,-0.061051,-0.062094,-0.023098,-0.044235,-0.046026,-0.042904,-0.042052,-0.03938799999999999,-0.037896,-0.018123999999999998,-0.045839,-0.05502699999999999,-0.033366,-0.052884,-0.016806,-0.0054719999999999994,-0.021481,-0.00823,-0.038388000000000005,-0.03128399999999999
198408,0.1027,-0.0028000000000000004,-0.018000000000000002,0.106088,0.109012,0.07863400000000001,0.059650999999999996,0.078943,0.150792,0.09722,0.091256,0.083124,0.09564,0.146013,0.120251,0.099839,0.112345,0.086425,0.120118,0.124051,0.115991,0.10638299999999999,0.092004,0.099435,0.09358499999999999,0.092044,0.108198,0.11685100000000001
198409,-0.008,0.0012,0.052000000000000005,-0.034741,-0.024252,-0.004509,0.006147,0.015817,-0.064242,-0.0049250000000000006,0.009885000000000001,0.005930000000000001,0.023493999999999998,-0.047375,0.005013999999999999,0.007692000000000001,0.011314000000000001,0.027493,-0.024954,-0.021452,-0.001947,0.005809,0.03597,-0.03554,-0.024566,-0.013753999999999999,0.01039,0.022675999999999998
198410,-0.0084,-0.011200000000000002,0.0062,-0.049826,-0.023948999999999998,-0.031739,-0.02563,-0.024071000000000002,-0.039524,-0.025048,-0.011616,-0.00037900000000000086,-0.002511,-0.026736999999999997,-0.013818,0.003672,-0.026574,0.011322999999999998,-0.013703,-0.008672000000000001,-0.0030279999999999994,-0.009387,0.007319000000000001,-0.001816,0.017173,0.002607,-0.014424,-0.024979
198411,-0.0177,-0.0072,0.038599999999999995,-0.063614,-0.047271,-0.021088,-0.020935,-0.017226,-0.06582199999999999,-0.027795,-0.010463,-0.007788,0.0048969999999999994,-0.045801,-0.00485,0.004032999999999999,0.009148,0.006635999999999999,-0.040129000000000005,-0.01366,-0.017443,-0.0007519999999999992,0.012541999999999998,-0.032215,-0.016923,-0.023751,-0.014665000000000001,0.0062510000000000005
198412,0.0184,-0.0067,-0.0033,-0.0028340000000000006,0.0035769999999999995,0.003999,-0.0016300000000000004,0.0012209999999999999,0.014904,0.015949,0.010939,0.016101000000000004,0.018929,0.038028,0.028704000000000004,0.002804,0.007227,0.012759,0.026351000000000003,0.010839000000000001,0.016017,0.023388000000000003,0.028411000000000002,0.019663,0.017424000000000002,0.02159,0.024418,0.0071800000000000015
198501,0.0797,0.0331,-0.051399999999999994,0.15048499999999998,0.144289,0.099491,0.09437899999999999,0.078246,0.153994,0.12184199999999998,0.08315299999999999,0.089903,0.084107,0.130577,0.09863699999999999,0.089721,0.08457699999999999,0.07546199999999999,0.115766,0.119943,0.07780199999999998,0.07389699999999999,0.056504000000000006,0.08884299999999999,0.072824,0.068839,0.062501,0.038341
198502,0.012199999999999999,0.0068000000000000005,-0.0028000000000000004,0.032389,0.041517,0.027890000000000005,0.021789000000000003,0.03238,0.023188999999999998,0.026136,0.019011,0.014360000000000001,0.0064589999999999995,0.015226,0.0033710000000000007,0.005607000000000001,0.008196,-0.011512,0.020322999999999997,-0.014140999999999999,0.014202,0.019100000000000002,0.005311,-0.0037259999999999997,0.020482,0.009516000000000002,0.019324,0.021797
198503,-0.0083,-0.011200000000000002,0.0395,-0.032659999999999995,-0.035648,-0.019739,-0.017712,-0.010447999999999999,-0.051767999999999995,-0.040632999999999996,-0.013972,-0.002282,0.023899999999999998,-0.04934199999999999,-0.016916,-0.028177000000000004,-0.0002569999999999994,0.029980999999999997,-0.034612000000000004,-0.027147,-0.005157,0.001824,0.040077,-0.02179,0.0024739999999999996,-0.012986,0.004551,0.009603
198504,-0.0096,0.0013,0.0361,-0.029947,-0.023967000000000002,-0.004465,-0.00223,-0.014676999999999999,-0.038838,-0.019348,-0.010218999999999999,0.017646000000000002,-0.0005259999999999996,-0.020043,-0.024267999999999998,-0.01032,0.020123000000000002,0.006562000000000002,-0.019914,-0.038345,-0.002116,0.002254000000000001,0.0017689999999999997,-0.023911,-0.030571,-0.019997,0.005274000000000001,0.021845999999999997
198505,0.0507,-0.023,-0.0097,0.019157,0.034598,0.030237,0.019472000000000003,0.004314999999999999,0.032784,0.033444,0.024668999999999996,0.047217,0.022885999999999997,0.055084,0.048347999999999995,0.026414999999999994,0.036492,0.032804,0.060011,0.052455999999999996,0.04859,0.036369,0.056452999999999996,0.050904,0.06931000000000001,0.080101,0.048979,0.039344000000000004
198506,0.0127,0.0045000000000000005,0.0033,-0.001184000000000001,2.8999999999998645e-05,0.004783,0.006852,0.015724,0.003059,0.019548,0.018673,0.023671999999999995,0.029533,0.020841,0.013692,0.034722,0.018522,0.028166,0.013888000000000001,0.013544,0.0172,0.030454,0.003624999999999999,0.0014069999999999994,0.022156999999999996,0.008336,-0.0018880000000000004,0.017817999999999997
198507,-0.0072,0.028300000000000002,-0.016200000000000003,0.01941,0.021772,0.017931999999999997,0.008969999999999999,0.015656,0.026106,0.028091,0.039029,-0.0058839999999999995,0.002653,0.006239000000000001,0.021589999999999998,0.008687999999999998,0.003711999999999999,0.012766,-0.011896,-0.0020829999999999998,0.005425000000000002,-0.027393,0.002837,0.00012700000000000038,-0.010957,-0.022819,-0.021263,-0.029838
198508,-0.0101,-0.003,0.023399999999999997,-0.022069000000000002,-0.015416000000000003,-0.012497000000000001,-0.0053430000000000005,-0.012705000000000001,-0.025043,-0.015380000000000001,0.004665999999999999,-0.0014680000000000006,-0.0023420000000000003,-0.030033,-0.01369,-0.005769000000000001,-0.012491000000000002,-4.100000000000024e-05,-0.023798000000000003,-0.007901,0.004391,-0.0015890000000000001,-0.0030470000000000007,-0.023967000000000002,-0.005507000000000001,-0.012389,-0.0011130000000000011,0.0022329999999999997
198509,-0.0451,-0.016200000000000003,0.0121,-0.086644,-0.064735,-0.055279999999999996,-0.04598,-0.046769,-0.080361,-0.067973,-0.039427,-0.04122,-0.061252999999999995,-0.07372700000000001,-0.050135,-0.037807,-0.04464799999999999,-0.041373999999999994,-0.05643599999999999,-0.046777,-0.051811,-0.071046,-0.051968,-0.042541999999999996,-0.019081,-0.036619,-0.037887,-0.047367
198510,0.04,-0.015,0.0077,0.00028599999999999893,0.01292,0.029184,0.02561,0.012046,0.034613,0.029755000000000004,0.034668,0.051344,0.026277000000000002,0.033181,0.037885,0.037151,0.016598,0.027021999999999997,0.050734,0.047004,0.036314,0.048673,0.04582700000000001,0.030655999999999996,0.035681,0.042365,0.051679,0.057548999999999996
198511,0.0646,0.0019,-0.0291,0.048054999999999994,0.058575999999999996,0.057748,0.043784000000000003,0.039415,0.087535,0.066087,0.07239300000000001,0.06302,0.06112299999999999,0.07035200000000001,0.06936300000000001,0.051932,0.057542,0.057581,0.08101900000000001,0.059828,0.078406,0.049019,0.044413,0.09409000000000001,0.07372300000000001,0.07251,0.033215,0.041088999999999994
198512,0.0388,-0.0053,-0.0146,0.029377,0.046158,0.034998999999999995,0.033142,0.026859,0.044916000000000005,0.035924,0.044899,0.031201,-0.0035800000000000007,0.049351,0.038249,0.020207999999999997,0.02031,0.04646,0.030685000000000004,0.03650900000000001,0.020844,0.043328000000000005,0.048829,0.061706000000000004,0.030654,0.041822000000000005,0.023781999999999998,0.03771
198601,0.006500000000000001,0.0115,0.0046,0.032507,0.014556999999999997,0.020701999999999998,0.015736,0.025619999999999997,0.004619999999999999,0.016132,0.0012239999999999994,-0.003444000000000001,0.019171999999999998,0.012115999999999998,0.025272,0.011021,0.015878,0.020465,0.005750999999999999,-0.0005630000000000001,0.01405,0.021691,0.029199999999999997,-0.001354000000000001,0.007619000000000001,0.011771,-0.019895000000000003,0.008609
198602,0.07139999999999999,-0.005699999999999999,-0.0063,0.053156,0.059465000000000004,0.059761999999999996,0.07345700000000001,0.049609,0.069247,0.065848,0.064223,0.08743999999999999,0.045257,0.062364,0.090458,0.072961,0.066636,0.058626,0.073387,0.089478,0.06493600000000001,0.067383,0.070016,0.070433,0.095211,0.08246400000000001,0.059590000000000004,0.066864
198603,0.049100000000000005,-0.0054,-0.0039000000000000003,0.040243999999999995,0.048424,0.04436,0.039562,0.05912,0.030535000000000007,0.045407,0.054898,0.044182000000000006,0.057238000000000004,0.043975,0.067619,0.04326700000000001,0.053101999999999996,0.047785999999999995,0.053696,0.047,0.05274500000000001,0.033722,0.043128,0.054032,0.066801,0.047585,0.04154800000000001,0.041372
198604,-0.0128,0.0276,-0.0281,0.02226,0.018243000000000002,0.0034999999999999996,0.00013599999999999984,-0.0010229999999999996,0.018546,0.014288000000000002,-0.009412,0.005271999999999999,-0.020339,0.014719,0.018035000000000002,0.006061,0.006114,-0.016567,0.012590999999999998,-0.00637,-0.015939000000000002,-0.029109,-0.052339,-0.0008169999999999992,-0.014815,-0.028967999999999997,-0.032222,-0.032427
198605,0.0462,-0.013600000000000001,-0.0014000000000000002,0.036367,0.030185999999999998,0.039958,0.033614,0.031992999999999994,0.027733999999999995,0.019109,0.047222,0.039463,0.017969,0.054858,0.037391999999999995,0.057368999999999996,0.046861,0.029675,0.05567999999999999,0.033086,0.052566999999999996,0.039265,0.038232999999999996,0.046948,0.057775999999999994,0.029625,0.061032,0.050565
198606,0.0106,-0.009300000000000001,0.012,-0.0035699999999999994,-0.021431,-0.0034869999999999996,0.008509000000000001,0.015452,0.0017750000000000005,-0.0035199999999999997,0.018598,0.012804,0.017672,0.007646999999999999,-0.012898,0.018048,0.0009240000000000012,0.018014000000000002,0.012464,0.0050279999999999995,-0.004206,0.032587000000000005,0.007401,0.01729,0.015636999999999998,0.003983,0.001973000000000001,0.023981
198607,-0.0643,-0.034300000000000004,0.0466,-0.106326,-0.090906,-0.08935900000000001,-0.066777,-0.092202,-0.119224,-0.103322,-0.09399099999999999,-0.054791000000000006,-0.073777,-0.10489699999999999,-0.082358,-0.08506999999999999,-0.065647,-0.064323,-0.090916,-0.08073999999999999,-0.074697,-0.05233199999999999,-0.048782000000000006,-0.07668,-0.063747,-0.053947999999999996,-0.030272,-0.030913
198608,0.060700000000000004,-0.0416,0.0354,-0.0016159999999999998,0.0009910000000000006,0.018054999999999998,0.013406999999999999,0.012433,0.020380000000000002,0.037729,0.038335999999999995,0.050115,0.04098500000000001,0.03761,0.033549999999999996,0.056377,0.06870300000000001,0.08079899999999998,0.038144,0.058561999999999996,0.066496,0.09742200000000001,0.090057,0.038637,0.060604,0.056606,0.09883600000000001,0.102772
198609,-0.0859,0.024,0.0323,-0.08593800000000001,-0.067029,-0.057436,-0.048972,-0.037248,-0.09191,-0.061832,-0.05265500000000001,-0.028837,-0.061165,-0.08387800000000001,-0.080191,-0.04794699999999999,-0.052407999999999996,-0.054025000000000004,-0.09739500000000001,-0.067052,-0.080165,-0.07182100000000001,-0.065019,-0.108526,-0.11377300000000001,-0.080347,-0.08355800000000001,-0.06892100000000001
198610,0.0464,-0.0253,-0.014199999999999999,0.01463,0.023913999999999998,0.013760000000000001,0.026377,0.003273,0.059562,0.039962,0.026737000000000004,0.023399,0.010549999999999999,0.052877,0.021785000000000002,0.009293,0.015801,0.01855,0.053607,0.06166599999999999,0.045245,0.05366800000000001,0.038846,0.044711,0.06556100000000001,0.063006,0.041503,0.054728000000000006
198611,0.011699999999999999,-0.0187,-0.0002,-0.026703,-0.0010550000000000004,-0.0006259999999999998,0.00017999999999999917,0.007977999999999999,-0.0013040000000000005,-0.001013,-0.007469,-0.025346999999999998,-0.0038900000000000002,-0.003921,-0.00037000000000000054,-0.015158,0.008221999999999998,-0.0108,0.009101,0.008095999999999999,0.011281,-0.016359,0.009997999999999998,0.022439999999999998,0.014637999999999998,0.023537999999999996,0.020964999999999998,0.013148
198612,-0.0326,0.0019,0.0036,-0.060611000000000005,-0.025868000000000002,-0.040763,-0.026515999999999998,-0.037394000000000004,-0.035997,-0.021894999999999998,-0.038367,-0.03437,0.0036609999999999993,-0.030650999999999998,-0.021781999999999996,-0.043343,-0.025601,-0.01157,-0.049495000000000004,-0.038397,-0.033742,-0.031161999999999995,-0.037423,-0.022912000000000002,-0.030206000000000004,-0.04712000000000001,-0.03316,-0.034640000000000004
198701,0.1245,-0.0189,-0.0318,0.10568300000000001,0.09800400000000001,0.10110200000000001,0.092576,0.091877,0.13144999999999998,0.120061,0.10090199999999999,0.091089,0.10322800000000001,0.137295,0.12573399999999998,0.083862,0.10088800000000002,0.09916000000000001,0.136393,0.117856,0.10151400000000001,0.11886900000000002,0.11187799999999999,0.13143599999999997,0.160711,0.11153600000000001,0.12065400000000001,0.11486400000000001
198702,0.0438,0.0345,-0.058600000000000006,0.100075,0.079274,0.064908,0.067648,0.060014,0.092791,0.086411,0.059122999999999995,0.056028999999999995,0.051454,0.08266,0.075812,0.048573000000000005,0.038000000000000006,0.043106,0.065593,0.06578600000000001,0.061771000000000006,0.027693000000000002,0.021688,0.07848000000000001,0.054375,0.025238999999999998,-0.008766,-0.015231
198703,0.0163,0.005,0.0166,0.011424,0.033969,0.014627000000000001,0.029069999999999995,0.040372000000000005,0.006198000000000002,0.025772000000000003,0.011695,0.022961,0.030126000000000003,-6.999999999999888e-05,0.009131,0.012044000000000003,0.02144,0.029791999999999996,0.014999000000000002,0.010279,0.0116,0.013777000000000001,-0.017796,0.009706000000000001,0.017391,0.0016350000000000002,0.025149,0.043329000000000006
198704,-0.0209,-0.0172,-0.0036,-0.027539,-0.027506000000000003,-0.027985,-0.009965,-0.017676,-0.043845,-0.028354,-0.03383,-0.047326,-0.052038999999999995,-0.026274,-0.025678000000000003,-0.048653,-0.023345,-0.031846,-0.04027,-0.026151999999999998,-0.030044,-0.022311,-0.020837,-0.016756,-0.016341,-0.025303000000000003,-0.011504,-0.009274000000000001
198705,0.0011,-0.0053,0.0022,-0.007097,-0.016572,-0.004497,0.0019609999999999996,0.029111,-0.012764999999999999,-0.004283,-0.003306,-0.001673,0.00129,0.0030459999999999997,0.0006779999999999993,-0.012717000000000001,-0.00147,0.0015859999999999993,0.015552999999999999,0.0005930000000000002,-0.008538,-0.008717,0.004184,0.014863,-0.009302,-0.006277,0.003845,0.0015140000000000002
198706,0.0391,-0.0203,0.0113,-0.006379999999999999,0.009810000000000003,0.025842,0.014111000000000002,0.041298999999999995,0.012376000000000002,0.025720000000000003,0.030493,0.017993000000000002,0.035162,0.018463,0.012562,0.053022,0.050761,0.018897,0.046205,0.027126000000000004,0.037571999999999994,0.036237,0.032815,0.041428999999999994,0.049354999999999996,0.056521,0.046647,0.046984
198707,0.0384,-0.005699999999999999,0.009399999999999999,0.011026000000000001,0.016808,0.014589999999999999,0.024319,0.04936,0.017492999999999998,0.015571000000000002,0.033255,0.029183,0.055000999999999994,0.020098,0.039789000000000005,0.033279,0.031240999999999998,0.076846,0.036965000000000005,0.044246,0.043702,0.035616,0.044589,0.054549,0.027086,0.057099000000000004,0.022067999999999997,0.025483000000000002
198708,0.0352,-0.0085,-0.0098,0.0033830000000000006,0.015992,0.022762,0.019812,0.002535000000000001,0.020768000000000002,0.033178,0.034753000000000006,0.020475,0.035588999999999996,0.033636,0.029477,0.042993,0.030991,0.0007260000000000001,0.04193000000000001,0.036099000000000006,0.033391000000000004,0.03359000000000001,0.01168,0.044757000000000005,0.048266,0.030015999999999998,0.041583999999999996,0.021256
198709,-0.0258,0.0058,0.0026,-0.032183,-0.0069700000000000005,-0.015736,-0.008973,-0.014595,-0.024269000000000002,-0.029459,-0.010947000000000002,-0.011064000000000001,-0.030241,-0.037342,-0.026882,-0.027379,-0.028224,-0.014837000000000001,-0.023361000000000003,-0.018162,-0.023506000000000003,-0.020409,-0.006054,-0.026747,-0.044973,-0.00677,-0.025532000000000003,-0.031289
198710,-0.23190000000000002,-0.0827,0.0418,-0.34765300000000005,-0.31277900000000003,-0.29193,-0.289583,-0.290843,-0.33084900000000006,-0.325413,-0.292601,-0.252616,-0.298541,-0.302956,-0.290764,-0.255113,-0.23059700000000002,-0.276598,-0.261471,-0.292858,-0.246245,-0.190999,-0.24068,-0.222513,-0.230499,-0.226284,-0.160467,-0.193014
198711,-0.0776,0.0268,0.031400000000000004,-0.08697300000000001,-0.05251900000000001,-0.05183499999999999,-0.047722,-0.039606,-0.075402,-0.057276999999999995,-0.040033,-0.03605799999999999,-0.032522999999999996,-0.07197500000000001,-0.027983,-0.031321,-0.034249,-0.046014,-0.067634,-0.06716100000000001,-0.063222,-0.047353000000000006,-0.027612,-0.099622,-0.087366,-0.08616,-0.081046,-0.07616200000000001
198712,0.0682,0.0003,-0.044199999999999996,0.023367,0.049692,0.050235,0.04436,0.030274000000000002,0.11418199999999999,0.089487,0.063682,0.069073,0.047037999999999996,0.119188,0.09276000000000001,0.058782,0.044418,0.062158000000000005,0.126331,0.10440999999999999,0.087647,0.035366999999999996,0.035524,0.079248,0.070249,0.07641,0.028987,0.05905099999999999
198801,0.0421,-0.0075,0.0493,0.057419000000000005,0.06674000000000001,0.042044,0.046931,0.059315999999999994,0.015709,0.030666,0.048287,0.038239999999999996,0.06247799999999999,0.009770999999999998,0.032702999999999996,0.035889,0.072363,0.06150800000000001,-0.002368,0.04399600000000001,0.046826,0.051178,0.045529,0.019503,0.012623,0.048284,0.08756,0.084897
198802,0.04769999999999999,0.0333,-0.015300000000000001,0.055789,0.069826,0.072047,0.071549,0.071375,0.082203,0.11782800000000002,0.07597600000000002,0.084004,0.07939299999999999,0.08224300000000001,0.07402500000000001,0.06579499999999999,0.06751399999999999,0.060282999999999996,0.081338,0.089531,0.05919,0.04282,0.057561999999999995,0.041171,0.05033699999999999,0.042617,0.013513,0.026009
198803,-0.0226,0.0601,0.0086,0.038674,0.049248999999999994,0.057287000000000005,0.047127,0.043000000000000003,0.016308999999999997,0.064287,0.03661,0.025025,0.040513999999999994,0.023298,0.005857,0.007529,-0.004744,0.008187,-0.014062999999999999,0.009649000000000001,-0.004717000000000001,-0.007232000000000001,0.030164999999999997,-0.050394,-0.046819000000000006,-0.044245,-0.042524,-0.008302
198804,0.005699999999999999,0.0091,0.0151,0.004458,0.007614000000000001,0.021931,0.004777,0.033702,0.017040000000000003,0.041540999999999995,0.021943,0.016604,0.016464,-0.012744,-0.002244,0.014523000000000001,-0.00014500000000000016,0.018926,-0.006938,0.0019359999999999994,0.013957999999999998,-0.011018,0.0025519999999999996,-0.012067999999999999,0.006648000000000001,0.006506,0.020039,0.015738
198805,-0.0027,-0.0254,0.024399999999999998,-0.04134,-0.024574000000000002,-0.016639,-0.021796,-0.013822000000000001,-0.049424,-0.028432000000000002,-0.030917,-0.01548,-0.010119,-0.012091000000000001,-0.02265,-0.015753999999999997,0.008908,0.003632999999999999,-0.016365,-0.011742,-0.009335,0.017726,0.007037,-0.0039770000000000005,-0.0021170000000000004,-0.007757,0.020155,0.015845
198806,0.0478,0.0202,-0.013500000000000002,0.059587,0.062127,0.054426999999999996,0.058089,0.042596999999999996,0.068127,0.10574199999999999,0.075247,0.050561,0.079665,0.06513,0.070126,0.060543,0.054876999999999995,0.044936,0.070149,0.05914499999999999,0.05986899999999999,0.034821,0.078946,0.036827,0.06568500000000001,0.050846,0.025929,0.025181000000000002
198807,-0.0125,-0.0024,0.0218,-0.013835,-0.012185000000000001,-0.012230999999999999,0.006144,-0.016461000000000003,-0.03247,-0.02736,-0.0056830000000000006,-0.0011250000000000001,0.003981,-0.046387000000000005,-0.025995,-0.021041,-0.004381,-0.008776,-0.036656,-0.036914,-0.012369999999999999,-0.004419,-0.0022210000000000003,-0.015178,-0.013836000000000001,-0.0010080000000000002,-0.004717000000000001,0.0037719999999999993
198808,-0.0331,0.0008,0.0216,-0.046650000000000004,-0.031145000000000003,-0.015324999999999998,-0.021727999999999997,-0.026115999999999997,-0.048831,-0.048986,-0.026477999999999998,-0.013956,-0.013295000000000001,-0.04659,-0.032249,-0.027398,-0.0041530000000000004,-0.015916,-0.041967000000000004,-0.036934,-0.017672,-0.004173,0.007670000000000001,-0.034705,-0.057326,-0.030879,-0.019421,-0.037646
198809,0.0331,-0.0137,-0.0079,0.004231999999999999,0.025802000000000002,0.018704000000000002,0.012993000000000001,0.019880000000000002,0.021437,0.02165,0.022024999999999996,0.023247,0.02106,0.029991,0.016745000000000003,0.021279,0.008409,0.024335,0.039487,0.009345,0.032821,0.013697999999999998,0.03982000000000001,0.050573,0.049375,0.014059999999999996,0.034530000000000005,0.034113000000000004
198810,0.0116,-0.0294,0.02,-0.035871,-0.025165,-0.016916,-0.029427000000000002,-0.014032,-0.028346999999999997,-0.010911,-0.0023089999999999994,-0.004396,-0.011859999999999999,-0.022747999999999997,-0.0044399999999999995,0.003757,0.0003720000000000008,0.018980000000000004,-0.019526,0.0009100000000000002,0.0023899999999999998,0.00442,0.01963,0.012583000000000002,0.048989,0.010025000000000001,0.018057000000000004,0.035892
198811,-0.0227,-0.0166,0.0144,-0.054849999999999996,-0.050489,-0.039338,-0.039259999999999996,-0.047676,-0.04575,-0.03908299999999999,-0.022608,-0.036806,-0.026918,-0.034678999999999995,-0.032518,-0.04393,-0.014245999999999998,-0.020384999999999997,-0.022387,-0.029542,-0.040475,-0.022241,-0.016999999999999998,-0.024916999999999998,-0.015462999999999998,-0.024289,-0.010734999999999998,-0.0022649999999999992
198812,0.0148,0.0191,-0.0183,0.012181,0.036496,0.025449,0.04206,0.018342,0.046322999999999996,0.037169,0.032869,0.038923000000000006,0.020337,0.037633,0.032903999999999996,0.025351,0.01905,0.020413,0.025019,0.026548000000000002,0.009095,0.014462999999999997,-0.013567,0.019888,0.013974999999999998,0.011837,-0.0008570000000000001,-0.0060940000000000005
198901,0.060700000000000004,-0.022000000000000002,0.0059,0.046135,0.05282900000000001,0.039555,0.039607,0.048877000000000004,0.033001,0.042287,0.042118,0.030568999999999995,0.06776399999999999,0.042083,0.047722,0.04521,0.035214,0.047675,0.042954,0.050191,0.053023,0.051269,0.07960199999999999,0.0716,0.06273899999999999,0.060096000000000004,0.058487000000000004,0.07668
198902,-0.0223,0.028300000000000002,0.0101,-0.015012999999999999,-0.005155,0.0023,0.008273,0.010003,0.0028920000000000005,0.011715000000000001,0.008909,0.003693,0.009848,-0.005003,0.0005979999999999996,-0.004702,0.008816000000000001,-0.0042049999999999995,-0.009401999999999999,-0.006026999999999999,-0.015974000000000002,-0.002731,0.007855000000000001,-0.037147,-0.033403999999999996,-0.032285,-0.023058999999999996,-0.031774000000000004
198903,0.015700000000000002,0.006999999999999999,0.0052,0.007050999999999999,0.023471,0.042149000000000006,0.016474,0.022947999999999996,0.009735999999999998,0.01361,0.017183999999999998,0.009159,0.025854,0.016375999999999998,0.009554,0.007432,0.026271,0.020527999999999998,-0.009226,0.011188999999999998,0.024738,-0.00030299999999999945,0.027832,0.023586,-0.0037070000000000002,0.033184000000000005,0.020460000000000002,0.004731999999999999
198904,0.0435,-0.006500000000000001,-0.0144,0.020512,0.023837,0.031468,0.020819999999999998,0.020735999999999997,0.04063,0.042077,0.043362,0.019821,0.047134999999999996,0.049309000000000006,0.032571,0.039259,0.033414000000000006,0.031486,0.05578400000000001,0.046307,0.034254,0.047753,0.049008,0.055068000000000006,0.0434,0.043134,0.037610000000000005,0.029692
198905,0.032799999999999996,-0.0008,-0.009000000000000001,0.020841,0.04947,0.016738,0.027164000000000004,0.026716,0.042434,0.013708000000000001,0.036738999999999994,0.028822000000000004,0.029157,0.049889,0.037912,0.029384000000000004,0.034151,0.03211699999999999,0.037829,0.02076,0.026286,0.032103999999999994,0.051909,0.038960999999999996,0.021097,0.037069000000000005,0.035622,0.02498
198906,-0.013300000000000001,-0.0095,0.0223,-0.039721000000000006,-0.023016,-0.033158,0.0013790000000000009,-0.0022759999999999994,-0.051901,-0.022577,-0.014741,-0.012393,-0.024582,-0.039768000000000005,-0.02275,-0.020014,-0.0030169999999999997,0.014848,-0.02649,-0.022441,-0.005063,0.013750000000000002,0.025700999999999998,-0.012864,-0.011507,-0.020484,-0.012933,0.0017560000000000015
198907,0.0718,-0.041100000000000005,-0.027999999999999997,0.020303,0.040316000000000005,0.016869,0.024269,0.009452000000000002,0.047497,0.042911000000000005,0.025952000000000003,0.032166,0.023958,0.045991000000000004,0.041594,0.024931000000000002,0.043084,0.026035999999999997,0.077678,0.07866400000000001,0.05554,0.052907,0.05810200000000001,0.10839300000000002,0.08805299999999999,0.06060100000000001,0.071162,0.059859
198908,0.0143,0.005699999999999999,0.0062,0.015610000000000002,-0.006673,-0.0006770000000000005,0.016561999999999997,0.009510999999999999,0.024704,0.021411,0.027392999999999997,0.029275,0.018517,0.023571,0.019565,0.04401200000000001,0.023451000000000003,0.014143,0.028924999999999996,0.032738,0.027468999999999997,0.028628999999999998,0.005093,-0.008583,0.015446999999999999,0.022331999999999998,0.009256,0.022157000000000003
198909,-0.0076,0.003,-0.0127,0.005372999999999999,-0.012497000000000001,-0.009409,-0.0012710000000000004,-0.011628000000000001,0.016889,-0.00446,0.0002879999999999992,0.001396999999999999,-0.016511,0.008516,-0.0218,-0.019821000000000002,-0.008913,-0.014967000000000001,-0.0030800000000000003,-0.0378,-0.040947,-0.014224,-6.299999999999969e-05,0.003840999999999999,-0.015129,-0.005105,0.0008009999999999988,-0.012104
198910,-0.0365,-0.032400000000000005,-0.0116,-0.057504,-0.062476,-0.056529,-0.052047,-0.073295,-0.058408,-0.075004,-0.056282,-0.06356999999999999,-0.084925,-0.043974,-0.066158,-0.071286,-0.055697,-0.059081,-0.035016000000000005,-0.04953,-0.07634500000000001,-0.037798,-0.051564,-0.005070000000000001,-0.04177,-0.033971,-0.039096,-0.009134
198911,0.0104,-0.011899999999999999,-0.0113,-0.012621,-0.006883,-0.013224,-0.009323,-0.0166,-0.0036609999999999998,0.007925,0.0002409999999999999,0.009992000000000001,-0.015531,0.009132999999999999,0.015906000000000003,-0.009444000000000001,0.002450000000000001,0.01846,0.016253999999999998,0.011762000000000002,-0.003053,-0.00020599999999999959,3.4000000000000176e-05,0.012233,0.017242999999999998,0.020305,0.0054199999999999995,0.0013030000000000003
198912,0.0118,-0.023700000000000002,0.0015,-0.012466999999999999,-0.01618,-0.016689,-0.014225,-0.023002999999999996,0.003925,-0.007358,0.002711,0.0010540000000000011,-0.002855999999999999,-0.0024919999999999994,-0.0010299999999999997,-0.020969,0.013006000000000002,-0.0033649999999999995,0.019202999999999998,0.014203000000000002,0.009739000000000003,0.007122000000000002,0.015098000000000002,0.0008370000000000001,0.003935000000000001,0.039445,0.042817999999999995,0.004375000000000002
199001,-0.078,-0.011399999999999999,0.0083,-0.08806399999999999,-0.07967999999999999,-0.056787,-0.072022,-0.06872199999999999,-0.097257,-0.102297,-0.077638,-0.080854,-0.09584699999999999,-0.10202999999999998,-0.097808,-0.08539999999999999,-0.071311,-0.08266,-0.075973,-0.059289,-0.091568,-0.090847,-0.105303,-0.082033,-0.063348,-0.077212,-0.078911,-0.06463200000000001
199002,0.011200000000000002,0.0097,0.006500000000000001,0.013440999999999998,0.015087,0.005386000000000001,0.028787000000000004,0.009444999999999999,0.027479,0.030862000000000004,0.023042,0.027503000000000003,0.018094,0.027030999999999996,0.030061,0.016708,0.006876000000000001,0.025674,0.010568999999999999,0.010077,0.009173,0.012594999999999999,0.029617,-0.006527999999999999,0.012282999999999999,0.018049,0.008447,0.014862999999999998
199003,0.0183,0.0147,-0.028999999999999998,0.03656299999999999,0.016511,0.018461,0.030768,0.007377999999999998,0.040001,0.04126,0.043496,0.025219000000000002,0.009007999999999999,0.044761,0.021548,0.023615999999999998,0.0042250000000000005,-0.008266,0.030875999999999997,0.036754,0.013221,0.012839,-0.010894000000000001,0.032136,0.031698,-0.0019980000000000006,-0.001032,0.005622999999999999
199004,-0.0336,-0.004699999999999999,-0.025699999999999997,-0.031845,-0.033402,-0.025665,-0.032462000000000005,-0.042454000000000006,-0.047245999999999996,-0.042667,-0.026534,-0.037209,-0.062778,-0.030406999999999997,-0.025141,-0.041462,-0.060747999999999996,-0.066445,-0.035051,-0.04863000000000001,-0.065458,-0.061695,-0.06631,-0.0028799999999999997,-0.020207,-0.044674000000000005,-0.048492999999999994,-0.048309000000000005
199005,0.0843,-0.0256,-0.038900000000000004,0.078247,0.057947,0.052455,0.035117999999999996,0.02994,0.099711,0.08088100000000001,0.049076999999999996,0.048392,0.029612,0.087167,0.08143700000000001,0.068643,0.038883,0.057714,0.10335599999999999,0.071449,0.095334,0.067523,0.079695,0.109752,0.10441700000000001,0.070403,0.057803999999999994,0.070116
199006,-0.0109,0.013500000000000002,-0.02,0.004182,0.013520999999999998,0.020686,-0.002436,-0.009398,-0.0049440000000000005,0.0022450000000000005,-0.016885,-0.0053159999999999995,-0.012413,0.012848000000000002,-0.001582,-0.010366,-0.022106,-0.012425,-0.0005989999999999997,-0.024162,-0.025448000000000002,-0.024295,-0.006535,0.028040999999999996,-0.027676,-0.029566,-0.041162000000000004,-0.009306
199007,-0.019,-0.030899999999999997,-0.0006,-0.05424,-0.057032,-0.041894,-0.037161,-0.052299,-0.061699,-0.045377,-0.051373,-0.032519,-0.052844999999999996,-0.05193,-0.021147,-0.039012,-0.055345,-0.049331999999999994,-0.030317999999999998,-0.015225,-0.049529,-0.029439,-0.034978999999999996,-0.015205000000000002,-0.021778,0.014351,-0.020811000000000003,-0.027158
199008,-0.1012,-0.035,0.015600000000000001,-0.16948699999999997,-0.154142,-0.133109,-0.11714999999999999,-0.12893100000000002,-0.152032,-0.14093299999999997,-0.13206299999999999,-0.11105999999999999,-0.118268,-0.144914,-0.14057999999999998,-0.114623,-0.09566599999999999,-0.10497699999999999,-0.10134299999999999,-0.115571,-0.117039,-0.10134399999999999,-0.11214999999999999,-0.09347699999999999,-0.10780100000000001,-0.072629,-0.102019,-0.112543
199009,-0.0611,-0.0364,0.0059,-0.11108699999999999,-0.09833599999999999,-0.08703400000000001,-0.07500400000000002,-0.092792,-0.10434500000000001,-0.09602200000000001,-0.093623,-0.07549900000000001,-0.09170600000000001,-0.100358,-0.077756,-0.073005,-0.08773500000000001,-0.0878,-0.064495,-0.068793,-0.103384,-0.071355,-0.085525,-0.058159,-0.058519999999999996,-0.02115,-0.072357,-0.08033900000000001
199010,-0.0192,-0.0552,0.0008,-0.072888,-0.0733,-0.070007,-0.062014,-0.07967099999999999,-0.069934,-0.059504,-0.050369000000000004,-0.048145,-0.082058,-0.057515000000000004,-0.056635000000000005,-0.048451,-0.031949,-0.055408000000000006,-0.013655,-0.040269,-0.080004,-0.019345,-0.030598,0.008493,-0.023110000000000002,-0.01652,-0.0024800000000000004,0.0022949999999999984
199011,0.0635,0.0042,-0.0297,0.029351,0.051329,0.034941,0.02369,0.010536999999999998,0.112791,0.055917,0.064213,0.063406,0.036988,0.10384900000000001,0.08633900000000001,0.07150100000000001,0.072143,0.065143,0.08555700000000001,0.073259,0.106955,0.085762,0.053301,0.05841300000000001,0.07172600000000001,0.053744,0.05660400000000001,0.037925
199012,0.0246,0.0079,-0.015700000000000002,-0.002517,-0.007947000000000001,-0.005306,0.016841999999999996,-0.0026160000000000003,0.036667000000000005,0.052604000000000005,0.037178,0.034177,0.032772,0.061485000000000005,0.037869,0.030469000000000003,0.032469000000000005,0.027010000000000006,0.033669,0.03266,0.042848000000000004,0.03817,0.027653000000000004,0.027358,0.031003000000000003,0.010735,0.017972000000000002,0.002095999999999999
199101,0.046900000000000004,0.0378,-0.0148,0.072857,0.066376,0.102385,0.08368600000000001,0.10666500000000001,0.094961,0.06087100000000001,0.06769900000000001,0.058787000000000006,0.08418,0.087378,0.08640500000000001,0.065295,0.074257,0.031678,0.07881,0.03487900000000001,0.072852,0.03844600000000001,0.049334,0.046721,0.053432999999999994,0.013926000000000001,0.055178000000000005,0.03462899999999999
199102,0.0719,0.0401,-0.0062,0.139742,0.11541699999999999,0.132427,0.11774799999999999,0.112123,0.114272,0.097668,0.09586900000000001,0.078263,0.134436,0.090027,0.101521,0.08028300000000001,0.079187,0.080587,0.082041,0.088891,0.08307200000000001,0.069744,0.061359,0.07730800000000002,0.06372900000000001,0.046508,0.056035999999999996,0.07491199999999999
199103,0.026600000000000002,0.0388,-0.013000000000000001,0.09870000000000001,0.08200700000000001,0.074726,0.06249199999999999,0.073265,0.07247,0.047932,0.05396,0.057572,0.056211,0.072738,0.023627000000000002,0.01781,0.042538000000000006,0.055654999999999996,0.046291,0.035901999999999996,0.029306,0.032364,0.025116,0.041062999999999995,0.014585999999999998,-0.0010840000000000003,0.013111000000000001,0.007591
199104,-0.0028000000000000004,0.005,0.0149,0.004148,0.0060220000000000004,0.0065070000000000015,0.0010629999999999997,-0.0002429999999999993,-0.021041,0.0036099999999999995,0.002601,0.013009,0.013142000000000001,-0.032833,-0.011982,0.024213,0.019405,0.008628,-0.015226,0.00029799999999999965,0.027514000000000004,0.011599000000000002,-0.010329999999999999,-0.005076,-0.005313,-0.004761,0.011028,-0.007052
199105,0.0366,-0.0039000000000000003,-0.0052,0.023206,0.032980999999999996,0.042325,0.028865,0.032083,0.049806,0.023478000000000002,0.053953,0.028592999999999997,0.029263,0.031920000000000004,0.06203500000000001,0.043603,0.039488999999999996,-0.0023729999999999992,0.060955999999999996,0.02623,0.05372500000000001,0.041654,0.046747,0.035151,0.048344,0.012041,0.03822099999999999,0.064652
199106,-0.049400000000000006,0.0018,0.0108,-0.074525,-0.04136600000000001,-0.044987000000000006,-0.04413,-0.042056,-0.056612,-0.053225999999999996,-0.034975,-0.03316,-0.062186000000000005,-0.05168300000000001,-0.049736,-0.039646,-0.025488,-0.050215,-0.057051000000000004,-0.046699000000000004,-0.063054,-0.038227000000000004,-0.041964,-0.048308000000000004,-0.06073800000000001,-0.04077,-0.055537,-0.043856
199107,0.0424,-0.0096,-0.013000000000000001,0.023354,0.034934999999999994,0.018251999999999997,0.028988,0.019873999999999996,0.03657,0.031089,0.025091000000000002,0.034278,0.015683999999999997,0.056880999999999994,0.035988,0.031908,0.021894999999999998,0.068837,0.05483,0.032102,0.024466,0.037701000000000005,0.068479,0.057378,0.027934,0.04379399999999999,0.041864,0.003256
199108,0.0232,0.0158,-0.0079,0.032708,0.044366,0.029130000000000003,0.0034230000000000007,0.023347000000000003,0.035335,0.0298,0.032317,0.028384,0.032802000000000005,0.05061499999999999,0.037226,0.021061999999999997,0.03649,0.057511,0.011177,0.015312,0.027930000000000003,0.022305000000000002,0.026527,0.038534,0.002385,0.021952,0.009822,0.012997000000000002
199109,-0.0159,0.0168,-0.0123,0.03969,0.021134,-0.002598,-0.0017369999999999998,-0.019698,0.0010320000000000008,0.0035700000000000003,0.014987,0.005042,-0.020865,-0.003426,-0.009097000000000001,-0.01227,0.0027860000000000003,-0.041804,-0.007866,-0.022014,-0.013119,-0.004898,-0.016917,-0.026806,-0.015418000000000001,-0.014437,0.0006430000000000003,-0.042906
199110,0.0129,0.0077,-0.0043,0.06155199999999999,0.037294999999999995,0.014424000000000003,0.034183,0.008513,0.019074,0.009829000000000001,0.029899,0.001385,0.008906,0.023466,0.006075000000000001,0.012124000000000003,0.025263,0.031873,0.021046000000000002,0.002412,0.008685000000000002,0.018967,0.024339,0.011126,0.005223000000000001,0.015251,0.028461999999999998,0.0008419999999999999
199111,-0.042,-0.0051,-0.0177,-0.022520000000000002,-0.036017,-0.045458000000000005,-0.036772,-0.029895,-0.051740999999999995,-0.06923,-0.032805,-0.055494,-0.072633,-0.040035,-0.052261,-0.043639,-0.054769,-0.061515999999999994,-0.026944,-0.052634,-0.043513,-0.035006999999999996,-0.065149,-0.014774,-0.059712,-0.059466000000000005,-0.041302000000000005,-0.08723500000000001
199112,0.1085,-0.0226,-0.042300000000000004,0.06217,0.032213000000000006,0.049421,0.040672,0.04271200000000001,0.11068800000000001,0.06513,0.050401,0.053323,0.075963,0.14150300000000002,0.10376500000000001,0.072548,0.096406,0.10801200000000001,0.127553,0.083969,0.10204500000000001,0.081971,0.101756,0.149006,0.08939000000000001,0.079899,0.065495,0.125073
199201,-0.0059,0.0848,0.0467,0.142752,0.15437800000000002,0.08094599999999999,0.12783300000000003,0.161036,0.080209,0.042891,0.060657,0.07223,0.092696,0.010975,0.045264,0.047778999999999995,0.051183000000000006,0.08953599999999999,-0.005845,0.016954999999999998,0.006062,0.003365999999999999,0.060732999999999995,-0.035049,-0.025149,-0.028002,-0.0033450000000000003,0.064072
199202,0.0108,0.0083,0.06509999999999999,-0.004473,0.046054,0.032213000000000006,0.04860500000000001,0.095397,-0.0007900000000000003,0.021439999999999997,0.013668,0.042202,0.063027,-0.0009540000000000006,0.023402999999999997,0.033245,0.026295,0.085606,-0.008462,0.027098999999999998,0.028184999999999998,0.019131,0.04908699999999999,-0.0006100000000000003,-0.0081,0.016493,0.039976,0.09833
199203,-0.0265,-0.0097,0.0349,-0.068573,-0.060216000000000006,-0.028684,-0.004159,-0.013718000000000001,-0.081496,-0.028428000000000002,-0.020314,-0.008492,-0.014299000000000001,-0.053771,-0.025646000000000002,-0.007767,-0.0027540000000000004,-0.017558999999999998,-0.060304,-0.010901000000000001,-0.035821000000000006,-0.01031,-0.024135,-0.032647,-0.020189000000000002,-0.0020960000000000006,-0.018542,0.004534
199204,0.0109,-0.061200000000000004,0.0436,-0.10339,-0.041446000000000004,-0.052586,-0.049218,-0.030964000000000002,-0.068299,-0.037455,-0.029085,-0.028709000000000002,0.002094999999999999,-0.054889,-0.018538000000000002,-0.014668,0.001839,0.022381999999999996,-0.023188,0.006642,0.01918,0.025467999999999998,0.037672,-0.00474,0.049815,0.051625,0.029608999999999996,0.07170800000000001
199205,0.003,0.0040999999999999995,0.0111,-0.017695000000000002,-0.005573,-0.0006790000000000003,-0.016193,0.013315999999999998,-0.0046500000000000005,0.00016399999999999965,0.015857,0.004203,0.03750100000000001,-0.006536,-0.012056,0.015856,0.005593000000000001,0.022356,-0.0010010000000000004,0.010936999999999999,0.010048999999999999,0.00373,-0.004536,0.009564999999999999,0.0013299999999999996,-0.0036430000000000004,-0.0019340000000000004,-0.0028150000000000002
199206,-0.0233,-0.031,0.032400000000000005,-0.09307199999999999,-0.056059,-0.055076,-0.051604,-0.04774900000000001,-0.056745,-0.06368,-0.028748000000000003,-0.036443,-0.011811,-0.049466,-0.042742,-0.028329000000000003,-0.017048,0.0030660000000000006,-0.020915000000000003,-0.04367,-0.022882,-0.00046200000000000017,-0.0053950000000000005,-0.033657,-0.003091,-0.025735,0.0009279999999999996,0.004337000000000001
199207,0.0378,-0.0045000000000000005,-0.0051,0.004207000000000001,0.011021999999999999,0.012603999999999999,0.026560000000000004,0.024774,0.024334,0.040985,0.027797000000000002,0.039453,0.024701,0.043022,0.043999,0.035994000000000005,0.0491,0.039707000000000006,0.048939,0.036947,0.033997000000000006,0.039195999999999995,0.01747,0.04609800000000001,0.032072,0.037044,0.04436400000000001,-0.005919
199208,-0.023799999999999998,-0.001,-0.0109,-0.048144,-0.034166999999999996,-0.011478,-0.019866,-0.036768999999999996,-0.041761,-0.036486,-0.01057,-0.004673,-0.039000999999999994,-0.044661,-0.027457000000000002,-0.023941999999999998,-0.014173,-0.031919,-0.015234000000000001,-0.028554000000000003,-0.025758999999999997,-0.0184,-0.046819,-0.008425,-0.032683000000000004,-0.015106999999999999,-0.03435,-0.086402
199209,0.011899999999999999,0.0055000000000000005,-0.0019,0.00036200000000000034,0.012771999999999999,0.0157,0.020165000000000002,0.010507,0.012957000000000002,0.015621000000000001,0.039657,0.020860999999999998,0.015732999999999997,0.028097000000000004,0.023744,0.012337,0.003058,0.015807,0.006665000000000001,0.031823000000000004,0.016933000000000004,0.008440000000000001,-0.0009719999999999998,0.005361000000000001,0.030725999999999996,0.002888,0.008457999999999999,-0.000838
199210,0.0102,0.021099999999999997,-0.019799999999999998,0.023083,0.016644000000000003,0.023388,0.018281000000000002,0.012688,0.047375,0.04002,0.02086,0.009694,0.030556999999999997,0.054171,0.037842,0.016002,0.022025,0.012396,0.045467999999999995,0.007436,0.009105,0.01879,0.04517,0.018275999999999997,0.012073,-0.027793,-0.000472,-0.001972
199211,0.0414,0.0368,-0.0152,0.10419400000000001,0.108648,0.080251,0.078568,0.076162,0.089761,0.080222,0.061370999999999995,0.04541099999999999,0.067907,0.091625,0.063607,0.05930300000000001,0.047741000000000006,0.03896000000000001,0.068165,0.046308,0.038967,0.026951999999999997,0.035965,0.034468,0.04768800000000001,0.008353,0.027128,0.08124300000000001
199212,0.015300000000000001,0.0165,0.0264,0.013499999999999998,0.029159,0.04770099999999999,0.041894,0.047420000000000004,0.013288000000000001,0.022387,0.030054999999999995,0.060821,0.046126,0.03473899999999999,0.04685600000000001,0.026112,0.035181000000000004,0.047337000000000004,0.009462,0.023909999999999997,0.033652,0.038535,0.043033,-0.009844,0.031763,0.007983,0.0272,0.027276
199301,0.009300000000000001,0.0189,0.059000000000000004,0.026661,0.048735,0.040831000000000006,0.053717,0.077248,-0.008737000000000002,0.028077,0.041763999999999996,0.043392,0.07935800000000001,-0.026425999999999998,0.040671,0.037483,0.031817,0.034356,0.009425000000000001,0.015524,0.028435000000000002,0.024066999999999998,0.04463399999999999,-0.026517,0.008924000000000001,0.006672000000000001,0.031309000000000003,0.087524
199302,0.0012,-0.0339,0.06480000000000001,-0.077097,-0.054489,-0.023113,-0.010418,0.005660999999999999,-0.083721,-0.045287,-0.00799,0.024172,0.014293,-0.08080699999999999,-0.0020510000000000003,0.010112,0.004763,0.027874999999999997,-0.052980000000000006,0.012412,0.013722999999999999,0.029268999999999996,0.016488,-0.032949,0.018865999999999997,0.048382,0.044591,0.018997
199303,0.0232,0.0029,0.0126,0.0076749999999999995,0.015023999999999997,0.029009999999999998,0.022965000000000003,0.047445,0.003952000000000001,0.023706,0.03942999999999999,0.022347000000000002,0.038151,0.046878,0.029068,0.029851,0.033773,0.055588,0.023058000000000002,0.047638999999999994,0.041311999999999995,0.034097999999999996,0.015943000000000002,0.004533000000000001,0.033455,0.025476000000000002,0.011439,0.032529999999999996
199304,-0.0305,-0.0062,0.0255,-0.043764,-0.039481,-0.034712,-0.023484,-0.014574,-0.031553,-0.034026,-0.022224999999999998,-0.025412999999999998,-0.042477,-0.052151,-0.02484,-0.027486,-0.019462,-0.019597,-0.052492,-0.027247,-0.021625000000000002,-0.020194,-0.016416,-0.06243,-0.024186,-0.005169,-0.017301,0.0061010000000000005
199305,0.028900000000000002,0.0206,-0.0346,0.056505999999999994,0.042224,0.036822,0.027193,0.043145,0.06743,0.040992,0.03231,0.017664,0.041585,0.077672,0.056003,0.036502,0.020027999999999997,0.020147,0.06591000000000001,0.036294,0.021195000000000002,0.008839,0.027402,0.029281,0.042605000000000004,0.014012,0.010271,-0.0059310000000000005
199306,0.003,-0.003,0.0264,-0.017088,-0.005099,0.002689,-0.010756,0.016568000000000003,-0.009654000000000001,0.005025,0.00030500000000000015,0.004366,0.021464,-0.009066,2.699999999999968e-05,0.009654,0.023577,0.0071140000000000005,0.005097000000000001,0.0036409999999999997,0.017082,0.009859,0.036189,-0.027097,0.008199,0.008231999999999998,0.025114,0.04464699999999999
199307,-0.0034000000000000002,0.0096,0.0287,-0.017462,-0.005462,0.0071740000000000016,0.014841,0.026590000000000003,0.0011090000000000002,-0.0050479999999999995,0.014932,0.015735,0.025286000000000003,-0.010124999999999999,-0.0023569999999999997,0.006792000000000001,0.023784,-0.007183,-0.034926,0.014644,0.009182,0.020953000000000003,0.011456000000000001,-0.033881,-0.0041979999999999995,0.017931000000000002,0.013229999999999999,-0.0037209999999999995
199308,0.037200000000000004,0.0012,0.0018,0.0344,0.050862,0.033357,0.039658,0.028329,0.031395,0.058087999999999994,0.046403999999999994,0.049092,0.031591999999999995,0.037820999999999994,0.046654,0.036294,0.029514999999999996,0.020913,0.057674,0.038895,0.042747999999999994,0.035939,0.047546,0.032913,0.023808,0.038156999999999996,0.038955,0.03767
199309,-0.0012,0.030699999999999998,-0.0024,0.020566,0.019873999999999996,0.030130999999999998,0.026672,0.027929000000000002,0.033874,0.033409,0.024089,0.019949,0.021727999999999997,0.038918,0.008254,0.008834,0.009844,0.0007639999999999999,0.0037739999999999996,0.010901000000000001,0.005781999999999999,-0.012546,-0.011091,-0.015655000000000002,-0.018748,-0.0004059999999999997,0.011751000000000001,-0.007095
199310,0.014199999999999999,0.0199,-0.0278,0.052156999999999995,0.041181999999999996,0.04472,0.044569,0.040307,0.037758,0.017984,0.015823,0.006015999999999999,0.004191,0.02148,-0.012697000000000002,-0.0004469999999999999,-0.004664,0.028962,0.031645,0.004756999999999999,-0.00025100000000000014,-0.008737,-0.024474,0.04499,0.011692999999999999,-0.00964,-0.007109000000000001,-0.007069000000000001
199311,-0.0187,-0.0126,-0.0078000000000000005,-0.042475000000000006,-0.031902,-0.020457,-0.023742999999999997,-0.019673,-0.034926,-0.026587999999999997,-0.027024,-0.043951000000000004,-0.046074000000000004,-0.027671,-0.021917,-0.034138,-0.038952,-0.006862,-0.025987,-0.027218,-0.024980000000000002,-0.027848,-0.05237,0.016352000000000002,-0.022321999999999998,-0.024102,-0.041787000000000005,0.004569999999999999
199312,0.0165,0.0118,0.0025,0.00588,0.002484,0.016637,0.010019,0.008128999999999999,0.020883,0.041971999999999995,0.044264,0.015733999999999998,0.035785,0.03428199999999999,0.06060700000000001,0.04921099999999999,0.048514,0.020053,0.039824,0.06164,0.03822299999999999,0.025977999999999998,0.024047,4.199999999999994e-05,0.019965999999999998,0.006050999999999999,0.010046,0.015644
199401,0.0287,0.0034000000000000002,0.011000000000000001,0.023570000000000004,0.060083,0.052912999999999995,0.045481999999999995,0.055542999999999995,0.010212,0.015992,0.019913,0.023919000000000003,0.047245999999999996,0.015224,0.019027,0.010902,0.028606,0.059467,0.021514000000000002,0.029901,0.048523,0.02972,0.017639000000000002,0.014084000000000001,0.045473,0.039219,0.027285,0.024916999999999998
199402,-0.0255,0.0276,-0.0152,-0.032279999999999996,0.005911000000000001,0.002714,-0.001695,-0.003418,-0.008525999999999999,0.0028490000000000004,-0.0013439999999999997,-0.021437,-0.01387,-0.008789,0.013371,0.003766,-0.015529,-0.014178999999999999,-0.016597,0.0009340000000000004,-0.014044999999999998,-0.027723,-0.05207099999999999,-0.020242000000000003,-0.022606000000000005,-0.036699999999999997,-0.055622,-0.051814
199403,-0.0479,-0.0108,0.0167,-0.080923,-0.053701000000000006,-0.051759,-0.047427,-0.031661999999999996,-0.072097,-0.057486,-0.054231,-0.044216000000000005,-0.055243,-0.060506,-0.050936,-0.047231,-0.044155,-0.053028,-0.063271,-0.052719,-0.052769,-0.032702,-0.011620000000000002,-0.050718,-0.042177000000000006,-0.035358,-0.043755,-0.042393
199404,0.0068000000000000005,-0.009300000000000001,0.0166,-0.0421,-0.0025050000000000003,-0.017418,-0.012998,0.004245,-0.01625,0.0057150000000000005,0.008989,0.016738999999999997,0.01729,-0.014530000000000001,0.017502,0.008877,0.0041530000000000004,0.008353,-0.005104,0.0037689999999999998,0.0070339999999999995,0.015550999999999999,0.017126999999999996,0.009347000000000001,-0.00022600000000000007,0.019211,0.01364,0.018777
199405,0.0058,-0.0208,0.006,-0.029965,-0.024893,-0.015430000000000001,-0.0025280000000000003,-0.007054,-0.024321,-0.027423,-0.014713,-0.007117999999999999,0.010674,-0.025402000000000004,-0.016166,0.003029,-0.013722999999999999,-0.0003250000000000002,-0.006633,-0.00804,0.009681,-0.013203999999999999,-0.023907,0.007512,0.024006,0.023988,-0.002879,0.031128999999999997
199406,-0.0304,-0.0042,0.0177,-0.068025,-0.05138,-0.047445999999999995,-0.024929,-0.023326999999999997,-0.061799,-0.035359,-0.005122,-0.021845,-0.011089000000000002,-0.044918999999999994,-0.033434,-0.0006909999999999998,-0.018396,-0.021219,-0.052957,-0.021455,-0.036533,-0.022556999999999997,-0.03619,-0.031756,-0.029559999999999996,-0.024965,-0.016429,-0.04055
199407,0.0282,-0.0177,0.0059,-0.0009140000000000005,-0.0008200000000000004,-0.010658,0.00673,0.008826,0.019903,0.018895000000000002,0.014149000000000002,0.023356000000000002,0.020777,0.034363000000000005,0.014374000000000001,0.004927,0.035666,0.033081,0.018201,0.035946000000000006,0.029885,0.046584,0.03632199999999999,0.028156,0.026437000000000002,0.040648000000000004,0.035758,0.011254
199408,0.04019999999999999,0.015300000000000001,-0.026000000000000002,0.034451,0.037432,0.047515999999999996,0.021919,0.024542,0.09331800000000001,0.05747,0.037735000000000005,0.037530999999999995,0.042534,0.094373,0.051436,0.040759,0.024845,0.048506,0.074571,0.044118,0.026019,0.027685,0.041222,0.049037,0.030587999999999997,0.015041,0.034956,0.030181
199409,-0.022799999999999997,0.030299999999999997,-0.0179,0.005349,0.015847,0.004036,0.023818,0.004511000000000001,-0.002442,0.004574999999999999,-0.016855,0.005550000000000001,-0.018434,0.0039,-0.016252000000000003,-0.023542,-0.020762999999999997,-0.014556,-0.012192,-0.023071,-0.031362,-0.037654,-0.029119,-0.015727,-0.038466,-0.027154000000000005,-0.044387,-0.065962
199410,0.013500000000000002,-0.0216,-0.0167,-0.011215000000000001,0.005849,-0.00609,0.008288000000000002,-0.00148,0.01496,-0.003861,-0.005827,-0.008019,-0.042374,0.028482999999999998,-0.007988,-0.004141,-0.010384,-0.030396000000000003,0.0029730000000000004,0.007953,0.006728,-0.01161,-0.023607,0.020142,0.019967999999999996,0.029744999999999997,0.014034000000000003,0.021249
199411,-0.0403,0.0033,-0.0074,-0.048531000000000005,-0.035912,-0.031093999999999997,-0.035573,-0.034813,-0.033703000000000004,-0.040819,-0.041732,-0.044292,-0.053083,-0.06010100000000001,-0.04680800000000001,-0.049242999999999995,-0.032146,-0.054612,-0.042943,-0.041751,-0.043064,-0.044052,-0.057787,-0.024517999999999998,-0.055466,-0.031045999999999997,-0.054493,-0.031075
199412,0.0086,0.0015,-0.001,-0.031902,-0.013349,-0.007072,-0.003621,-0.0057480000000000005,0.012596,0.015936,0.020954,0.022002999999999998,0.006138,0.013839999999999998,0.027524,0.015969,0.021026999999999997,0.04088699999999999,0.015084999999999998,0.00911,-0.004581,0.004745,0.0075109999999999994,0.011666,0.006108,0.007017999999999999,0.006852,-0.0026980000000000003
199501,0.018000000000000002,-0.0349,0.0258,0.006866,0.019007,0.027718000000000003,0.018631,0.017903000000000002,-0.024106999999999996,-0.013391,-0.003864,-0.010193,-0.0011389999999999998,-0.019435,-0.027586,-0.009606,-0.0046,0.001712,-0.004199,0.007598,0.005486,0.036321,0.042426,0.023491,0.012579,0.031251,0.03891,0.060707000000000004
199502,0.0363,-0.005699999999999999,0.0098,0.020426,0.034224000000000004,0.015633,0.018087,0.029008000000000003,0.030811,0.041122000000000006,0.030327000000000003,0.026362,0.05430599999999999,0.05093299999999999,0.05495699999999999,0.037939,0.043392,0.048637,0.038294999999999996,0.04521,0.04593,0.036151,0.044349,0.031546000000000005,0.04264,0.025146,0.032227000000000006,0.071757
199503,0.0219,-0.0018,-0.0216,0.0030629999999999998,0.011207000000000002,0.008194000000000002,0.0062450000000000006,0.0034330000000000003,0.040977,0.006913000000000001,0.022101000000000003,0.017181000000000002,0.014201000000000002,0.031401,0.021072,0.013080000000000001,-0.002999,0.006253999999999999,0.027734,0.027135,0.022379000000000003,0.010409,0.001706000000000001,0.022706,0.034835,0.031069,-0.00012899999999999977,0.007071000000000001
199504,0.021099999999999997,-0.0052,0.0167,0.010941,0.02462,0.028898999999999994,0.01806,0.035161,-0.00412,0.011267,0.029782000000000003,0.016655999999999997,0.031673,-0.005668,0.02217,0.015355,0.032002,0.015954999999999997,3.199999999999991e-05,0.012490999999999999,0.031514,0.007173999999999999,0.033029,0.022838,0.028776999999999997,0.022524999999999996,0.018975,0.055311
199505,0.028999999999999998,-0.0253,0.022799999999999997,0.009882,0.016527,0.013334999999999998,0.007660999999999999,0.026421999999999994,0.006451999999999999,0.006978999999999999,0.011252,0.021357,0.021095000000000003,0.015954999999999997,-0.010085,0.012799,0.024671,0.024481000000000003,0.013841999999999998,0.007987,0.018999999999999996,0.02608,0.045237,0.033095,0.024042,0.038452,0.05882699999999999,0.056254
199506,0.027200000000000002,0.031400000000000004,-0.0252,0.07473800000000001,0.06378,0.065959,0.045644000000000004,0.047373,0.094101,0.038954,0.04166199999999999,0.035664,0.042818999999999996,0.060796,0.036775,0.026168000000000004,0.026713999999999998,0.017038,0.061708,0.024426,0.021556,0.019768,0.023430000000000003,0.028956,0.021451,-0.003633999999999999,0.010907,0.011127000000000001
199507,0.0371,0.021099999999999997,-0.015700000000000002,0.068621,0.06408399999999999,0.04660299999999999,0.045016,0.045266,0.087556,0.060503,0.035391000000000006,0.046652,0.04593599999999999,0.07604999999999999,0.044520000000000004,0.04053899999999999,0.033589999999999995,0.040445999999999996,0.076773,0.041217000000000004,0.03512699999999999,0.03879200000000001,0.031726000000000004,0.02529,0.034806000000000004,0.03605900000000001,0.022844,0.029516999999999998
199508,0.0055000000000000005,0.0131,0.0268,0.036665,0.043044,0.03689500000000001,0.032593,0.03676700000000001,0.0026240000000000013,0.013349,0.0036109999999999996,0.031214000000000002,0.029619000000000003,0.0006330000000000007,0.016615,0.005803000000000001,0.037764000000000006,0.026152,-0.004069999999999999,0.003184000000000001,0.020749000000000004,0.017936,0.039678000000000005,-0.003932,-0.0010409999999999994,-0.0027939999999999996,0.022356,0.039024
199509,0.0336,-0.0217,-0.0011,0.030151999999999998,0.023888,0.015647,0.014490999999999999,0.020509,0.018034,0.009552,0.01582,0.025235,0.0012779999999999996,0.017125999999999995,0.006789999999999999,0.011193,0.015430000000000001,0.005991,0.03194,0.014717,0.010012,0.015919000000000003,0.03053,0.050884,0.021022,0.030970000000000004,0.043156,0.06675800000000001
199510,-0.0151,-0.0381,-0.0048,-0.06801,-0.06205000000000001,-0.05341800000000001,-0.041198,-0.032389,-0.073738,-0.072388,-0.05937100000000001,-0.054089,-0.05542899999999999,-0.031342,-0.04301100000000001,-0.0311,-0.036187,-0.032494999999999996,-0.021649,-0.048881999999999995,-0.027874,-0.013420999999999999,-0.015896,-0.0012579999999999991,0.0033360000000000004,0.0031920000000000004,-0.03668300000000001,-0.038551
199511,0.039599999999999996,-0.011200000000000002,0.0052,0.017126000000000002,0.01985,0.0037469999999999995,0.018983,0.011141000000000002,0.045158000000000004,0.045434999999999996,0.034561999999999996,0.04206,0.05522899999999999,0.06043199999999999,0.030827000000000004,0.033872,0.043579999999999994,0.047178000000000005,0.038363,0.046939,0.035655,0.043079,0.042504999999999994,0.044501,0.015732000000000003,0.044747,0.045308999999999995,0.049339
199512,0.0104,0.0066,0.0024,0.019322,0.024611,0.012283,0.008409,0.009731,0.023906999999999998,0.017228,0.028915999999999997,0.027788999999999994,0.028467,0.008692,0.013438,0.024056,0.027965000000000004,0.009396999999999999,-0.021221999999999998,0.0011040000000000008,0.0075920000000000015,-0.0024279999999999996,-0.000856,0.007135000000000001,0.0046370000000000005,0.033916999999999996,0.005066000000000001,0.009952
199601,0.0226,-0.0282,0.0045000000000000005,0.011071999999999999,1.6999999999999654e-05,0.009404000000000001,0.010504999999999999,0.0037870000000000004,-0.005863,-0.016929,0.0023769999999999998,-0.01292,-0.0004090000000000001,-0.021363,-0.0003290000000000003,-0.005628,0.005732000000000001,0.003712,0.011732999999999999,0.019502,0.011572999999999998,0.016708,0.0077849999999999985,0.035527,0.021171000000000002,0.029442999999999997,0.024995000000000003,0.038958
199602,0.013300000000000001,0.0178,-0.0105,0.03494,0.0066370000000000005,0.032232,0.015064000000000001,0.031015,0.050420000000000006,0.053269,0.018571,0.015614,0.009304999999999999,0.043648000000000006,0.036105,0.017763,0.021677000000000002,0.012261999999999999,0.051439,0.006938,-0.0006290000000000002,0.012652999999999998,-0.012696,0.0016589999999999995,0.027023,0.011061,0.002127,0.025818
199603,0.0074,0.0144,0.0042,0.023939,0.034183,0.027285999999999998,0.037084,0.015936,0.015659,0.028239,0.006199,0.014574,0.035408999999999996,0.0266,0.006538,0.029647,0.028245,0.015684999999999998,0.008203999999999998,0.0064649999999999985,0.026105999999999997,0.0036079999999999997,0.018038,-0.004571,0.017455,0.005339,0.013878000000000001,0.009711999999999998
199604,0.0206,0.052000000000000005,-0.039599999999999996,0.08016699999999999,0.09226199999999998,0.07957,0.055644,0.052275,0.097076,0.08671999999999999,0.022688,0.038159,0.060113999999999994,0.052298,0.04187300000000001,0.015361,0.008211,0.011341,0.058962999999999995,0.03593,0.033778,-0.006991,-0.023278,0.008158,0.027755999999999996,0.007819,-0.008936,-0.018711
199605,0.0236,0.0321,-0.0091,0.08150600000000001,0.06278,0.07097,0.05966899999999999,0.05336,0.05668499999999999,0.040022,0.041534,0.044127,0.071331,0.024891,0.03378,0.016689000000000002,0.009199000000000002,0.0073999999999999995,0.025386000000000002,0.00032300000000000037,-0.0005619999999999996,0.008463000000000002,0.011887000000000002,0.034384,0.00946,0.0027420000000000005,0.025546000000000003,0.017819
199606,-0.0113,-0.04,0.0233,-0.081182,-0.058843000000000006,-0.054195999999999994,-0.029405999999999998,-0.032788,-0.07276200000000001,-0.041919,-0.031425,-0.012418,-0.05925,-0.0748,-0.031506,-0.014405,-0.008011,-0.002559,-0.048413,-0.021809,-0.014444,-2.1000000000000185e-05,0.017837,0.010649,-0.012962,-0.00249,-0.012803,0.0030289999999999996
199607,-0.0596,-0.0431,0.0519,-0.154752,-0.100467,-0.091534,-0.049933000000000005,-0.05944200000000001,-0.155538,-0.103878,-0.08400300000000001,-0.06028800000000001,-0.05819200000000001,-0.11966600000000001,-0.08099100000000001,-0.065667,-0.053839,-0.067733,-0.093782,-0.058481000000000005,-0.05326299999999999,-0.045638,-0.051430000000000003,-0.054634,-0.05241699999999999,-0.033278,-0.03882100000000001,-0.04910600000000001
199608,0.0277,0.0245,-0.008,0.041762999999999995,0.046354,0.039359000000000005,0.034224,0.034322,0.07431199999999999,0.054315999999999996,0.037339000000000004,0.042737,0.043902000000000004,0.07785900000000001,0.05335,0.057543,0.063525,0.04116500000000001,0.051644999999999996,0.048035999999999995,0.055082,0.043846,0.036773999999999994,0.008576,0.026032,0.036883,0.0161,0.027971000000000003
199609,0.0501,-0.0102,-0.0275,0.019774999999999997,0.035625000000000004,0.011333999999999997,0.03027,0.021745999999999998,0.054884999999999996,0.025472999999999996,0.016813,0.033962,0.035766000000000006,0.075849,0.036424,0.028125999999999998,0.027084999999999998,0.012095999999999999,0.052334,0.049499,0.021026999999999997,0.038542999999999994,0.0303,0.06830699999999999,0.040368999999999995,0.032015999999999996,0.029045999999999995,0.046332
199610,0.0087,-0.043899999999999995,0.0487,-0.059822,-0.032142000000000004,-0.017801,0.006315000000000002,0.005206,-0.058426000000000006,-0.018741,-0.0027339999999999995,0.016041,0.0068179999999999985,-0.06995499999999999,-0.028881999999999998,-0.0018829999999999997,0.005313000000000001,0.010857000000000002,-0.043437,0.004079,0.018444000000000002,0.026581,0.029706,0.012408000000000002,0.007224,0.051954999999999994,0.050525999999999995,0.044844999999999996
199611,0.0625,-0.04019999999999999,0.0138,-0.010367,0.015308000000000002,0.027913,0.038401,0.038637,0.007223000000000002,0.034087,0.040392000000000004,0.041209,0.034213,0.01124,0.054515,0.058666,0.069024,0.035664,0.050138999999999996,0.050199,0.052279,0.06186300000000001,0.078878,0.07078299999999998,0.067996,0.07841899999999999,0.08268400000000001,0.06426599999999999
199612,-0.017,0.0313,0.0127,-0.006584,0.0014160000000000006,0.019517000000000003,0.019841,0.012413,0.012323999999999998,0.01585,0.027724,0.028271000000000004,0.016121,-0.007639,0.00181,0.013318,0.0010079999999999993,0.017237,-0.025328,-0.00033500000000000023,-0.010227,-0.003268,0.015338999999999998,-0.024695,-0.009381,-0.030223,-0.030297,-0.019373
199701,0.0496,-0.0194,-0.0143,0.058536000000000005,0.04197999999999999,0.063137,0.043726,0.036118,0.03616499999999999,0.022403999999999997,0.015126999999999998,0.004682,0.013409999999999998,-0.0023430000000000005,0.035009,0.0016159999999999994,0.024177,0.04303,0.017094,0.032278,0.038717,0.01506,0.04566200000000001,0.072282,0.04633899999999999,0.045221,0.048955,0.037238999999999994
199702,-0.0048,-0.0317,0.0562,-0.062188,-0.055318,-0.029648000000000004,0.0037119999999999996,0.0029610000000000005,-0.093824,-0.032276,-0.010725,0.002258,0.022843000000000002,-0.06753400000000001,-0.021201,0.00018499999999999983,0.012062,0.016382,-0.041322,0.007438999999999998,-0.0031200000000000004,0.020854,0.033566,0.004232999999999999,-0.019618,-0.00456,0.025541,0.04647
199703,-0.050199999999999995,-0.0033,0.0337,-0.10047,-0.065969,-0.04443899999999999,-0.030174,-0.023422,-0.09833299999999999,-0.061578,-0.032818,-0.028964999999999998,-0.018579,-0.083905,-0.040346,-0.039723,-0.031673,-0.024653,-0.078827,-0.040908999999999994,-0.036104,-0.04967099999999999,-0.041089,-0.059217,-0.013356,-0.04355,-0.062432999999999995,-0.060298
199704,0.0404,-0.0576,0.0003,-0.055584999999999996,-0.043970999999999996,-0.03792499999999999,-0.018667000000000003,-0.029175,-0.048111999999999995,-0.00662,-0.005825,0.014709999999999999,-0.003763,-0.016662,0.020443000000000003,0.034879,0.026094,0.0085,0.016309999999999998,0.020283000000000002,0.015588,0.027481000000000005,0.01553,0.07531,0.020520999999999998,0.05799,0.045864,0.01095
199705,0.0673,0.0513,-0.041299999999999996,0.12089700000000002,0.106949,0.105567,0.08010999999999999,0.07500899999999999,0.166169,0.14328000000000002,0.09331999999999999,0.086464,0.080451,0.14679,0.099801,0.073465,0.064274,0.065556,0.09205999999999999,0.069411,0.050954,0.06683499999999999,0.065065,0.056297999999999994,0.066583,0.055622,0.039227,0.057574
199706,0.040999999999999995,0.011899999999999999,0.0147,0.036126,0.043396,0.054532,0.06783900000000001,0.06983500000000001,0.023535,0.053434999999999996,0.055046,0.051490999999999995,0.064484,0.038745,0.031719,0.047682,0.047278,0.048506999999999995,0.018659000000000002,0.034125,0.047375999999999995,0.023426999999999996,0.039512,0.043441,0.023325,0.047381,0.041033999999999994,0.03426
199707,0.0731,-0.0273,0.0013,0.031417,0.047156,0.056025,0.057780000000000005,0.052183,0.051502,0.046703999999999996,0.03615600000000001,0.043287000000000006,0.049487,0.043866,0.069768,0.06321,0.049986,0.055876,0.06727,0.062417,0.060300999999999993,0.072641,0.052272,0.071338,0.084945,0.10407899999999999,0.059759999999999994,0.07664
199708,-0.040999999999999995,0.07150000000000001,0.0113,0.051377,0.044908000000000003,0.033175,0.030162,0.038296000000000004,0.030366999999999998,0.024262,0.034176,0.014956,0.032929,0.017750000000000002,0.022439,0.011183,-0.0009339999999999995,0.006614999999999999,-0.0014139999999999995,-0.0024819999999999994,0.0012770000000000004,-0.01363,-0.00014199999999999977,-0.07450899999999999,-0.037392,-0.054163,-0.049133,-0.059363
199709,0.053399999999999996,0.0254,0.0024,0.098688,0.093694,0.091262,0.072211,0.085764,0.070465,0.07576899999999999,0.066403,0.073191,0.068551,0.065336,0.06192399999999999,0.06549200000000001,0.06551399999999999,0.066606,0.048158,0.050987000000000005,0.049959,0.053045,0.036144,0.044486000000000005,0.048865,0.061786999999999995,0.05755299999999999,0.06819
199710,-0.038,-0.0070999999999999995,0.0233,-0.061594,-0.040808000000000004,-0.04549400000000001,-0.010894999999999998,-0.015998,-0.06417099999999999,-0.05389000000000001,-0.050030000000000005,-0.034273,-0.029578999999999998,-0.069034,-0.035806000000000004,-0.042728,-0.029255,-0.035479000000000004,-0.068923,-0.065246,-0.031962,-0.048972999999999996,-0.050367999999999996,-0.03102,-0.043478,-0.037816,-0.014235999999999999,-0.037820000000000006
199711,0.029900000000000003,-0.051100000000000007,0.012199999999999999,-0.036821,-0.038237,-0.029493,-0.005237,-0.006613,-0.037946,-0.030522,-0.008617,-0.006276,-0.005203,-0.037394000000000004,-0.02305,0.005064999999999998,0.022216,0.011934999999999998,0.004376999999999999,-0.003936,0.038911,0.027872,0.031037000000000002,0.052535000000000005,0.038539,0.020644,0.045162,0.03524
199712,0.013300000000000001,-0.0248,0.0374,-0.063252,-0.034215,-0.025579,0.0023690000000000004,0.009104000000000001,-0.016089,-0.021487,0.007946000000000002,0.034991,0.017072,0.00415,-0.004402,0.019005,0.041016,0.027417999999999998,-0.021242999999999998,0.015634000000000002,0.024193000000000003,0.054084,0.0067870000000000005,0.008447,0.013466000000000002,0.029044,0.04184500000000001,0.025348000000000002
199801,0.0015,-0.0101,-0.0168,-0.0014889999999999999,-0.012801,-0.019676,-0.009694999999999999,-0.012048,-0.0006099999999999999,-0.023259999999999996,-0.022154,-0.025237999999999997,-0.023721,-0.011651,-0.011836,-0.022369,-0.048844,0.012317,-0.017439000000000003,-0.009491,-0.023774999999999998,-0.022948000000000003,0.00822,0.032227,-0.009616,-0.036745,-0.004777,0.00030100000000000005
199802,0.0703,0.0013,-0.009300000000000001,0.05980300000000001,0.065042,0.051489999999999994,0.04740899999999999,0.061211,0.084139,0.08178099999999999,0.088654,0.06000900000000001,0.069992,0.087968,0.093363,0.06467099999999999,0.072539,0.08347299999999999,0.09046799999999999,0.07301200000000001,0.066568,0.057142,0.057686,0.064124,0.067208,0.092427,0.069472,0.069456
199803,0.047599999999999996,-0.011899999999999999,0.0138,0.04108,0.058391,0.045367000000000005,0.042423999999999996,0.046195,0.040699,0.06000799999999999,0.025419999999999998,0.035585,0.043946,0.040584,0.026069000000000002,0.048989,0.032756,0.054072999999999996,0.032759,0.04693,0.046866,0.040356,0.072945,0.048119999999999996,0.033178,0.051859999999999996,0.081247,0.06746999999999999
199804,0.0074,0.0006,0.0103,0.01997,0.021634,0.031847,0.016801000000000003,0.023665,-0.004612,0.008864,0.0028060000000000003,0.017994999999999997,0.015669000000000002,0.009745,-0.00229,-0.00216,-0.0019160000000000002,0.003991,-0.003018,-0.0052049999999999996,-0.004199,0.004032000000000001,0.0005890000000000001,0.005783,0.018196999999999998,0.007398,0.021316,-0.011585999999999999
199805,-0.030699999999999998,-0.034,0.0341,-0.072772,-0.067633,-0.04396799999999999,-0.036426,-0.026949999999999998,-0.094415,-0.06679,-0.053332000000000004,-0.03924,-0.030161,-0.08085500000000001,-0.06560099999999999,-0.054858000000000004,-0.049405000000000004,-0.028247,-0.053775,-0.033617,-0.03750099999999999,-0.034109,-0.039852,-0.027003999999999997,-0.019006,-0.021026,0.003039,-0.016857
199806,0.0319,-0.0317,-0.0203,-0.006934999999999999,0.007043000000000001,-0.032002,-0.008095999999999999,-0.015604,0.015722,-0.026754,-0.0017099999999999997,-0.014354,-0.0021399999999999995,0.03339,-0.024298,-0.012355999999999999,-0.004735,-0.0017089999999999996,0.00899,-0.009933,-0.0023369999999999997,0.012035,0.004076,0.066609,0.011823,0.019863000000000002,0.047179000000000006,0.003398000000000001
199807,-0.0242,-0.0482,-0.0181,-0.079865,-0.07566200000000001,-0.061748,-0.068451,-0.058309,-0.081457,-0.078324,-0.082211,-0.095323,-0.074759,-0.08041300000000001,-0.08052300000000001,-0.081682,-0.08447800000000001,-0.091004,-0.066978,-0.05015599999999999,-0.061603000000000005,-0.056275000000000006,-0.05061500000000001,0.0005939999999999999,-0.028637,-0.01763,-0.031861,-0.028939
199808,-0.1605,-0.0546,0.0359,-0.28434000000000004,-0.217868,-0.20807099999999998,-0.196171,-0.18897,-0.257579,-0.207848,-0.18046399999999999,-0.16385,-0.19061799999999998,-0.23307199999999997,-0.220323,-0.179332,-0.167259,-0.18916,-0.20235399999999998,-0.191037,-0.187374,-0.12525,-0.123933,-0.133942,-0.173983,-0.181774,-0.159804,-0.13003
199809,0.061900000000000004,0.0,-0.0351,0.067548,0.030564,0.030310999999999998,0.031471,0.011127999999999999,0.121943,0.07716100000000001,0.046984000000000005,0.03984,0.052614999999999995,0.10983500000000002,0.049672,0.07880000000000001,0.044629,0.021343,0.052001,0.065776,0.063581,0.057165,0.058644999999999996,0.08080999999999999,0.034126,0.026172,0.032303,0.09323300000000001
199810,0.0698,-0.0297,-0.023700000000000002,0.029345000000000003,0.027329999999999997,0.009754,0.025519,0.007432999999999999,0.05103,0.055084,0.032438,0.028128999999999994,0.016930999999999998,0.035848,0.06183199999999999,0.045847,0.031978,0.03654,0.083175,0.08974900000000001,0.06107100000000001,0.041555,0.027524,0.07521800000000001,0.07563500000000001,0.08226900000000001,0.080323,0.029183
199811,0.060700000000000004,0.012199999999999999,-0.0317,0.10374900000000001,0.08116899999999999,0.056306999999999996,0.060079,0.085337,0.087607,0.068933,0.037556,0.034719,0.060779999999999994,0.089293,0.063175,0.023704000000000003,0.026853,0.027478,0.073612,0.019737,0.03964,0.030557,0.029580000000000002,0.070533,0.057692,0.051923000000000004,0.047105,0.045169
199812,0.061500000000000006,-0.004699999999999999,-0.0425,0.048378000000000004,0.00873,0.025898,0.012149000000000002,0.008626,0.067348,0.051337,0.028105,0.040202,0.04639,0.11174600000000001,0.074577,0.033603,0.04194900000000001,0.027114999999999997,0.097609,0.05115700000000001,0.033441,0.031081,0.018743999999999997,0.08515,0.019635999999999997,0.023877999999999996,0.025101,0.046462
199901,0.0348,0.0066,-0.044199999999999996,0.073597,0.056978,0.044169,0.037595,0.037799,0.060233999999999996,0.003417,-0.021901,-0.031368,0.004431000000000001,0.045257000000000006,0.0007470000000000003,-0.017731999999999998,-0.02381,-0.014828,0.012629999999999999,-0.038006,-0.020524999999999998,-0.035202,-0.031124,0.05640300000000001,0.010812,0.016376,0.013328,-0.0017099999999999997
199902,-0.0408,-0.0599,0.0189,-0.081523,-0.085816,-0.064794,-0.060326000000000005,-0.060131000000000004,-0.096034,-0.099179,-0.077299,-0.083071,-0.111183,-0.091741,-0.09183500000000001,-0.06656000000000001,-0.06081,-0.066609,-0.05960299999999999,-0.050385,-0.035916000000000003,-0.047066,-0.025836,-0.050640000000000004,-0.010697,-0.0029769999999999996,-0.012046,-0.016302999999999998
199903,0.0348,-0.0387,-0.0256,-0.024345,-0.0766,-0.014736,-0.041732,-0.033186,-0.00373,0.0032980000000000006,-0.001985,-0.0042,-0.04231,0.046012000000000004,0.017518,0.017031000000000004,-0.012768999999999999,-0.004855,0.033833,0.035247,0.013182000000000001,-0.0014629999999999999,-0.002811,0.03966600000000001,0.026782,0.040747,0.029430000000000005,0.01713
199904,0.0434,0.0388,0.023799999999999998,0.072203,0.090813,0.123037,0.11508,0.07929300000000002,0.105206,0.104299,0.068082,0.07987900000000002,0.070051,0.07048700000000001,0.12355400000000001,0.08480300000000002,0.107681,0.080128,0.056513,0.112622,0.074179,0.117914,0.087353,0.004052,0.08429099999999999,0.071302,0.054238,0.020329
199905,-0.0246,0.0334,0.025,0.014464999999999999,0.034013,0.019000000000000003,0.016532,0.038583,0.0045769999999999995,-0.0010440000000000002,0.025383,0.03997,0.032975000000000004,-0.009366,-0.004518,0.004234999999999999,0.017515,0.023117,0.021316,-0.009242,0.012768000000000002,0.015234999999999999,0.011125999999999999,-0.036223000000000005,-0.018703,-0.02426,-0.01006,0.024938000000000002
199906,0.04769999999999999,0.0321,-0.0322,0.063138,0.075153,0.085151,0.048603999999999994,0.057215,0.07747799999999999,0.069919,0.064866,0.040995000000000004,0.064845,0.04521599999999999,0.058012999999999995,0.023366,0.009595999999999999,0.063572,0.068438,0.07345499999999999,0.024294,0.033432,0.032078999999999996,0.066009,0.025543,0.023583000000000003,-0.003502,-0.004298
199907,-0.0349,0.024900000000000002,-0.0018,0.006706999999999999,0.021511,0.011467999999999999,0.00886,0.012276,-0.018558,-0.011308,-0.013373,-0.021955,-0.04216399999999999,-0.032292,-0.022414,-0.027285999999999998,-0.017091,-0.018416000000000002,-0.031757,-0.021232,-0.021932,-0.016980000000000002,-0.014145,-0.032949,-0.046228,-0.054848,-0.027700000000000002,-0.088848
199908,-0.0137,-0.009399999999999999,-0.0192,-0.036126,-0.023759000000000002,-0.022521000000000003,-0.020701,-0.039613,-0.030524,-0.044627,-0.052448999999999996,-0.031925999999999996,-0.046616000000000005,-0.023645,-0.056462,-0.041979,-0.041308000000000004,-0.018767,-0.016739,-0.053824,-0.027653000000000004,-0.028155,-0.069605,0.002206,-0.028047,-0.035283,-0.04693,-0.017772
199909,-0.0277,0.0313,-0.028999999999999998,0.011248,-0.005772,-0.013968,-0.024349000000000003,-0.043738,-0.009053,0.010915,-0.012058000000000001,-0.024930000000000004,-0.020616,0.036426,0.007153999999999999,-0.028561,-0.036251,-0.024306,0.011351999999999998,-0.042258,-0.034981,-0.053245,-0.020211,-0.024385000000000004,-0.038814,-0.068651,-0.091251,-0.076126
199910,0.060899999999999996,-0.0693,-0.0288,-0.008132,-0.009903,-0.01166,-0.013317,-0.030262,0.022346,-0.011583,-0.017553,-0.014062,-0.055593,0.017987,0.0003979999999999995,-0.010667,-0.020799,0.0008360000000000004,0.072138,0.009054,0.016273,0.041104999999999996,0.037982,0.058443999999999996,0.099144,0.074032,0.044493,0.072078
199911,0.0341,0.0684,-0.0565,0.18763300000000002,0.12729100000000002,0.09194,0.072682,0.062871,0.116128,0.08968099999999998,0.042958,0.030219000000000003,0.025498000000000003,0.113259,0.07049799999999999,-0.01,-0.003159,-0.0015009999999999997,0.114115,-0.005915,-0.016421,0.0013210000000000001,0.031324,0.037569000000000005,-0.0023279999999999998,-0.037556,-0.053458,0.009506
199912,0.0766,0.0652,-0.0767,0.239243,0.260252,0.072514,0.120126,0.069693,0.168189,0.116129,0.039878000000000004,0.037238,0.060832,0.14719200000000002,0.091943,-0.0017580000000000004,0.03956899999999999,0.026436,0.20581000000000002,0.046719000000000004,0.002935,0.065116,0.031941,0.07251099999999999,0.041191,-0.010268,0.0046159999999999994,-0.002524
200001,-0.047400000000000005,0.0512,-0.011000000000000001,0.092669,0.060294999999999994,0.040989,0.031275000000000004,0.042612,0.0033490000000000004,-0.028768000000000002,-0.030119,0.0014860000000000003,-0.034217,-0.036154,-0.050545999999999994,-0.016937,-0.050182,-0.061161,-0.043448,-0.032798,-0.044289,-0.044946999999999994,-0.09387100000000001,-0.051873,-0.045086,-0.056813999999999996,-0.064466,-0.06270200000000001
200002,0.0246,0.2134,-0.0973,0.35959399999999997,0.433561,0.19852499999999998,0.25634199999999996,0.143722,0.302394,0.189271,0.032228,0.087531,0.138712,0.22173400000000001,0.125332,0.013220999999999998,9.999999999999593e-06,-0.017541,0.253831,0.006770999999999999,-0.027653000000000004,0.025249,-0.036462999999999995,-0.0008439999999999997,-0.060242,-0.083383,-0.102246,-0.08588599999999999
200003,0.0521,-0.1739,0.0848,-0.141956,-0.19826500000000002,-0.083672,-0.07934,-0.029730999999999997,-0.141764,-0.06683700000000001,0.0014490000000000006,-0.009888000000000001,-0.031517,-0.13249400000000003,-0.021873,0.097968,0.055330000000000004,0.130154,-0.034518999999999994,0.11886500000000001,0.13974599999999998,0.09796500000000001,0.122571,0.087329,0.109815,0.096483,0.16355999999999998,0.175951
200004,-0.0639,-0.0603,0.0645,-0.233039,-0.188608,-0.10624,-0.11381,-0.102358,-0.13599099999999997,-0.091692,-0.06487000000000001,-0.020797,-0.029937000000000002,-0.10486999999999999,-0.007736999999999999,-0.020527,0.024085000000000002,-0.0020280000000000003,-0.07400599999999999,-0.042364,0.021134,0.004581,0.008764000000000001,-0.046020000000000005,-0.032282000000000005,0.0010350000000000003,0.007105,-0.046383
200005,-0.043899999999999995,-0.060700000000000004,0.0458,-0.14605600000000002,-0.097043,-0.062707,-0.079446,-0.075063,-0.101602,-0.061661999999999995,-0.060292,-0.072414,-0.019492,-0.057282,-0.031737999999999995,-0.026732000000000002,-0.009384,0.023168,-0.08422500000000001,-0.011311,-0.007629,-0.021176,0.007712000000000001,-0.040180999999999994,-0.019494,0.044516,0.008225,0.063187
200006,0.046799999999999994,0.12689999999999999,-0.0803,0.275663,0.288387,0.17004599999999997,0.18603399999999998,0.09695000000000001,0.14232,0.11243399999999999,0.029475000000000005,0.040161,0.09325099999999999,0.143506,0.021931000000000003,0.005414,-0.012551999999999999,0.016647000000000002,0.103586,0.026864,-0.04249800000000001,-0.033174999999999996,-0.048611,0.05118099999999999,-0.05011,-0.06748,-0.07305500000000001,-0.05257300000000001
200007,-0.0248,-0.0282,0.081,-0.09184200000000001,-0.015913,0.0013080000000000001,0.0073500000000000015,0.008661000000000002,-0.07586,-0.022822,0.011374000000000002,0.008303000000000001,0.0037830000000000008,-0.10228799999999999,-0.014452,0.036851999999999996,0.018132000000000002,0.067874,-0.07538,-0.015217000000000001,0.024552,0.013726000000000002,0.01371,-0.034384000000000005,0.0009050000000000004,0.039415,0.058338,0.018342999999999998
200008,0.0703,-0.005,-0.013999999999999999,0.086617,0.080882,0.033781,0.050057000000000004,0.04761700000000001,0.076851,0.042606000000000005,0.033835000000000004,0.058581,0.063451,0.07902799999999999,0.09629599999999999,0.056285999999999996,0.064242,0.06856799999999999,0.132881,0.056123000000000006,0.05969699999999999,0.067257,0.06246000000000001,0.06849599999999999,0.061827,0.08097599999999999,0.05948900000000001,0.051980000000000005
200009,-0.054400000000000004,-0.0172,0.0722,-0.110703,-0.015576000000000001,-0.035712,-0.008060000000000001,-0.010801000000000002,-0.046266999999999996,-0.046719000000000004,-0.006635,-0.02058,-0.02595,-0.10706300000000002,-0.034215,-0.00825,0.021892,0.014877999999999999,-0.09978100000000001,-0.012232,-0.008077,0.015296,-0.01202,-0.066154,-0.030887,0.008027999999999999,0.08782500000000001,-0.021495
200010,-0.0278,-0.0383,0.0564,-0.12365699999999999,-0.110818,-0.040297,-0.054833,-0.051776,-0.097995,-0.009674,-0.010714000000000001,-0.011434000000000001,-0.021594,-0.10947499999999999,-0.024562,-0.0010760000000000006,-0.013531000000000001,0.018195999999999997,-0.064444,0.012589,0.015091,-0.026930000000000003,0.03441299999999999,-0.025995,0.018805,-0.044584,0.013401999999999997,0.028344999999999995
200011,-0.107,-0.030699999999999998,0.1225,-0.211522,-0.13047599999999998,-0.067412,-0.054986,-0.050668,-0.184819,-0.07305500000000001,-0.030663,-0.055289000000000005,-0.032532,-0.205699,-0.07036900000000001,-0.061320999999999994,-0.011630000000000001,0.009513,-0.193499,-0.024108,0.003408999999999999,0.00846,0.004109,-0.11014399999999999,-0.06908700000000001,-0.08355499999999999,-0.007788,-0.0040490000000000005
200012,0.0118,0.0085,0.0754,-0.10086,0.004805000000000001,0.0029179999999999996,0.027511999999999998,0.022546,-0.00772,0.060442,0.11091100000000001,0.101931,0.118947,0.016477,0.134286,0.102361,0.125342,0.107377,0.037848,0.07874599999999998,0.112144,0.127408,0.108009,-0.02003,0.081468,0.05127,0.072186,0.003439
200101,0.0325,0.0639,-0.0506,0.26374899999999996,0.170515,0.12363900000000001,0.117023,0.12277500000000001,0.13556100000000001,0.07338,0.041183,0.05732999999999999,0.048373,0.12380400000000001,0.021704,-0.00033600000000000036,-0.016901,0.023201,0.066821,0.010110999999999998,-0.010371,-0.040486,0.062514,0.028997000000000002,0.020615,0.076042,-0.052659000000000004,0.021802000000000002
200102,-0.1003,-0.0064,0.1222,-0.13419899999999998,-0.10495600000000001,-0.028625,0.0004249999999999996,-0.006005,-0.14234,-0.025009,-0.008927000000000001,-0.032942,0.012069999999999999,-0.174708,-0.041676,-0.014273,0.011177000000000001,-0.010324,-0.154668,-0.029439,-0.005216,-0.0017590000000000001,0.014976999999999999,-0.12325299999999999,-0.026601000000000003,-0.031194,0.026897,0.02014
200103,-0.0725,0.0027,0.0649,-0.130446,-0.016666,-0.018306,-0.0037799999999999995,-0.021599999999999998,-0.060123,-0.012856,-0.020063,-0.023698999999999998,-0.018536,-0.121521,-0.054787,-0.033598,-0.033186,-0.015345000000000001,-0.124869,-0.039945,-0.016432,-0.016559,-0.0039499999999999995,-0.09000799999999999,-0.026042,-0.009481,-0.034848,-0.030615999999999997
200104,0.0793,0.004699999999999999,-0.0467,0.09323,0.0639,0.032458,0.040597,0.048448,0.102612,0.04655,0.065001,0.039349,0.046061000000000005,0.10786399999999999,0.085364,0.062314999999999995,0.056099,0.03111,0.162018,0.067355,0.053086,0.078264,0.074339,0.08695599999999999,0.048408,0.035907999999999995,0.017993,0.070923
200105,0.0068000000000000005,0.024900000000000002,0.0339,0.12211999999999999,0.109142,0.098567,0.11082200000000002,0.09836800000000001,0.014547,0.040992999999999995,0.019702999999999995,0.038499,0.054144,0.046208,-0.009438,0.031973,0.009992,0.01469,0.032545,0.03957599999999999,0.029891,0.0026399999999999996,0.043093,-0.003086,0.009074,0.019292999999999998,0.03923,0.053146
200106,-0.0194,0.0632,-0.012,0.019096,0.021862000000000003,0.04114999999999999,0.026695,0.006451,0.071134,0.102339,0.060416,0.06134100000000001,0.045394000000000004,0.049943,-0.013021000000000001,0.008671,0.001503,0.006565,0.030291000000000002,-0.017235,-0.010882000000000001,-0.039155999999999996,0.025429,-0.024864,-0.035429,-0.005063,-0.025271000000000002,-0.029716000000000003
200107,-0.0213,-0.0406,0.0495,-0.091912,-0.074735,-0.045032,0.0001290000000000002,-0.003901,-0.10958899999999999,-0.08016000000000001,-0.06179400000000001,-0.038423000000000006,-0.044476,-0.09639700000000001,-0.048873,-0.024657000000000002,-0.003439,-0.011323,-0.048008999999999996,-0.014072000000000001,-0.009761,0.015403,-0.01177,-0.018494,-0.003265,-0.018055,-0.052584000000000006,0.070672
200108,-0.064,0.0219,0.0286,-0.09242900000000001,-0.059011,-0.035709,-0.019229,-0.012920000000000001,-0.104475,-0.043132,-0.033726,-0.017884999999999998,-0.013812999999999999,-0.07698100000000001,-0.032099,-0.029626999999999997,-0.02465,-0.005398,-0.07232200000000001,-0.046001999999999994,-0.039353,-0.017547,-0.09420500000000001,-0.075536,-0.043612,-0.031824,-0.07723500000000001,-0.086594
200109,-0.0924,-0.0623,0.0152,-0.16798,-0.15672899999999998,-0.10235799999999999,-0.102188,-0.129999,-0.190631,-0.158837,-0.130204,-0.15233,-0.16646399999999997,-0.160518,-0.13630099999999998,-0.116628,-0.140672,-0.189718,-0.162072,-0.133956,-0.10603499999999999,-0.14455,-0.152987,-0.07439699999999999,-0.11190399999999999,-0.073966,-0.114088,0.013644
200110,0.0248,0.07490000000000001,-0.0731,0.08568100000000001,0.078319,0.056554,0.049221,0.04344,0.11119100000000001,0.08378300000000001,0.058212,0.027902000000000003,0.049045000000000005,0.131661,0.061606,0.033651,0.049108,0.08550500000000001,0.07942400000000001,0.039012,0.012299999999999998,0.032532,0.017694,0.030724,-0.004582,-0.021128,0.016045999999999998,-0.148583
200111,0.0753,-0.005699999999999999,0.0217,0.059641,0.10724700000000001,0.050562,0.054371,0.06453999999999999,0.100746,0.079069,0.06459100000000001,0.09149000000000002,0.120589,0.09501799999999999,0.058727999999999995,0.059002,0.09531599999999998,0.128702,0.10122799999999998,0.08471199999999998,0.06618199999999999,0.100801,0.08300099999999999,0.07406100000000002,0.08241499999999999,0.045595,0.108688,0.111176
200112,0.0161,0.0472,0.0083,0.127567,0.059314000000000006,0.057783999999999995,0.054407,0.071441,0.079133,0.055278,0.06447599999999999,0.077099,0.071399,0.056598,0.058306,0.073542,0.053623,0.048222,0.036121,0.050851,0.047909,0.065545,0.032074,-0.0013440000000000001,0.024680999999999998,0.03489,0.003128,0.011583000000000001
200201,-0.0144,0.011699999999999999,0.0342,-0.07215,-0.016058,0.022540000000000004,0.032251,0.048665,-0.064638,-0.028477000000000002,-0.0030810000000000004,0.012280000000000001,0.010593,-0.05379099999999999,-0.021668,-0.00791,0.021877,0.049525000000000007,-0.041854999999999996,-0.0026880000000000003,0.011108999999999999,0.021148,-0.036951,-0.009649,-0.024502000000000003,-0.006750000000000001,-0.017707,-0.093276
200202,-0.023,-0.0108,0.023399999999999997,-0.10643799999999999,-0.060168000000000006,-0.045484000000000004,-0.014130999999999998,-0.033228,-0.098217,-0.045160000000000006,-0.014707000000000001,0.004999,-0.0018899999999999998,-0.073862,-0.007097,0.001094,-0.005302,0.041474,-0.042525,0.006852,0.024351,-0.040455000000000005,0.020989,-0.027538,0.0038670000000000006,0.00309,-0.03607,-0.128931
200203,0.0424,0.0409,0.0108,0.057454,0.073658,0.083581,0.082098,0.09074700000000001,0.086668,0.091297,0.072477,0.079638,0.112212,0.086545,0.065929,0.06707900000000001,0.07492700000000001,0.089325,0.064113,0.06858900000000001,0.056982,0.049972,0.081085,0.028442000000000002,0.059431,0.03417,0.08721100000000001,-0.00017099999999999993
200204,-0.0521,0.0582,0.0401,-0.099234,-0.006512,0.017974999999999998,0.034925,0.048798999999999995,-0.049381,0.0023209999999999997,0.03503,0.037558999999999995,0.047578999999999996,-0.053657,0.0075840000000000005,0.021181,0.007438,0.00498,-0.031449,0.001477,-0.004123,-0.019668,0.011085,-0.081368,-0.030675,0.008084000000000001,-0.024726,-0.222963
200205,-0.013600000000000001,-0.0327,0.0152,-0.06781899999999999,-0.060966,-0.033389,0.012563000000000001,0.0007909999999999996,-0.080653,-0.043095,-0.048578,-0.033893,-0.067634,-0.061749000000000005,-0.029559999999999996,-0.042090999999999996,-0.029434000000000002,-0.021443000000000004,-0.029827,-0.006365,-0.010822,-0.011670999999999999,0.0015459999999999996,-0.014687,0.0031469999999999996,0.004988,0.008667,-0.078469
200206,-0.0723,0.0408,0.0037,-0.08381699999999999,-0.08016799999999999,-0.010105,0.008962000000000001,-0.011968,-0.07898,-0.043078000000000005,-0.029698,-0.018205,-0.03356700000000001,-0.07799299999999999,-0.077611,-0.050873,-0.053296,-0.060817,-0.097899,-0.071391,-0.072945,-0.059866,-0.09201699999999999,-0.07708999999999999,-0.048492,-0.069228,-0.10157799999999999,-0.115779
200207,-0.0819,-0.0524,-0.0358,-0.195192,-0.157507,-0.150237,-0.115396,-0.121913,-0.155693,-0.167472,-0.142381,-0.155366,-0.18567999999999998,-0.09925600000000001,-0.09001100000000001,-0.12135699999999999,-0.123479,-0.176132,-0.09932600000000001,-0.088964,-0.09354599999999999,-0.13284,-0.183954,-0.056348,-0.104041,-0.073203,-0.10363100000000001,-0.148254
200208,0.005,-0.0279,0.0296,-0.0032540000000000004,-0.004905,-0.027499000000000003,-0.009758,-0.019006000000000002,0.0067469999999999995,0.00020699999999999994,-0.005298000000000001,0.008723,-0.013021,0.007560000000000001,-0.006993,0.025549000000000002,0.013692000000000001,0.021429999999999998,-0.014051,-0.0029820000000000003,0.014669,-0.0026500000000000004,0.065153,-0.002706,0.00784,0.016036,0.052533,0.081812
200209,-0.10339999999999999,0.0242,0.0127,-0.109761,-0.082777,-0.08072599999999999,-0.070878,-0.069421,-0.080811,-0.06743500000000001,-0.059367,-0.074524,-0.095576,-0.077642,-0.088238,-0.09654900000000001,-0.080043,-0.091927,-0.091725,-0.086212,-0.119821,-0.116208,-0.21882400000000002,-0.110051,-0.113924,-0.09411800000000001,-0.08498399999999999,-0.06335299999999999
200210,0.0784,-0.034,-0.0374,0.05630400000000001,0.044032,0.023133,0.019051,0.013805999999999999,0.100927,0.023889,0.041206000000000007,0.013981,-0.015888,0.072102,0.026848000000000004,0.052965,0.032124,0.009611999999999999,0.06872500000000001,0.045335,0.037243000000000005,0.032188,0.046084,0.10224699999999999,0.06846200000000001,0.045446,0.05798,0.139928
200211,0.0596,0.0325,-0.0123,0.17726499999999998,0.123732,0.10219099999999999,0.083974,0.09115799999999999,0.131071,0.10950099999999999,0.073159,0.060183,0.087448,0.09128599999999999,0.07436,0.064721,0.053815999999999996,0.115323,0.10428799999999999,0.075027,0.075721,0.081186,0.177759,0.048371,0.059657999999999996,0.043547,0.05761,0.06930399999999999
200212,-0.0576,-0.0003,0.0216,-0.098846,-0.057974,-0.052488999999999994,-0.026908,-0.027796,-0.10327599999999999,-0.073543,-0.046058999999999996,-0.03779299999999999,-0.037564999999999994,-0.07431900000000001,-0.04541099999999999,-0.028523000000000003,-0.039522999999999996,-0.068799,-0.07025600000000001,-0.05197399999999999,-0.025683,-0.041495,-0.038037999999999995,-0.063527,-0.063105,-0.03448299999999999,-0.037237,-0.09849100000000001
200301,-0.025699999999999997,0.0134,-0.0084,-0.005536,-0.003738,-0.026158,-0.007716,0.001386,-0.034145,-0.032075,-0.034046,-0.015393,-0.026501,-0.015681999999999998,-0.042527,-0.034372,-0.038907000000000004,-0.027272000000000005,-0.012388,-0.034988,-0.005158,-0.027024,-0.051986000000000004,-0.029215,-0.028116,-0.012601999999999999,-0.052647,-0.056856000000000004
200302,-0.018799999999999997,-0.0040999999999999995,-0.014199999999999999,-0.062478,-0.031535,-0.025372000000000002,-0.015047,-0.022387,-0.027091,-0.017641,-0.022165,-0.028168000000000002,-0.059345999999999996,-0.041909999999999996,-0.01106,-0.023173000000000003,-0.040283,-0.02776,-0.028941,-0.016435,-0.022142000000000002,-0.020247,-0.056479,-0.011692999999999999,-0.028313,-0.025115000000000002,-0.034705999999999994,-0.050107
200303,0.0109,0.0116,-0.0206,0.022915,0.010154,0.004501000000000001,0.019285999999999998,-0.000833,0.021892000000000002,0.012912,0.0042769999999999996,0.014513999999999999,-0.004854000000000001,0.027826,0.007051000000000001,-0.0024720000000000002,-0.005419,0.035281,0.014294000000000001,-0.005726,0.002778,0.020978,-0.045943,0.016086,0.003975,0.007505,-0.007229,-0.030494
200304,0.0818,0.0075,0.012,0.119257,0.107682,0.081834,0.074407,0.095398,0.10878199999999999,0.093199,0.09144899999999999,0.095402,0.100185,0.082325,0.08060600000000001,0.106673,0.11539799999999999,0.10063,0.086045,0.068554,0.091224,0.084609,0.08999299999999999,0.072132,0.094945,0.087043,0.08740099999999999,0.147181
200305,0.0605,0.0461,0.0063,0.19727,0.15241799999999997,0.1108,0.10623400000000001,0.111977,0.128097,0.094816,0.11192400000000001,0.100015,0.114172,0.084635,0.08800599999999999,0.095851,0.093853,0.09163500000000001,0.096716,0.105313,0.079896,0.10517100000000001,0.09863,0.041474000000000004,0.06471,0.066939,0.065148,0.07756199999999999
200306,0.014199999999999999,0.0169,0.002,0.073659,0.040323,0.047701,0.042747,0.055135,0.018459,0.005737,0.011931,0.020749999999999998,0.03379,0.024886999999999996,0.01488,0.0038070000000000005,0.010966,0.019493999999999997,0.016426,0.008138,0.0003969999999999998,-0.007531,0.070292,0.009080999999999999,0.023521999999999998,0.018196999999999998,-0.008601000000000001,0.035635
200307,0.0233,0.0493,-0.0154,0.085879,0.08352599999999999,0.08397599999999998,0.08704699999999999,0.080951,0.087614,0.052936,0.058501,0.065616,0.076885,0.07371899999999999,0.046215,0.012560000000000002,0.043723000000000005,0.02375,0.039576,0.033607,0.030297,0.04940100000000001,0.019726000000000004,0.005561,0.053521000000000006,0.017759,-0.004987,0.015569
200308,0.0233,0.024399999999999998,0.016399999999999998,0.04345,0.048955,0.034457,0.045071,0.062745,0.039349,0.031321,0.053458,0.04870000000000001,0.059307000000000006,0.03918,0.040636000000000005,0.048032,0.073152,0.07715,0.045946,0.036163,0.040417999999999996,0.048247000000000005,0.093291,0.014988000000000001,0.013537999999999998,0.019664,0.023763,0.012499
200309,-0.0124,0.0085,0.0014000000000000002,0.034451999999999997,0.003026,-0.002079,0.020158000000000002,0.047928,-0.021828999999999998,-0.022088,-0.026798999999999996,-0.039953,-0.00877,-0.020523999999999997,-0.033981,-0.023243,-0.012799,-0.008038,-0.016021,-0.026341,-0.008414,-0.012326000000000002,0.002364,-0.009661000000000001,-0.011659000000000001,-0.011863,-0.022993999999999997,-0.046347000000000006
200310,0.0608,0.0259,0.022099999999999998,0.056736,0.08604799999999999,0.076762,0.10423299999999999,0.11503899999999999,0.08175799999999998,0.083177,0.06668099999999999,0.10124599999999999,0.10757,0.089672,0.065926,0.05805,0.108996,0.125333,0.075599,0.077667,0.071308,0.09583,0.08145199999999998,0.034265000000000004,0.088315,0.079869,0.062238999999999996,0.027094
200311,0.013500000000000002,0.0206,0.0172,0.027226000000000004,0.030225,0.051172999999999996,0.037491000000000003,0.06622099999999999,0.02457,0.03646,0.027698,0.036417,0.036303,0.03719,0.030742,0.021451,0.048627,0.024279000000000002,0.012244000000000001,0.031211000000000003,0.03678,0.033760000000000005,0.044395000000000004,0.007163999999999999,0.003856,0.020096000000000003,0.0023109999999999997,0.031605
200312,0.0429,-0.0268,0.0151,0.0016250000000000001,0.027145000000000002,0.030363,0.014094,0.036010999999999994,0.0203,0.018554,0.031733,0.025021,0.026389000000000003,-0.008029,0.025269,0.043183,0.021482000000000005,0.055473999999999996,0.010445,0.033778,0.022250000000000002,0.048789,0.030294,0.052421999999999996,0.045591,0.036222,0.061984000000000004,0.04711
200401,0.0215,0.0254,0.0242,0.061011,0.05279300000000001,0.05472,0.060421,0.086708,0.035249,0.036249,0.032739000000000004,0.033278,0.07828299999999999,0.032452,0.021447,0.014039,0.043563000000000004,0.05732399999999999,0.022366,0.010151,0.043206,0.026468000000000002,0.051104,0.016602,0.00035399999999999993,0.034895,0.015879,0.06784399999999999
200402,0.013999999999999999,-0.015700000000000002,0.0095,-0.002905,-0.00026399999999999997,0.0020770000000000003,0.008221000000000001,0.001901,0.009434000000000001,0.021555,0.005281999999999999,0.000738,-0.001882,-0.0014819999999999998,0.028563,0.029062,0.019244999999999998,0.012499000000000001,0.02453,0.014482,0.028045999999999998,0.037472,0.006418,0.010716999999999999,0.010405000000000001,0.026777,0.0077789999999999995,0.054339
200403,-0.0132,0.0173,0.0023,-0.015106000000000001,-0.008423,-0.007461,0.006181,-0.008801999999999999,0.023572,0.010506000000000001,0.001992,0.0051129999999999995,0.015954999999999997,0.017418,0.014593,-0.000979,0.0024010000000000004,0.007852,0.000273,-0.006289,0.003099,-0.00819,-0.010454,-0.022342000000000004,-0.012162000000000001,-0.013099,-0.006588999999999999,-0.011786
200404,-0.0181,-0.0173,-0.0323,-0.041956,-0.048347,-0.039423,-0.040412000000000003,-0.06343099999999999,-0.040725000000000004,-0.04413,-0.024742,-0.043911,-0.08436400000000001,-0.021598999999999997,-0.021116,-0.027808999999999997,-0.063177,-0.065509,-0.017754,-0.040421,-0.045126,-0.030304,-0.032659,0.005977,-0.032026,-0.045191,-0.024356,-0.018470999999999998
200405,0.0118,-0.0023,-0.0018,-0.020015,-0.0060079999999999995,-0.00262,-0.007481000000000001,0.005662,0.00971,0.019928,0.011550000000000001,0.016526,0.022570000000000003,0.015102,0.019749,0.017078,0.015923,0.01482,0.012469,0.02152,0.022225,0.017329,0.040638,0.007596,0.019417,0.011105,0.00042100000000000004,0.011795
200406,0.018500000000000003,0.0225,0.0121,0.006377,0.044348,0.042584,0.034953,0.039343,0.03571,0.050696000000000005,0.056528,0.052638,0.075429,0.019334,0.044772,0.024153,0.012799000000000001,0.038117,0.011175,0.031512,0.018538000000000002,0.03303,0.041738,0.017321000000000003,0.006088999999999999,0.0035039999999999997,0.028327,0.021746
200407,-0.0404,-0.0375,0.0322,-0.128663,-0.07435,-0.07313599999999999,-0.057975,-0.044086,-0.08710799999999999,-0.087744,-0.049563,-0.0544,-0.04616,-0.09222,-0.05811,-0.037465,-0.035678,-0.040916,-0.068241,-0.051580999999999995,-0.036589,-0.056648000000000004,-0.034774,-0.050003,-0.007372,-0.017971,-0.029050000000000003,-0.009909999999999999
200408,0.0007000000000000001,-0.0151,0.010700000000000001,-0.018782,-0.004112,-0.010418,-0.015653,-0.019452999999999998,-0.047654,-0.016715,-0.006194,0.006991000000000001,0.009427,-0.02929,-0.005298000000000001,0.002647,0.009398,-0.027318,-0.00927,-0.013417,0.0023569999999999997,0.0028409999999999998,0.007838,-0.003758,0.013862999999999999,0.01158,0.008863,-0.002183
200409,0.016,0.029900000000000003,-0.0005,0.046511000000000004,0.047683,0.044209000000000005,0.047625,0.03607900000000001,0.079757,0.061514000000000006,0.054662,0.038405,0.036059,0.040749,0.040471,0.036480000000000005,0.027796,0.046803000000000004,0.029758,0.02947,0.050161000000000004,0.030247,0.023686000000000002,0.0002980000000000001,0.011359,0.023341999999999998,0.017258,0.034959000000000004
200410,0.014199999999999999,0.0014000000000000002,-0.0026,0.015957,0.022934,0.024614999999999998,0.011434,0.0033169999999999996,0.032809,0.029729,0.010507,0.006916,0.022006,0.014765,0.03463,0.022254,-0.0008820000000000001,0.022640999999999998,0.031367000000000006,0.027877,0.020264,0.016524999999999998,-0.006194,0.012529,0.004977,0.026575,0.005115000000000001,0.024378999999999998
200411,0.0453,0.0373,0.015700000000000002,0.106098,0.08494399999999999,0.084585,0.078665,0.08658400000000001,0.07053999999999999,0.09277400000000001,0.092611,0.091026,0.094658,0.06868099999999999,0.056065,0.078359,0.061485,0.09515900000000001,0.056140999999999996,0.07217499999999999,0.066027,0.067022,0.07506299999999999,0.029476,0.041039,0.050672999999999996,0.03499,0.059067999999999996
200412,0.0342,-0.0004,-0.0022,0.049735,0.04455300000000001,0.042249,0.0282,0.0564,0.034987000000000004,0.034532,0.022043,0.023128,0.030410000000000003,0.052450000000000004,0.032027,0.020044,0.017501,0.022672,0.042539,0.040102000000000006,0.04048700000000001,0.038789000000000004,0.035811,0.035949,0.022039,0.023283,0.053469,0.026136999999999997
200501,-0.0275,-0.0169,0.021,-0.062429,-0.04512599999999999,-0.0439,-0.035273,-0.013785,-0.05635299999999999,-0.043810999999999996,-0.023163,-0.029338,-0.030024000000000002,-0.035737,-0.04117,-0.038821999999999995,-0.004337,-0.034103,-0.031883999999999996,-0.037236,-0.028035,-0.020931,-0.025858000000000003,-0.031997,-0.021196,-0.013108000000000002,-0.020784,0.002143
200502,0.018799999999999997,-0.0059,0.0144,-0.014193,-0.0015580000000000001,-0.004032,0.0061649999999999995,0.028547,0.024449000000000002,0.017703999999999998,0.034589,0.031301,0.017504,0.008953999999999998,0.021288,0.026744999999999998,0.01509,0.041678,0.020147,0.021717,0.035897,0.024630000000000003,0.029015,0.007843,0.042974,0.021380999999999997,0.0055899999999999995,0.047145000000000006
200503,-0.0194,-0.014199999999999999,0.0208,-0.063615,-0.025113,-0.033613,-0.030335,-0.029135,-0.043994,-0.026331,-0.028722,-0.006869999999999999,-0.005254999999999999,-0.019485,-0.023707,-0.025149,-0.026040000000000004,-0.007658999999999999,-0.021734,-0.011239,-0.0010149999999999998,-0.01427,-0.013827,-0.013165,-0.040996,-0.009096,-0.0035499999999999998,-0.005497
200504,-0.026099999999999998,-0.0395,0.0009,-0.06290899999999999,-0.064952,-0.056874,-0.06676,-0.063084,-0.07908000000000001,-0.063501,-0.064941,-0.063271,-0.051599,-0.053544,-0.047714,-0.054623,-0.044531,-0.056416,-0.043327,-0.046748,-0.050064,-0.032535,-0.019311000000000002,-0.013529,-0.020984000000000003,-0.028992,-0.014018999999999998,-0.028323
200505,0.0365,0.0287,-0.0060999999999999995,0.06595200000000001,0.063983,0.047713000000000005,0.040260000000000004,0.045649,0.090365,0.07907600000000001,0.071145,0.052801,0.068437,0.05973,0.059037,0.051894,0.04073500000000001,0.067979,0.058361,0.059065,0.043514000000000004,0.059345999999999996,0.052054,0.036295,0.018484,0.017363,0.022859,0.039772999999999996
200506,0.0058,0.0252,0.0286,0.038305000000000006,0.036165,0.03426800000000001,0.041365,0.052848000000000006,0.018515999999999998,0.040664000000000006,0.038957000000000006,0.040839,0.050816,0.014845,0.025844,0.024763,0.038882,0.034490999999999994,0.009337999999999999,0.021874,0.03383799999999999,0.041786000000000004,0.029206,-0.018682,0.009075999999999999,0.019085,0.011543000000000001,0.030533
200507,0.0392,0.0287,-0.0078000000000000005,0.072629,0.08032399999999999,0.064748,0.065141,0.066273,0.07103899999999999,0.063924,0.075946,0.057483,0.052994,0.045872,0.063073,0.05780400000000001,0.05498000000000001,0.032587,0.059529,0.051331999999999996,0.049343,0.054187,0.039693,0.042805,0.029795000000000002,0.016777,0.022023,0.039512000000000005
200508,-0.012,-0.010700000000000001,0.0134,-0.031379,-0.010941,-0.014655000000000001,-0.013736000000000002,-0.008257,-0.024775000000000002,-0.017341,-0.014084,-0.025179999999999998,-0.019476,-0.027703,-0.01075,-0.011828000000000002,-0.013373,-0.013382000000000002,-0.025283,-0.002645,0.0002519999999999996,0.013249,-0.020582,-0.017910000000000002,-0.01395,-0.005886000000000001,0.0024290000000000006,-0.004655
200509,0.0048,-0.0062,0.0078000000000000005,0.008386000000000001,0.015118,0.0012710000000000004,0.007645000000000001,-0.01026,-0.003456,0.013898,0.007817000000000001,-0.009458000000000001,0.010546,-0.008822,0.019889999999999998,0.009268000000000002,-0.008079,0.0047,0.00037900000000000043,0.0021070000000000004,0.012853,0.026728000000000002,0.019253,-0.006366999999999999,0.008729,0.019996,0.006541,0.019712
200510,-0.0204,-0.013000000000000001,0.0043,-0.039011000000000004,-0.042275,-0.027592,-0.026614000000000002,-0.02335,-0.041187,-0.022827000000000004,-0.030671,-0.038334,-0.023498,-0.033563,-0.046603,-0.02315,-0.040651,-0.035105,-0.013079,-0.037018,-0.028224000000000003,-0.04696,-0.032824,-0.003762,-0.036463,-0.019775,-0.012757000000000001,-0.012733000000000001
200511,0.0361,0.0105,-0.011899999999999999,0.048421,0.036993,0.04331,0.039199,0.035115,0.048633,0.042925000000000005,0.045576000000000005,0.049292,0.03934100000000001,0.067746,0.06286599999999999,0.036508,0.042623,0.012052,0.047193000000000006,0.04455,0.033299,0.037681,0.03770300000000001,0.033102,0.03866700000000001,0.033852,0.029908000000000004,0.021087
200512,-0.0024,-0.0044,0.0015,-0.006164,-0.0012940000000000002,-0.0067399999999999995,-0.004823,0.005334,-0.000539,-0.01131,-0.006483,-0.009839,-0.012112,0.006371,0.0020990000000000006,0.00018500000000000027,0.0014459999999999998,-0.010813999999999999,-0.00031400000000000004,0.012901000000000001,0.016813999999999996,0.014146,0.0030060000000000004,-0.010983,-0.004757,0.007364000000000001,0.004847000000000001,-0.008029
200601,0.030299999999999997,0.0546,0.009899999999999999,0.115057,0.08792,0.079854,0.07976,0.08165499999999999,0.070654,0.089807,0.09283599999999999,0.092233,0.07101299999999999,0.056838,0.076471,0.071803,0.061127,0.056666999999999995,0.04546700000000001,0.048607,0.04696700000000001,0.036774,0.036208000000000004,0.005938000000000001,0.029007,0.019663,0.034318,0.033252000000000004
200602,-0.003,-0.0040999999999999995,-0.0031,-0.008102000000000002,0.0021520000000000003,0.0012129999999999997,-0.010383,-0.0033820000000000005,-0.005483,-0.008239,-0.009373000000000001,-0.009058,-0.00884,-0.00022100000000000028,-0.015597,-0.005901,-0.027563999999999998,-0.008579,0.0017200000000000002,-0.00369,-0.012121,-0.020619,0.014397,-0.0031270000000000004,0.00027800000000000004,0.0015890000000000001,0.0024939999999999997,-0.012813
200603,0.0147,0.0339,0.0060999999999999995,0.035484,0.043183,0.044157999999999996,0.04915,0.063577,0.02808,0.044795999999999996,0.069148,0.037436,0.042431,0.044433999999999994,0.040153,0.027155,0.016567,0.014823000000000001,0.028344,0.019722000000000003,0.02812,0.019797000000000002,0.017025,0.003607,0.017672,0.010828,0.0047989999999999994,0.005093
200604,0.0073,-0.0138,0.0226,-0.012810000000000002,-0.018498,-0.009998,0.0067269999999999995,0.010734,-0.008029,0.015652000000000003,0.017919,-0.0046879999999999995,0.007747000000000001,-0.013652000000000001,-0.008774,0.014018000000000003,0.008181,0.009606,0.0037990000000000003,0.007705000000000001,0.004361000000000001,0.013805000000000001,0.03173,-0.009425,0.014065000000000001,0.013936,0.025820000000000003,0.047351000000000004
200605,-0.0356,-0.0301,0.023799999999999998,-0.099815,-0.063364,-0.052168,-0.046837000000000004,-0.043636999999999995,-0.065471,-0.069488,-0.044292,-0.054954,-0.036796999999999996,-0.066306,-0.056456,-0.040223999999999996,-0.03621,-0.030018000000000003,-0.05362,-0.038804,-0.029010999999999995,-0.040694,-0.03208,-0.031527,-0.033975,-0.026311,-0.017928,-0.029296999999999997
200606,-0.0034999999999999996,-0.0034999999999999996,0.0085,-0.013939,-0.007598000000000001,-0.019192,-0.0034070000000000003,-0.008645,-0.0026160000000000003,0.009343,-0.004319,0.0032170000000000002,-0.007659,-0.011441,-0.008328,-0.009104000000000001,-0.011146,-0.004778,-0.004496,-0.027552,-0.007773,0.0012270000000000007,-0.012926,-0.0010900000000000003,-0.010280000000000001,0.005864000000000001,-0.0027400000000000002,0.009364
200607,-0.0077,-0.039599999999999996,0.0262,-0.062865,-0.041442999999999994,-0.037577,-0.024847,-0.029062,-0.055123000000000005,-0.052140000000000006,-0.03873800000000001,-0.017025,-0.036140000000000005,-0.068619,-0.0363,-0.043782,-0.020191999999999998,-0.01629,-0.048598,-0.032851000000000005,-0.033215,-0.044199,-0.014046,-0.013385,0.009493999999999999,0.017818,0.018309000000000002,0.022581999999999998
200608,0.0203,0.009899999999999999,-0.0195,0.029915,0.019543,0.027919000000000003,0.017637,0.024531,0.027398000000000002,0.023486000000000003,0.029754,0.025374,0.013235,0.022167,0.014983,0.016336,0.025343,0.023559999999999998,0.009888000000000001,0.029722000000000002,0.0073560000000000006,0.027955999999999998,0.022433,0.033109,0.022684000000000003,0.0161,-0.003065,-0.004051
200609,0.0184,-0.013000000000000001,0.0007000000000000001,-0.004507,-0.0015379999999999994,-0.0034649999999999993,-0.00036099999999999934,0.01741,-0.0016659999999999995,0.009795,0.006705000000000001,0.016276,0.005815000000000001,0.011764,0.00042400000000000077,0.015244,0.0019900000000000004,0.0006050000000000005,0.015966,0.020118000000000004,0.005774000000000001,0.014539,0.0035840000000000004,0.02018,0.024303,0.017638,0.01776,0.03959
200610,0.0322,0.0177,-0.0033,0.066795,0.057405000000000005,0.056683,0.045218999999999995,0.045618,0.060278000000000005,0.052135,0.04104700000000001,0.040748,0.048077,0.052582,0.043796,0.031287,0.031267,0.05023,0.034824,0.043442,0.025479,0.034085,0.021881,0.031197999999999997,0.014147,0.028104999999999998,0.036486000000000005,0.040872000000000006
200611,0.017,0.0063,0.0003,0.005088999999999999,0.030791000000000002,0.012128,0.01464,0.021755,0.015403,0.024131,0.017933,0.02974,0.018848000000000004,0.030973999999999998,0.037545,0.034352,0.03190199999999999,0.035254999999999995,0.033138,0.030632000000000003,0.03192,0.023047,0.039871,0.007883000000000001,0.022182,0.014322000000000001,0.016165000000000002,-0.0038179999999999998
200612,0.0085,-0.0116,0.0275,0.0028859999999999997,-0.0018440000000000002,0.011081,0.019142999999999997,0.030569000000000002,-0.022265,-0.014859,0.004593,-0.0024540000000000005,0.016493,-0.012272,-0.0063820000000000005,0.005149000000000001,0.0038399999999999997,0.007279999999999998,-0.015043,-0.002051,-0.003712,0.013218999999999998,0.021019,-0.002423,0.008685,0.028355,0.022546,0.026808
200701,0.0138,0.0009,-0.0068000000000000005,0.009395999999999998,0.0003279999999999993,-0.003416,-0.002004,0.025093,0.018789999999999998,0.006070999999999999,0.00315,0.005005999999999999,0.022701,0.042082,0.018900999999999998,0.014802,0.029855,0.008027,0.04200399999999999,0.027873000000000002,0.018039,0.016838999999999996,0.007558999999999999,0.018185999999999997,0.002730999999999999,0.008506,0.0034130000000000002,0.021174
200702,-0.0196,0.0123,-0.0009,-0.010301,-0.01009,-0.012402,-0.010508,-0.0040680000000000004,-0.013968,-0.006742,-0.0029100000000000003,-0.019532,-0.002921,0.0013839999999999994,0.0007300000000000002,0.013098,-0.003421,0.0073950000000000005,-0.007816,-0.001725,0.0017640000000000004,0.0035019999999999995,-0.0009989999999999999,-0.028129,-0.016961,-0.035831999999999996,-0.014666,-0.034594
200703,0.0070999999999999995,0.0009,-0.0089,-0.0006529999999999999,-0.003582,0.006221000000000001,0.00931,8.900000000000054e-05,0.006334999999999999,0.0070789999999999985,0.0013799999999999993,0.003281,-0.011617,0.025006,0.021713999999999997,0.011172,0.0029829999999999995,0.006447,0.007010000000000001,0.005613999999999999,0.004614,-0.005719,0.026096,0.002606,0.00733,0.018047,0.007698999999999999,-0.005801000000000001
200704,0.0349,-0.022099999999999998,-0.0144,0.02923,0.00445,-0.003445,-0.002573,0.009243000000000001,0.019357,0.021254,0.015366999999999999,0.0014489999999999998,0.013264999999999999,0.038168,0.032899,0.041007999999999996,0.020307,0.016306,0.037959,0.04418,0.044587999999999996,0.034207999999999995,0.021859999999999997,0.050391,0.034098,0.034409999999999996,0.020457,0.044154000000000006
200705,0.0323,0.0016,-0.0058,0.017528,0.030445,0.017727,0.029068999999999998,0.021707000000000004,0.030720000000000004,0.038423,0.037627999999999995,0.013116,0.032792,0.06735,0.047547,0.047230999999999995,0.03854300000000001,0.030116999999999998,0.041487,0.027781,0.048025000000000005,0.044547,0.019204000000000002,0.023864000000000003,0.037578,0.038362,0.026732000000000002,0.022965000000000003
200706,-0.0196,0.0072,-0.0104,-0.001262,-0.007076,-0.013003,-0.008502,-0.005621,-0.017692,-0.024516999999999997,-0.015691,-0.027382999999999998,-0.021643,-0.014384,-0.006103,-0.008355999999999999,-0.017803,-0.037655999999999995,-0.01556,-0.019924,-0.027176000000000002,-0.03962,-0.022148,-0.021073,-0.006044,-0.025382,-0.031380000000000005,-0.024557
200707,-0.037200000000000004,-0.0269,-0.0371,-0.059412999999999994,-0.0731,-0.067713,-0.071364,-0.08789300000000001,-0.047843,-0.066041,-0.052531999999999995,-0.08093,-0.094772,-0.035934999999999995,-0.035741999999999996,-0.05456899999999999,-0.070996,-0.06847600000000001,-0.037353,-0.03991600000000001,-0.050681000000000004,-0.057477,-0.087187,-0.013526,-0.019119,-0.046620999999999996,-0.058972,-0.053101999999999996
200708,0.009399999999999999,-0.0013,-0.0189,0.005507000000000001,0.006967,0.009281000000000001,0.007954,-0.036334000000000005,0.02177,0.021057000000000003,0.022736000000000003,0.029595,-0.010790000000000001,-0.010259,0.023893,0.0014299999999999998,-0.0022779999999999996,-0.02779,0.0075780000000000005,0.005763,-0.023517,-0.014009999999999998,-0.01946,0.014493000000000002,0.01778,0.014242000000000001,0.014848,-0.0034669999999999996
200709,0.0322,-0.022799999999999997,-0.0213,0.018002999999999998,0.024904,0.0007049999999999999,0.0042109999999999995,-0.014913,0.028286,0.004928,0.0031629999999999996,0.0033239999999999993,-0.003974,0.032771,0.030493,0.011056,0.015111999999999999,0.010938,0.03353,0.028043,0.004484,0.011993000000000002,0.001349,0.049603,0.031177999999999997,0.026293999999999998,0.020147,0.038887000000000005
200710,0.0179,0.0014000000000000002,-0.0282,0.03274,0.011949,-0.007561,0.005576000000000001,-0.016914,0.033682,0.038323,0.0022359999999999997,0.017516,0.0003930000000000001,0.042066,0.019377,0.037341,-0.004913000000000001,0.029919,0.030003000000000002,0.02532,0.010792,0.019679999999999996,-0.035461000000000006,0.036232999999999994,0.012903,0.008413,-0.0014460000000000002,-0.0075390000000000006
200711,-0.048,-0.0281,-0.0109,-0.10119,-0.08710799999999999,-0.08136700000000001,-0.076974,-0.09601599999999999,-0.068984,-0.07596,-0.067177,-0.067887,-0.08643100000000001,-0.057158999999999995,-0.070894,-0.058724,-0.067426,-0.049375999999999996,-0.046361,-0.046082000000000005,-0.075145,-0.056569,-0.073698,-0.035242,-0.02629,-0.058187,-0.05284,-0.057897
200712,-0.0087,0.0012,-0.0048,-0.01165,0.007993999999999998,-0.019687000000000003,-0.008305,-0.014755,0.009765,-0.002083,-0.0021590000000000003,-0.0011520000000000002,-0.010152999999999999,-0.013041,-0.015983,-0.004451,-0.016868,-0.008979000000000001,-0.0029920000000000003,0.008402,-0.031118000000000003,-0.02245,-0.03028,-0.0049239999999999996,-0.012167,-0.011236,-0.020241000000000002,0.010315000000000001
200801,-0.0633,-0.0096,0.04019999999999999,-0.11865900000000001,-0.08770800000000001,-0.071826,-0.052459,-0.048823,-0.097152,-0.071901,-0.08031300000000001,-0.030829000000000002,-0.042656999999999994,-0.06927,-0.064871,-0.06518,-0.030817000000000004,-0.06896100000000001,-0.069167,-0.08355200000000002,-0.038835999999999996,-0.05728,-0.029868000000000002,-0.083138,-0.055308,-0.045323,-0.030398,-0.047618
200802,-0.030899999999999997,-0.0046,-0.0070999999999999995,-0.057286000000000004,-0.041488,-0.047850000000000004,-0.026215,-0.042881,-0.049575,-0.01472,-0.018986,-0.036597000000000005,-0.036464,-0.029925999999999998,-0.013158,-0.025559,-0.011674,-0.030264,-0.010633,-0.015057999999999998,-0.021404999999999997,-0.031428,-0.05904,-0.023011,-0.020145,-0.040387000000000006,-0.05626400000000001,-0.055009
200803,-0.009399999999999999,0.0077,0.0034000000000000002,-0.038398,-0.018690000000000002,0.013981,0.0023629999999999996,-0.005868,-0.005551,0.008921,0.013627,0.018504,0.005925,-0.034227,0.009629,-0.014785,-0.014830999999999999,-0.004571,-0.005126,-0.024904,-0.029477,-0.023863,-0.008584000000000001,-0.002546,0.022566,-0.037481,-0.038576,0.009316
200804,0.0461,-0.0174,-0.009899999999999999,0.034823,0.033388999999999995,0.009504000000000002,-0.0013729999999999999,0.0072250000000000005,0.029013,0.036058,0.031313999999999995,0.024263,0.006373,0.070892,0.068786,0.081164,0.09577500000000001,0.073675,0.057102999999999994,0.064215,0.049469,0.07153000000000001,0.025466,0.042402999999999996,0.011977,0.071993,0.033546,0.060047
200805,0.0187,0.029300000000000003,-0.015700000000000002,0.052566,0.045687,0.023767000000000003,0.030734,0.018696,0.066127,0.031601,0.07881600000000001,0.047945999999999996,0.032369999999999996,0.03674499999999999,0.038981999999999996,0.063762,0.044424,0.039164,0.03942,0.050651999999999996,0.05233299999999999,0.04268299999999999,0.033512999999999994,0.027162,6.000000000000146e-06,0.005018,-0.020692,0.016677
200806,-0.0843,0.0116,-0.024900000000000002,-0.06459500000000001,-0.08777399999999999,-0.11122099999999999,-0.073072,-0.10137299999999999,-0.07786200000000001,-0.07345399999999999,-0.059833,-0.08074300000000001,-0.10628099999999999,-0.075188,-0.074344,-0.063631,-0.09518000000000001,-0.046566,-0.060938,-0.09736700000000001,-0.06537099999999998,-0.07136500000000001,-0.151215,-0.06220900000000001,-0.09245,-0.085781,-0.145336,-0.10225100000000001
200807,-0.0075,0.026099999999999998,0.0521,0.049532,0.039853999999999994,0.048461000000000004,0.07151300000000001,0.033541999999999995,0.021714999999999998,0.024557999999999996,0.045724,0.04422,0.055840999999999995,0.005311,-0.006809000000000001,0.01604,0.007046,0.051313,-0.012057,-0.006899000000000001,-0.067314,-0.028592000000000003,-0.031872,-0.017438000000000002,-0.014464999999999999,-0.02162,0.032012,0.08005699999999999
200808,0.015300000000000001,0.0339,0.0151,0.006622,0.030913,0.026909,0.033916999999999996,0.064324,0.040818,0.0411,0.043498999999999996,0.05643399999999999,0.103981,0.023540000000000002,0.033936,0.047755,0.018935,0.055671,0.008310000000000001,0.020786000000000002,0.028487,0.038575,0.017361,0.009803,0.013644,0.018875000000000003,-0.010329999999999999,-0.0042439999999999995
200809,-0.0935,-0.0106,0.0565,-0.134486,-0.096764,-0.08817299999999999,-0.045601,-0.061196999999999994,-0.08760799999999999,-0.08488200000000001,-0.074965,-0.040442000000000006,-0.076778,-0.143183,-0.11342600000000001,-0.072452,-0.07234399999999999,-0.07149799999999999,-0.139592,-0.126561,-0.133006,-0.10258800000000001,-0.1221,-0.09737,-0.090876,-0.071289,-0.083328,-0.040442000000000006
200810,-0.172,-0.0229,-0.0192,-0.240584,-0.19306099999999998,-0.20309299999999997,-0.16307799999999997,-0.216216,-0.22992600000000002,-0.2338,-0.183998,-0.18370299999999998,-0.22813499999999998,-0.230118,-0.19188599999999997,-0.160271,-0.19147699999999998,-0.203616,-0.204624,-0.201699,-0.251444,-0.213559,-0.17385199999999998,-0.150525,-0.150004,-0.14858,-0.27594500000000005,-0.136829
200811,-0.0774,-0.029900000000000003,-0.0621,-0.130467,-0.125765,-0.13255699999999998,-0.117534,-0.163322,-0.109719,-0.10529499999999999,-0.112774,-0.091818,-0.16519699999999998,-0.118048,-0.101884,-0.09007799999999999,-0.095056,-0.07329899999999999,-0.079899,-0.085908,-0.08372199999999999,-0.077613,-0.166136,-0.058785,-0.050884,-0.064979,-0.147653,-0.178534
200812,0.0177,0.0349,0.0002,0.034379,0.058255999999999995,0.066454,0.029287999999999998,0.037042,0.0467,0.048299,0.06934,0.06116799999999999,0.066997,0.066208,0.042905,0.013928000000000001,0.033932000000000004,0.100274,0.045572,0.068104,0.009487,0.035689,0.023643,0.014055999999999999,0.012558,0.00509,-0.018576,0.0374
200901,-0.0809,-0.0001,-0.1101,-0.065346,-0.08114,-0.09775700000000001,-0.163302,-0.152179,-0.066064,-0.070132,-0.10610699999999999,-0.13736399999999999,-0.180278,-0.063001,-0.085543,-0.079239,-0.089705,-0.173721,-0.047073000000000004,-0.06403299999999999,-0.065969,-0.08834199999999999,-0.16003699999999998,-0.034117,-0.0902,-0.109206,-0.190638,-0.13617100000000001
200902,-0.1014,0.0014000000000000002,-0.0659,-0.11509599999999999,-0.105047,-0.124187,-0.13953,-0.14626599999999998,-0.102547,-0.093135,-0.10898999999999999,-0.145342,-0.192602,-0.069031,-0.10313599999999999,-0.09486599999999999,-0.134731,-0.10978700000000001,-0.065428,-0.08733800000000001,-0.109964,-0.12749599999999997,-0.140288,-0.078754,-0.100918,-0.120919,-0.19217499999999998,-0.123825
200903,0.0901,-0.0009,0.0347,0.11019199999999998,0.106679,0.10250099999999998,0.08313299999999998,0.10056599999999999,0.09160499999999999,0.100966,0.10451899999999999,0.08577899999999998,0.147057,0.09069399999999998,0.085011,0.099249,0.081154,0.13821799999999998,0.08248599999999999,0.095714,0.09132499999999999,0.09641599999999999,0.10102099999999999,0.083711,0.079246,0.093704,0.130653,0.12174
200904,0.1017,0.0537,0.0537,0.184646,0.161506,0.160667,0.17961000000000002,0.178106,0.147436,0.19097600000000003,0.154916,0.150261,0.17799600000000002,0.141378,0.186748,0.121049,0.15879100000000002,0.160674,0.11196899999999999,0.135892,0.159921,0.153143,0.173436,0.068645,0.069163,0.11870599999999999,0.14819700000000002,0.202598
200905,0.0521,-0.0242,0.0043,0.067473,0.052222,0.055846,0.043701,0.035045,0.051197,0.028605000000000002,0.02155,0.010863000000000001,0.056627000000000004,0.037489,0.009007,0.029517,0.016730000000000002,-0.01559,0.040197000000000004,0.022778999999999997,0.037357999999999995,0.094807,0.042194,0.048258999999999996,0.057251,0.048811999999999994,0.07138499999999999,0.09936
200906,0.0042,0.0259,-0.0278,0.075653,0.052212,0.057933,0.021754,0.029203,0.067506,0.01599,0.006595999999999999,-0.013619000000000001,0.0028360000000000004,0.018827,0.009972000000000002,-0.014617999999999999,0.016156,-0.001908,0.018116,0.008902,-0.007294000000000001,-0.015153,-0.001882,0.016689000000000002,-0.014317999999999999,-0.0012540000000000001,-0.007648,-0.027868
200907,0.0774,0.0175,0.0489,0.08484099999999999,0.070836,0.09602999999999999,0.09529999999999998,0.13625700000000002,0.060400999999999996,0.07718399999999999,0.11266,0.119311,0.12742,0.069938,0.096695,0.10449199999999999,0.12336899999999999,0.15864,0.08027000000000001,0.074121,0.09712799999999999,0.105045,0.106537,0.060295999999999995,0.0896,0.073528,0.084662,0.095791
200908,0.0333,-0.011200000000000002,0.076,0.027722,0.016249,0.032626999999999996,0.038480999999999994,0.106179,0.000949,0.019836,0.018161,0.03158299999999999,0.08543,0.008632,0.009371,0.044399,0.040535999999999996,0.119916,0.020876,0.042593,0.03006,0.056739,0.14929900000000002,0.011883,0.037774999999999996,0.031382999999999994,0.073264,0.119972
200909,0.0408,0.024300000000000002,0.0115,0.046863999999999996,0.062353,0.045969,0.06755699999999999,0.087485,0.08016799999999999,0.071011,0.05622699999999999,0.067182,0.07467599999999999,0.064871,0.039049999999999994,0.069971,0.077176,0.08712400000000001,0.067053,0.056633,0.058776999999999996,0.05299999999999999,0.080048,0.033611999999999996,0.03578099999999999,0.026489000000000002,0.048973,0.028262
200910,-0.0253,-0.0426,-0.0417,-0.106082,-0.07555200000000001,-0.06387,-0.077308,-0.08955199999999999,-0.074844,-0.058895,-0.057812999999999996,-0.087658,-0.102887,-0.051003999999999994,-0.032017000000000004,-0.059369,-0.062043,-0.102338,-0.043351,-0.026912,-0.04304,-0.06022,-0.062375,0.003081,-0.020086,-0.019718,-0.036416,-0.093136
200911,0.056299999999999996,-0.025,-0.0033,0.00628,-0.005472,0.025612,0.014592,0.015625,0.024338000000000002,0.012499,0.021379000000000002,0.034442,0.057268,0.031932999999999996,0.033847,0.023802,0.063211,0.061654999999999995,0.046889,0.04827,0.041185,0.033426,0.053299000000000006,0.071598,0.05753,0.036705999999999996,0.051067,0.040335
200912,0.027999999999999997,0.0601,-0.0011,0.061741,0.08982000000000001,0.076134,0.080594,0.100827,0.09345099999999999,0.09965899999999998,0.085531,0.069618,0.08931599999999999,0.070392,0.069925,0.070121,0.079999,0.075833,0.06012,0.044529,0.079508,0.053656999999999996,0.06336699999999999,0.008726000000000001,0.022824000000000004,0.040695999999999996,0.019767,-0.029738
201001,-0.0335,0.0043,0.0033,-0.043132000000000004,-0.051905,-0.043596,-0.035444,-0.009807,-0.031729,-0.023572000000000003,-0.012698000000000001,-0.033993,-0.036509,-0.035218,-0.034321000000000004,-0.04769,-0.035064000000000005,-0.023153999999999997,-0.035045,-0.039755,-0.051421,-0.016093,-0.021545,-0.042163000000000006,-0.035754,-0.004608,-0.045759999999999995,-0.026238
201002,0.0339,0.0118,0.0318,0.0417,0.047194,0.045035,0.054187000000000006,0.072253,0.020935000000000002,0.030575,0.029275000000000002,0.061239999999999996,0.051675000000000006,0.043086,0.043212,0.046643,0.059532,0.093943,0.051436,0.068455,0.042044,0.040452,0.063108,0.025601,0.021349,0.03995,0.042404000000000004,0.059116999999999996
201003,0.063,0.0146,0.0219,0.069845,0.06608599999999999,0.077239,0.073448,0.0995,0.070861,0.076336,0.075516,0.080416,0.115372,0.09202400000000001,0.064485,0.098793,0.069007,0.07790799999999999,0.08121,0.06983299999999999,0.077897,0.049713999999999994,0.11750300000000001,0.049811999999999995,0.060266,0.057042999999999996,0.064039,0.084112
201004,0.0199,0.0484,0.0296,0.06513799999999999,0.071993,0.060981999999999995,0.095234,0.116709,0.020151000000000002,0.056291999999999995,0.04434,0.06844199999999999,0.07539,0.028241,0.052731999999999994,0.03308,0.07786799999999999,0.05110599999999999,0.036759,0.036945,0.03350399999999999,0.069681,0.048452999999999996,0.0037050000000000004,0.026034,0.013120000000000001,-0.0044150000000000005,-0.003391
201005,-0.079,0.0013,-0.0248,-0.07103,-0.053364,-0.07213800000000001,-0.089268,-0.10554700000000002,-0.047148,-0.06201,-0.070263,-0.09231,-0.09806300000000001,-0.06309100000000001,-0.058369000000000004,-0.07121200000000001,-0.098125,-0.09816699999999999,-0.05373000000000001,-0.078822,-0.08534699999999999,-0.07120800000000001,-0.08367100000000001,-0.074473,-0.08261500000000001,-0.09043200000000001,-0.081703,-0.08012100000000001
201006,-0.0556,-0.0179,-0.0473,-0.066858,-0.06686,-0.069213,-0.070235,-0.11908,-0.054456000000000004,-0.055855,-0.068943,-0.097859,-0.13000299999999998,-0.054108,-0.061182,-0.074909,-0.074876,-0.11794800000000001,-0.045137000000000004,-0.061731,-0.07225,-0.080667,-0.094986,-0.039275000000000004,-0.06507,-0.032877,-0.071909,-0.09596600000000001
201007,0.0692,0.0023,-0.0049,0.06233299999999999,0.047075,0.06996999999999999,0.06673699999999999,0.057501000000000003,0.068239,0.07789299999999999,0.06228299999999999,0.07185599999999999,0.067464,0.064496,0.072532,0.05283,0.08217,0.072543,0.068372,0.06534999999999999,0.080075,0.083502,0.065675,0.07268,0.054851,0.07501899999999999,0.070341,0.05246
201008,-0.0478,-0.0301,-0.0173,-0.087358,-0.08754999999999999,-0.08440500000000001,-0.093753,-0.094228,-0.06026200000000001,-0.077716,-0.070358,-0.075284,-0.077379,-0.045413,-0.062451000000000007,-0.076511,-0.067888,-0.068815,-0.042805,-0.043833000000000004,-0.054703,-0.035247,-0.06269100000000001,-0.03859800000000001,-0.042786000000000005,-0.015982,-0.066103,-0.08937400000000001
201009,0.0955,0.0382,-0.0302,0.114588,0.11005999999999999,0.125756,0.122115,0.09935,0.147317,0.15044200000000002,0.124333,0.109498,0.11642,0.129535,0.145683,0.127539,0.113152,0.10936799999999999,0.125033,0.109349,0.103694,0.079503,0.104208,0.10250799999999999,0.081086,0.079155,0.081332,0.070181
201010,0.0387,0.0108,-0.0246,0.070455,0.059884999999999994,0.05708099999999999,0.051352999999999996,0.034474,0.039640999999999996,0.041046,0.04135699999999999,0.029595,0.026081,0.044744,0.030171,0.055570999999999995,0.03256,0.042057,0.025272,0.050026999999999995,0.032838,0.030395000000000002,0.0038229999999999996,0.049694999999999996,0.039644,0.039074,0.024170999999999998,-0.003018
201011,0.0059,0.036699999999999997,-0.009000000000000001,0.009159,0.039009999999999996,0.05137599999999999,0.048146999999999995,0.028461999999999998,0.032860999999999994,0.045646,0.036359999999999996,0.036137999999999997,0.036903,0.038644,0.059664999999999996,0.015701,0.042120000000000005,0.015151999999999999,0.042740999999999994,0.032473999999999996,0.025386,0.013113999999999999,-2.9e-05,-0.008518999999999999,0.018394,-0.011546,0.006678999999999999,-0.033076
201012,0.0682,0.0072,0.0356,0.102816,0.073808,0.074206,0.08329299999999999,0.093675,0.071812,0.06851399999999999,0.081411,0.081558,0.105287,0.066802,0.084578,0.08325,0.072963,0.07267799999999999,0.05422699999999999,0.06884,0.075835,0.07013,0.098534,0.04745799999999999,0.057602,0.065418,0.091804,0.13867300000000002
201101,0.019799999999999998,-0.0229,0.0060999999999999995,-0.028595,-0.0224,-0.013202,-0.008228,-0.009012999999999998,0.004448,-0.007502,0.024332999999999997,0.001282,0.01785,0.019507,0.017407,0.0018919999999999998,0.033028999999999996,0.0031890000000000004,0.019652000000000003,0.03485099999999999,0.019141,0.028255000000000002,0.0023360000000000004,0.013403000000000002,0.034443999999999995,0.016553000000000002,0.03488,0.033313999999999996
201102,0.0348,0.015,0.0118,0.022289000000000003,0.052753999999999995,0.046611,0.045029,0.060437,0.046354,0.07992700000000001,0.051134,0.05605,0.052281,0.056187,0.063135,0.047324,0.054695999999999995,0.045745999999999995,0.03852699999999999,0.041356,0.041081,0.045669999999999995,0.031437,0.022049000000000003,0.033468,0.047418,0.04086,0.03884
201103,0.0045000000000000005,0.024900000000000002,-0.0184,0.032924999999999996,0.041062999999999995,0.018066000000000002,0.018624,0.01404,0.033897,0.03408699999999999,0.026608,0.017231,0.026203999999999998,0.041831,0.026275000000000003,0.028810000000000002,0.019117,0.014399,0.018961,0.033219,0.022567000000000004,0.02079,-0.0013790000000000002,0.003616,-0.008537999999999999,0.019146,-0.013789,-0.032237
201104,0.028999999999999998,-0.0042,-0.024399999999999998,0.025571,0.004816,0.009124,0.011198,0.004138,0.038392,0.024364,0.015501000000000001,0.0253,-0.002576,0.040667999999999996,0.037008,0.033634,0.029603,0.020015,0.036771,0.016383,0.019959,0.038409,0.017731,0.036678999999999996,0.043525999999999995,0.032693,0.003115,0.012607
201105,-0.0127,-0.0073,-0.018500000000000003,-0.008966,-0.00924,-0.019035,-0.045122999999999996,-0.027679999999999996,-0.020745,-0.012674000000000001,-0.006536999999999999,-0.033105,-0.029026999999999997,-0.014081999999999999,-0.011276,-0.020253,-0.036785,-0.010721000000000001,-0.001825,-0.006216,-0.013652,-0.017825999999999998,-0.003412,-0.001751,-0.019842,-0.008251,-0.024985,-0.036886999999999996
201106,-0.0174,-0.0027,-0.002,-0.046813,-0.035771000000000004,-0.026782,-0.014823999999999999,-0.025224000000000003,-0.004771,-0.018859,-0.016251,-0.003245,-0.013852999999999999,-0.013493999999999999,-0.019183,-0.021293000000000003,-0.009136,-0.037135,-0.014745,-0.020738,-0.027501,-0.010602,-0.027269,-0.012444,-0.016919,-0.016531,-0.016006,-0.027098
201107,-0.0235,-0.0118,-0.009000000000000001,-0.048531000000000005,-0.029841000000000003,-0.03172,-0.013861000000000002,-0.013875,-0.034982,-0.037209,-0.049621000000000005,-0.031564999999999996,-0.051598,-0.048098999999999996,-0.038287,-0.033203,-0.054034000000000006,-0.035764,-0.039889,-0.036456,-0.033557000000000003,-0.020277,-0.034433,0.001163,-0.020156999999999998,-0.017168000000000003,-0.041174,-0.051126
201108,-0.0596,-0.0296,-0.024300000000000002,-0.11793200000000001,-0.120961,-0.090993,-0.105352,-0.09596299999999999,-0.093309,-0.082656,-0.104893,-0.080596,-0.109727,-0.078402,-0.08383,-0.08132600000000001,-0.093184,-0.08431799999999999,-0.07446,-0.08378000000000001,-0.08014500000000001,-0.07055700000000001,-0.06378500000000001,-0.038482,-0.045972000000000006,-0.070831,-0.029469,-0.11848500000000001
201109,-0.0758,-0.031200000000000002,-0.015300000000000001,-0.11428100000000001,-0.125768,-0.10592599999999999,-0.106683,-0.101561,-0.10247099999999999,-0.114609,-0.126685,-0.09282299999999999,-0.11310100000000001,-0.104067,-0.117356,-0.131837,-0.11040100000000001,-0.105349,-0.089058,-0.114163,-0.11333700000000001,-0.078246,-0.094945,-0.063212,-0.050072,-0.069989,-0.053929,-0.14118
201110,0.1133,0.0305,0.0006,0.122452,0.150837,0.13916499999999998,0.149705,0.10085000000000001,0.175435,0.143594,0.159967,0.148988,0.13558299999999998,0.143725,0.160392,0.166317,0.162288,0.115536,0.139237,0.15542999999999998,0.143341,0.112145,0.12305899999999999,0.094188,0.10425000000000001,0.124483,0.085997,0.151525
201111,-0.0027,-0.0018,-0.0052,-0.021926,-0.011675,-0.027726,-0.013953,-0.002565,0.003822,-0.016883,0.002943,0.015075,0.001534,-0.019749000000000003,0.010442,-0.008153,0.009162,0.0036149999999999997,-0.005757,-0.003155,0.011431,0.011918999999999999,-0.015215000000000001,-0.003962,0.011349,0.005245,0.010492,-0.065387
201112,0.0075,-0.005600000000000001,0.0154,-0.005823,0.020578,0.007792,0.018577,0.012087,-0.008559,0.006387,0.008162,0.00775,0.011836,-0.026451,-0.000783,0.012035,0.010941000000000001,0.015763,-0.023001999999999998,0.007149,-0.004372,0.03644,-0.004931,-0.005341,0.012466,0.0294,0.027267,0.009487
201201,0.050499999999999996,0.020099999999999996,-0.009300000000000001,0.123103,0.081143,0.078466,0.071251,0.077367,0.079543,0.056448,0.082365,0.055415,0.049326999999999996,0.089033,0.050666,0.067976,0.055588,0.036518999999999996,0.092528,0.062232,0.048935000000000006,0.025266999999999998,0.041817,0.07066,0.023194,0.026981,0.013862000000000001,0.10026
201202,0.044199999999999996,-0.0184,0.0042,0.012867,0.012186999999999998,0.010642,0.009861,0.027249,0.044546999999999996,0.039106,0.012292,0.028592,0.044485000000000004,0.044446000000000006,0.031424,0.03564,0.038859,0.049291,0.046935000000000004,0.047186000000000006,0.042602,0.037912,0.060121,0.051896000000000005,0.030139999999999997,0.035837,0.049100000000000005,0.066916
201203,0.031200000000000002,-0.0063,0.011899999999999999,0.017824,0.039082,0.035446,0.034662,0.048010000000000004,0.018867000000000002,0.017709,0.027378999999999997,0.03334,0.028314,0.014495000000000001,0.019516,0.016925,0.017779,-0.002284,0.039058,0.004576,0.006311,0.019996,0.014173999999999999,0.040349,0.022665,0.011104000000000001,0.033319999999999995,0.077521
201204,-0.0085,-0.0037,-0.0077,-0.041344000000000006,-0.018464,-0.020765,-0.013323,-0.00254,0.000317,-0.015968,-0.026073,-0.020326,-0.019534,-0.021785000000000002,-0.008765,-0.013647,-0.009457,0.000557,-0.005096000000000001,-0.002752,-0.005028,0.012787,-0.029131,0.000173,-0.007155,-0.006957,-0.002142,-0.042516
201205,-0.0617,0.0012,-0.0095,-0.08857899999999999,-0.05921,-0.070978,-0.080439,-0.04655,-0.053993000000000006,-0.050195000000000004,-0.07659300000000001,-0.052820000000000006,-0.071157,-0.079195,-0.060694000000000005,-0.080072,-0.06125300000000001,-0.063959,-0.065194,-0.085658,-0.088232,-0.06262100000000001,-0.054999,-0.064042,-0.04829200000000001,-0.053237,-0.02418,-0.12881399999999998
201206,0.038900000000000004,0.0072,0.0055000000000000005,0.073394,0.070179,0.056338,0.054737,0.052754,0.069423,0.050196,0.038655,0.036391,0.04585,0.052775999999999997,0.036012,0.018963,0.023912,0.039863,0.008557,0.01964,0.039208,0.028424,0.034698,0.028123999999999996,0.0421,0.054172000000000005,0.050692,0.056085
201207,0.0079,-0.0276,-0.0006,-0.020999,0.010145,-0.033153,-0.017732,-0.022102,-0.038722,-0.006008,-0.008013,-0.010086,-0.009613,-0.026861000000000003,-0.001278,-0.013357,0.004514000000000001,-0.037815,-0.021259999999999998,0.000833,0.004596,0.002218,-0.011338999999999998,0.013732,0.02505,0.014079999999999999,0.011006,-0.017322
201208,0.0254,0.0048,0.0125,0.026557,0.004843,0.039543999999999996,0.027238000000000002,0.032978999999999994,0.017964,0.023189,0.028309,0.032496,0.043752,0.051194,0.03548,0.04602099999999999,0.042018999999999994,0.03485,0.041900999999999994,0.038674,0.025758,0.036381,0.063322,0.020721999999999997,0.025284000000000004,0.015363,0.00529,0.06435
201209,0.0273,0.0045000000000000005,0.0163,0.045620999999999995,0.056020999999999994,0.042445,0.045906999999999996,0.045753,0.049742999999999996,0.036258,0.033164,0.040597,0.039998,0.028454,0.018176,0.015671,0.031268,0.038769,0.017369,0.017116,0.024452,0.023932000000000002,0.033457999999999995,0.017773,0.025754,0.035757,0.032824,0.054283
201210,-0.0176,-0.011000000000000001,0.0352,-0.050257,-0.049678,-0.037323,-0.032282000000000005,-0.0132,-0.055753,-0.020353,-0.012554,-0.015144,-0.011598999999999998,-0.038671000000000004,0.0034410000000000005,-0.004459,0.009994000000000001,-0.002173,-0.012440999999999999,0.0017540000000000001,-0.005901,0.002542,0.015462,-0.033113000000000004,-0.014105,-0.02602,-0.00393,0.033079
201211,0.0078000000000000005,0.006,-0.0087,0.0007599999999999999,0.011217,0.00678,-0.002037,0.011806000000000002,-0.0047740000000000005,-0.002787,0.010814,0.0047539999999999995,0.022233,0.028696,0.026078,0.025013,0.020812,-0.001756,0.02995,0.028362000000000002,-0.0006050000000000001,0.010758000000000002,0.005612,0.01208,0.0050349999999999995,-0.0014780000000000001,-0.003026,-0.015514
201212,0.0118,0.0149,0.0352,0.0025390000000000005,0.033482,0.043135999999999994,0.045217999999999994,0.04373899999999999,0.035049,0.033521999999999996,0.030247,0.037659,0.051577,0.024215000000000004,0.038352,0.023797,0.028449000000000002,0.036293,0.020656,0.022719,0.028451000000000004,0.038798,0.034505,-0.009656999999999999,0.0029570000000000004,0.015309,0.023004,0.072389
201301,0.0557,0.0028000000000000004,0.0101,0.065747,0.049321000000000004,0.05563100000000001,0.056109,0.055677000000000004,0.070883,0.057664999999999994,0.07497899999999999,0.06698,0.051371,0.054936,0.063832,0.062127,0.071309,0.076621,0.072488,0.066681,0.066681,0.083211,0.091309,0.036126,0.058335,0.055999999999999994,0.067356,0.073615
201302,0.0128,-0.0029,0.0018,-0.019645,0.0060750000000000005,-0.000344,0.017514000000000002,0.015188,0.008534,0.010963,0.00909,0.018852,0.007070999999999999,0.00502,0.014143,0.00487,0.026137999999999998,0.019255,0.005247000000000001,0.010236,0.016982,0.011717,0.02618,0.011784,0.012274,0.019792,0.022328999999999998,0.006953
201303,0.0404,0.0083,-0.0021,0.077941,0.057276999999999995,0.051135,0.041721,0.04401,0.05133,0.052809,0.039187,0.044086999999999994,0.048275,0.044964000000000004,0.045699,0.052828999999999994,0.036034000000000004,0.051462,0.036184,0.040386,0.042198,0.055273,0.062938,0.039569,0.03293,0.036318,0.048642000000000005,0.033327
201304,0.015600000000000001,-0.023700000000000002,0.0046,0.004011,-0.005768,-0.009859,-0.007784,0.005790999999999999,-0.007138,-0.019222,-0.012214000000000001,-0.013263,0.015704,-0.020228000000000003,0.00214,-0.007109,-0.008356,-0.01775,0.011011,0.010655,-0.006672,0.019277,0.00904,0.02303,0.013019000000000001,0.018478,0.01635,0.027605
201305,0.027999999999999997,0.0167,0.0271,0.077388,0.046231,0.035717,0.065535,0.042678,0.054283,0.044615,0.056093000000000004,0.046703999999999996,0.078774,0.029833,0.058893,0.041346999999999995,0.050238,0.039285,0.041705,0.031473,0.015315,0.035833,0.045173,0.012043,0.02557,0.013823,0.033372,0.089338
201306,-0.012,0.0131,-0.0004,-0.010192000000000001,-0.0061519999999999995,0.017794,0.010997,0.0031030000000000003,0.018012999999999998,-0.0021060000000000002,-0.003673,-0.008648,-0.010906,-0.004107,-0.009342,-0.015247,-0.007612,-0.001758,-0.020416,-0.025485999999999998,-0.012367,-0.015531,-0.012432,-0.023098,-0.003357,0.0015310000000000002,-0.0033410000000000002,-0.028837
201307,0.0565,0.0182,0.005699999999999999,0.06931899999999999,0.10554999999999999,0.073033,0.08950100000000001,0.074394,0.070419,0.063373,0.06385,0.070166,0.08093,0.082928,0.076337,0.057981,0.07738,0.090022,0.080176,0.046352000000000004,0.06518399999999999,0.079794,0.050203,0.059978,0.042681,0.046444,0.046924,0.071844
201308,-0.0271,0.0032,-0.0273,-0.023216999999999998,-0.02536,-0.023048000000000003,-0.037353,-0.031512,-0.005681,-0.006886,-0.031632,-0.03944,-0.036975,-0.016534,-0.02024,-0.034983,-0.046876,-0.038865,-0.016955,-0.020919,-0.031385,-0.024045,-0.043788999999999995,-0.014844999999999999,-0.025292,-0.035744,-0.036714000000000004,-0.045134
201309,0.0377,0.028900000000000002,-0.0118,0.072942,0.07588400000000001,0.071963,0.069327,0.058445,0.068252,0.061363,0.075391,0.060436,0.055431999999999995,0.057374,0.058356000000000005,0.058569,0.055928000000000005,0.042873999999999995,0.055387000000000006,0.057379,0.051904000000000006,0.056464999999999994,0.033946000000000004,0.043089,0.026355,0.025945,0.025619,0.022688
201310,0.0417,-0.015600000000000001,0.012199999999999999,-0.00739,0.007764,0.021974999999999998,0.04042900000000001,0.0287,0.006633,0.015231,0.012683,0.038146,0.042497,0.033835000000000004,0.034728,0.037265,0.042349,0.055606,0.021450999999999998,0.036554,0.02806,0.046422,0.061959,0.048861,0.043822,0.054352,0.032953,0.037175
201311,0.0311,0.0131,0.0019,0.077434,0.05343899999999999,0.057074,0.071859,0.049367,0.064781,0.036126,0.03311,0.028898999999999998,0.057144,0.027704,0.032757,0.037207,0.025847000000000002,0.039181,0.022359,0.023322,0.008498,-0.004431,0.037551,0.031878000000000004,0.035527,0.016052,0.019314,0.062891
201312,0.0281,-0.0044,0.0,0.016088,0.036044,0.025089999999999998,0.012559,0.015009999999999999,0.028395,0.003287,0.035485,0.018065,0.008336,0.016469,0.038949,0.029865,0.036152000000000004,0.023866000000000002,0.031418,0.035541,0.028176,0.032868,0.034234,0.025929999999999998,0.023791000000000003,0.035924,0.023356,0.018527000000000002
201401,-0.0332,0.009300000000000001,-0.0199,0.032675,-0.024428000000000002,-0.022921999999999998,-0.03596,-0.031751999999999996,0.001207,-0.021841,-0.052610000000000004,-0.039542,-0.062469000000000004,-0.0035670000000000003,-0.029986000000000002,-0.041643,-0.026368999999999997,-0.022982999999999996,-0.025783,-0.033434,-0.008152,-0.05059,-0.030156000000000002,-0.040347999999999995,-0.025045,-0.035102,-0.044332,-0.041117
201402,0.0466,0.0036,-0.0034999999999999996,0.046905,0.040772,0.039063,0.058009000000000005,0.045225999999999995,0.048235,0.031074,0.060029000000000006,0.050177,0.040957,0.066358,0.045408,0.045552,0.069644,0.041513999999999995,0.059804,0.06279,0.048088,0.054186,0.054397,0.051051,0.051727999999999996,0.029857,0.04258,0.024437
201403,0.0043,-0.018600000000000002,0.049,-0.043988,0.007965999999999999,0.003539,0.008661,0.013924,-0.041372,0.000844,0.014743,0.011255999999999999,0.025457,-0.046875,-0.00016199999999999998,0.00605,0.013672,0.01917,-0.022404,-0.004699999999999999,0.00209,0.01964,0.051468999999999994,-0.014273000000000001,0.004986,0.022111000000000002,0.038416,0.035796
201404,-0.0018,-0.0418,0.012199999999999999,-0.085952,-0.065028,-0.05379,-0.033098999999999996,-0.042455,-0.067967,-0.033685,-0.030005,-0.018994999999999998,-0.019624,-0.05681,-0.015937,-0.020868,-0.014688000000000001,-0.031019,-0.030452,-0.009478,0.0012889999999999998,0.001196,-0.005501000000000001,0.015398,-0.000731,0.014137,0.01925,-0.021791
201405,0.020499999999999997,-0.018500000000000003,-0.001,-0.027099,-0.0074199999999999995,-0.006313999999999999,-0.005849999999999999,-0.003132,-0.0044009999999999995,0.002627,0.01466,-0.005565,-0.003647,0.012433000000000001,0.0045390000000000005,0.025203000000000003,0.00594,0.017474,0.027405,0.016332,0.033027,0.011566,0.016349,0.031845,0.015127,0.023498,0.018439,0.012388
201406,0.026000000000000002,0.0305,-0.0070999999999999995,0.056882,0.101586,0.03581,0.041741,0.038144,0.07526,0.065626,0.057215999999999996,0.049122000000000006,0.058045,0.062082,0.053507,0.037614999999999996,0.04965,0.050388,0.045285,0.037798,0.039543,0.039478,0.03625,0.011359,0.012916,0.02564,0.032654999999999997,0.034557000000000004
201407,-0.0203,-0.0417,-0.0008,-0.092607,-0.075266,-0.065266,-0.04321,-0.049873,-0.050242,-0.06646099999999999,-0.055099,-0.062596,-0.05848,-0.054705000000000004,-0.054971,-0.060663,-0.064442,-0.042765000000000004,-0.023915000000000002,-0.044172,-0.033145,-0.037503,-0.038087,-0.016618,-0.008785,-0.004222,-0.027160000000000004,-0.014254
201408,0.0424,0.004,-0.0058,0.029355000000000003,0.046341,0.028737,0.044624,0.034066,0.055697,0.052828999999999994,0.040594,0.046173,0.052244,0.06398799999999999,0.041871,0.044977,0.055168,0.045515,0.061772999999999995,0.047651000000000006,0.048479999999999995,0.040480999999999996,0.04627100000000001,0.048826,0.044484,0.022102,0.026307,0.051222000000000004
201409,-0.0196,-0.036000000000000004,-0.0147,-0.070453,-0.042416999999999996,-0.072076,-0.057800000000000004,-0.05602,-0.049962,-0.042516,-0.053281,-0.050797999999999996,-0.079107,-0.029935,-0.055827,-0.04827,-0.066219,-0.069912,-0.032008999999999996,-0.032606,-0.045069,-0.045451,-0.04714,-0.006074,-0.008983,-0.016297,-0.03855,-0.002175
201410,0.025099999999999997,0.04019999999999999,-0.0167,0.062621,0.070908,0.057929,0.07250899999999999,0.043990999999999995,0.083606,0.065875,0.06112599999999999,0.053694,0.04224700000000001,0.058786,0.055072,0.039518,0.04088,0.039068,0.04043,0.005491,0.038236,0.036884,-0.003144,0.02283,0.028195,0.019633,0.00185,0.015011000000000002
201411,0.0256,-0.020499999999999997,-0.0313,0.0020150000000000003,0.006734,-0.018269999999999998,-0.012612000000000002,-0.026107,0.016146,-0.00331,-0.004914,-0.009908,-0.009115,0.027658000000000002,0.027462,-0.003724,0.001903,0.000401,0.033009,0.02902,0.033479999999999996,0.007125,-0.018721,0.035515,0.037097000000000005,0.033343,-0.00030900000000000003,0.010042
201412,-0.0005,0.0252,0.021099999999999997,0.060011999999999996,0.07063900000000001,0.054269,0.043533999999999996,0.038593999999999996,0.009829,0.029053,0.028335,0.027155,0.029699,0.017988,0.0084,0.005191,0.01593,0.0035830000000000002,0.005099,-0.002291,0.003273,0.008361,0.0071719999999999996,-0.012367999999999999,-0.014055999999999999,-0.0018679999999999999,0.010104,0.021234000000000003
201501,-0.031,-0.0060999999999999995,-0.0348,-0.035068,-0.065388,-0.049783999999999995,-0.050910000000000004,-0.050432,-0.012306999999999998,-0.049089999999999995,-0.043235,-0.04446,-0.070946,-0.005830999999999999,-0.01509,-0.038677,-0.046629,-0.05284900000000001,-0.01179,-0.023420999999999997,-0.010601000000000001,-0.015434000000000002,-0.037405,-0.008353000000000001,-0.026448999999999997,-0.041801000000000005,-0.04099,-0.0757
201502,0.0613,0.0064,-0.0175,0.041648,0.06700199999999999,0.06421199999999999,0.051146000000000004,0.059324,0.07464900000000001,0.089569,0.06544699999999999,0.054782000000000004,0.049398,0.073006,0.079359,0.085639,0.060563000000000006,0.057,0.076343,0.06929,0.075713,0.05528400000000001,0.073378,0.059661,0.060164999999999996,0.067385,0.040288000000000004,0.058128
201503,-0.0111,0.030600000000000002,-0.0038,-0.008501,0.02989,0.017009,0.018305000000000002,0.012099,0.03186,0.025136,0.008073,0.027807,0.013385000000000001,0.005411,0.011372,0.017149,0.011549,0.010121999999999999,0.010077000000000001,0.0055379999999999995,0.011038,-0.0055720000000000006,-0.004773,-0.010452999999999999,-0.020999,-0.022559999999999997,-0.017547,-0.016099000000000002
201504,0.0059,-0.0298,0.0181,-0.039431,-0.027356,-0.027999,-0.020565000000000003,-0.005592000000000001,-0.039124,-0.024784999999999998,-0.027892999999999998,0.000211,-0.008274,-0.031006,-0.013491999999999999,-0.009998,-0.01011,-0.004171,-0.015829,-0.0014860000000000001,-0.009260000000000001,-0.016378,0.0046029999999999995,0.0022140000000000003,0.011071,0.013814,0.028452,0.017763
201505,0.0137,0.0096,-0.011000000000000001,0.036122,0.047493999999999995,0.004012,-0.001646,0.004206,0.028908,0.047682,0.028258000000000002,0.012534,-0.000165,0.044005999999999997,0.022313,0.029716999999999997,0.020129,0.0066820000000000004,0.021766999999999998,0.014020999999999999,0.029853,0.014924,-0.00063,0.015754999999999998,0.006503999999999999,0.011984999999999999,0.0057540000000000004,0.016744000000000002
201506,-0.0152,0.029500000000000002,-0.008,0.047587000000000004,0.021082,0.023638,0.022000000000000002,0.018549,0.012554000000000001,0.012444,-0.002503,-0.002746,0.014226,0.012921,0.002174,-0.011516,-0.019694,-0.0022459999999999997,-0.01456,-0.0027860000000000003,-0.021078,-0.02373,0.001809,-0.004802,-0.033668000000000003,-0.016933,-0.034155000000000005,-0.006416
201507,0.015700000000000002,-0.0417,-0.0416,-0.053488,-0.012835000000000001,-0.050053,-0.055373,-0.06586299999999999,-0.001721,-0.013585,-0.006629,-0.041521,-0.047266,0.019176,0.00263,-0.033357,-0.035205,-0.066324,0.02453,0.002539,-0.00198,0.007795,-0.019212,0.031311,0.035654,0.001147,-0.000167,0.0071319999999999995
201508,-0.0602,0.0037,0.0275,-0.08649699999999999,-0.06812,-0.048378,-0.035985,-0.012915000000000001,-0.100334,-0.054307,-0.034871,-0.048959,-0.043364,-0.08032600000000001,-0.05551999999999999,-0.035790999999999996,-0.050275,-0.027244,-0.08003,-0.051396,-0.047488,-0.03407,-0.055153,-0.059184,-0.065664,-0.056437,-0.053109,-0.07684300000000001
201509,-0.030600000000000002,-0.0263,0.0055000000000000005,-0.08519399999999999,-0.09221399999999999,-0.06116,-0.039847,-0.057074,-0.095752,-0.051069,-0.050823,-0.029066,-0.053316999999999996,-0.060705,-0.042563000000000004,-0.051436,-0.05851,-0.055689,-0.057953000000000005,-0.039812,-0.043814,-0.029025,-0.044224,-0.017,-0.02703,-0.018387,-0.018971000000000002,-0.056634000000000004
201510,0.0775,-0.0191,-0.0046,0.062237999999999995,0.065469,0.058600000000000006,0.052969999999999996,0.043502,0.03069,0.07094299999999999,0.063448,0.055989000000000004,0.053023,0.038969000000000004,0.062808,0.074104,0.049146,0.07096,0.059667000000000005,0.071169,0.07450999999999999,0.024404,0.062327,0.08550100000000001,0.088143,0.085874,0.061509,0.07657
201511,0.005699999999999999,0.0358,-0.0043,0.053444000000000005,0.046671,0.030673,0.030741,0.022570999999999997,0.08071099999999999,0.024142,0.030003000000000002,0.049992,0.050634,0.019986,0.019056,0.007963,0.029941,0.024575,0.010888,0.008101,0.009557,0.015557000000000001,0.008819,0.000862,0.0031730000000000005,-0.005096000000000001,0.0010680000000000002,0.032273
201512,-0.0215,-0.027999999999999997,-0.025699999999999997,-0.037031,-0.053295,-0.04744600000000001,-0.052402000000000004,-0.045076000000000005,-0.030549999999999997,-0.045284,-0.050386,-0.058651,-0.06551000000000001,-0.026803999999999998,-0.047810000000000005,-0.046904,-0.057663000000000006,-0.090012,-0.033117,-0.030248,-0.04470300000000001,-0.054045,-0.06746200000000001,-0.014023,-0.0058980000000000005,-0.022872999999999998,-0.022427,-0.041778
201601,-0.0574,-0.034,0.0208,-0.134113,-0.141433,-0.091105,-0.06310900000000001,-0.07613,-0.17726,-0.064484,-0.083493,-0.06839500000000001,-0.083387,-0.116805,-0.070532,-0.069014,-0.064608,-0.071321,-0.098845,-0.068249,-0.064823,-0.063491,-0.080612,-0.060294,-0.03534,-0.04129900000000001,-0.03527,-0.120612
201602,-0.0006,0.0073,-0.0060999999999999995,-0.031116,0.0038819999999999996,-0.000683,-0.01329,0.004654,-0.014549000000000001,0.005761,0.018563000000000003,0.010611999999999998,0.001573,-0.003074,0.014207000000000001,0.023566,0.009434999999999999,0.017587000000000002,0.010670999999999998,0.018504000000000003,0.0008689999999999999,0.008043,-0.019212999999999997,0.0024479999999999997,-0.0034850000000000003,0.013334999999999998,0.00042,-0.064191
201603,0.0695,0.0075,0.0123,0.038606,0.083481,0.06920299999999999,0.067855,0.065341,0.08547999999999999,0.070726,0.08396999999999999,0.071546,0.086796,0.056288,0.07522,0.07858599999999999,0.10308200000000001,0.116948,0.08052499999999999,0.07540899999999999,0.094951,0.085931,0.09679299999999999,0.064964,0.063631,0.06496299999999999,0.07429699999999999,0.075125
201604,0.0092,0.0077,0.0322,0.03138899999999999,0.02578,0.027411,0.015972,0.058025999999999994,0.045634,0.00122,-0.00012200000000000001,0.028241,0.036222,0.011406000000000001,-0.003704,0.015905000000000002,0.033238,0.046706,0.019885,0.004324,0.018391,0.017744,0.051755999999999996,-0.007247,-0.010464,0.025824999999999997,0.026153000000000003,0.071176
201605,0.0178,-0.0018,-0.016200000000000003,0.009255000000000001,0.023375000000000003,0.013609000000000001,-0.008256999999999999,-0.012473,0.03375499999999999,0.019546,0.006919999999999999,0.020227000000000002,0.010962000000000001,0.033178,0.016272000000000002,0.005908,0.009263,0.011099,0.033548999999999995,0.017923,0.045413999999999996,0.014716000000000002,0.018241,0.016504,0.021325999999999998,0.021744000000000003,-0.005045,0.019428
201606,-0.0003,0.006,-0.0149,-0.042242,-0.014698000000000001,-0.008758,0.007152,0.010266999999999998,-0.003861,0.013184,-0.008868000000000001,-0.017839999999999998,-0.0016890000000000002,0.008102,-0.025855999999999997,-0.000995,-0.008215,-0.018785,-0.008099,-0.012003,-0.012990999999999999,-0.0009679999999999999,-0.041576999999999996,0.000502,-0.00043400000000000003,0.024646,0.010747999999999999,-0.066386
201607,0.0394,0.024700000000000003,-0.0127,0.047233,0.059501000000000005,0.068274,0.048682,0.05541,0.0805,0.062983,0.05845,0.047586,0.06397099999999999,0.07002699999999999,0.051855,0.06537599999999999,0.041371,0.061228000000000005,0.051146,0.041192,0.032962,0.023627,0.063389,0.051621,0.03514,0.01693,0.010119,0.044
201608,0.0049,0.011899999999999999,0.0317,0.029833,0.023053,0.045373,0.040845,0.032684000000000005,0.003479,0.032702,0.021458,0.030949,0.030986,-0.011240000000000002,0.022786,0.037691,0.021729,0.014853,0.010589999999999999,0.0062759999999999995,0.021093000000000004,-0.007409,0.058729,-0.007358999999999999,-0.004076,-0.0016760000000000002,0.024655000000000003,0.04571700000000001
201609,0.0027,0.0209,-0.012199999999999999,0.11767599999999999,0.025879,0.043408,0.030026000000000004,0.018653,0.04946300000000001,0.017547,0.009725,0.008837,0.009191,-0.0002,0.003339,0.003662,0.013678999999999998,0.012990999999999999,-0.004356,-0.003334,0.010881,-0.000386,-0.003455,0.005253000000000001,0.002158,0.008086,-0.026061,0.002018
201610,-0.020099999999999996,-0.0441,0.040999999999999995,-0.11135800000000001,-0.09153200000000002,-0.06928400000000001,-0.036125,-0.030626999999999998,-0.099441,-0.068914,-0.056838,-0.025709,-0.047826,-0.049117,-0.047089,-0.029725,-0.028551999999999998,-0.036587,-0.037328,-0.019046,-0.009031,-0.021259999999999998,-0.005423,-0.023948999999999998,-0.019355999999999998,-0.021276,0.0065190000000000005,0.023655000000000002
201611,0.048600000000000004,0.055999999999999994,0.0832,0.072504,0.092189,0.13623300000000002,0.13821,0.135826,0.093007,0.09981799999999999,0.13073500000000002,0.15937500000000002,0.145271,0.05905899999999999,0.08498399999999999,0.10316399999999999,0.132319,0.17137200000000002,0.037016999999999994,0.070002,0.072349,0.072521,0.16598200000000002,0.010456000000000002,0.037142999999999995,0.04618599999999999,0.06477,0.141298
201612,0.0181,0.0013,0.035,0.013995,0.037975999999999996,0.024663,0.07983900000000001,0.04335,-0.022698,0.012963,0.023777,0.045127,0.039805,0.0028780000000000003,0.016534,0.015627,0.021199,0.017339,0.0007199999999999999,0.001579,0.012184,0.017422999999999998,0.020197,0.012029000000000001,0.01319,0.022228,0.039443,0.041545
201701,0.0194,-0.0116,-0.0274,0.018959,-0.039686,-0.002316,-0.019257,-0.0012699999999999999,0.024991,0.018966,-0.005674,-0.020292,-0.00135,0.024815,0.018465,0.013063000000000002,-0.002031,0.008306000000000001,0.030196,0.036317,0.014897,0.017245,0.015436,0.03363700000000001,0.024194999999999998,-0.005753,0.011909000000000001,-0.003262
201702,0.0355,-0.0213,-0.0152,0.027566,0.016326,0.022393999999999997,0.004795,-0.014256,0.057984,-0.001472,0.0058260000000000004,0.015021000000000001,0.010752000000000001,0.039148,0.014355000000000001,0.010746,0.011807,0.002295,0.039299,0.025524999999999996,0.030187,0.017322,0.027892999999999998,0.046972,0.029594999999999996,0.023052,0.038652,0.044726
201703,0.0017000000000000001,0.0113,-0.0333,0.019754999999999998,0.031620999999999996,0.023429,0.007864,0.001507,0.035008,0.004832,-0.007783,-0.006755,-0.020527,0.015382000000000002,-0.00261,0.0071460000000000004,-0.007934,-0.024506,0.006724,-0.000323,0.005789,-0.0023339999999999997,-0.034781000000000006,0.014083,0.0030550000000000004,-0.006384000000000001,-0.012719,-0.031422
201704,0.0108,0.0068000000000000005,-0.0208,0.037817,0.003474,0.007576999999999999,0.022389,0.0021969999999999997,0.038779,0.012506999999999999,0.009598,0.01531,0.0038869999999999994,0.017118,0.010511,0.014159,-0.0017310000000000001,-0.025359,0.017597,0.016283,0.001077,-0.003544,-0.009154,0.018705,0.018729,0.003839,-0.004431000000000001,-0.008101
201705,0.010700000000000001,-0.025099999999999997,-0.0382,-0.020533,-0.038475,-0.016328,-0.027055000000000003,-0.032519000000000006,0.0035250000000000004,-0.008058000000000001,-0.024538,-0.04151300000000001,-0.043745,0.016162,-0.009665,-0.026073,-0.019805,-0.042094000000000006,0.014899,-0.0059169999999999995,0.0021150000000000006,-0.003681,-0.030746000000000002,0.028293,0.021440999999999998,0.004106,-0.0031209999999999996,-0.024649
201706,0.0079,0.0222,0.0151,0.092014,0.08996599999999999,0.047334,0.037739999999999996,0.04296799999999999,0.06003399999999999,0.029697,0.031726,0.029199000000000003,0.04083799999999999,0.024548,0.019627,0.027044000000000002,0.022521,0.033033,0.014966,0.015319000000000003,0.011767,0.024950000000000003,0.038627999999999996,-0.00511,0.001454,-0.0064730000000000005,0.021897,0.052087999999999995
201707,0.018799999999999997,-0.014499999999999999,-0.0023,-0.008808,-0.028901,-0.008506,-0.008886000000000002,-0.003082,-0.001407,0.005892,0.009939,0.012782000000000002,0.022599,0.007232,0.004763,0.013874000000000001,-0.00020100000000000012,0.025442,0.016012000000000002,0.011214000000000002,0.009892999999999999,0.028427,0.019061,0.024923,0.021752999999999998,0.014227,0.021181,0.022196
201708,0.0018,-0.0167,-0.0213,-0.0099,-0.001752,-0.019201000000000003,-0.021083,-0.016354,-0.009222000000000001,-0.012312,-0.019839,-0.031878,-0.039865,0.007053,-0.019486000000000003,-0.020629,-0.010324,-0.032961,0.008110000000000001,0.0006349999999999999,-0.0026709999999999998,-0.019417,-0.025856,0.020210000000000002,-0.00018800000000000002,-0.00712,-0.0011489999999999998,-0.017683
201709,0.024900000000000002,0.044500000000000005,0.0315,0.071023,0.05759,0.099229,0.096889,0.090139,0.056039000000000005,0.064172,0.08666,0.092112,0.068607,0.023135999999999997,0.045111,0.069108,0.067082,0.054892,0.029375,0.036943000000000004,0.045031,0.034459000000000004,0.055589000000000006,0.009574000000000001,0.011962,0.03565600000000001,0.027242999999999996,0.05001300000000001
201710,0.0226,-0.019299999999999998,0.0013,-0.030751000000000004,-0.026099,0.028931,-0.001041,0.008173,0.001557,0.014041,0.0013720000000000002,-0.00134,0.007748,0.022992000000000002,0.01816,0.013319,0.004450000000000001,0.032594000000000005,0.025315999999999998,0.031491000000000005,0.018571,-0.004911,0.019143,0.041384,0.006949,0.020706,0.011173,0.041564000000000004
201711,0.031200000000000002,-0.006,-0.0009,0.013222,0.044452,0.024351,0.020539,0.03781,0.020876000000000002,0.031868,0.022944000000000003,0.021207,0.013371,0.037662999999999995,0.033975,0.035882,0.033107,0.036086999999999994,0.047055,0.047532,0.04229,0.031717999999999996,0.047584,0.031446,0.023467,0.045706,0.027234,0.023365000000000004
201712,0.0106,-0.0132,0.0005,0.013133,2.600000000000009e-05,-0.005118999999999999,-0.015116,0.0012640000000000001,-0.000232,0.023530999999999996,-0.020339,-0.001932,0.0010659999999999999,0.009309999999999999,-0.002346,0.0030040000000000006,-0.014091,0.0031020000000000006,0.003299,0.006803,0.005304,0.010763,0.034484,0.009523,0.013605999999999998,0.014547,0.010886000000000002,0.011148000000000002
201801,0.0558,-0.0316,-0.0132,0.034072000000000005,0.028871,0.023117,0.026289999999999997,0.004213,0.027032,0.022833,0.028865000000000002,0.020973999999999996,0.020057,0.049664,0.036157,0.03291600000000001,0.035253,0.023484,0.04945,0.055147,0.044027000000000004,0.034326,0.015735,0.07946800000000001,0.05233600000000001,0.04961600000000001,0.041337,0.059304
201802,-0.0364,0.0027,-0.011000000000000001,-0.023215,-0.020805999999999998,-0.042891,-0.033322,-0.039466999999999995,-0.04198199999999999,-0.021216000000000002,-0.041099,-0.037971,-0.040864,-0.030475,-0.036451,-0.052468999999999995,-0.04208499999999999,-0.047376,-0.033693,-0.050581999999999995,-0.035802999999999995,-0.04677599999999999,-0.048298999999999995,-0.014719000000000001,-0.050529,-0.053229,-0.057456999999999994,-0.020947999999999998
201803,-0.0235,0.0405,-0.0021,0.02853,-0.010346999999999999,0.0042450000000000005,0.027114,0.023723,0.019308000000000002,0.0034680000000000006,0.010541,0.012243,0.008536,0.020176,0.01048,-0.010655999999999999,0.015183000000000002,0.00311,-0.005848,0.0007970000000000002,-0.00208,0.005273,0.0017940000000000002,-0.029251,-0.041062,-0.013494,-0.017846,-0.047667999999999995
201804,0.0027,0.0109,0.0053,-0.0004180000000000002,0.045408,0.005828,0.010173999999999999,0.008416,-0.00038900000000000024,0.012195999999999999,0.007469999999999999,0.007187000000000001,0.043723,-0.003366,0.001578,-0.017956,0.011782,-0.0014780000000000001,-0.0015050000000000003,-0.00861,-0.008374,-0.0067269999999999995,0.021961999999999995,0.0008919999999999996,0.007906,0.013064999999999998,0.005063,-0.002438
201805,0.026600000000000002,0.0524,-0.031400000000000004,0.141349,0.103453,0.073631,0.06407600000000001,0.062179,0.08521300000000001,0.063166,0.06842000000000001,0.070275,0.036477,0.059557,0.051462,0.045434,0.053746,0.045401000000000004,0.039652,0.044545,0.023087999999999997,0.018663,0.014136000000000001,0.042938,0.020607,0.006947999999999999,0.002798,-0.017366
201806,0.0049,0.0111,-0.0233,0.035792,0.028295,0.00228,0.009586,0.016222,0.010341,0.043522000000000005,-0.003458,-0.013075,0.010097,-0.00401,0.006389000000000001,0.00033299999999999996,-0.0025670000000000003,-0.014786,0.01435,0.012176999999999999,-0.004314999999999999,-0.01412,-0.0063,0.007512,0.012503,-0.0018930000000000002,0.0037739999999999996,-0.024951
201807,0.032,-0.0222,0.004699999999999999,-0.015632,-0.01016,0.010509000000000001,-0.005038,0.0003799999999999999,0.012914,0.039853,0.036930000000000004,0.0051920000000000004,0.022935,0.010689,0.024463999999999996,0.017984999999999998,0.022927999999999997,-0.0037860000000000003,0.0219,0.029577999999999997,0.022957,0.013375999999999999,0.027562,0.028316,0.050908,0.033244,0.033279,0.054414000000000004
201808,0.0345,0.011699999999999999,-0.0393,0.047826,0.07995699999999999,0.024487,0.015538,0.02667,0.075302,0.044414,0.038914000000000004,0.020336,0.023163,0.06378,0.049729,0.026695,0.024653,0.038053000000000003,0.07225999999999999,0.029903000000000002,-0.007831,0.007673,-0.012020000000000001,0.060581,0.01792,0.017518,0.0047810000000000005,0.011977999999999999
201809,0.0006,-0.0229,-0.0168,-0.035765,-0.014381,-0.04296,-0.035447,-0.025016,-0.016245,-0.015309,-0.036294,-0.036307000000000006,-0.017978,-0.020784,-0.012490999999999999,-0.023054000000000005,-0.041348,-0.027044,-0.01057,0.002122,-0.01951,-0.0002149999999999999,-0.002282,0.007988,0.011077,-0.0052770000000000004,-0.010905999999999999,-0.018041
201810,-0.0765,-0.0467,0.034300000000000004,-0.14636300000000002,-0.146656,-0.10829,-0.094411,-0.08219299999999999,-0.12877400000000003,-0.120907,-0.124504,-0.11597099999999999,-0.088389,-0.13684200000000002,-0.1079,-0.086814,-0.076816,-0.091477,-0.098052,-0.102005,-0.08360999999999999,-0.069117,-0.092973,-0.090395,-0.052817,-0.05031599999999999,-0.049614,-0.077305
201811,0.0171,-0.0072,0.0034000000000000002,-0.022607000000000002,-0.0007329999999999999,-0.0031739999999999997,0.0006949999999999999,-0.035518,0.031153000000000004,0.018322,0.027205,0.015352000000000001,0.007129,0.001677,0.022952,0.026138,0.022980000000000004,-0.007663,0.024568,0.01722,0.033395999999999995,-0.007603,0.050161000000000004,0.0064860000000000004,0.030334999999999997,0.0207,0.025576,0.0014750000000000002
201812,-0.0955,-0.0233,-0.018799999999999997,-0.14638,-0.13264800000000002,-0.113046,-0.11758199999999999,-0.124304,-0.12372399999999999,-0.11443199999999999,-0.11770299999999999,-0.127747,-0.122566,-0.11404,-0.110688,-0.118624,-0.121574,-0.145453,-0.102922,-0.116077,-0.10889,-0.125547,-0.13103900000000002,-0.086495,-0.073862,-0.102208,-0.10683499999999999,-0.129607
201901,0.0837,0.0273,-0.004,0.125249,0.10380199999999999,0.09585099999999999,0.08217899999999999,0.105803,0.102913,0.110632,0.095185,0.10173399999999999,0.104942,0.140521,0.09834499999999999,0.11302999999999999,0.10518799999999999,0.13688,0.11091,0.10318,0.103601,0.117959,0.115466,0.079177,0.06203000000000001,0.099591,0.062605,0.12945
201902,0.0342,0.020499999999999997,-0.026600000000000002,0.074912,0.05390299999999999,0.060937,0.047383,0.042161,0.06052899999999999,0.064909,0.056637999999999994,0.050497,0.008444,0.066053,0.058393999999999995,0.046055,0.036995999999999994,0.024761,0.06789,0.04721399999999999,0.028443000000000003,0.021154,0.029484,0.037177999999999996,0.026611,0.037462999999999996,0.01156,0.015659
201903,0.011000000000000001,-0.030600000000000002,-0.0416,0.0055980000000000005,-0.009036,-0.031365,-0.05006,-0.038961,-0.005509,-0.016007,-0.032917,-0.065778,-0.027875,-0.015278000000000002,-0.020245,-0.010438000000000001,-0.024950999999999997,-0.037584,0.016069,0.007475,-0.007853,-0.00725,-0.032833,0.030817999999999998,0.01653,0.00035500000000000006,-0.009074,-0.033706
201904,0.0397,-0.0169,0.0213,0.005517000000000001,0.013253000000000001,0.018313,0.036782,0.016582,0.029497,0.016586999999999998,0.036719,0.03594,0.028881,0.029645,0.042549000000000003,0.066889,0.055862,0.039221000000000006,0.030045,0.038075000000000005,0.040276,0.050787000000000006,0.042964,0.041815,0.029066999999999996,0.03462200000000001,0.050256,0.087463
201905,-0.0692,-0.012199999999999999,-0.0236,-0.060113,-0.052252,-0.08118900000000001,-0.09127600000000001,-0.081593,-0.089587,-0.07631500000000001,-0.07974200000000001,-0.106396,-0.10931700000000001,-0.056249,-0.084917,-0.079556,-0.087132,-0.104655,-0.057226,-0.07925600000000001,-0.07556,-0.09172999999999999,-0.080804,-0.071133,-0.05790599999999999,-0.051979,-0.084435,-0.08984100000000002
201906,0.0699,0.001,-0.0072,0.073006,0.062547,0.044191999999999995,0.06439500000000001,0.045391999999999995,0.08547700000000001,0.08619,0.08750400000000001,0.06682300000000001,0.064388,0.093355,0.079364,0.073076,0.063937,0.064861,0.069722,0.093804,0.086746,0.072714,0.06716,0.074665,0.056261,0.059562,0.074329,0.077832
201907,0.0123,-0.0196,0.005,-0.032992,-0.015229000000000001,-0.014240000000000001,-0.020485,-0.022801,-0.030709,0.008964999999999999,0.0054800000000000005,0.0069819999999999995,-0.002528,0.029032000000000002,0.015256,0.00517,-0.0028,0.011987,0.019282,0.010369,0.018184000000000002,0.0018499999999999999,-0.002165,0.013704,0.018309000000000002,0.015100999999999998,0.003641000000000001,0.030112
201908,-0.0255,-0.0239,-0.04769999999999999,-0.04179,-0.058318,-0.073945,-0.06773900000000001,-0.089016,-0.01302,-0.07021200000000001,-0.049527999999999996,-0.063716,-0.099537,-0.055399,-0.043657,-0.042060999999999994,-0.07963200000000001,-0.103748,-0.02152,-0.047706,-0.050527999999999997,-0.05038,-0.083483,-0.003911,-0.024363,-0.031673,-0.034700999999999996,-0.08782500000000001
201909,0.0141,-0.0097,0.0676,-0.037349,-0.001644,0.026422,0.052983999999999996,0.077725,-0.017956999999999997,0.018428000000000003,0.03675,0.053653,0.040681999999999996,-0.034839,0.010778000000000001,0.024907000000000002,0.061604999999999986,0.062360000000000006,-0.034011,0.02894,0.050303,0.059551,0.048646999999999996,0.0022949999999999997,0.013175000000000001,0.027808,0.045322999999999995,0.051552
201910,0.0207,0.0027,-0.0192,0.004258999999999999,4.0999999999999804e-05,0.008774,0.00988,-0.007228,0.034755999999999995,0.044045,0.015923,0.025613999999999998,0.016388999999999997,0.037354,0.024454999999999998,0.015218999999999998,0.02532,0.002259,0.026152999999999996,0.013552000000000002,-0.0029820000000000003,0.0011939999999999997,-0.033489000000000005,0.028679999999999997,0.016210999999999996,0.026143,0.015269,0.035473
201911,0.0387,0.0072,-0.02,0.07820699999999998,0.053303,0.03381,0.033136000000000006,0.038845000000000005,0.078828,0.033577,0.028792,0.034296,0.01666,0.07298999999999999,0.028984000000000003,0.013328000000000001,0.05,0.036236,0.07492099999999999,0.039688,0.031855,0.028697,0.037135,0.037516,0.044097000000000004,0.020656,0.028151,0.047665
201912,0.0277,0.0076,0.0173,0.037263,0.12637299999999999,0.026410000000000003,0.04493200000000001,0.068972,0.038235,0.018853,0.061398999999999995,0.025187,0.06825,0.0011819999999999995,0.030272,0.041534,0.019685,0.031878000000000004,-0.006084,0.027069999999999997,0.034652,0.022094000000000003,0.05720000000000001,0.035304,0.014652999999999998,0.022224999999999995,0.028782000000000002,0.03889600000000001
202001,-0.0011,-0.031,-0.0622,-0.014877999999999999,-0.032739000000000004,-0.046925,-0.060476,-0.098211,-0.02948,-0.024061,-0.055586,-0.06572499999999999,-0.09283399999999999,-0.011474999999999999,-0.012784,-0.027668999999999996,-0.051591,-0.08670699999999999,0.008847999999999998,-0.019313999999999998,-0.017651,-0.027544,-0.035366,0.023294000000000002,0.003751,-0.007505,-0.055842,-0.043718
202002,-0.0815,0.0108,-0.0382,-0.062252,-0.043645,-0.044718999999999995,-0.08490900000000001,-0.086009,-0.07754100000000001,-0.08388300000000001,-0.10982900000000001,-0.10369700000000001,-0.107144,-0.067314,-0.069237,-0.11311500000000001,-0.09165600000000002,-0.115848,-0.06754800000000001,-0.072553,-0.093458,-0.10788900000000001,-0.134751,-0.07147,-0.08156500000000001,-0.09205100000000001,-0.10973000000000001,-0.118479
202003,-0.13369999999999999,-0.046900000000000004,-0.1383,-0.21279199999999998,-0.152986,-0.21974700000000003,-0.266165,-0.27812299999999995,-0.194804,-0.19043,-0.21943000000000001,-0.23692,-0.320928,-0.178533,-0.188523,-0.182365,-0.266474,-0.31388699999999997,-0.122618,-0.187083,-0.199895,-0.322033,-0.32638399999999995,-0.07901500000000002,-0.111453,-0.159924,-0.202726,-0.28579599999999994
202004,0.136,0.025,-0.0134,0.243389,0.18106100000000003,0.151495,0.10893499999999999,0.15782,0.193768,0.12324199999999999,0.125835,0.099268,0.25962599999999997,0.175214,0.135259,0.102267,0.151394,0.194908,0.165635,0.14513500000000001,0.116597,0.162651,0.174705,0.140905,0.135805,0.098223,0.105089,0.146389
202005,0.0557,0.024,-0.05,0.122345,0.064279,0.062174,0.043816,0.041302,0.102605,0.073571,0.037945,0.015416000000000001,0.07157,0.124157,0.09181299999999999,0.050392,0.041824999999999994,0.016522,0.10853099999999999,0.091103,0.058058,0.034649,0.019094,0.05633799999999999,0.054861999999999994,0.036807999999999994,0.011531000000000001,0.03810399999999999
202006,0.0245,0.026699999999999998,-0.0217,0.10573999999999999,0.021415,0.065898,0.044266,0.064565,0.05676,0.028031,0.037425,0.028591000000000002,0.031563,0.045906999999999996,0.012726,-0.0006090000000000001,0.04416199999999999,0.002432,0.022415,0.008182000000000002,-0.009149,0.027919,0.018533,0.050871999999999994,-0.009024999999999998,-0.006391,-0.018683,0.020664000000000002
202007,0.0583,-0.0235,-0.0144,0.0032050000000000004,0.0009789999999999998,0.032559,-0.008163,0.036397,0.007152999999999999,0.035805,0.035919,0.017574000000000003,0.02809,0.010945000000000002,0.037842,0.025794,0.04288499999999999,0.024269000000000002,0.059934,0.074389,0.060566999999999996,0.025761000000000003,0.024697,0.07715,0.053771,0.043969999999999995,0.017782,0.029327
202008,0.0762,-0.002,-0.0302,0.034107,0.05831599999999999,0.037687,0.056066,0.060596,0.079762,0.069078,0.04586899999999999,0.030272,0.091447,0.084096,0.05511499999999999,0.03208,0.05464,0.038013,0.041964,0.035248999999999996,0.04826999999999999,0.055535,0.03797999999999999,0.107872,0.063151,0.023728000000000003,0.026114000000000002,0.034765
202009,-0.0364,0.0006,-0.027200000000000002,-0.013566,-0.0020599999999999998,-0.042242,-0.033906,-0.032892000000000005,0.003301,-0.047485000000000006,-0.051016,-0.06818,-0.051148000000000006,-0.031186999999999996,-0.011954,-0.043064000000000005,-0.031973,-0.072024,0.00843,-0.025195,-0.036857,-0.030638,-0.044639000000000005,-0.04562100000000001,-0.033997,-0.012429,-0.046849,-0.061259
202010,-0.0208,0.0434,0.0425,-0.026853,-0.009397999999999998,-0.004541,0.034173999999999996,0.012495000000000001,-0.019909,0.033549999999999996,0.024676,0.056561999999999994,0.061653,0.030288000000000002,0.020669000000000003,0.030533,0.050101,0.07485199999999999,0.013959,0.015127999999999999,0.014728,0.019321,0.015125,-0.045843,0.001571,1.299999999999999e-05,-0.022902,0.009798000000000001
202011,0.1245,0.0581,0.0209,0.2575,0.214474,0.199017,0.201428,0.24518600000000002,0.214691,0.188058,0.183197,0.18693700000000002,0.19037400000000002,0.20745600000000003,0.175956,0.15257300000000001,0.166588,0.22914299999999999,0.135494,0.126734,0.16806700000000002,0.161294,0.20374899999999999,0.107181,0.09533699999999999,0.14251200000000003,0.16079400000000002,0.219876
202012,0.0463,0.0501,-0.0168,0.125056,0.07721399999999999,0.09385899999999998,0.08217,0.07440999999999999,0.11496500000000001,0.101447,0.08948,0.088772,0.071391,0.12635000000000002,0.08826,0.069127,0.085923,0.085576,0.068694,0.058111,0.045655999999999995,0.077455,0.04398699999999999,0.052902,0.017908,0.034391,0.032125999999999995,0.08045799999999999
202101,-0.0007000000000000001,0.07139999999999999,0.0322,0.16508299999999998,0.146098,0.082666,0.074101,0.412114,0.116678,0.049816,0.077042,0.042029,0.089893,0.024415,0.00942,0.026253000000000002,0.018859,0.043525,-0.002337,0.006644,-0.002059,0.023801000000000003,0.025945,-0.009351,-0.004263,-0.020905999999999998,0.008233,0.010958
202102,0.0281,0.0202,0.07200000000000001,0.083909,0.062924,0.106119,0.11294900000000001,-0.035384,0.040744999999999996,0.08615500000000001,0.09566000000000001,0.12225899999999999,0.08839000000000001,-0.00048300000000000003,0.079959,0.083383,0.12474299999999999,0.138744,0.034689,0.052710999999999994,0.092254,0.12190200000000001,0.127692,-0.005854000000000001,0.033434,0.067356,0.084093,0.143346
202103,0.0317,-0.0233,0.0735,-0.055244,0.012306999999999998,0.018588,0.06177,0.117823,-0.048472999999999995,-0.008262,0.02182,0.046456,0.074558,-0.047837,0.025467,0.050807000000000005,0.06293599999999999,0.06452200000000001,-0.020006,0.041592000000000004,0.040770999999999995,0.052824,0.066474,0.01839,0.050128000000000006,0.059385,0.07392,0.061787999999999996
202104,0.0495,-0.0319,-0.0102,-0.027003,-0.024029,0.017138,0.008277,-0.010157000000000001,0.032353,0.015677,0.023396,0.006733,0.012305,0.028690000000000004,0.039993,0.039311,0.022206999999999998,0.029651999999999998,0.043697,0.031215000000000003,0.058011999999999994,0.032792,0.062121,0.059372999999999995,0.05776099999999999,0.04031100000000001,0.047877,0.045694
202105,0.003,-0.002,0.0704,0.018956,0.0065969999999999996,0.008568,0.021009000000000003,0.10732699999999999,-0.025949,0.0024460000000000003,0.011054999999999999,0.026615000000000003,0.07106499999999999,-0.033421,-0.007853,0.00368,0.019771,0.065904,-0.020314000000000002,-0.000996,0.022358,0.037667,0.045176999999999995,-0.013515,0.008178999999999999,0.033246000000000005,0.036587,0.080383
202106,0.0274,0.017,-0.0786,0.083779,0.053254,0.015969,-0.005691000000000001,0.037629,0.06983,0.035313,0.012853000000000002,-0.017984,0.004465,0.054695,0.001045,-0.020617,-0.032132,-0.058274999999999993,0.05157,0.002585,-0.012513000000000002,-0.038754,-0.04662,0.057192,0.014271,-0.022174,-0.023503,-0.037246
202107,0.0134,-0.0393,-0.018000000000000002,-0.10334199999999999,-0.07550799999999999,-0.039027,-0.047649,-0.015695,-0.075376,-0.028277999999999998,-0.018154999999999998,-0.022033999999999998,-0.060784000000000005,-0.025009999999999998,-0.008307,-0.014360999999999999,-0.009892999999999999,-0.044843,-0.008614,0.018915,-0.012862,0.013609,-0.045576,0.032936,0.031948,0.003887,-0.015461,-0.034375
202108,0.0294,-0.0032,-0.0023,0.025586,0.05447,0.042598000000000004,0.027964000000000003,0.038079999999999996,0.020545,0.024312,0.013589,0.01685,0.024565,0.019021999999999997,0.013540000000000002,0.019025,0.018473,0.035352,0.031631,0.015678,0.016428,0.032297,0.050378,0.033156,0.041276,0.005560000000000001,0.012886,0.042969999999999994
202109,-0.044000000000000004,0.0066,0.0512,-0.056338,-0.044277,-0.036639,-0.013942000000000001,0.000428,-0.052806,-0.041121,-0.034062999999999996,-0.007108,0.033738000000000004,-0.038561,-0.039939,-0.029657,-0.048492,0.020392,-0.042971,-0.05048,-0.021588,-0.045915,0.018128,-0.052801999999999995,-0.062381,-0.043882000000000004,-0.007545,0.006757999999999999
202110,0.0663,-0.0226,-0.0053,0.018208,0.0015210000000000002,0.012365,0.017536,0.041353999999999995,0.024457,0.023534000000000003,0.039859,0.049722999999999996,0.028453,0.046626,0.038484,0.039369,0.039037,0.041177,0.047923999999999994,0.055583,0.053756000000000005,0.045505000000000004,0.046196,0.089956,0.056413000000000005,0.008145,0.055337,0.07528
202111,-0.0158,-0.0131,-0.0037,-0.08429,-0.06949,-0.039550999999999996,-0.036812,-0.033466,-0.08061299999999999,-0.034554999999999995,0.005699999999999999,-0.026919,-0.040391,-0.08576,-0.021291,-0.02552,-0.024358,-0.039369,-0.06386599999999999,-0.019604,-0.030463,-0.013633,-0.047186000000000006,0.012325,-0.030068,-0.030198999999999997,-0.045384,-0.066679
202112,0.0323,-0.0163,0.0325,-0.067765,0.004889,0.022506,0.022814,0.034284999999999996,-0.005366,0.001439,0.05879999999999999,0.060543,0.05014899999999999,0.000868,0.044754999999999996,0.042921999999999995,0.052403,0.044454,0.003866,0.058622,0.053907,0.06176899999999999,0.038235,0.021118,0.052495,0.069004,0.058893,0.016517
202201,-0.0616,-0.0593,0.1286,-0.158681,-0.144752,-0.10146100000000001,-0.036912,-0.019091,-0.163775,-0.116597,-0.095829,-0.052489999999999995,0.003868,-0.142109,-0.101419,-0.063419,-0.039308,0.017766999999999998,-0.127141,-0.071201,-0.041405000000000004,-0.027948,0.059416000000000004,-0.077613,-0.063404,-0.018309,0.030270000000000002,0.075582
202202,-0.022799999999999997,0.0216,0.030600000000000002,-0.015223,-0.01312,0.008251,0.005067,0.029207999999999998,-0.001611,0.020508000000000002,0.005483,0.031228,0.027265,-0.007716,0.005679,0.015302,-0.002388,0.030461000000000002,0.001103,0.004318,0.006859,0.02007,0.035105,-0.033277,-0.043294,0.0028439999999999997,0.000341,-0.008702999999999999
202203,0.0308,-0.0155,-0.019,0.008697,0.017694,0.005535,0.012956,0.024942000000000002,0.012199,0.022185,0.017931,-0.0016239999999999998,-0.000287,0.017833,0.008371,0.008021,0.003781,0.031499,0.0012590000000000001,0.011975,0.035932,0.011779,0.021023999999999998,0.048718000000000004,0.035373,0.01653,0.039921000000000005,-0.029057
202204,-0.0941,-0.013500000000000002,0.061799999999999994,-0.161376,-0.131485,-0.100427,-0.063042,-0.040797999999999994,-0.180685,-0.119564,-0.08042400000000001,-0.063465,-0.060679,-0.117955,-0.076092,-0.064057,-0.06635100000000001,-0.053818000000000005,-0.10702199999999999,-0.07864,-0.048852,-0.057821,-0.069234,-0.10862999999999999,-0.092215,-0.071109,-0.05704,-0.07098600000000001
202205,-0.0034000000000000002,-0.0184,0.08439999999999999,-0.055595,-0.035424000000000004,-0.009866,-0.001564,0.028979,-0.033066000000000005,-0.029038,0.023141999999999996,0.04010199999999999,0.059266,-0.053377,0.009016,0.011866999999999999,0.041867,0.060838,-0.029124000000000004,0.01049,0.044071,0.008784,0.08325,-0.030379,-0.0034929999999999996,0.027471,0.06305000000000001,0.06754
202206,-0.084,0.0207,-0.06,-0.066198,-0.043942,-0.040163000000000004,-0.066432,-0.099799,-0.019938,-0.06452100000000001,-0.072715,-0.06553,-0.129577,-0.044919,-0.073863,-0.074574,-0.10732100000000001,-0.15484699999999998,-0.073225,-0.09549,-0.113668,-0.10119500000000001,-0.135354,-0.078669,-0.055616,-0.088303,-0.12253700000000001,-0.12047500000000001
202207,0.09570000000000001,0.0286,-0.041299999999999996,0.148852,0.13124000000000002,0.077931,0.094965,0.058175,0.127746,0.134302,0.11517200000000001,0.097337,0.091458,0.115468,0.11708700000000001,0.096231,0.07634,0.093629,0.130042,0.107325,0.06815600000000001,0.095705,0.060793,0.126369,0.053281999999999996,0.040952999999999996,0.072552,0.06749200000000001
202208,-0.0377,0.0141,0.0018,0.034447,0.0022700000000000003,0.006006999999999999,-6.199999999999999e-05,-0.0052450000000000005,0.034843,-0.009829000000000001,-0.046454,-0.040514999999999995,-0.026671,-0.040441,-0.03625,-0.030951,-0.019884,-0.01568,-0.027080999999999997,-0.034716,-0.041444999999999996,-0.027427,-0.005588,-0.055398,-0.03238,-0.021033999999999997,-0.001467,-0.031665
202209,-0.0934,-0.0076,0.0003,-0.130915,-0.096754,-0.075566,-0.11705,-0.094731,-0.08992199999999999,-0.089904,-0.116703,-0.096077,-0.10317599999999999,-0.090412,-0.093884,-0.100444,-0.103942,-0.08508099999999999,-0.093253,-0.099024,-0.113156,-0.100513,-0.095484,-0.102288,-0.055618,-0.11039500000000001,-0.089857,-0.079406
202210,0.0785,0.0001,0.0797,0.030798999999999997,0.05081200000000001,0.087528,0.08463899999999999,0.09688300000000001,0.073843,0.090462,0.102166,0.1253,0.154999,0.03233900000000001,0.09036999999999999,0.121611,0.14247700000000002,0.146628,0.055543999999999996,0.077347,0.1163,0.08583,0.113119,0.05058299999999999,0.071771,0.09090600000000001,0.156405,0.129271
202211,0.04650000000000001,-0.035699999999999996,0.0148,-0.063305,-0.034789,0.0027610000000000004,0.004561,0.012788,-0.005215,-0.021041,0.001522,0.041159,0.011779,0.028471999999999997,0.051391,0.060620999999999994,0.06581100000000001,0.025622,0.040318,0.049805,0.050785000000000004,0.065472,0.021330000000000002,0.044554,0.063448,0.044202000000000005,0.04445,0.05744900000000001
202212,-0.0638,-0.0076,0.0134,-0.068345,-0.051233,-0.055278999999999995,-0.054687,-0.037698999999999996,-0.053889,-0.077057,-0.073433,-0.056168,-0.060063,-0.046833,-0.07877100000000001,-0.058143999999999994,-0.071206,-0.073542,-0.056825999999999995,-0.055421,-0.050452,-0.057441,-0.083242,-0.085333,-0.040414,-0.040896999999999996,-0.044634,-0.057098
202301,0.0661,0.0501,-0.0394,0.150606,0.13156,0.134187,0.096857,0.067503,0.137921,0.15663200000000002,0.1196,0.07859799999999999,0.063381,0.10267599999999999,0.123805,0.102004,0.073353,0.065675,0.093417,0.092582,0.07764,0.109013,0.06423,0.083717,0.015738,0.060544,0.031902,0.05655
202302,-0.025699999999999997,0.0105,-0.008,-0.044170999999999995,-0.057689,-0.040777,-0.026382,-0.013612,-0.04406499999999999,-0.032484,-0.008050000000000002,-0.029658,-0.018486,-0.007018,-0.015927,-0.020018,-0.019853,-0.016806,-0.027648,-0.026239000000000002,-0.032458,-0.035975,-0.047039000000000004,-0.01657,-0.025063000000000002,-0.041768,-0.045351,-0.032114000000000004
202303,0.0248,-0.0548,-0.09050000000000001,-0.106745,-0.07075100000000001,-0.07403300000000002,-0.07429600000000001,-0.100568,-0.038232,-0.033894,-0.036565,-0.056086,-0.10445800000000001,-0.012251999999999999,-0.01287,-0.030511,-0.050064,-0.11514400000000001,0.008948999999999999,-0.008412,-0.028619,-0.043792,-0.11816300000000002,0.077656,0.029315,0.001523,-0.040913,-0.071436
202304,0.0062,-0.0337,-0.0012,0.015539999999999998,-0.028461,-0.017414,-0.029689,-0.045191999999999996,-0.031466999999999995,-0.0025259999999999996,-0.036149,-0.034239000000000006,-0.032629000000000005,-0.036015000000000005,-0.008257,-0.017367,-0.016322999999999997,-0.017078,-0.022476,-0.025256,-0.0074399999999999996,-0.019539,0.001032,0.00779,0.010839999999999999,0.008381,0.020692000000000002,0.031549999999999995
202305,0.0034000000000000002,0.016,-0.0779,0.041864000000000005,0.021773,0.029092,-0.016462,-0.022358999999999997,0.008913,0.030773999999999996,0.015958,0.016907000000000002,-0.053048,0.006889,-0.024791,-0.04015,-0.040133,-0.049705,-0.00202,-0.024314,-0.043608,-0.035873,-0.08289800000000001,0.051391000000000006,-0.015053999999999998,-0.0544,-0.07584800000000001,-0.049782
202306,0.0646,0.0149,-0.0013,0.06888,0.029890999999999997,0.051486000000000004,0.06117499999999999,0.067504,0.066349,0.06737599999999999,0.087615,0.084055,0.07810299999999999,0.064229,0.085021,0.080236,0.087363,0.091738,0.07751,0.088361,0.087469,0.095205,0.063631,0.068447,0.05051800000000001,0.05760599999999999,0.052432999999999994,0.049758
202307,0.0321,0.020499999999999997,0.0406,0.019017,0.024246999999999998,0.03515599999999999,0.06959599999999999,0.100231,0.037031999999999995,0.05115800000000001,0.057044,0.079562,0.09787199999999999,0.048831,0.028169000000000003,0.034432000000000004,0.082374,0.076233,0.007995,0.038647,0.044650999999999996,0.09253900000000001,0.080667,0.019337999999999998,0.058084,0.035393999999999995,0.047707,0.062808
202308,-0.0236,-0.0313,-0.0115,-0.120552,-0.08064400000000001,-0.109254,-0.061861,-0.081387,-0.07645400000000001,-0.074727,-0.04136100000000001,-0.054854,-0.04667500000000001,-0.057894,-0.048726000000000005,-0.05656800000000001,-0.069787,-0.056276999999999994,-0.029147000000000003,-0.028187999999999998,-0.032442,-0.04234,-0.025789,-0.012826,-0.012610000000000001,-0.031563999999999995,-0.03357,-0.078558
202309,-0.052300000000000006,-0.025,0.015,-0.087319,-0.082577,-0.069525,-0.063104,-0.063378,-0.095671,-0.060195,-0.050610999999999996,-0.061655,-0.068158,-0.063027,-0.050686999999999996,-0.063745,-0.056039,-0.075866,-0.063036,-0.050195,-0.071357,-0.052487,-0.039313999999999995,-0.059719999999999995,-0.048022,-0.019331,-0.025696000000000004,-0.026665
202310,-0.0315,-0.0387,0.0022,-0.101733,-0.093738,-0.08427,-0.06727699999999999,-0.083156,-0.10615699999999999,-0.080743,-0.074416,-0.04388499999999999,-0.07503299999999999,-0.07822799999999999,-0.06676,-0.05917199999999999,-0.052557000000000006,-0.071034,-0.06558,-0.063315,-0.076121,-0.059459,-0.067526,-0.014653999999999999,-0.053786,-0.03008,-0.031548999999999994,-0.045085
202311,0.0888,-0.0011,0.0166,0.045512,0.07727400000000001,0.102835,0.082916,0.06691,0.104346,0.086418,0.08169299999999999,0.08268600000000001,0.10218200000000001,0.10672399999999999,0.06981899999999999,0.080171,0.108089,0.14896900000000002,0.094374,0.086522,0.086599,0.08091000000000001,0.0741,0.09450700000000001,0.065009,0.066376,0.08224300000000001,0.14848500000000003
202312,0.048499999999999995,0.06280000000000001,0.0487,0.146598,0.16020700000000002,0.142342,0.16334700000000002,0.14595,0.117871,0.13703100000000001,0.10467399999999999,0.128832,0.152583,0.09899100000000001,0.104268,0.09541999999999999,0.11811300000000001,0.165862,0.08417,0.073486,0.086379,0.084712,0.11288999999999999,0.033224000000000004,0.043521,0.046321,0.042296,0.111782
202401,0.0073,-0.0504,-0.023700000000000002,0.0022650000000000005,-0.037628999999999996,-0.039760000000000004,-0.046706,-0.040434,-0.044046,-0.043539999999999995,-0.040444999999999995,-0.054655999999999996,-0.064412,-0.046861,-0.035691,-0.04500599999999999,-0.038958000000000007,-0.05806299999999999,-0.021605,-0.004886999999999999,-0.019638,-0.03755499999999999,-0.029199,0.017968,-0.009814,0.03085,0.02196,-0.013584999999999998
202402,0.0507,-0.0026,-0.034300000000000004,0.094901,0.071202,0.11319900000000001,0.021311,0.039264999999999994,0.090437,0.05857199999999999,0.06392,0.040854999999999995,0.0038720000000000013,0.028315000000000003,0.05101,0.049329,0.012257,0.008483000000000001,0.066109,0.07636800000000002,0.031953999999999996,0.04193,0.021256,0.055991,0.012418000000000002,0.07580500000000001,0.04572899999999999,0.025009
202403,0.028399999999999998,-0.025,0.0416,-0.034477,0.015099,0.004383999999999999,0.015401,0.043226,-0.0003560000000000004,0.016384999999999997,0.021052,0.022830999999999997,0.038952,0.002084,0.024512,0.042999,0.041839,0.062266,0.034173,0.042556000000000004,0.046235,0.077741,0.072379,0.012232999999999999,0.060215000000000005,0.031882,0.057157,0.085595
202404,-0.04650000000000001,-0.023799999999999998,-0.0045000000000000005,-0.12967700000000001,-0.08129099999999999,-0.07572,-0.078495,-0.080452,-0.07385199999999999,-0.08602,-0.070418,-0.06114,-0.071976,-0.06756,-0.06758199999999999,-0.064234,-0.069326,-0.081644,-0.062027,-0.06896,-0.06534899999999999,-0.073268,-0.06204,-0.044893,0.007720000000000001,-0.04932500000000001,-0.054664000000000004,-0.059447
202405,0.0433,0.0053,-0.013300000000000001,0.06895799999999999,0.027367999999999996,0.041014,0.03548,0.038804,0.014877999999999999,0.028069999999999998,0.048272999999999996,0.043068,0.051262,0.042082999999999995,0.046754000000000004,0.037714000000000004,0.048874999999999995,0.036125000000000004,0.021133,0.017386,0.020992,0.048538,0.031667999999999995,0.055198000000000004,0.035878,0.027290999999999996,0.036081999999999996,0.038230999999999994
202406,0.027999999999999997,-0.03,-0.0336,-0.046006,-0.029921,-0.060048000000000004,-0.024389,-0.029802,-0.020937,-0.020185,-0.025942999999999997,-0.018283,-0.032850000000000004,0.023958999999999998,-0.01265,-0.021801,-0.031788,-0.027503999999999997,-0.010169,-0.021729,-0.028002999999999997,-0.020665,-0.032466999999999996,0.05699200000000001,0.0068600000000000015,-0.0007609999999999995,-0.020815999999999998,0.0019830000000000004
202407,0.012199999999999999,0.0681,0.0557,0.109697,0.084601,0.13877699999999998,0.13736299999999999,0.14063699999999998,0.070597,0.091859,0.093944,0.11602199999999999,0.14482399999999998,0.060474,0.055991,0.086786,0.099614,0.11060899999999999,0.027632999999999994,0.068288,0.062176999999999996,0.06311199999999999,0.066077,-0.013013,0.017828999999999998,0.035601999999999995,0.061489,0.024647
202408,0.016,-0.0349,-0.0113,-0.026610999999999996,-0.047816,-0.029941,-0.041928999999999994,-0.026003,0.0019640000000000005,-0.0027919999999999993,-0.041021,-0.02718,-0.023152,-0.006272,-0.025428999999999997,-0.014433999999999999,-0.018743,-0.015161,0.012984000000000002,0.015832000000000002,0.011002000000000001,0.010001,-0.008015999999999999,0.016743,0.034052000000000006,-0.01124,0.0367,0.0045920000000000015
202409,0.0172,-0.0013,-0.0273,0.026587,0.015622,-0.018124,-0.01645,-0.006295,-0.003069,0.008156,0.0051129999999999995,-0.008959,-0.013528,0.038635,0.019503,0.006492999999999999,-0.003234,-0.002382,0.030515999999999998,0.01873,0.008306,0.032539,-0.01721,0.020194,0.03593300000000001,0.006625000000000001,-0.015409,-0.009287
202410,-0.01,-0.0095,0.0091,0.043245,0.0012070000000000002,-0.010088,-0.012733000000000001,0.0027319999999999996,-0.011968,-0.01271,-0.036364,-0.008751,-0.013515000000000001,-0.020488000000000003,-0.031188999999999998,-0.016731,-0.017724,-0.002622,-0.013965,-0.023277,-0.018421,0.012096999999999997,0.009127999999999999,-0.011824000000000001,-0.016964,-0.014678000000000002,-0.0002760000000000002,0.054980999999999995
202411,0.0649,0.0449,0.0038,0.11123899999999999,0.09307499999999999,0.09026899999999999,0.086752,0.10351799999999999,0.13658,0.128864,0.10487099999999999,0.122278,0.10857,0.09879299999999999,0.10793199999999999,0.11183299999999999,0.09379199999999999,0.115435,0.093341,0.065756,0.052845,0.10027699999999999,0.121219,0.059182,0.049371,0.04781199999999999,0.08506999999999999,0.10909799999999999
202412,-0.0317,-0.027000000000000003,-0.0297,-0.065679,-0.055089,-0.075825,-0.08166,-0.049638,-0.045089,-0.095784,-0.09112699999999999,-0.092326,-0.071404,-0.08317799999999999,-0.082798,-0.08430499999999999,-0.09319699999999999,-0.094064,-0.086351,-0.075155,-0.06905199999999999,-0.066009,-0.059269,-0.00043400000000000036,-0.051943,-0.09324,-0.071657,-0.061115
202501,0.027999999999999997,-0.02,0.0176,0.012376,-0.000696,0.005844,0.009178,-0.004609,0.0018320000000000003,0.023676000000000003,0.032320999999999996,0.027013000000000002,0.021724,0.050094,0.024809000000000005,0.042661,0.023632,0.035726,0.03893799999999999,0.040138,0.046471,0.06381400000000001,0.040549,0.011184999999999999,0.07494100000000001,0.017125999999999995,0.055445,0.070108
202502,-0.024399999999999998,-0.057699999999999994,0.0484,-0.069487,-0.064571,-0.07228399999999999,-0.062384999999999996,-0.026808000000000002,-0.08779400000000001,-0.09048400000000001,-0.086242,-0.059809999999999995,-0.045689,-0.060228,-0.052652,-0.05245199999999999,-0.031059,-0.031296,-0.04612499999999999,-0.07191299999999999,-0.025394,-0.03141,-0.021169,-0.034409,-0.02214,0.022158999999999998,0.025362999999999997,0.012199000000000002
202503,-0.0639,-0.027200000000000002,0.0287,-0.142727,-0.12155899999999999,-0.092812,-0.09935599999999999,-0.06981899999999999,-0.08620099999999999,-0.07492,-0.08742599999999999,-0.064007,-0.075474,-0.07791,-0.071596,-0.066899,-0.058994000000000005,-0.048376,-0.06982100000000001,-0.060298,-0.038411,-0.06773,-0.021459000000000002,-0.08003299999999999,-0.053380000000000004,-0.005006,-0.025192,-0.067194
202504,-0.0084,-0.005699999999999999,-0.0329,0.0019040000000000003,0.010125,0.007503000000000001,-0.008838,-0.028758,0.0033489999999999995,-0.012372,-0.029178999999999997,-0.035338999999999995,-0.064147,-0.003948999999999999,-0.029483,-0.042147000000000004,-0.054596000000000006,-0.044584,-0.012266,-0.016656,-0.022893,-0.042775999999999995,-0.074077,0.010606,-0.033612,-0.077367,-0.016972,-0.031441
202505,0.060599999999999994,0.0060999999999999995,-0.0281,0.111822,0.0525,0.052770000000000004,0.039173,0.053386,0.038147,0.049229,0.065721,0.046086999999999996,0.049625,0.045587,0.053456000000000004,0.039749,0.033307,0.050731000000000005,0.058776999999999996,0.047941000000000004,0.03001,0.077375,0.06197899999999999,0.074277,0.057496,0.014607,0.022356,0.061883999999999995
202506,0.048600000000000004,0.0070999999999999995,-0.0143,0.14345200000000002,0.053344,0.085639,0.042910000000000004,0.051981,0.055282,0.06260299999999999,0.06979300000000001,0.052538,0.043173,0.035401999999999996,0.034658999999999995,0.038792999999999994,0.027655000000000002,0.047136000000000004,0.016950999999999997,0.040347999999999995,0.020519000000000003,0.070415,0.054931,0.051878999999999995,0.059051,0.044005,0.033024,0.066709
202507,0.019799999999999998,0.003,-0.0134,0.011573,0.054648,0.008153,0.016511,0.006864,0.013260999999999998,0.015903999999999998,0.021959,0.004416999999999999,0.014647,0.019098999999999998,0.014195,0.009378000000000001,0.005580999999999999,0.024208999999999998,0.030793,0.018522999999999998,0.005592,-0.0033360000000000004,-0.022703,0.029559999999999996,0.010679,0.008823,-0.001213,-0.017144
202508,0.0184,0.038,0.0437,0.084824,0.085586,0.092008,0.086561,0.097139,0.090917,0.050259,0.077055,0.079411,0.104547,0.04994,0.040773000000000004,0.055418,0.056321,0.091623,0.032728,0.012366,0.019692,0.051100000000000007,0.067542,0.007811,0.008135,0.026767999999999997,0.051045,0.086999
202509,0.0339,-0.0183,-0.0105,0.046953,0.033543,0.058395,0.013326999999999999,0.01174,0.013973,0.018567999999999998,0.021776999999999998,-0.018757,-0.0142,0.026398,-0.008222,-0.015725,0.012246,0.011101,-0.019473,0.016038,0.025204,-0.007755,-0.015049,0.052309,0.004686,0.024447,-0.001868,0.094583
202510,0.0196,-0.005699999999999999,-0.0318,0.014966000000000002,0.037885,0.042446,-0.011794,-0.009680999999999999,0.025529999999999997,0.046876999999999995,0.012343000000000002,-0.032919,-0.010037,0.019943000000000002,-0.00788,-0.021922000000000004,-0.017358,-0.028505999999999997,0.011896,0.007714,0.003699,-0.021538,-0.042138,0.034371,0.010114,0.004012,-0.026194999999999996,0.05242599999999999
202511,-0.0013,0.004,0.037599999999999995,-0.049373,0.062321,0.006523999999999999,0.031931999999999995,0.033414,-0.015713,0.038798,0.022981,0.020429000000000003,0.026228,0.014424,0.00768,0.026303,0.04214199999999999,0.031639,-0.021817999999999997,0.015503000000000003,0.045509999999999995,0.04483,0.042621,-0.013600000000000001,0.000464,0.019197000000000002,0.037353,0.023288
202512,-0.0036,-0.0104,0.024,-0.00013900000000000023,0.010361,-0.014908000000000001,0.014127,0.007292999999999999,0.023797,0.0070810000000000005,-0.0028530000000000005,0.022337999999999997,-0.016607,-0.030611,-0.0033950000000000004,-0.0052120000000000005,-0.013451000000000001,0.023738,-0.0008780000000000003,-0.0045260000000000005,0.015480999999999998,0.006884999999999999,0.03487,-0.01014,0.00021299999999999965,0.025355000000000003,0.008687,0.039224
202601,0.0103,0.0218,0.038,0.062889,0.006127999999999999,0.034215999999999996,0.04564499999999999,0.05738299999999999,0.005486,0.045196,0.064136,0.07234,0.07727799999999999,0.038498,0.05308399999999999,0.043203,0.080056,0.046206,-0.00016100000000000012,0.04675399999999999,0.042682,0.05662,0.054043999999999995,-0.00566,0.018432000000000004,0.059336,0.017783,0.03866
202602,-0.011699999999999999,0.0016,0.027999999999999997,-0.044194,0.021154,0.007462,0.011865999999999998,0.017415,-0.0056630000000000005,-0.014595,0.014714000000000001,0.015237,0.017504000000000002,0.030823,0.026815,0.026855999999999998,0.025109000000000003,0.0022949999999999993,-0.015318,0.050046999999999994,0.041729,0.038563,0.02678,-0.033801,0.024092999999999996,0.024228,0.017939,-0.008065
202603,-0.0518,0.0044,0.0329,-0.062642,-0.0194,-0.015328,-0.002581,-0.030363,-0.049935999999999994,-0.034253,-0.060403,-0.019695,0.014945,-0.073324,-0.066165,-0.083844,-0.026858,-0.039027,-0.063513,-0.069864,-0.049656,-0.036725,-0.011025,-0.05722000000000001,-0.057096,-0.021501,-0.016208,-0.042198
202604,0.09949999999999999,0.0019,-0.0137,0.14664700000000003,0.11600700000000001,0.092504,0.059371,0.089861,0.17033399999999999,0.14662599999999998,0.12792900000000001,0.08437800000000001,0.075561,0.18983299999999997,0.08675400000000001,0.092885,0.088854,0.078235,0.065065,0.087272,0.097923,0.042173999999999996,0.060881000000000005,0.11911000000000001,0.07803199999999999,0.057062999999999996,0.009744,0.313729
202605,0.049100000000000005,-0.0159,-0.0231,0.07779299999999999,0.012388999999999999,0.046203999999999995,0.037139000000000005,0.016784,0.063257,0.003302,0.083071,0.002879,0.034196000000000004,0.021475,0.00035000000000000005,0.011767999999999999,-0.010528000000000001,0.0043,0.06922199999999999,0.019171,0.058641000000000006,-0.033702,-0.011861,0.055348,0.047287,0.07799999999999999,-0.01387,0.11574399999999999
202606,-0.010700000000000001,0.0339,0.0358,0.004471,0.042059,0.093043,0.090391,0.031547,0.043975,0.10169,0.09769100000000001,0.06317,0.043493000000000004,0.04582,0.10231000000000001,0.036423000000000004,0.015146,0.022605,0.028317000000000002,0.018455,0.040415,0.047158,0.034453,-0.043422999999999996,0.028915000000000003,0.051283,0.00852,0.100524
202607,-0.006,-0.0196,0.021099999999999997,-0.054493999999999994,-0.07481299999999999,-0.059377,0.0032890000000000003,-0.014728000000000002,-0.024155000000000003,-0.001751,-0.008208,-0.018217,0.014157,0.0014530000000000003,-0.012417000000000001,-0.033237,-0.002975,0.037125000000000005,-0.023500999999999998,-0.030338000000000004,0.004495,0.00025600000000000015,0.047798,-0.01551,0.027146,0.053392,-0.010343000000000001,-0.00875
